Workbook

Sheet 铅
D1: LME铅分仓库库存 | J1: 最近更新： | K1: =WORKDAY(TODAY(),-1) -> 45208
E2: 期末库存 | F2: 注册仓单 | G2: 注销仓单 | H2: 入仓 | I2: 出仓 | J2: 库存变动 | K2: 期初库存
C3: 全球 | E3: =铅模板!G2 -> 85300 | F3: =铅模板!H2 -> 81950 | G3: =铅模板!I2 -> 3350 | H3: =铅模板!J2 -> 400 | I3: =铅模板!K2 -> 0 | J3: =铅模板!L2 -> 400 | K3: =铅模板!M2 -> 84900
C4: 欧洲 | E4: =铅模板!G3 -> 1650 | F4: =铅模板!H3 -> 600 | G4: =铅模板!I3 -> 1050 | H4: =铅模板!J3 -> 0 | I4: =铅模板!K3 -> 0 | J4: =铅模板!L3 -> 0 | K4: =铅模板!M3 -> 1650
C5: 德国 | E5: =铅模板!G4 -> 0 | F5: =铅模板!H4 -> 0 | G5: =铅模板!I4 -> 0 | H5: =铅模板!J4 -> 0 | I5: =铅模板!K4 -> 0 | J5: =铅模板!L4 -> 0 | K5: =铅模板!M4 -> 0
C6: 德国:不莱梅 | E6: =铅模板!G5 -> 0 | F6: =铅模板!H5 -> 0 | G6: =铅模板!I5 -> 0 | H6: =铅模板!J5 -> 0 | I6: =铅模板!K5 -> 0 | J6: =铅模板!L5 -> 0 | K6: =铅模板!M5 -> 0
C7: 德国:汉堡 | E7: =铅模板!G6 -> 0 | F7: =铅模板!H6 -> 0 | G7: =铅模板!I6 -> 0 | H7: =铅模板!J6 -> 0 | I7: =铅模板!K6 -> 0 | J7: =铅模板!L6 -> 0 | K7: =铅模板!M6 -> 0
C8: 比利时 | E8: =铅模板!G7 -> 900 | F8: =铅模板!H7 -> 0 | G8: =铅模板!I7 -> 900 | H8: =铅模板!J7 -> 0 | I8: =铅模板!K7 -> 0 | J8: =铅模板!L7 -> 0 | K8: =铅模板!M7 -> 900
C9: 比利时:安特卫普 | E9: =铅模板!G8 -> 900 | F9: =铅模板!H8 -> 0 | G9: =铅模板!I8 -> 900 | H9: =铅模板!J8 -> 0 | I9: =铅模板!K8 -> 0 | J9: =铅模板!L8 -> 0 | K9: =铅模板!M8 -> 900
C10: 瑞典 | E10: =铅模板!G9 -> 0 | F10: =铅模板!H9 -> 0 | G10: =铅模板!I9 -> 0 | H10: =铅模板!J9 -> 0 | I10: =铅模板!K9 -> 0 | J10: =铅模板!L9 -> 0 | K10: =铅模板!M9 -> 0
C11: 瑞典:哥德堡 | E11: =铅模板!G10 -> 0 | F11: =铅模板!H10 -> 0 | G11: =铅模板!I10 -> 0 | H11: =铅模板!J10 -> 0 | I11: =铅模板!K10 -> 0 | J11: =铅模板!L10 -> 0 | K11: =铅模板!M10 -> 0
C12: 瑞典:赫尔辛堡 | E12: =铅模板!G11 -> 0 | F12: =铅模板!H11 -> 0 | G12: =铅模板!I11 -> 0 | H12: =铅模板!J11 -> 0 | I12: =铅模板!K11 -> 0 | J12: =铅模板!L11 -> 0 | K12: =铅模板!M11 -> 0
C13: 西班牙 | E13: =铅模板!G12 -> 0 | F13: =铅模板!H12 -> 0 | G13: =铅模板!I12 -> 0 | H13: =铅模板!J12 -> 0 | I13: =铅模板!K12 -> 0 | J13: =铅模板!L12 -> 0 | K13: =铅模板!M12 -> 0
C14: 西班牙:巴塞罗那 | E14: =铅模板!G13 -> 0 | F14: =铅模板!H13 -> 0 | G14: =铅模板!I13 -> 0 | H14: =铅模板!J13 -> 0 | I14: =铅模板!K13 -> 0 | J14: =铅模板!L13 -> 0 | K14: =铅模板!M13 -> 0
... C45: 中国台湾:高雄 | E45: =铅模板!G44 -> 43750 | F45: =铅模板!H44 -> 41875 | G45: =铅模板!I44 -> 1875 | H45: =铅模板!J44 -> 0 | I45: =铅模板!K44 -> 0 | J45: =铅模板!L44 -> 0 | K45: =铅模板!M44 -> 43750
C46: 中东 | E46: =E47 -> 0 | F46: =F47 -> 0 | G46: =G47 -> 0 | H46: =H47 -> 0 | I46: =I47 -> 0 | J46: =J47 -> 0 | K46: =K47 -> 0
C47: 阿联酋 | E47: =铅模板!G46 -> 0 | F47: =铅模板!H46 -> 0 | G47: =铅模板!I46 -> 0 | H47: =铅模板!J46 -> 0 | I47: =铅模板!K46 -> 0 | J47: =铅模板!L46 -> 0 | K47: =铅模板!M46 -> 0
C48: 阿联酋:迪拜 | E48: =铅模板!G47 -> 0 | F48: =铅模板!H47 -> 0 | G48: =铅模板!I47 -> 0 | H48: =铅模板!J47 -> 0 | I48: =铅模板!K47 -> 0 | J48: =铅模板!L47 -> 0 | K48: =铅模板!M47 -> 0

Sheet 铅模板
A1: =铅!K1 -> 45208 | B1: 期末库存 | C1: 注册仓单 | D1: 注销仓单 | E1: 入仓 | F1: 出仓 | G1: 期末库存 | H1: 注册仓单 | I1: 注销仓单 | J1: 入仓 | K1: 出仓 | L1: 库存变动 | M1: 期初库存
A2: 合计:全球 | B2: LME铅:库存:合计:全球 | C2: LME铅:注册仓单:合计:全球 | D2: LME铅:注销仓单:合计:全球 | E2: LME铅:入仓:合计:全球 | F2: LME铅:出仓:合计:全球 | G2: =_xlfn.IFNA(VLOOKUP(B2,铅原始数据!$A:$E,5,0),) -> 85300 | H2: =_xlfn.IFNA(VLOOKUP(C2,铅原始数据!$A:$E,5,0),) -> 81950 | I2: =_xlfn.IFNA(VLOOKUP(D2,铅原始数据!$A:$E,5,0),) -> 3350 | J2: =_xlfn.IFNA(VLOOKUP(E2,铅原始数据!$A:$E,5,0),) -> 400 | K2: =_xlfn.IFNA(VLOOKUP(F2,铅原始数据!$A:$E,5,0),) -> 0 | L2: =_xlfn.IFNA(G2-M2,) -> 400 | M2: =_xlfn.IFNA(VLOOKUP(B2,铅原始数据!$A:$F,6,0),) -> 84900
A3: 合计:欧洲 | B3: LME铅:库存:合计:欧洲 | C3: LME铅:注册仓单:合计:欧洲 | D3: LME铅:注销仓单:合计:欧洲 | E3: LME铅:入仓:合计:欧洲 | F3: LME铅:出仓:合计:欧洲 | G3: =_xlfn.IFNA(VLOOKUP(B3,铅原始数据!$A:$E,5,0),) -> 1650 | H3: =_xlfn.IFNA(VLOOKUP(C3,铅原始数据!$A:$E,5,0),) -> 600 | I3: =_xlfn.IFNA(VLOOKUP(D3,铅原始数据!$A:$E,5,0),) -> 1050 | J3: =_xlfn.IFNA(VLOOKUP(E3,铅原始数据!$A:$E,5,0),) -> 0 | K3: =_xlfn.IFNA(VLOOKUP(F3,铅原始数据!$A:$E,5,0),) -> 0 | L3: =_xlfn.IFNA(G3-M3,) -> 0 | M3: =_xlfn.IFNA(VLOOKUP(B3,铅原始数据!$A:$F,6,0),) -> 1650
A4: 合计:德国 | B4: LME铅:库存:合计:德国 | C4: LME铅:注册仓单:合计:德国 | D4: LME铅:注销仓单:合计:德国 | E4: LME铅:入仓:合计:德国 | F4: LME铅:出仓:合计:德国 | G4: =_xlfn.IFNA(VLOOKUP(B4,铅原始数据!$A:$E,5,0),) -> 0 | H4: =_xlfn.IFNA(VLOOKUP(C4,铅原始数据!$A:$E,5,0),) -> 0 | I4: =_xlfn.IFNA(VLOOKUP(D4,铅原始数据!$A:$E,5,0),) -> 0 | J4: =_xlfn.IFNA(VLOOKUP(E4,铅原始数据!$A:$E,5,0),) -> 0 | K4: =_xlfn.IFNA(VLOOKUP(F4,铅原始数据!$A:$E,5,0),) -> 0 | L4: =_xlfn.IFNA(G4-M4,) -> 0 | M4: =_xlfn.IFNA(VLOOKUP(B4,铅原始数据!$A:$F,6,0),) -> 0
A5: 德国:不莱梅 | B5: LME铅:库存:德国:不莱梅 | C5: LME铅:注册仓单:德国:不莱梅 | D5: LME铅:注销仓单:德国:不莱梅 | E5: LME铅:入仓:德国:不莱梅 | F5: LME铅:出仓:德国:不莱梅 | G5: =_xlfn.IFNA(VLOOKUP(B5,铅原始数据!$A:$E,5,0),) -> 0 | H5: =_xlfn.IFNA(VLOOKUP(C5,铅原始数据!$A:$E,5,0),) -> 0 | I5: =_xlfn.IFNA(VLOOKUP(D5,铅原始数据!$A:$E,5,0),) -> 0 | J5: =_xlfn.IFNA(VLOOKUP(E5,铅原始数据!$A:$E,5,0),) -> 0 | K5: =_xlfn.IFNA(VLOOKUP(F5,铅原始数据!$A:$E,5,0),) -> 0 | L5: =_xlfn.IFNA(G5-M5,) -> 0 | M5: =_xlfn.IFNA(VLOOKUP(B5,铅原始数据!$A:$F,6,0),) -> 0
A6: 德国:汉堡 | B6: LME铅:库存:德国:汉堡 | C6: LME铅:注册仓单:德国:汉堡 | D6: LME铅:注销仓单:德国:汉堡 | E6: LME铅:入仓:德国:汉堡 | F6: LME铅:出仓:德国:汉堡 | G6: =_xlfn.IFNA(VLOOKUP(B6,铅原始数据!$A:$E,5,0),) -> 0 | H6: =_xlfn.IFNA(VLOOKUP(C6,铅原始数据!$A:$E,5,0),) -> 0 | I6: =_xlfn.IFNA(VLOOKUP(D6,铅原始数据!$A:$E,5,0),) -> 0 | J6: =_xlfn.IFNA(VLOOKUP(E6,铅原始数据!$A:$E,5,0),) -> 0 | K6: =_xlfn.IFNA(VLOOKUP(F6,铅原始数据!$A:$E,5,0),) -> 0 | L6: =_xlfn.IFNA(G6-M6,) -> 0 | M6: =_xlfn.IFNA(VLOOKUP(B6,铅原始数据!$A:$F,6,0),) -> 0
A7: 合计:比利时 | B7: LME铅:库存:合计:比利时 | C7: LME铅:注册仓单:合计:比利时 | D7: LME铅:注销仓单:合计:比利时 | E7: LME铅:入仓:合计:比利时 | F7: LME铅:出仓:合计:比利时 | G7: =_xlfn.IFNA(VLOOKUP(B7,铅原始数据!$A:$E,5,0),) -> 900 | H7: =_xlfn.IFNA(VLOOKUP(C7,铅原始数据!$A:$E,5,0),) -> 0 | I7: =_xlfn.IFNA(VLOOKUP(D7,铅原始数据!$A:$E,5,0),) -> 900 | J7: =_xlfn.IFNA(VLOOKUP(E7,铅原始数据!$A:$E,5,0),) -> 0 | K7: =_xlfn.IFNA(VLOOKUP(F7,铅原始数据!$A:$E,5,0),) -> 0 | L7: =_xlfn.IFNA(G7-M7,) -> 0 | M7: =_xlfn.IFNA(VLOOKUP(B7,铅原始数据!$A:$F,6,0),) -> 900
A8: 比利时:安特卫普 | B8: LME铅:库存:比利时:安特卫普 | C8: LME铅:注册仓单:比利时:安特卫普 | D8: LME铅:注销仓单:比利时:安特卫普 | E8: LME铅:入仓:比利时:安特卫普 | F8: LME铅:出仓:比利时:安特卫普 | G8: =_xlfn.IFNA(VLOOKUP(B8,铅原始数据!$A:$E,5,0),) -> 900 | H8: =_xlfn.IFNA(VLOOKUP(C8,铅原始数据!$A:$E,5,0),) -> 0 | I8: =_xlfn.IFNA(VLOOKUP(D8,铅原始数据!$A:$E,5,0),) -> 900 | J8: =_xlfn.IFNA(VLOOKUP(E8,铅原始数据!$A:$E,5,0),) -> 0 | K8: =_xlfn.IFNA(VLOOKUP(F8,铅原始数据!$A:$E,5,0),) -> 0 | L8: =_xlfn.IFNA(G8-M8,) -> 0 | M8: =_xlfn.IFNA(VLOOKUP(B8,铅原始数据!$A:$F,6,0),) -> 900
A9: 合计:瑞典 | B9: LME铅:库存:合计:瑞典 | C9: LME铅:注册仓单:合计:瑞典 | D9: LME铅:注销仓单:合计:瑞典 | E9: LME铅:入仓:合计:瑞典 | F9: LME铅:出仓:合计:瑞典 | G9: =_xlfn.IFNA(VLOOKUP(B9,铅原始数据!$A:$E,5,0),) -> 0 | H9: =_xlfn.IFNA(VLOOKUP(C9,铅原始数据!$A:$E,5,0),) -> 0 | I9: =_xlfn.IFNA(VLOOKUP(D9,铅原始数据!$A:$E,5,0),) -> 0 | J9: =_xlfn.IFNA(VLOOKUP(E9,铅原始数据!$A:$E,5,0),) -> 0 | K9: =_xlfn.IFNA(VLOOKUP(F9,铅原始数据!$A:$E,5,0),) -> 0 | L9: =_xlfn.IFNA(G9-M9,) -> 0 | M9: =_xlfn.IFNA(VLOOKUP(B9,铅原始数据!$A:$F,6,0),) -> 0
A10: 瑞典:哥德堡 | B10: LME铅:库存:瑞典:哥德堡 | C10: LME铅:注册仓单:瑞典:哥德堡 | D10: LME铅:注销仓单:瑞典:哥德堡 | E10: LME铅:入仓:瑞典:哥德堡 | F10: LME铅:出仓:瑞典:哥德堡 | G10: =_xlfn.IFNA(VLOOKUP(B10,铅原始数据!$A:$E,5,0),) -> 0 | H10: =_xlfn.IFNA(VLOOKUP(C10,铅原始数据!$A:$E,5,0),) -> 0 | I10: =_xlfn.IFNA(VLOOKUP(D10,铅原始数据!$A:$E,5,0),) -> 0 | J10: =_xlfn.IFNA(VLOOKUP(E10,铅原始数据!$A:$E,5,0),) -> 0 | K10: =_xlfn.IFNA(VLOOKUP(F10,铅原始数据!$A:$E,5,0),) -> 0 | L10: =_xlfn.IFNA(G10-M10,) -> 0 | M10: =_xlfn.IFNA(VLOOKUP(B10,铅原始数据!$A:$F,6,0),) -> 0
A11: 瑞典:赫尔辛堡 | B11: LME铅:库存:瑞典:赫尔辛堡 | C11: LME铅:注册仓单:瑞典:赫尔辛堡 | D11: LME铅:注销仓单:瑞典:赫尔辛堡 | E11: LME铅:入仓:瑞典:赫尔辛堡 | F11: LME铅:出仓:瑞典:赫尔辛堡 | G11: =_xlfn.IFNA(VLOOKUP(B11,铅原始数据!$A:$E,5,0),) -> 0 | H11: =_xlfn.IFNA(VLOOKUP(C11,铅原始数据!$A:$E,5,0),) -> 0 | I11: =_xlfn.IFNA(VLOOKUP(D11,铅原始数据!$A:$E,5,0),) -> 0 | J11: =_xlfn.IFNA(VLOOKUP(E11,铅原始数据!$A:$E,5,0),) -> 0 | K11: =_xlfn.IFNA(VLOOKUP(F11,铅原始数据!$A:$E,5,0),) -> 0 | L11: =_xlfn.IFNA(G11-M11,) -> 0 | M11: =_xlfn.IFNA(VLOOKUP(B11,铅原始数据!$A:$F,6,0),) -> 0
A12: 合计:西班牙 | B12: LME铅:库存:合计:西班牙 | C12: LME铅:注册仓单:合计:西班牙 | D12: LME铅:注销仓单:合计:西班牙 | E12: LME铅:入仓:合计:西班牙 | F12: LME铅:出仓:合计:西班牙 | G12: =_xlfn.IFNA(VLOOKUP(B12,铅原始数据!$A:$E,5,0),) -> 0 | H12: =_xlfn.IFNA(VLOOKUP(C12,铅原始数据!$A:$E,5,0),) -> 0 | I12: =_xlfn.IFNA(VLOOKUP(D12,铅原始数据!$A:$E,5,0),) -> 0 | J12: =_xlfn.IFNA(VLOOKUP(E12,铅原始数据!$A:$E,5,0),) -> 0 | K12: =_xlfn.IFNA(VLOOKUP(F12,铅原始数据!$A:$E,5,0),) -> 0 | L12: =_xlfn.IFNA(G12-M12,) -> 0 | M12: =_xlfn.IFNA(VLOOKUP(B12,铅原始数据!$A:$F,6,0),) -> 0
A13: 西班牙:巴塞罗那 | B13: LME铅:库存:西班牙:巴塞罗那 | C13: LME铅:注册仓单:西班牙:巴塞罗那 | D13: LME铅:注销仓单:西班牙:巴塞罗那 | E13: LME铅:入仓:西班牙:巴塞罗那 | F13: LME铅:出仓:西班牙:巴塞罗那 | G13: =_xlfn.IFNA(VLOOKUP(B13,铅原始数据!$A:$E,5,0),) -> 0 | H13: =_xlfn.IFNA(VLOOKUP(C13,铅原始数据!$A:$E,5,0),) -> 0 | I13: =_xlfn.IFNA(VLOOKUP(D13,铅原始数据!$A:$E,5,0),) -> 0 | J13: =_xlfn.IFNA(VLOOKUP(E13,铅原始数据!$A:$E,5,0),) -> 0 | K13: =_xlfn.IFNA(VLOOKUP(F13,铅原始数据!$A:$E,5,0),) -> 0 | L13: =_xlfn.IFNA(G13-M13,) -> 0 | M13: =_xlfn.IFNA(VLOOKUP(B13,铅原始数据!$A:$F,6,0),) -> 0
... A47: 阿联酋:迪拜 | B47: LME铅:库存:阿联酋:迪拜 | C47: LME铅:注册仓单:阿联酋:迪拜 | D47: LME铅:注销仓单:阿联酋:迪拜 | E47: LME铅:入仓:阿联酋:迪拜 | F47: LME铅:出仓:阿联酋:迪拜 | G47: =_xlfn.IFNA(VLOOKUP(B47,铅原始数据!$A:$E,5,0),) -> 0 | H47: =_xlfn.IFNA(VLOOKUP(C47,铅原始数据!$A:$E,5,0),) -> 0 | I47: =_xlfn.IFNA(VLOOKUP(D47,铅原始数据!$A:$E,5,0),) -> 0 | J47: =_xlfn.IFNA(VLOOKUP(E47,铅原始数据!$A:$E,5,0),) -> 0 | K47: =_xlfn.IFNA(VLOOKUP(F47,铅原始数据!$A:$E,5,0),) -> 0 | L47: =_xlfn.IFNA(G47-M47,) -> 0 | M47: =_xlfn.IFNA(VLOOKUP(B47,铅原始数据!$A:$F,6,0),) -> 0

Sheet 铅原始数据
A1: =[1]!edb() -> Wind
A2: 指标名称 | B2: 频率 | C2: 单位 | D2: 指标ID | E2: 45209 | F2: 45208
A3: LME铅:库存:合计:全球 | B3: 日 | C3: 吨 | D3: S0164758 | E3: 85300 | F3: 84900
A4: LME铅:库存:合计:欧洲 | B4: 日 | C4: 吨 | D4: S0164759 | E4: 1650 | F4: 1650
A5: LME铅:库存:合计:亚洲 | B5: 日 | C5: 吨 | D5: S0164760 | E5: 83650 | F5: 83250
A6: LME铅:库存:合计:北美洲 | B6: 日 | C6: 吨 | D6: S0164761 | E6: 0 | F6: 0
A7: LME铅:库存:合计:德国 | B7: 日 | C7: 吨 | D7: S0164762 | E7: 0 | F7: 0
A8: LME铅:库存:合计:荷兰 | B8: 日 | C8: 吨 | D8: S0164763 | E8: 0 | F8: 0
A9: LME铅:库存:合计:美国 | B9: 日 | C9: 吨 | D9: S0164764 | E9: 0 | F9: 0
A10: LME铅:库存:合计:瑞典 | B10: 日 | C10: 吨 | D10: S0164765 | E10: 0 | F10: 0
A11: LME铅:库存:合计:英国 | B11: 日 | C11: 吨 | D11: S0164766 | E11: 0 | F11: 0
A12: LME铅:库存:合计:比利时 | B12: 日 | C12: 吨 | D12: S0164767 | E12: 900 | F12: 900
A13: LME铅:库存:合计:西班牙 | B13: 日 | C13: 吨 | D13: S0164768 | E13: 0 | F13: 0
... A227: LME铅:出仓:中国台湾:高雄 | B227: 日 | C227: 吨 | D227: P9202235 | E227: 0 | F227: 225

Sheet Wind模板
A1: LME分仓库库存-铝
