Workbook
Name nmS2_EndDate: 单公司Beta计算器!$C$8
Name nmS6_IndexMatrix: [1]Cache!$D$1:$E$16

Sheet 单公司Beta计算器
D1: 单公司BETA计算器 V1.1
C4: Wind代码： | D4: 002192.SZ | F4: 开始日期: | H4: 43863 | J4: 计算周期: | K4: 月
C5: 公司简称： | D5: =[2]!S_INFO_NAME(D4) -> 融捷股份 | F5: 截止日期： | H5: =TODAY()-1 -> 45876 | J5: 收益率计算方法: | K5: 普通收益率
C6: 标的指数： | D6: 000852.SH | J6: 剔除财务杠杆: | K6: 按账面价值比
C7: 指数简称： | D7: =[2]!b_info_name(D6) -> 中证1000
C9: 输出结果
C10: Beta | F10: 剔除杠杆Beta | J10: 其他系数
C11: 原始Beta | D11: =$O$29 -> 1.3857334 | F11: 剔除杠杆原始Beta | H11: =$Q$29 -> 1.1179719 | J11: Alpha | K11: =$S$29 -> 2.5291917
C12: 调整Beta | D12: =$P$29 -> 1.2584414 | F12: 剔除杠杆调整Beta | H12: =$R$29 -> 1.0152762 | J12: R-Square | K12: =$U$29 -> 21.987569
J13: 误差值标准偏差 | K13: =$V$29 -> 0.39981772
J14: Beta标准偏差 | K14: =$X$29 -> 877
J15: 观察值点数 | K15: =$Y$29 -> 76
C17: 标的指数与个股收益率 | H17: 收益率散点图
O29: =[2]!wset("betacalculator","windCode="&$D$4,"indexCode="&$D$6,"startDate="&TEXT($H$4,"YYYYMMDD"),"endDate="&TEXT($H$5,"YYYYMMDD"),"period="&$K$4,"calcType="&$K$5,"unleveragedType="&$K$6,"field=Beta,BetaAdjusted,BetaUnleveraged,BetaUnleveragedAdjusted,Alpha,RSquare,BetaESD,BetaRSR,ObservePoints","cols=9;rows=1") -> 1.3857334 | P29: 1.2584414 | Q29: 1.1179719 | R29: 1.0152762 | S29: 2.5291917 | T29: 0.16014056 | U29: 21.987569 | V29: 0.39981772 | W29: 65 | X29: 877 | Y29: 76

Sheet data
C1: 收盘价 | F1: 收益率(%) | I1: 累积涨跌幅(%)
A2: 日期 | C2: =[2]!S_INFO_NAME(单公司Beta计算器!$D$6) -> 中证1000 | D2: =[2]!S_INFO_NAME(单公司Beta计算器!$D$4) -> 融捷股份 | F2: =[2]!S_INFO_NAME(单公司Beta计算器!$D$6) -> 中证1000 | G2: =[2]!S_INFO_NAME(单公司Beta计算器!$D$4) -> 融捷股份 | I2: =[2]!S_INFO_NAME(单公司Beta计算器!$D$6) -> 中证1000 | J2: =[2]!S_INFO_NAME(单公司Beta计算器!$D$4) -> 融捷股份
A3: =DATE(YEAR(A4),MONTH(A4),0) -> 45535 | C3: =[2]!s_dq_close(单公司Beta计算器!$D$6,A3) -> 4629.3195 | D3: =[2]!s_dq_close(单公司Beta计算器!$D$4,B3) -> 36.38 | F3: =[2]!s_mq_pctchange(单公司Beta计算器!$D$6,A3) -> -5.3130888 | G3: =[2]!s_mq_pctchange(单公司Beta计算器!$D$4,A3) -> -5.4755945 | I3: =SUM(F$3:F3) -> -5.3130888 | J3: =SUM(G$3:G3) -> -5.4755945
A4: =DATE(YEAR(A5),MONTH(A5),0) -> 45565 | C4: =[2]!s_dq_close(单公司Beta计算器!$D$6,A4) -> 5708.8258 | D4: =[2]!s_dq_close(单公司Beta计算器!$D$4,B4) -> 36.38 | F4: =[2]!s_mq_pctchange(单公司Beta计算器!$D$6,A4) -> 23.318898 | G4: =[2]!s_mq_pctchange(单公司Beta计算器!$D$4,A4) -> 25.388944 | I4: =SUM(F$3:F4) -> 18.005809 | J4: =SUM(G$3:G4) -> 19.91335
A5: =DATE(YEAR(A6),MONTH(A6),0) -> 45596 | C5: =[2]!s_dq_close(单公司Beta计算器!$D$6,A5) -> 6116.6632 | D5: =[2]!s_dq_close(单公司Beta计算器!$D$4,B5) -> 36.38 | F5: =[2]!s_mq_pctchange(单公司Beta计算器!$D$6,A5) -> 7.1439805 | G5: =[2]!s_mq_pctchange(单公司Beta计算器!$D$4,A5) -> -7.8933474 | I5: =SUM(F$3:F5) -> 25.14979 | J5: =SUM(G$3:G5) -> 12.020002
A6: =DATE(YEAR(A7),MONTH(A7),0) -> 45626 | C6: =[2]!s_dq_close(单公司Beta计算器!$D$6,A6) -> 6189.1276 | D6: =[2]!s_dq_close(单公司Beta计算器!$D$4,B6) -> 36.38 | F6: =[2]!s_mq_pctchange(单公司Beta计算器!$D$6,A6) -> 1.1847048 | G6: =[2]!s_mq_pctchange(单公司Beta计算器!$D$4,A6) -> 9.257667 | I6: =SUM(F$3:F6) -> 26.334495 | J6: =SUM(G$3:G6) -> 21.277669
A7: =DATE(YEAR(A8),MONTH(A8),0) -> 45657 | C7: =[2]!s_dq_close(单公司Beta计算器!$D$6,A7) -> 5957.7172 | D7: =[2]!s_dq_close(单公司Beta计算器!$D$4,B7) -> 36.38 | F7: =[2]!s_mq_pctchange(单公司Beta计算器!$D$6,A7) -> -3.7389825 | G7: =[2]!s_mq_pctchange(单公司Beta计算器!$D$4,A7) -> -16.316894 | I7: =SUM(F$3:F7) -> 22.595512 | J7: =SUM(G$3:G7) -> 4.9607751
A8: =DATE(YEAR(A9),MONTH(A9),0) -> 45688 | C8: =[2]!s_dq_close(单公司Beta计算器!$D$6,A8) -> 5846.0686 | D8: =[2]!s_dq_close(单公司Beta计算器!$D$4,B8) -> 36.38 | F8: =[2]!s_mq_pctchange(单公司Beta计算器!$D$6,A8) -> -1.8740164 | G8: =[2]!s_mq_pctchange(单公司Beta计算器!$D$4,A8) -> -4.169279 | I8: =SUM(F$3:F8) -> 20.721496 | J8: =SUM(G$3:G8) -> 0.79149609
A9: =DATE(YEAR(A10),MONTH(A10),0) -> 45716 | C9: =[2]!s_dq_close(单公司Beta计算器!$D$6,A9) -> 6270.4186 | D9: =[2]!s_dq_close(单公司Beta计算器!$D$4,B9) -> 36.38 | F9: =[2]!s_mq_pctchange(单公司Beta计算器!$D$6,A9) -> 7.2587243 | G9: =[2]!s_mq_pctchange(单公司Beta计算器!$D$4,A9) -> 3.9254171 | I9: =SUM(F$3:F9) -> 27.98022 | J9: =SUM(G$3:G9) -> 4.7169132
A10: =DATE(YEAR(A11),MONTH(A11),0) -> 45747 | C10: =[2]!s_dq_close(单公司Beta计算器!$D$6,A10) -> 6226.6488 | D10: =[2]!s_dq_close(单公司Beta计算器!$D$4,B10) -> 36.38 | F10: =[2]!s_mq_pctchange(单公司Beta计算器!$D$6,A10) -> -0.69803633 | G10: =[2]!s_mq_pctchange(单公司Beta计算器!$D$4,A10) -> -5.5398174 | I10: =SUM(F$3:F10) -> 27.282184 | J10: =SUM(G$3:G10) -> -0.82290427
A11: =DATE(YEAR(A12),MONTH(A12),0) -> 45777 | C11: =[2]!s_dq_close(单公司Beta计算器!$D$6,A11) -> 5950.1169 | D11: =[2]!s_dq_close(单公司Beta计算器!$D$4,B11) -> 36.38 | F11: =[2]!s_mq_pctchange(单公司Beta计算器!$D$6,A11) -> -4.4411032 | G11: =[2]!s_mq_pctchange(单公司Beta计算器!$D$4,A11) -> -9.4301899 | I11: =SUM(F$3:F11) -> 22.84108 | J11: =SUM(G$3:G11) -> -10.253094
A12: =DATE(YEAR(A13),MONTH(A13),0) -> 45808 | C12: =[2]!s_dq_close(单公司Beta计算器!$D$6,A12) -> 6026.5603 | D12: =[2]!s_dq_close(单公司Beta计算器!$D$4,B12) -> 36.38 | F12: =[2]!s_mq_pctchange(单公司Beta计算器!$D$6,A12) -> 1.2847378 | G12: =[2]!s_mq_pctchange(单公司Beta计算器!$D$4,A12) -> 3.3848418 | I12: =SUM(F$3:F12) -> 24.125818 | J12: =SUM(G$3:G12) -> -6.8682524
A13: =DATE(YEAR(A14),MONTH(A14),0) -> 45838 | C13: =[2]!s_dq_close(单公司Beta计算器!$D$6,A13) -> 6356.1813 | D13: =[2]!s_dq_close(单公司Beta计算器!$D$4,B13) -> 36.38 | F13: =[2]!s_mq_pctchange(单公司Beta计算器!$D$6,A13) -> 5.4694715 | G13: =[2]!s_mq_pctchange(单公司Beta计算器!$D$4,A13) -> 9.0391459 | I13: =SUM(F$3:F13) -> 29.59529 | J13: =SUM(G$3:G13) -> 2.1708935
A14: =DATE(YEAR(A15),MONTH(A15),0) -> 45869 | C14: =[2]!s_dq_close(单公司Beta计算器!$D$6,A14) -> 6661.1862 | D14: =[2]!s_dq_close(单公司Beta计算器!$D$4,B14) -> 36.38 | F14: =[2]!s_mq_pctchange(单公司Beta计算器!$D$6,A14) -> 4.7985557 | G14: =[2]!s_mq_pctchange(单公司Beta计算器!$D$4,A14) -> 13.241301 | I14: =SUM(F$3:F14) -> 34.393845 | J14: =SUM(G$3:G14) -> 15.412195
A15: =单公司Beta计算器!H5 -> 45876 | C15: =[2]!s_dq_close(单公司Beta计算器!$D$6,A15) -> 6862.1497 | D15: =[2]!s_dq_close(单公司Beta计算器!$D$4,B15) -> 36.38 | F15: =[2]!s_mq_pctchange(单公司Beta计算器!$D$6,A15) -> 2.6563392 | G15: =[2]!s_mq_pctchange(单公司Beta计算器!$D$4,A15) -> 5.4187192 | I15: =SUM(F$3:F15) -> 37.050185 | J15: =SUM(G$3:G15) -> 20.830914

Sheet Wind模板
A1: 单公司BETA计算器
