Workbook

Sheet 国债期货对冲分析
D1: 国债期货对冲分析 V1.1
C4: 交易日期： | D4: =[1]!TDaysOffset(TODAY(),"TradingCalendar=CFFEX","Offset=-3") -> 45383 | E4: 债券全价： | F4: 收盘价 | G4: 使用自设价格： | H4: 否 | I4: 期货价格： | J4: 实时价格 | K4: 使用自设价格： | L4: 否
C5: 最新交易： | D5: =[1]!TDaysOffset(TODAY(),"TradingCalendar=CFFEX") -> 45390 | E5: 债券最新全价： | F5: 收盘价 | G5: 使用自设价格： | H5: 否 | I5: 期货最新价格： | J5: 实时价格 | K5: 资金成本： | L5: 0.03
C7: 买入
C8: 债券代码: | D8: =可交割券列表!A8 -> 210013.IB | E8: 面额（万）: | F8: 100 | G8: 全价: | H8: =IF($H$4="是",IF(I8<>"",I8,IF($F$4="收盘价",[1]!b_dq_originclose(D8,$D$4,2),IF($F$4="中债估值",[1]!b_anal_dirty_cnbd(D8,$D$4,1),[1]!b_anal_dirty_csi(D8,$D$4)))),IF($F$4="收盘价",[1]!b_dq_originclose(D8,$D$4,2),IF($F$4="中债估值",[1]!b_anal_dirty_cnbd(D8,$D$4,1),[1]!b_anal_dirty_csi(D8,$D$4)))) -> 104.3769 | J8: 基点价值： | K8: =[1]!b_calc_pvbp(D8,$D$4,[1]!b_calc_yield(D8,$D$4,H8,2,"",,,,"",),,,,,"",)*F8*10000/100 -> 435.91358 | L8: 久期： | M8: =[1]!b_calc_mduration(D8,$D$4,[1]!b_calc_yield(D8,$D$4,H8,2,"",,,,"",),"",,,,"",) -> 4.1778088 | N8: 全价： | O8: =IF($F$4="收盘价",[1]!b_dq_originclose(D8,$D$4,2),IF($F$4="中债估值",[1]!b_anal_dirty_cnbd(D8,$D$4,1),[1]!b_anal_dirty_csi(D8,$D$4))) -> 104.3769 | P8: 最新全价： | Q8: =IF($H$5="是",IF(R8<>"",R8,IF($F$5="收盘价",[1]!b_dq_originclose(D8,$D$5,2),IF($F$5="中债估值",[1]!b_anal_dirty_cnbd(D8,$D$5,1),[1]!b_anal_dirty_csi(D8,$D$5)))),IF($F$5="收盘价",[1]!b_dq_originclose(D8,$D$5,2),IF($F$5="中债估值",[1]!b_anal_dirty_cnbd(D8,$D$5,1),[1]!b_anal_dirty_csi(D8,$D$5)))) -> 104.5082
C9: 债券代码: | D9: =可交割券列表!A9 -> 019661.SH | E9: 面额（万）: | F9: 600 | G9: 全价: | H9: =IF($H$4="是",IF(I9<>"",I9,IF($F$4="收盘价",[1]!b_dq_originclose(D9,$D$4,2),IF($F$4="中债估值",[1]!b_anal_dirty_cnbd(D9,$D$4,1),[1]!b_anal_dirty_csi(D9,$D$4)))),IF($F$4="收盘价",[1]!b_dq_originclose(D9,$D$4,2),IF($F$4="中债估值",[1]!b_anal_dirty_cnbd(D9,$D$4,1),[1]!b_anal_dirty_csi(D9,$D$4)))) -> 101.9553 | J9: 基点价值： | K9: =[1]!b_calc_pvbp(D9,$D$4,[1]!b_calc_yield(D9,$D$4,H9,2,"",,,,"",),,,,,"",)*F9*10000/100 -> 2538.2696 | L9: 久期： | M9: =[1]!b_calc_mduration(D9,$D$4,[1]!b_calc_yield(D9,$D$4,H9,2,"",,,,"",),"",,,,"",) -> 4.1508569 | N9: 全价： | O9: =IF($F$4="收盘价",[1]!b_dq_originclose(D9,$D$4,2),IF($F$4="中债估值",[1]!b_anal_dirty_cnbd(D9,$D$4,1),[1]!b_anal_dirty_csi(D9,$D$4))) -> 101.9553 | P9: 最新全价： | Q9: =IF($H$5="是",IF(R9<>"",R9,IF($F$5="收盘价",[1]!b_dq_originclose(D9,$D$5,2),IF($F$5="中债估值",[1]!b_anal_dirty_cnbd(D9,$D$5,1),[1]!b_anal_dirty_csi(D9,$D$5)))),IF($F$5="收盘价",[1]!b_dq_originclose(D9,$D$5,2),IF($F$5="中债估值",[1]!b_anal_dirty_cnbd(D9,$D$5,1),[1]!b_anal_dirty_csi(D9,$D$5)))) -> 101.9713
C10: 债券代码: | D10: =可交割券列表!A10 -> 102113.SZ | E10: 面额（万）: | F10: 150 | G10: 全价: | H10: =IF($H$4="是",IF(I10<>"",I10,IF($F$4="收盘价",[1]!b_dq_originclose(D10,$D$4,2),IF($F$4="中债估值",[1]!b_anal_dirty_cnbd(D10,$D$4,1),[1]!b_anal_dirty_csi(D10,$D$4)))),IF($F$4="收盘价",[1]!b_dq_originclose(D10,$D$4,2),IF($F$4="中债估值",[1]!b_anal_dirty_cnbd(D10,$D$4,1),[1]!b_anal_dirty_csi(D10,$D$4)))) -> 103.4553 | J10: 基点价值： | K10: =[1]!b_calc_pvbp(D10,$D$4,[1]!b_calc_yield(D10,$D$4,H10,2,"",,,,"",),,,,,"",)*F10*10000/100 -> 646.51223 | L10: 久期： | M10: =[1]!b_calc_mduration(D10,$D$4,[1]!b_calc_yield(D10,$D$4,H10,2,"",,,,"",),"",,,,"",) -> 4.167618 | N10: 全价： | O10: =IF($F$4="收盘价",[1]!b_dq_originclose(D10,$D$4,2),IF($F$4="中债估值",[1]!b_anal_dirty_cnbd(D10,$D$4,1),[1]!b_anal_dirty_csi(D10,$D$4))) -> 103.4553 | P10: 最新全价： | Q10: =IF($H$5="是",IF(R10<>"",R10,IF($F$5="收盘价",[1]!b_dq_originclose(D10,$D$5,2),IF($F$5="中债估值",[1]!b_anal_dirty_cnbd(D10,$D$5,1),[1]!b_anal_dirty_csi(D10,$D$5)))),IF($F$5="收盘价",[1]!b_dq_originclose(D10,$D$5,2),IF($F$5="中债估值",[1]!b_anal_dirty_cnbd(D10,$D$5,1),[1]!b_anal_dirty_csi(D10,$D$5)))) -> 103.4713
C11: 债券代码: | D11: =可交割券列表!A11 -> 220006.IB | E11: 面额（万）: | F11: 150 | G11: 全价: | H11: =IF($H$4="是",IF(I11<>"",I11,IF($F$4="收盘价",[1]!b_dq_originclose(D11,$D$4,2),IF($F$4="中债估值",[1]!b_anal_dirty_cnbd(D11,$D$4,1),[1]!b_anal_dirty_csi(D11,$D$4)))),IF($F$4="收盘价",[1]!b_dq_originclose(D11,$D$4,2),IF($F$4="中债估值",[1]!b_anal_dirty_cnbd(D11,$D$4,1),[1]!b_anal_dirty_csi(D11,$D$4)))) -> 102.6815 | J11: 基点价值： | K11: =[1]!b_calc_pvbp(D11,$D$4,[1]!b_calc_yield(D11,$D$4,H11,2,"",,,,"",),,,,,"",)*F11*10000/100 -> 710.75696 | L11: 久期： | M11: =[1]!b_calc_mduration(D11,$D$4,[1]!b_calc_yield(D11,$D$4,H11,2,"",,,,"",),"",,,,"",) -> 4.6162211 | N11: 全价： | O11: =IF($F$4="收盘价",[1]!b_dq_originclose(D11,$D$4,2),IF($F$4="中债估值",[1]!b_anal_dirty_cnbd(D11,$D$4,1),[1]!b_anal_dirty_csi(D11,$D$4))) -> 102.6815 | P11: 最新全价： | Q11: =IF($H$5="是",IF(R11<>"",R11,IF($F$5="收盘价",[1]!b_dq_originclose(D11,$D$5,2),IF($F$5="中债估值",[1]!b_anal_dirty_cnbd(D11,$D$5,1),[1]!b_anal_dirty_csi(D11,$D$5)))),IF($F$5="收盘价",[1]!b_dq_originclose(D11,$D$5,2),IF($F$5="中债估值",[1]!b_anal_dirty_cnbd(D11,$D$5,1),[1]!b_anal_dirty_csi(D11,$D$5)))) -> 102.8488
C12: 合计: | E12: 面额（万）: | F12: =SUM(F8:F11) -> 1000 | G12: DV01: | H12: =SUM(K8:K11) -> 4331.4524 | L12: 修正久期 | M12: =SUMPRODUCT(F8:F11,M8:M11)/F12 -> 4.2258709
C14: 卖出
C15: 期货合约: | D15: =[1]!s_info_code2("TF00.CFE",D4) -> TF2406.CFE | E15: 保证金: | F15: 0.03 | H15: 最后交割日: | I15: =[1]!s_info_lddate(D15) -> 2024-06-19
C16: 合约（百万）: | D16: 1 | E16: 价格: | F16: =IF(L4="是",IF(G16<>"",G16,IF(J4="结算价",[1]!s_dq_settle(D15,D4),RTD("wdf.rtq",,D15,"LastPrice"))),IF(J4="结算价",[1]!s_dq_settle(D15,D4),RTD("wdf.rtq",,D15,"LastPrice"))) -> 103.25 | H16: 基点价值: | I16: =D16*10000*I17/K17 -> 437.53245 | J16: 最新价: | K16: =IF(L4="是",IF(L16<>"",L16,RTD("wdf.rtq",,D15,"LastPrice")),RTD("wdf.rtq",,D15,"LastPrice")) -> 103.25
C17: CTD: | D17: =D8 -> 210013.IB | E17: 净价: | F17: =IF(H4="是",IF(G17<>"",G17,IF($F$4="收盘价",[1]!b_dq_originclose(D17,$D$4,1),IF($F$4="中债估值",[1]!b_anal_net_cnbd(D17,$D$4,1),[1]!b_anal_net_csi(D17,$D$4)))),IF($F$4="收盘价",[1]!b_dq_originclose(D17,$D$4,1),IF($F$4="中债估值",[1]!b_anal_net_cnbd(D17,$D$4,1),[1]!b_anal_net_csi(D17,$D$4)))) -> 103.0253 | H17: 基点价值: | I17: =[1]!b_calc_pvbp(D17,$D$4,[1]!b_calc_yield(D17,$D$4,F17,1,"",,,,"",),,,,,"",) -> 0.043591358 | J17: 转换因子: | K17: =[1]!b_tbf_cvf(D17,D15) -> 0.9963
C19: 对冲比例
C20: 基点法: | D20: =ROUND(H12/I16,) -> 10 | L20: 收益: | M20: 年化:
C21: 买入现券(万）: | D21: =SUMPRODUCT(F8:F11,H8:H11)/100 -> 1025.3139 | E21: 最新(万）: | F21: =SUMPRODUCT(F8:F11,Q8:Q11)/100 -> 1025.8162 | I21: 盈亏(万）: | J21: =F21-D21 -> 0.50225 | K21: 盈亏%： | L21: =J21/D21 -> 0.00048984999 | M21: =L21*365/($D$5-$D$4) -> 0.025542178
C22: 卖出期货(万）: | D22: =D20*F16 -> 1032.5 | E22: 最新价值： | F22: =D20*K16 -> 1032.5 | I22: 盈亏(万）： | J22: =-F22+D22 -> 0 | K22: 盈亏%： | L22: =J22/(D22*F15) -> 0 | M22: =L22*365/($D$5-$D$4) -> 0
I23: 合计： | J23: =J21+J22 -> 0.50225 | K23: 盈亏%： | L23: =J23/(D21+D22*F15) -> 0.00047548545 | M23: =L23*365/($D$5-$D$4) -> 0.02479317
C25: 基点法(成本）： | D25: =ROUND((H12/I16)/(1+L5*(I15-D4)/365),) -> 10 | L25: 收益： | M25: 年化：
C26: 买入现券(万）： | D26: =SUMPRODUCT(F8:F11,H8:H11)/100 -> 1025.3139 | E26: 最新(万）： | F26: =SUMPRODUCT(F8:F11,Q8:Q11)/100 -> 1025.8162 | G26: 融资成本： | H26: =D26*L5*(D5-D4)/365 -> 0.58990663 | I26: 盈亏(万）： | J26: =F26-D26-H26 -> -0.087656627 | K26: 盈亏%： | L26: =J26/D26 -> -8.5492479e-05 | M26: =L26*365/($D$5-$D$4) -> -0.0044578221
C27: 卖出期货(万）： | D27: =D25*$F$16 -> 1032.5 | E27: 最新价值： | F27: =D25*$K$16 -> 1032.5 | I27: 盈亏(万）： | J27: =-F27+D27 -> 0 | K27: 盈亏%： | L27: =J27/(D27*F15) -> 0 | M27: =L27*365/($D$5-$D$4) -> 0
I28: 合计： | J28: =J26+J27 -> -0.087656627 | K28: 盈亏%： | L28: =J28/(D26+D27*F15) -> -8.2985467e-05 | M28: =L28*365/($D$5-$D$4) -> -0.0043270993
C30: 回归法
C31: 回归起始： | D31: =TODAY()-720 -> 44670 | E31: 回归截止： | F31: =TODAY()-1 -> 45389
C32: 回归对冲： | D32: =ROUND(H12*D33/I16,0) -> 10
C33: 回归比例： | D33: =LINEST(回归结果!$C$2:$C$495,回归结果!$D$2:$D$495) -> 1.0010014 | L33: 收益： | M33: 年化：
C34: 买入现券(万）： | D34: =SUMPRODUCT(F8:F11,H8:H11)/100 -> 1025.3139 | E34: 最新(万）： | F34: =SUMPRODUCT(F8:F11,Q8:Q11)/100 -> 1025.8162 | I34: 盈亏(万）： | J34: =F34-D34 -> 0.50225 | K34: 盈亏%： | L34: =J34/D34 -> 0.00048984999 | M34: =L34*365/($D$5-$D$4) -> 0.025542178
C35: 卖出期货(万）： | D35: =F16*D32 -> 1032.5 | E35: 最新价值： | F35: =K16*D32 -> 1032.5 | I35: 盈亏(万）： | J35: =-F35+D35 -> 0 | K35: 盈亏%： | L35: =J35/(D35*F15) -> 0 | M35: =L35*365/($D$5-$D$4) -> 0
I36: 合计： | J36: =J34+J35 -> 0.50225 | K36: 盈亏%： | L36: =J36/(D34+D35*F15) -> 0.00047548545 | M36: =L36*365/($D$5-$D$4) -> 0.02479317
C38: 回归法（成本）
C39: 回归对冲： | D39: =ROUND((H12*D33/I16)/(1+L5*(I15-D4)/365),) -> 10
C40: 回归比例： | D40: =LINEST(回归结果!$C$2:$C$495,回归结果!$D$2:$D$495) -> 1.0010014 | L40: 收益: | M40: 年化:
C41: 买入现券(万）： | D41: =SUMPRODUCT(F8:F11,H8:H11)/100 -> 1025.3139 | E41: 最新(万）： | F41: =SUMPRODUCT(F8:F11,Q8:Q11)/100 -> 1025.8162 | G41: 融资成本： | H41: =D41*L5*(D5-D4)/365 -> 0.58990663 | I41: 盈亏(万）： | J41: =F41-D41-H41 -> -0.087656627 | K41: 盈亏%： | L41: =J41/D41 -> -8.5492479e-05 | M41: =L41*365/($D$5-$D$4) -> -0.0044578221
C42: 卖出期货(万）： | D42: =D39*$F$16 -> 1032.5 | E42: 最新价值： | F42: =D39*$K$16 -> 1032.5 | I42: 盈亏(万）： | J42: =-F42+D42 -> 0 | K42: 盈亏%： | L42: =J42/(D42*F15) -> 0 | M42: =L42*365/($D$5-$D$4) -> 0
I43: 合计： | J43: =J41+J42 -> -0.087656627 | K43: 盈亏%： | L43: =J43/(D41+D42*F15) -> -8.2985467e-05 | M43: =L43*365/($D$5-$D$4) -> -0.0043270993

Sheet 回归结果
E1: =国债期货对冲分析!D17 -> 210013.IB | F1: 合计 | G1: =国债期货对冲分析!D8 -> 210013.IB | H1: =国债期货对冲分析!D9 -> 019661.SH | I1: =国债期货对冲分析!D10 -> 102113.SZ | J1: =国债期货对冲分析!D11 -> 220006.IB | M1: 权重 | N1: =国债期货对冲分析!F8/国债期货对冲分析!F12 -> 0.1 | O1: =国债期货对冲分析!F9/国债期货对冲分析!F12 -> 0.6 | P1: =国债期货对冲分析!F10/国债期货对冲分析!F12 -> 0.15 | Q1: =国债期货对冲分析!F11/国债期货对冲分析!F12 -> 0.15
B2: =[1]!TDays(国债期货对冲分析!D31,国债期货对冲分析!F31,"TradingCalendar=NIB","Order=D","cols=1;rows=494") -> 45389 | C2: =IF(E2<>0,IF(F2<>0,E2,0),0) -> 2.1778 | D2: =IF(E2<>0,IF(F2<>0,F2,0),0) -> 2.18263 | E2: =[1]!b_anal_yield_cnbd(E$1,$B2,1) -> 2.1778 | F2: =SUMPRODUCT(G2:J2,$N$1:$Q$1) -> 2.18263 | G2: =[1]!b_anal_yield_cnbd(G$1,$B2,1) -> 2.1778 | H2: =[1]!b_anal_yield_cnbd(H$1,$B2,1) -> 2.1778 | I2: =[1]!b_anal_yield_cnbd(I$1,$B2,1) -> 2.1778 | J2: =[1]!b_anal_yield_cnbd(J$1,$B2,1) -> 2.21
B3: 45385 | C3: =IF(E3<>0,IF(F3<>0,E3,0),0) -> 2.17 | D3: =IF(E3<>0,IF(F3<>0,F3,0),0) -> 2.176 | E3: =[1]!b_anal_yield_cnbd(E$1,$B3,1) -> 2.17 | F3: =SUMPRODUCT(G3:J3,$N$1:$Q$1) -> 2.176 | G3: =[1]!b_anal_yield_cnbd(G$1,$B3,1) -> 2.17 | H3: =[1]!b_anal_yield_cnbd(H$1,$B3,1) -> 2.17 | I3: =[1]!b_anal_yield_cnbd(I$1,$B3,1) -> 2.17 | J3: =[1]!b_anal_yield_cnbd(J$1,$B3,1) -> 2.21
B4: 45384 | C4: =IF(E4<>0,IF(F4<>0,E4,0),0) -> 2.185 | D4: =IF(E4<>0,IF(F4<>0,F4,0),0) -> 2.191375 | E4: =[1]!b_anal_yield_cnbd(E$1,$B4,1) -> 2.185 | F4: =SUMPRODUCT(G4:J4,$N$1:$Q$1) -> 2.191375 | G4: =[1]!b_anal_yield_cnbd(G$1,$B4,1) -> 2.185 | H4: =[1]!b_anal_yield_cnbd(H$1,$B4,1) -> 2.185 | I4: =[1]!b_anal_yield_cnbd(I$1,$B4,1) -> 2.185 | J4: =[1]!b_anal_yield_cnbd(J$1,$B4,1) -> 2.2275
B5: 45383 | C5: =IF(E5<>0,IF(F5<>0,E5,0),0) -> 2.2009 | D5: =IF(E5<>0,IF(F5<>0,F5,0),0) -> 2.20639 | E5: =[1]!b_anal_yield_cnbd(E$1,$B5,1) -> 2.2009 | F5: =SUMPRODUCT(G5:J5,$N$1:$Q$1) -> 2.20639 | G5: =[1]!b_anal_yield_cnbd(G$1,$B5,1) -> 2.2009 | H5: =[1]!b_anal_yield_cnbd(H$1,$B5,1) -> 2.2009 | I5: =[1]!b_anal_yield_cnbd(I$1,$B5,1) -> 2.2009 | J5: =[1]!b_anal_yield_cnbd(J$1,$B5,1) -> 2.2375
B6: 45380 | C6: =IF(E6<>0,IF(F6<>0,E6,0),0) -> 2.175 | D6: =IF(E6<>0,IF(F6<>0,F6,0),0) -> 2.181 | E6: =[1]!b_anal_yield_cnbd(E$1,$B6,1) -> 2.175 | F6: =SUMPRODUCT(G6:J6,$N$1:$Q$1) -> 2.181 | G6: =[1]!b_anal_yield_cnbd(G$1,$B6,1) -> 2.175 | H6: =[1]!b_anal_yield_cnbd(H$1,$B6,1) -> 2.175 | I6: =[1]!b_anal_yield_cnbd(I$1,$B6,1) -> 2.175 | J6: =[1]!b_anal_yield_cnbd(J$1,$B6,1) -> 2.215
B7: 45379 | C7: =IF(E7<>0,IF(F7<>0,E7,0),0) -> 2.2 | D7: =IF(E7<>0,IF(F7<>0,F7,0),0) -> 2.206 | E7: =[1]!b_anal_yield_cnbd(E$1,$B7,1) -> 2.2 | F7: =SUMPRODUCT(G7:J7,$N$1:$Q$1) -> 2.206 | G7: =[1]!b_anal_yield_cnbd(G$1,$B7,1) -> 2.2 | H7: =[1]!b_anal_yield_cnbd(H$1,$B7,1) -> 2.2 | I7: =[1]!b_anal_yield_cnbd(I$1,$B7,1) -> 2.2 | J7: =[1]!b_anal_yield_cnbd(J$1,$B7,1) -> 2.24
B8: 45378 | C8: =IF(E8<>0,IF(F8<>0,E8,0),0) -> 2.2 | D8: =IF(E8<>0,IF(F8<>0,F8,0),0) -> 2.206 | E8: =[1]!b_anal_yield_cnbd(E$1,$B8,1) -> 2.2 | F8: =SUMPRODUCT(G8:J8,$N$1:$Q$1) -> 2.206 | G8: =[1]!b_anal_yield_cnbd(G$1,$B8,1) -> 2.2 | H8: =[1]!b_anal_yield_cnbd(H$1,$B8,1) -> 2.2 | I8: =[1]!b_anal_yield_cnbd(I$1,$B8,1) -> 2.2 | J8: =[1]!b_anal_yield_cnbd(J$1,$B8,1) -> 2.24
B9: 45377 | C9: =IF(E9<>0,IF(F9<>0,E9,0),0) -> 2.2225 | D9: =IF(E9<>0,IF(F9<>0,F9,0),0) -> 2.229625 | E9: =[1]!b_anal_yield_cnbd(E$1,$B9,1) -> 2.2225 | F9: =SUMPRODUCT(G9:J9,$N$1:$Q$1) -> 2.229625 | G9: =[1]!b_anal_yield_cnbd(G$1,$B9,1) -> 2.2225 | H9: =[1]!b_anal_yield_cnbd(H$1,$B9,1) -> 2.2225 | I9: =[1]!b_anal_yield_cnbd(I$1,$B9,1) -> 2.2225 | J9: =[1]!b_anal_yield_cnbd(J$1,$B9,1) -> 2.27
B10: 45376 | C10: =IF(E10<>0,IF(F10<>0,E10,0),0) -> 2.225 | D10: =IF(E10<>0,IF(F10<>0,F10,0),0) -> 2.23175 | E10: =[1]!b_anal_yield_cnbd(E$1,$B10,1) -> 2.225 | F10: =SUMPRODUCT(G10:J10,$N$1:$Q$1) -> 2.23175 | G10: =[1]!b_anal_yield_cnbd(G$1,$B10,1) -> 2.225 | H10: =[1]!b_anal_yield_cnbd(H$1,$B10,1) -> 2.225 | I10: =[1]!b_anal_yield_cnbd(I$1,$B10,1) -> 2.225 | J10: =[1]!b_anal_yield_cnbd(J$1,$B10,1) -> 2.27
B11: 45373 | C11: =IF(E11<>0,IF(F11<>0,E11,0),0) -> 2.22 | D11: =IF(E11<>0,IF(F11<>0,F11,0),0) -> 2.22675 | E11: =[1]!b_anal_yield_cnbd(E$1,$B11,1) -> 2.22 | F11: =SUMPRODUCT(G11:J11,$N$1:$Q$1) -> 2.22675 | G11: =[1]!b_anal_yield_cnbd(G$1,$B11,1) -> 2.22 | H11: =[1]!b_anal_yield_cnbd(H$1,$B11,1) -> 2.22 | I11: =[1]!b_anal_yield_cnbd(I$1,$B11,1) -> 2.22 | J11: =[1]!b_anal_yield_cnbd(J$1,$B11,1) -> 2.265
B12: 45372 | C12: =IF(E12<>0,IF(F12<>0,E12,0),0) -> 2.205 | D12: =IF(E12<>0,IF(F12<>0,F12,0),0) -> 2.2125 | E12: =[1]!b_anal_yield_cnbd(E$1,$B12,1) -> 2.205 | F12: =SUMPRODUCT(G12:J12,$N$1:$Q$1) -> 2.2125 | G12: =[1]!b_anal_yield_cnbd(G$1,$B12,1) -> 2.205 | H12: =[1]!b_anal_yield_cnbd(H$1,$B12,1) -> 2.205 | I12: =[1]!b_anal_yield_cnbd(I$1,$B12,1) -> 2.205 | J12: =[1]!b_anal_yield_cnbd(J$1,$B12,1) -> 2.255
B13: 45371 | C13: =IF(E13<>0,IF(F13<>0,E13,0),0) -> 2.22 | D13: =IF(E13<>0,IF(F13<>0,F13,0),0) -> 2.227875 | E13: =[1]!b_anal_yield_cnbd(E$1,$B13,1) -> 2.22 | F13: =SUMPRODUCT(G13:J13,$N$1:$Q$1) -> 2.227875 | G13: =[1]!b_anal_yield_cnbd(G$1,$B13,1) -> 2.22 | H13: =[1]!b_anal_yield_cnbd(H$1,$B13,1) -> 2.22 | I13: =[1]!b_anal_yield_cnbd(I$1,$B13,1) -> 2.22 | J13: =[1]!b_anal_yield_cnbd(J$1,$B13,1) -> 2.2725
B14: 45370 | C14: =IF(E14<>0,IF(F14<>0,E14,0),0) -> 2.21 | D14: =IF(E14<>0,IF(F14<>0,F14,0),0) -> 2.21675 | E14: =[1]!b_anal_yield_cnbd(E$1,$B14,1) -> 2.21 | F14: =SUMPRODUCT(G14:J14,$N$1:$Q$1) -> 2.21675 | G14: =[1]!b_anal_yield_cnbd(G$1,$B14,1) -> 2.21 | H14: =[1]!b_anal_yield_cnbd(H$1,$B14,1) -> 2.21 | I14: =[1]!b_anal_yield_cnbd(I$1,$B14,1) -> 2.21 | J14: =[1]!b_anal_yield_cnbd(J$1,$B14,1) -> 2.255
... B495: 44670 | C495: =IF(E495<>0,IF(F495<>0,E495,0),0) -> 2.7909 | D495: =IF(E495<>0,IF(F495<>0,F495,0),0) -> 2.796015 | E495: =[1]!b_anal_yield_cnbd(E$1,$B495,1) -> 2.7909 | F495: =SUMPRODUCT(G495:J495,$N$1:$Q$1) -> 2.796015 | G495: =[1]!b_anal_yield_cnbd(G$1,$B495,1) -> 2.7909 | H495: =[1]!b_anal_yield_cnbd(H$1,$B495,1) -> 2.7909 | I495: =[1]!b_anal_yield_cnbd(I$1,$B495,1) -> 2.7909 | J495: =[1]!b_anal_yield_cnbd(J$1,$B495,1) -> 2.825

Sheet 可交割券列表
A1: 数据集名称 | B1: 交割券表
A2: Wind代码 | B2: =国债期货对冲分析!D15 -> TF2406.CFE
A3: 选择日期 | B3: =TEXT(TODAY(),"YYYYMMDD") -> 20240408
A4: 交割券市场 | B4: 全交割券
A5: 债券用价 | B5: 收盘价
A6: code | B6: name | C6: market
A7: 代码 | B7: 简称 | C7: 交易市场
A8: =[1]!wset("deliverablebondlist","windcode="&B2,"date="&B3,"flag="&B4,"pricetype="&B5,"field=code,name,market","cols=3;rows=18") -> 210013.IB | B8: 21附息国债13 | C8: 银行间
A9: 019661.SH | B9: 21国债13 | C9: 上交所
A10: 102113.SZ | B10: 国债2113 | C10: 深交所
A11: 220006.IB | B11: 22附息国债06 | C11: 银行间
A12: 019671.SH | B12: 22国债06 | C12: 上交所
A13: 102206.SZ | B13: 国债2206 | C13: 深交所
A14: 102250.SZ | B14: 国债2322 | C14: 深交所
A15: 019725.SH | B15: 23国债22 | C15: 上交所
A16: 230022.IB | B16: 23附息国债22 | C16: 银行间
A17: 230021.IB | B17: 23附息国债21 | C17: 银行间
A18: 019724.SH | B18: 23国债21 | C18: 上交所
A19: 102249.SZ | B19: 国债2321 | C19: 深交所
A20: 102243.SZ | B20: 国债2315 | C20: 深交所
... A25: 019732.SH | B25: 24国债01 | C25: 上交所

Sheet 使用说明
E1: 使用说明

Sheet Wind模板
A1: 国债期货对冲分析
