Workbook

Sheet 区间累计值统计
D1: 金融类期权 -成交量区间累计值统计 | G1: 最近更新： | H1: =TODAY() -> 45797
C3: 开始日期 | D3: 45051 | E3: =MATCH(D3,成交量源数据!A:A,0) -> 497 | G3: =D3 -> 45051
C4: 截止日期 | D4: =TODAY()-1 -> 45796 | E4: =MATCH(D4,成交量源数据!A:A,0) -> 5
C7: 期权成交量累计值
C9: 标的名称 | D9: 标的代码 | E9: 认购成交量累计值（万张） | F9: 认沽成交量累计值（万张） | G9: 总成交量累计值（万张） | H9: 截止日期持仓量（万张）
C10: 上交所
C11: 上证50ETF | D11: 510050.SH | E11: =SUM(OFFSET(成交量源数据!B4,$E$4-4,0,$E$3-$E$4+1,1)) -> 23622.296 | F11: =SUM(OFFSET(成交量源数据!N4,$E$4-4,0,$E$3-$E$4+1,1)) -> 20059.814 | G11: =E11+F11 -> 43682.11 | H11: =[1]!s_dq_optionoi(D11,$D$4,10000) -> 150.0542
C12: 沪300ETF | D12: 510300.SH | E12: =SUM(OFFSET(成交量源数据!C4,$E$4-4,0,$E$3-$E$4+1,1)) -> 20327.574 | F12: =SUM(OFFSET(成交量源数据!O4,$E$4-4,0,$E$3-$E$4+1,1)) -> 18004.131 | G12: =E12+F12 -> 38331.705 | H12: =[1]!s_dq_optionoi(D12,$D$4,10000) -> 127.1591
C13: 沪500ETF | D13: 510500.SH | E13: =SUM(OFFSET(成交量源数据!D4,$E$4-4,0,$E$3-$E$4+1,1)) -> 22476.675 | F13: =SUM(OFFSET(成交量源数据!P4,$E$4-4,0,$E$3-$E$4+1,1)) -> 21801.024 | G13: =E13+F13 -> 44277.699 | H13: =[1]!s_dq_optionoi(D13,$D$4,10000) -> 134.1739
C14: 科创50ETF | D14: 588000.SH | E14: =SUM(OFFSET(成交量源数据!E4,$E$4-4,0,$E$3-$E$4+1,1)) -> 13626.218 | F14: =SUM(OFFSET(成交量源数据!Q4,$E$4-4,0,$E$3-$E$4+1,1)) -> 9994.446 | G14: =E14+F14 -> 23620.664 | H14: =[1]!s_dq_optionoi(D14,$D$4,10000) -> 171.8954
C15: 科创50ETF易方达 | D15: 588080.SH | E15: =SUM(OFFSET(成交量源数据!F4,$E$4-4,0,$E$3-$E$4+1,1)) -> 5654.3119 | F15: =SUM(OFFSET(成交量源数据!R4,$E$4-4,0,$E$3-$E$4+1,1)) -> 5165.4213 | G15: =E15+F15 -> 10819.733 | H15: =[1]!s_dq_optionoi(D15,$D$4,10000) -> 51.3752
C16: 总计 | E16: =SUM(E11:E15) -> 85707.075 | F16: =SUM(F11:F15) -> 75024.836 | G16: =SUM(G11:G15) -> 160731.91 | H16: =SUM(H11:H15) -> 634.6578
C18: 深交所
C19: 沪深300ETF | D19: 159919.SZ | E19: =SUM(OFFSET(成交量源数据!G4,$E$4-4,0,$E$3-$E$4+1,1)) -> 2989.1356 | F19: =SUM(OFFSET(成交量源数据!S4,$E$4-4,0,$E$3-$E$4+1,1)) -> 2695.4782 | G19: =E19+F19 -> 5684.6138 | H19: =[1]!s_dq_optionoi(D19,$D$4,10000) -> 24.6433
C20: 中证500ETF | D20: 159922.SZ | E20: =SUM(OFFSET(成交量源数据!H4,$E$4-4,0,$E$3-$E$4+1,1)) -> 3895.3008 | F20: =SUM(OFFSET(成交量源数据!T4,$E$4-4,0,$E$3-$E$4+1,1)) -> 3774.063 | G20: =E20+F20 -> 7669.3638 | H20: =[1]!s_dq_optionoi(D20,$D$4,10000) -> 36.5327
C21: 创业板ETF | D21: 159915.SZ | E21: =SUM(OFFSET(成交量源数据!I4,$E$4-4,0,$E$3-$E$4+1,1)) -> 19967.567 | F21: =SUM(OFFSET(成交量源数据!U4,$E$4-4,0,$E$3-$E$4+1,1)) -> 16885.717 | G21: =E21+F21 -> 36853.284 | H21: =[1]!s_dq_optionoi(D21,$D$4,10000) -> 141.7738
C22: 深证100ETF | D22: 159901.SZ | E22: =SUM(OFFSET(成交量源数据!J4,$E$4-4,0,$E$3-$E$4+1,1)) -> 1460.9688 | F22: =SUM(OFFSET(成交量源数据!V4,$E$4-4,0,$E$3-$E$4+1,1)) -> 1339.9416 | G22: =E22+F22 -> 2800.9104 | H22: =[1]!s_dq_optionoi(D22,$D$4,10000) -> 10.8925
C23: 总计 | E23: =SUM(E19:E22) -> 28312.972 | F23: =SUM(F19:F22) -> 24695.2 | G23: =SUM(G19:G22) -> 53008.172 | H23: =SUM(H19:H22) -> 213.8423
C25: 中金所
C26: 沪深300 | D26: 000300.SH | E26: =SUM(OFFSET(成交量源数据!K4,$E$4-4,0,$E$3-$E$4+1,1)) -> 2042.0295 | F26: =SUM(OFFSET(成交量源数据!W4,$E$4-4,0,$E$3-$E$4+1,1)) -> 1312.6181 | G26: =E26+F26 -> 3354.6476 | H26: =[1]!s_dq_optionoi(D26,$D$4,10000) -> 13.6891
C27: 中证1000 | D27: 000852.SH | E27: =SUM(OFFSET(成交量源数据!L4,$E$4-4,0,$E$3-$E$4+1,1)) -> 3512.9067 | F27: =SUM(OFFSET(成交量源数据!X4,$E$4-4,0,$E$3-$E$4+1,1)) -> 2939.8919 | G27: =E27+F27 -> 6452.7986 | H27: =[1]!s_dq_optionoi(D27,$D$4,10000) -> 19.8607
C28: 上证50 | D28: 000016.SH | E28: =SUM(OFFSET(成交量源数据!M4,$E$4-4,0,$E$3-$E$4+1,1)) -> 837.2886 | F28: =SUM(OFFSET(成交量源数据!Y4,$E$4-4,0,$E$3-$E$4+1,1)) -> 501.1048 | G28: =E28+F28 -> 1338.3934 | H28: =[1]!s_dq_optionoi(D28,$D$4,10000) -> 4.9231
C29: 总计 | E29: =SUM(E26:E28) -> 6392.2248 | F29: =SUM(F26:F28) -> 4753.6148 | G29: =SUM(G26:G28) -> 11145.84 | H29: =SUM(H26:H28) -> 38.4729
C31: 全市场总计 | E31: =E16+E23+E29 -> 120412.27 | F31: =F16+F23+F29 -> 104473.65 | G31: =G16+G23+G29 -> 224885.92 | H31: =H16+H23+H29 -> 886.973

Sheet 成交量源数据
B1: 认购成交量 | N1: 认沽成交量
B2: 上证50ETF | C2: 沪深300ETF | D2: 中证500ETF | E2: 科创50ETF | F2: 科创50ETF易方达 | G2: 沪深300ETF | H2: 中证500ETF | I2: 创业板ETF | J2: 深证100ETF | K2: 沪深300 | L2: 中证1000 | M2: 上证50 | N2: 上证50ETF | O2: 沪深300ETF | P2: 中证500ETF | Q2: 科创50ETF | R2: 科创50ETF易方达 | S2: 沪深300ETF | T2: 中证500ETF | U2: 创业板ETF | V2: 深证100ETF | W2: 沪深300 | X2: 中证1000 | Y2: 上证50 | AG2: =SUM(AC2:AD2) -> 0
B3: 510050.SH | C3: 510300.SH | D3: 510500.SH | E3: 588000.SH | F3: 588080.SH | G3: 159919.SZ | H3: 159922.SZ | I3: 159915.SZ | J3: 159901.SZ | K3: 000300.SH | L3: 000852.SH | M3: 000016.SH | N3: 510050.SH | O3: 510300.SH | P3: 510500.SH | Q3: 588000.SH | R3: 588080.SH | S3: 159919.SZ | T3: 159922.SZ | U3: 159915.SZ | V3: 159901.SZ | W3: 000300.SH | X3: 000852.SH | Y3: 000016.SH
A4: =[1]!TDays("2022-01-03",TODAY(),"Order=D","cols=1;rows=815") -> 45797 | B4: =[1]!s_dq_callvolume(B$3,$A4,10000) -> 0 | C4: =[1]!s_dq_callvolume(C$3,$A4,10000) -> 0 | D4: =[1]!s_dq_callvolume(D$3,$A4,10000) -> 0 | E4: =[1]!s_dq_callvolume(E$3,$A4,10000) -> 0 | F4: =[1]!s_dq_callvolume(F$3,$A4,10000) -> 0 | G4: =[1]!s_dq_callvolume(G$3,$A4,10000) -> 0 | H4: =[1]!s_dq_callvolume(H$3,$A4,10000) -> 0 | I4: =[1]!s_dq_callvolume(I$3,$A4,10000) -> 0 | ... M4: =[1]!s_dq_callvolume(M$3,$A4,10000) -> 0 | N4: =[1]!s_dq_putvolume(N$3,$A4,10000) -> 0 | O4: =[1]!s_dq_putvolume(O$3,$A4,10000) -> 0 | P4: =[1]!s_dq_putvolume(P$3,$A4,10000) -> 0 | Q4: =[1]!s_dq_putvolume(Q$3,$A4,10000) -> 0 | R4: =[1]!s_dq_putvolume(R$3,$A4,10000) -> 0 | S4: =[1]!s_dq_putvolume(S$3,$A4,10000) -> 0 | T4: =[1]!s_dq_putvolume(T$3,$A4,10000) -> 0 | U4: =[1]!s_dq_putvolume(U$3,$A4,10000) -> 0 | ... Y4: =[1]!s_dq_putvolume(Y$3,$A4,10000) -> 0
A5: 45796 | B5: =[1]!s_dq_callvolume(B$3,$A5,10000) -> 39.9185 | C5: =[1]!s_dq_callvolume(C$3,$A5,10000) -> 37.2438 | D5: =[1]!s_dq_callvolume(D$3,$A5,10000) -> 66.1655 | E5: =[1]!s_dq_callvolume(E$3,$A5,10000) -> 38.0732 | F5: =[1]!s_dq_callvolume(F$3,$A5,10000) -> 12.298 | G5: =[1]!s_dq_callvolume(G$3,$A5,10000) -> 5.4384 | H5: =[1]!s_dq_callvolume(H$3,$A5,10000) -> 7.9792 | I5: =[1]!s_dq_callvolume(I$3,$A5,10000) -> 47.0869 | ... M5: =[1]!s_dq_callvolume(M$3,$A5,10000) -> 1.06 | N5: =[1]!s_dq_putvolume(N$3,$A5,10000) -> 41.0961 | O5: =[1]!s_dq_putvolume(O$3,$A5,10000) -> 38.6202 | P5: =[1]!s_dq_putvolume(P$3,$A5,10000) -> 56.4776 | Q5: =[1]!s_dq_putvolume(Q$3,$A5,10000) -> 39.3076 | R5: =[1]!s_dq_putvolume(R$3,$A5,10000) -> 17.6495 | S5: =[1]!s_dq_putvolume(S$3,$A5,10000) -> 5.9874 | T5: =[1]!s_dq_putvolume(T$3,$A5,10000) -> 7.1242 | U5: =[1]!s_dq_putvolume(U$3,$A5,10000) -> 43.4288 | ... Y5: =[1]!s_dq_putvolume(Y$3,$A5,10000) -> 0.6425
A6: 45793 | B6: =[1]!s_dq_callvolume(B$3,$A6,10000) -> 52.3427 | C6: =[1]!s_dq_callvolume(C$3,$A6,10000) -> 38.3016 | D6: =[1]!s_dq_callvolume(D$3,$A6,10000) -> 53.8951 | E6: =[1]!s_dq_callvolume(E$3,$A6,10000) -> 27.3498 | F6: =[1]!s_dq_callvolume(F$3,$A6,10000) -> 8.0981 | G6: =[1]!s_dq_callvolume(G$3,$A6,10000) -> 6.0529 | H6: =[1]!s_dq_callvolume(H$3,$A6,10000) -> 4.7883 | I6: =[1]!s_dq_callvolume(I$3,$A6,10000) -> 42.9349 | ... M6: =[1]!s_dq_callvolume(M$3,$A6,10000) -> 2.524 | N6: =[1]!s_dq_putvolume(N$3,$A6,10000) -> 54.1755 | O6: =[1]!s_dq_putvolume(O$3,$A6,10000) -> 34.7454 | P6: =[1]!s_dq_putvolume(P$3,$A6,10000) -> 44.2875 | Q6: =[1]!s_dq_putvolume(Q$3,$A6,10000) -> 16.9635 | R6: =[1]!s_dq_putvolume(R$3,$A6,10000) -> 5.98 | S6: =[1]!s_dq_putvolume(S$3,$A6,10000) -> 6.4431 | T6: =[1]!s_dq_putvolume(T$3,$A6,10000) -> 5.3392 | U6: =[1]!s_dq_putvolume(U$3,$A6,10000) -> 34.8064 | ... Y6: =[1]!s_dq_putvolume(Y$3,$A6,10000) -> 1.6398
A7: 45792 | B7: =[1]!s_dq_callvolume(B$3,$A7,10000) -> 52.4398 | C7: =[1]!s_dq_callvolume(C$3,$A7,10000) -> 49.7208 | D7: =[1]!s_dq_callvolume(D$3,$A7,10000) -> 72.6661 | E7: =[1]!s_dq_callvolume(E$3,$A7,10000) -> 28.8769 | F7: =[1]!s_dq_callvolume(F$3,$A7,10000) -> 8.2517 | G7: =[1]!s_dq_callvolume(G$3,$A7,10000) -> 6.5468 | H7: =[1]!s_dq_callvolume(H$3,$A7,10000) -> 6.9229 | I7: =[1]!s_dq_callvolume(I$3,$A7,10000) -> 55.3049 | ... M7: =[1]!s_dq_callvolume(M$3,$A7,10000) -> 2.6685 | N7: =[1]!s_dq_putvolume(N$3,$A7,10000) -> 43.958 | O7: =[1]!s_dq_putvolume(O$3,$A7,10000) -> 39.2442 | P7: =[1]!s_dq_putvolume(P$3,$A7,10000) -> 61.3253 | Q7: =[1]!s_dq_putvolume(Q$3,$A7,10000) -> 18.7141 | R7: =[1]!s_dq_putvolume(R$3,$A7,10000) -> 4.4587 | S7: =[1]!s_dq_putvolume(S$3,$A7,10000) -> 4.5927 | T7: =[1]!s_dq_putvolume(T$3,$A7,10000) -> 6.5939 | U7: =[1]!s_dq_putvolume(U$3,$A7,10000) -> 46.2239 | ... Y7: =[1]!s_dq_putvolume(Y$3,$A7,10000) -> 1.3684
A8: 45791 | B8: =[1]!s_dq_callvolume(B$3,$A8,10000) -> 113.3187 | C8: =[1]!s_dq_callvolume(C$3,$A8,10000) -> 93.4216 | D8: =[1]!s_dq_callvolume(D$3,$A8,10000) -> 103.5832 | E8: =[1]!s_dq_callvolume(E$3,$A8,10000) -> 42.9178 | F8: =[1]!s_dq_callvolume(F$3,$A8,10000) -> 11.6602 | G8: =[1]!s_dq_callvolume(G$3,$A8,10000) -> 13.0463 | H8: =[1]!s_dq_callvolume(H$3,$A8,10000) -> 11.0171 | I8: =[1]!s_dq_callvolume(I$3,$A8,10000) -> 87.5254 | ... M8: =[1]!s_dq_callvolume(M$3,$A8,10000) -> 5.6704 | N8: =[1]!s_dq_putvolume(N$3,$A8,10000) -> 83.1438 | O8: =[1]!s_dq_putvolume(O$3,$A8,10000) -> 66.812 | P8: =[1]!s_dq_putvolume(P$3,$A8,10000) -> 77.1206 | Q8: =[1]!s_dq_putvolume(Q$3,$A8,10000) -> 23.1913 | R8: =[1]!s_dq_putvolume(R$3,$A8,10000) -> 5.091 | S8: =[1]!s_dq_putvolume(S$3,$A8,10000) -> 9.1949 | T8: =[1]!s_dq_putvolume(T$3,$A8,10000) -> 7.47 | U8: =[1]!s_dq_putvolume(U$3,$A8,10000) -> 61.8617 | ... Y8: =[1]!s_dq_putvolume(Y$3,$A8,10000) -> 2.531
A9: 45790 | B9: =[1]!s_dq_callvolume(B$3,$A9,10000) -> 34.3928 | C9: =[1]!s_dq_callvolume(C$3,$A9,10000) -> 41.9581 | D9: =[1]!s_dq_callvolume(D$3,$A9,10000) -> 69.921 | E9: =[1]!s_dq_callvolume(E$3,$A9,10000) -> 36.3653 | F9: =[1]!s_dq_callvolume(F$3,$A9,10000) -> 8.6339 | G9: =[1]!s_dq_callvolume(G$3,$A9,10000) -> 4.7607 | H9: =[1]!s_dq_callvolume(H$3,$A9,10000) -> 6.3799 | I9: =[1]!s_dq_callvolume(I$3,$A9,10000) -> 64.8434 | ... M9: =[1]!s_dq_callvolume(M$3,$A9,10000) -> 1.6228 | N9: =[1]!s_dq_putvolume(N$3,$A9,10000) -> 33.049 | O9: =[1]!s_dq_putvolume(O$3,$A9,10000) -> 40.0006 | P9: =[1]!s_dq_putvolume(P$3,$A9,10000) -> 52.2445 | Q9: =[1]!s_dq_putvolume(Q$3,$A9,10000) -> 18.8091 | R9: =[1]!s_dq_putvolume(R$3,$A9,10000) -> 4.2321 | S9: =[1]!s_dq_putvolume(S$3,$A9,10000) -> 4.6303 | T9: =[1]!s_dq_putvolume(T$3,$A9,10000) -> 5.6467 | U9: =[1]!s_dq_putvolume(U$3,$A9,10000) -> 52.5115 | ... Y9: =[1]!s_dq_putvolume(Y$3,$A9,10000) -> 0.8602
A10: 45789 | B10: =[1]!s_dq_callvolume(B$3,$A10,10000) -> 54.0483 | C10: =[1]!s_dq_callvolume(C$3,$A10,10000) -> 58.4194 | D10: =[1]!s_dq_callvolume(D$3,$A10,10000) -> 72.9523 | E10: =[1]!s_dq_callvolume(E$3,$A10,10000) -> 34.131 | F10: =[1]!s_dq_callvolume(F$3,$A10,10000) -> 10.8613 | G10: =[1]!s_dq_callvolume(G$3,$A10,10000) -> 7.5136 | H10: =[1]!s_dq_callvolume(H$3,$A10,10000) -> 7.6603 | I10: =[1]!s_dq_callvolume(I$3,$A10,10000) -> 83.5408 | ... M10: =[1]!s_dq_callvolume(M$3,$A10,10000) -> 2.0688 | N10: =[1]!s_dq_putvolume(N$3,$A10,10000) -> 44.4551 | O10: =[1]!s_dq_putvolume(O$3,$A10,10000) -> 49.3608 | P10: =[1]!s_dq_putvolume(P$3,$A10,10000) -> 51.6515 | Q10: =[1]!s_dq_putvolume(Q$3,$A10,10000) -> 19.7868 | R10: =[1]!s_dq_putvolume(R$3,$A10,10000) -> 5.9947 | S10: =[1]!s_dq_putvolume(S$3,$A10,10000) -> 6.4713 | T10: =[1]!s_dq_putvolume(T$3,$A10,10000) -> 5.1409 | U10: =[1]!s_dq_putvolume(U$3,$A10,10000) -> 56.353 | ... Y10: =[1]!s_dq_putvolume(Y$3,$A10,10000) -> 1.2084
A11: 45786 | B11: =[1]!s_dq_callvolume(B$3,$A11,10000) -> 21.9504 | C11: =[1]!s_dq_callvolume(C$3,$A11,10000) -> 25.0857 | D11: =[1]!s_dq_callvolume(D$3,$A11,10000) -> 54.4905 | E11: =[1]!s_dq_callvolume(E$3,$A11,10000) -> 30.9632 | F11: =[1]!s_dq_callvolume(F$3,$A11,10000) -> 7.7041 | G11: =[1]!s_dq_callvolume(G$3,$A11,10000) -> 2.8892 | H11: =[1]!s_dq_callvolume(H$3,$A11,10000) -> 5.8155 | I11: =[1]!s_dq_callvolume(I$3,$A11,10000) -> 38.8946 | ... M11: =[1]!s_dq_callvolume(M$3,$A11,10000) -> 1.1096 | N11: =[1]!s_dq_putvolume(N$3,$A11,10000) -> 25.5543 | O11: =[1]!s_dq_putvolume(O$3,$A11,10000) -> 25.6401 | P11: =[1]!s_dq_putvolume(P$3,$A11,10000) -> 47.5584 | Q11: =[1]!s_dq_putvolume(Q$3,$A11,10000) -> 25.0801 | R11: =[1]!s_dq_putvolume(R$3,$A11,10000) -> 5.7384 | S11: =[1]!s_dq_putvolume(S$3,$A11,10000) -> 3.1941 | T11: =[1]!s_dq_putvolume(T$3,$A11,10000) -> 5.694 | U11: =[1]!s_dq_putvolume(U$3,$A11,10000) -> 37.013 | ... Y11: =[1]!s_dq_putvolume(Y$3,$A11,10000) -> 0.6611
A12: 45785 | B12: =[1]!s_dq_callvolume(B$3,$A12,10000) -> 60.3056 | C12: =[1]!s_dq_callvolume(C$3,$A12,10000) -> 46.7144 | D12: =[1]!s_dq_callvolume(D$3,$A12,10000) -> 60.1263 | E12: =[1]!s_dq_callvolume(E$3,$A12,10000) -> 24.9581 | F12: =[1]!s_dq_callvolume(F$3,$A12,10000) -> 6.4971 | G12: =[1]!s_dq_callvolume(G$3,$A12,10000) -> 6.5774 | H12: =[1]!s_dq_callvolume(H$3,$A12,10000) -> 6.7045 | I12: =[1]!s_dq_callvolume(I$3,$A12,10000) -> 66.2266 | ... M12: =[1]!s_dq_callvolume(M$3,$A12,10000) -> 2.2518 | N12: =[1]!s_dq_putvolume(N$3,$A12,10000) -> 59.7289 | O12: =[1]!s_dq_putvolume(O$3,$A12,10000) -> 42.7289 | P12: =[1]!s_dq_putvolume(P$3,$A12,10000) -> 53.954 | Q12: =[1]!s_dq_putvolume(Q$3,$A12,10000) -> 17.5816 | R12: =[1]!s_dq_putvolume(R$3,$A12,10000) -> 5.3044 | S12: =[1]!s_dq_putvolume(S$3,$A12,10000) -> 6.4994 | T12: =[1]!s_dq_putvolume(T$3,$A12,10000) -> 6.504 | U12: =[1]!s_dq_putvolume(U$3,$A12,10000) -> 53.421 | ... Y12: =[1]!s_dq_putvolume(Y$3,$A12,10000) -> 1.6503
A13: 45784 | B13: =[1]!s_dq_callvolume(B$3,$A13,10000) -> 52.6672 | C13: =[1]!s_dq_callvolume(C$3,$A13,10000) -> 46.484 | D13: =[1]!s_dq_callvolume(D$3,$A13,10000) -> 75.9866 | E13: =[1]!s_dq_callvolume(E$3,$A13,10000) -> 45.2384 | F13: =[1]!s_dq_callvolume(F$3,$A13,10000) -> 9.8361 | G13: =[1]!s_dq_callvolume(G$3,$A13,10000) -> 5.6125 | H13: =[1]!s_dq_callvolume(H$3,$A13,10000) -> 8.6974 | I13: =[1]!s_dq_callvolume(I$3,$A13,10000) -> 81.2339 | ... M13: =[1]!s_dq_callvolume(M$3,$A13,10000) -> 2.0617 | N13: =[1]!s_dq_putvolume(N$3,$A13,10000) -> 43.9125 | O13: =[1]!s_dq_putvolume(O$3,$A13,10000) -> 37.6275 | P13: =[1]!s_dq_putvolume(P$3,$A13,10000) -> 54.3288 | Q13: =[1]!s_dq_putvolume(Q$3,$A13,10000) -> 26.5109 | R13: =[1]!s_dq_putvolume(R$3,$A13,10000) -> 5.3499 | S13: =[1]!s_dq_putvolume(S$3,$A13,10000) -> 4.8922 | T13: =[1]!s_dq_putvolume(T$3,$A13,10000) -> 6.18 | U13: =[1]!s_dq_putvolume(U$3,$A13,10000) -> 53.2066 | ... Y13: =[1]!s_dq_putvolume(Y$3,$A13,10000) -> 0.9986
A14: 45783 | B14: =[1]!s_dq_callvolume(B$3,$A14,10000) -> 41.5886 | C14: =[1]!s_dq_callvolume(C$3,$A14,10000) -> 39.452 | D14: =[1]!s_dq_callvolume(D$3,$A14,10000) -> 50.65 | E14: =[1]!s_dq_callvolume(E$3,$A14,10000) -> 30.4799 | F14: =[1]!s_dq_callvolume(F$3,$A14,10000) -> 7.6409 | G14: =[1]!s_dq_callvolume(G$3,$A14,10000) -> 4.998 | H14: =[1]!s_dq_callvolume(H$3,$A14,10000) -> 5.7837 | I14: =[1]!s_dq_callvolume(I$3,$A14,10000) -> 48.931 | ... M14: =[1]!s_dq_callvolume(M$3,$A14,10000) -> 1.3301 | N14: =[1]!s_dq_putvolume(N$3,$A14,10000) -> 41.3619 | O14: =[1]!s_dq_putvolume(O$3,$A14,10000) -> 41.8438 | P14: =[1]!s_dq_putvolume(P$3,$A14,10000) -> 50.6624 | Q14: =[1]!s_dq_putvolume(Q$3,$A14,10000) -> 29.0451 | R14: =[1]!s_dq_putvolume(R$3,$A14,10000) -> 5.5722 | S14: =[1]!s_dq_putvolume(S$3,$A14,10000) -> 5.7528 | T14: =[1]!s_dq_putvolume(T$3,$A14,10000) -> 5.9834 | U14: =[1]!s_dq_putvolume(U$3,$A14,10000) -> 50.6145 | ... Y14: =[1]!s_dq_putvolume(Y$3,$A14,10000) -> 1.3136
A15: 45777 | B15: =[1]!s_dq_callvolume(B$3,$A15,10000) -> 34.0184 | C15: =[1]!s_dq_callvolume(C$3,$A15,10000) -> 23.4861 | D15: =[1]!s_dq_callvolume(D$3,$A15,10000) -> 37.585 | E15: =[1]!s_dq_callvolume(E$3,$A15,10000) -> 18.2903 | F15: =[1]!s_dq_callvolume(F$3,$A15,10000) -> 3.6212 | G15: =[1]!s_dq_callvolume(G$3,$A15,10000) -> 2.869 | H15: =[1]!s_dq_callvolume(H$3,$A15,10000) -> 3.5714 | I15: =[1]!s_dq_callvolume(I$3,$A15,10000) -> 41.5984 | ... M15: =[1]!s_dq_callvolume(M$3,$A15,10000) -> 1.0589 | N15: =[1]!s_dq_putvolume(N$3,$A15,10000) -> 32.0683 | O15: =[1]!s_dq_putvolume(O$3,$A15,10000) -> 21.8015 | P15: =[1]!s_dq_putvolume(P$3,$A15,10000) -> 32.3717 | Q15: =[1]!s_dq_putvolume(Q$3,$A15,10000) -> 15.0659 | R15: =[1]!s_dq_putvolume(R$3,$A15,10000) -> 3.2339 | S15: =[1]!s_dq_putvolume(S$3,$A15,10000) -> 2.6186 | T15: =[1]!s_dq_putvolume(T$3,$A15,10000) -> 3.4815 | U15: =[1]!s_dq_putvolume(U$3,$A15,10000) -> 33.6385 | ... Y15: =[1]!s_dq_putvolume(Y$3,$A15,10000) -> 0.952
A16: 45776 | B16: =[1]!s_dq_callvolume(B$3,$A16,10000) -> 23.3092 | C16: =[1]!s_dq_callvolume(C$3,$A16,10000) -> 20.3534 | D16: =[1]!s_dq_callvolume(D$3,$A16,10000) -> 33.8764 | E16: =[1]!s_dq_callvolume(E$3,$A16,10000) -> 15.7948 | F16: =[1]!s_dq_callvolume(F$3,$A16,10000) -> 2.9282 | G16: =[1]!s_dq_callvolume(G$3,$A16,10000) -> 2.0927 | H16: =[1]!s_dq_callvolume(H$3,$A16,10000) -> 3.9554 | I16: =[1]!s_dq_callvolume(I$3,$A16,10000) -> 27.1953 | ... M16: =[1]!s_dq_callvolume(M$3,$A16,10000) -> 0.7408 | N16: =[1]!s_dq_putvolume(N$3,$A16,10000) -> 22.7373 | O16: =[1]!s_dq_putvolume(O$3,$A16,10000) -> 18.9738 | P16: =[1]!s_dq_putvolume(P$3,$A16,10000) -> 31.2983 | Q16: =[1]!s_dq_putvolume(Q$3,$A16,10000) -> 13.2425 | R16: =[1]!s_dq_putvolume(R$3,$A16,10000) -> 2.3683 | S16: =[1]!s_dq_putvolume(S$3,$A16,10000) -> 2.0866 | T16: =[1]!s_dq_putvolume(T$3,$A16,10000) -> 3.3089 | U16: =[1]!s_dq_putvolume(U$3,$A16,10000) -> 23.374 | ... Y16: =[1]!s_dq_putvolume(Y$3,$A16,10000) -> 0.6181
... A335: 45289 | B335: =[1]!s_dq_callvolume(B$3,$A335,10000) -> 78.1251 | C335: =[1]!s_dq_callvolume(C$3,$A335,10000) -> 59.11 | D335: =[1]!s_dq_callvolume(D$3,$A335,10000) -> 28.0874 | E335: =[1]!s_dq_callvolume(E$3,$A335,10000) -> 18.0374 | F335: =[1]!s_dq_callvolume(F$3,$A335,10000) -> 7.9562 | G335: =[1]!s_dq_callvolume(G$3,$A335,10000) -> 7.5739 | H335: =[1]!s_dq_callvolume(H$3,$A335,10000) -> 7.5134 | I335: =[1]!s_dq_callvolume(I$3,$A335,10000) -> 45.7697 | ... M335: =[1]!s_dq_callvolume(M$3,$A335,10000) -> 2.9793 | N335: =[1]!s_dq_putvolume(N$3,$A335,10000) -> 57.8937 | O335: =[1]!s_dq_putvolume(O$3,$A335,10000) -> 51.7012 | P335: =[1]!s_dq_putvolume(P$3,$A335,10000) -> 22.3168 | Q335: =[1]!s_dq_putvolume(Q$3,$A335,10000) -> 9.8292 | R335: =[1]!s_dq_putvolume(R$3,$A335,10000) -> 5.2843 | S335: =[1]!s_dq_putvolume(S$3,$A335,10000) -> 5.7105 | T335: =[1]!s_dq_putvolume(T$3,$A335,10000) -> 5.824 | U335: =[1]!s_dq_putvolume(U$3,$A335,10000) -> 30.5719 | ... Y335: =[1]!s_dq_putvolume(Y$3,$A335,10000) -> 1.6034
A336: 45288
A337: 45287
A338: 45286
A339: 45285
A340: 45282
A341: 45281
A342: 45280
A343: 45279
A344: 45278
A345: 45275
A346: 45274
A347: 45273
... A818: 44565
