Workbook

Sheet 个股历史新高
D1: 个股历史新高
C3: 选择市场: | D3: 全部A股
C4: 查询日期: | D4: =[1]!TDaysOffset(TODAY(),"Offset=-1") -> 46086
C7: Wind代码 | D7: 证券简称 | E7: 当日高点 | F7: 当日收盘价 | G7: 年初至今涨跌幅（%） | H7: 总市值(亿）
B8: 1 | C8: =_xlfn.IFNA(VLOOKUP(B8,data!E:F,2,0),"") -> 000988.SZ | D8: =IF(C8="","",[1]!S_INFO_NAME(C8)) -> 华工科技 | E8: =IF(C8="","",[1]!s_dq_high(C8,$D$4)) -> 111.71 | F8: =IF(C8="","",[1]!s_dq_close(C8,$D$4)) -> 106.61 | G8: =IF(C8="","",[1]!s_yq_pctchange(C8,$D$4)) -> 44.686752 | H8: =IF(C8="","",[1]!s_val_mv_ard(C8,$D$4,100000000)) -> 1071.9664
B9: 2 | C9: =_xlfn.IFNA(VLOOKUP(B9,data!E:F,2,0),"") -> 001267.SZ | D9: =IF(C9="","",[1]!S_INFO_NAME(C9)) -> 汇绿生态 | E9: =IF(C9="","",[1]!s_dq_high(C9,$D$4)) -> 36.96 | F9: =IF(C9="","",[1]!s_dq_close(C9,$D$4)) -> 36.96 | G9: =IF(C9="","",[1]!s_yq_pctchange(C9,$D$4)) -> 78.949772 | H9: =IF(C9="","",[1]!s_val_mv_ard(C9,$D$4,100000000)) -> 290.19686
B10: 3 | C10: =_xlfn.IFNA(VLOOKUP(B10,data!E:F,2,0),"") -> 002028.SZ | D10: =IF(C10="","",[1]!S_INFO_NAME(C10)) -> 思源电气 | E10: =IF(C10="","",[1]!s_dq_high(C10,$D$4)) -> 236.28 | F10: =IF(C10="","",[1]!s_dq_close(C10,$D$4)) -> 230.7 | G10: =IF(C10="","",[1]!s_yq_pctchange(C10,$D$4)) -> 51.051168 | H10: =IF(C10="","",[1]!s_val_mv_ard(C10,$D$4,100000000)) -> 1801.9673
B11: 4 | C11: =_xlfn.IFNA(VLOOKUP(B11,data!E:F,2,0),"") -> 002126.SZ | D11: =IF(C11="","",[1]!S_INFO_NAME(C11)) -> 银轮股份 | E11: =IF(C11="","",[1]!s_dq_high(C11,$D$4)) -> 52.38 | F11: =IF(C11="","",[1]!s_dq_close(C11,$D$4)) -> 51.28 | G11: =IF(C11="","",[1]!s_yq_pctchange(C11,$D$4)) -> 43.677249 | H11: =IF(C11="","",[1]!s_val_mv_ard(C11,$D$4,100000000)) -> 433.67979
B12: 5 | C12: =_xlfn.IFNA(VLOOKUP(B12,data!E:F,2,0),"") -> 002128.SZ | D12: =IF(C12="","",[1]!S_INFO_NAME(C12)) -> 电投能源 | E12: =IF(C12="","",[1]!s_dq_high(C12,$D$4)) -> 34.27 | F12: =IF(C12="","",[1]!s_dq_close(C12,$D$4)) -> 33.87 | G12: =IF(C12="","",[1]!s_yq_pctchange(C12,$D$4)) -> 19.204586 | H12: =IF(C12="","",[1]!s_val_mv_ard(C12,$D$4,100000000)) -> 759.22094
B13: 6 | C13: =_xlfn.IFNA(VLOOKUP(B13,data!E:F,2,0),"") -> 002270.SZ | D13: =IF(C13="","",[1]!S_INFO_NAME(C13)) -> 华明装备 | E13: =IF(C13="","",[1]!s_dq_high(C13,$D$4)) -> 36.6 | F13: =IF(C13="","",[1]!s_dq_close(C13,$D$4)) -> 36.3 | G13: =IF(C13="","",[1]!s_yq_pctchange(C13,$D$4)) -> 47.324281 | H13: =IF(C13="","",[1]!s_val_mv_ard(C13,$D$4,100000000)) -> 325.32983
B14: 7 | C14: =_xlfn.IFNA(VLOOKUP(B14,data!E:F,2,0),"") -> 002272.SZ | D14: =IF(C14="","",[1]!S_INFO_NAME(C14)) -> 川润股份 | E14: =IF(C14="","",[1]!s_dq_high(C14,$D$4)) -> 22.6 | F14: =IF(C14="","",[1]!s_dq_close(C14,$D$4)) -> 21.01 | G14: =IF(C14="","",[1]!s_yq_pctchange(C14,$D$4)) -> 27.033639 | H14: =IF(C14="","",[1]!s_val_mv_ard(C14,$D$4,100000000)) -> 101.87272
B15: 8 | C15: =_xlfn.IFNA(VLOOKUP(B15,data!E:F,2,0),"") -> 002281.SZ | D15: =IF(C15="","",[1]!S_INFO_NAME(C15)) -> 光迅科技 | E15: =IF(C15="","",[1]!s_dq_high(C15,$D$4)) -> 82.35 | F15: =IF(C15="","",[1]!s_dq_close(C15,$D$4)) -> 78.92 | G15: =IF(C15="","",[1]!s_yq_pctchange(C15,$D$4)) -> 14.52466 | H15: =IF(C15="","",[1]!s_val_mv_ard(C15,$D$4,100000000)) -> 636.6285
B16: 9 | C16: =_xlfn.IFNA(VLOOKUP(B16,data!E:F,2,0),"") -> 002533.SZ | D16: =IF(C16="","",[1]!S_INFO_NAME(C16)) -> 金杯电工 | E16: =IF(C16="","",[1]!s_dq_high(C16,$D$4)) -> 16.17 | F16: =IF(C16="","",[1]!s_dq_close(C16,$D$4)) -> 15.77 | G16: =IF(C16="","",[1]!s_yq_pctchange(C16,$D$4)) -> 31.009615 | H16: =IF(C16="","",[1]!s_val_mv_ard(C16,$D$4,100000000)) -> 115.74251
B17: 10 | C17: =_xlfn.IFNA(VLOOKUP(B17,data!E:F,2,0),"") -> 002536.SZ | D17: =IF(C17="","",[1]!S_INFO_NAME(C17)) -> 飞龙股份 | E17: =IF(C17="","",[1]!s_dq_high(C17,$D$4)) -> 38.11 | F17: =IF(C17="","",[1]!s_dq_close(C17,$D$4)) -> 37.01 | G17: =IF(C17="","",[1]!s_yq_pctchange(C17,$D$4)) -> 22.794613 | H17: =IF(C17="","",[1]!s_val_mv_ard(C17,$D$4,100000000)) -> 212.72826
B18: 11 | C18: =_xlfn.IFNA(VLOOKUP(B18,data!E:F,2,0),"") -> 002595.SZ | D18: =IF(C18="","",[1]!S_INFO_NAME(C18)) -> 豪迈科技 | E18: =IF(C18="","",[1]!s_dq_high(C18,$D$4)) -> 100.28 | F18: =IF(C18="","",[1]!s_dq_close(C18,$D$4)) -> 97.5 | G18: =IF(C18="","",[1]!s_yq_pctchange(C18,$D$4)) -> 16.554254 | H18: =IF(C18="","",[1]!s_val_mv_ard(C18,$D$4,100000000)) -> 780
B19: 12 | C19: =_xlfn.IFNA(VLOOKUP(B19,data!E:F,2,0),"") -> 002796.SZ | D19: =IF(C19="","",[1]!S_INFO_NAME(C19)) -> 世嘉科技 | E19: =IF(C19="","",[1]!s_dq_high(C19,$D$4)) -> 57.32 | F19: =IF(C19="","",[1]!s_dq_close(C19,$D$4)) -> 57.32 | G19: =IF(C19="","",[1]!s_yq_pctchange(C19,$D$4)) -> 115.65092 | H19: =IF(C19="","",[1]!s_val_mv_ard(C19,$D$4,100000000)) -> 144.65673
... B65: 58 | C65: =_xlfn.IFNA(VLOOKUP(B65,data!E:F,2,0),"") | D65: =IF(C65="","",[1]!S_INFO_NAME(C65)) | E65: =IF(C65="","",[1]!s_dq_high(C65,$D$4)) | F65: =IF(C65="","",[1]!s_dq_close(C65,$D$4)) | G65: =IF(C65="","",[1]!s_yq_pctchange(C65,$D$4)) | H65: =IF(C65="","",[1]!s_val_mv_ard(C65,$D$4,100000000))
B66: 59
B67: 60
B68: 61
B69: 62
B70: 63
B71: 64
B72: 65
B73: 66
B74: 67
B75: 68
B76: 69
B77: 70

Sheet data
A1: 数据集名称 | B1: 板块成分
A2: 日期 | B2: =TEXT(个股历史新高!D4,"yyyymmd") -> 2026035 | G2: =个股历史新高!D3 -> 全部A股 | H2: 全部A股 | I2: a001010100000000
A3: 板块ID | B3: =VLOOKUP(G2,H2:I6,2,0) -> a001010100000000 | H3: 全部港股 | I3: a002010100000000
A4: date | B4: wind_code | C4: sec_name | H4: 全部NYSE股票 | I4: a005010200000000
A5: 最新调整日期 | B5: Wind代码 | C5: 证券名称 | H5: 纳斯达克精选市场 | I5: 1000022852000000
A6: =[1]!wset("sectorconstituent","date="&B2,"sectorId="&B3,"field=date,wind_code,sec_name","cols=3;rows=5488") -> 无数据 | B6: 000001.SZ | C6: 平安银行 | D6: =IF(A6="","",[1]!s_techanal_rcnthigh(B6,$B$2,1,3)) -> FALSE | E6: =IF(A6="","",COUNTIF(D$6:D6,"True")) -> 0 | F6: =IF(B6="","",B6) -> 000001.SZ | H6: 纳斯达克全球市场 | I6: 1000022853000000
A7: 46089 | B7: 000002.SZ | C7: 万科A | D7: =IF(A7="","",[1]!s_techanal_rcnthigh(B7,$B$2,1,3)) -> FALSE | E7: =IF(A7="","",COUNTIF(D$6:D7,"True")) -> 0 | F7: =IF(B7="","",B7) -> 000002.SZ
A8: 46089 | B8: 000004.SZ | C8: *ST国华 | D8: =IF(A8="","",[1]!s_techanal_rcnthigh(B8,$B$2,1,3)) -> FALSE | E8: =IF(A8="","",COUNTIF(D$6:D8,"True")) -> 0 | F8: =IF(B8="","",B8) -> 000004.SZ
A9: 46089 | B9: 000006.SZ | C9: 深振业A | D9: =IF(A9="","",[1]!s_techanal_rcnthigh(B9,$B$2,1,3)) -> FALSE | E9: =IF(A9="","",COUNTIF(D$6:D9,"True")) -> 0 | F9: =IF(B9="","",B9) -> 000006.SZ
A10: 46089 | B10: 000007.SZ | C10: 全新好 | D10: =IF(A10="","",[1]!s_techanal_rcnthigh(B10,$B$2,1,3)) -> FALSE | E10: =IF(A10="","",COUNTIF(D$6:D10,"True")) -> 0 | F10: =IF(B10="","",B10) -> 000007.SZ
A11: 46089 | B11: 000008.SZ | C11: 神州高铁 | D11: =IF(A11="","",[1]!s_techanal_rcnthigh(B11,$B$2,1,3)) -> FALSE | E11: =IF(A11="","",COUNTIF(D$6:D11,"True")) -> 0 | F11: =IF(B11="","",B11) -> 000008.SZ
A12: 46089 | B12: 000009.SZ | C12: 中国宝安 | D12: =IF(A12="","",[1]!s_techanal_rcnthigh(B12,$B$2,1,3)) -> FALSE | E12: =IF(A12="","",COUNTIF(D$6:D12,"True")) -> 0 | F12: =IF(B12="","",B12) -> 000009.SZ
A13: 46089 | B13: 000010.SZ | C13: 美丽生态 | D13: =IF(A13="","",[1]!s_techanal_rcnthigh(B13,$B$2,1,3)) -> FALSE | E13: =IF(A13="","",COUNTIF(D$6:D13,"True")) -> 0 | F13: =IF(B13="","",B13) -> 000010.SZ
A14: 46089 | B14: 000011.SZ | C14: 深物业A | D14: =IF(A14="","",[1]!s_techanal_rcnthigh(B14,$B$2,1,3)) -> FALSE | E14: =IF(A14="","",COUNTIF(D$6:D14,"True")) -> 0 | F14: =IF(B14="","",B14) -> 000011.SZ
A15: 46089 | B15: 000012.SZ | C15: 南玻A | D15: =IF(A15="","",[1]!s_techanal_rcnthigh(B15,$B$2,1,3)) -> FALSE | E15: =IF(A15="","",COUNTIF(D$6:D15,"True")) -> 0 | F15: =IF(B15="","",B15) -> 000012.SZ
A16: 46089 | B16: 000014.SZ | C16: 沙河股份 | D16: =IF(A16="","",[1]!s_techanal_rcnthigh(B16,$B$2,1,3)) -> FALSE | E16: =IF(A16="","",COUNTIF(D$6:D16,"True")) -> 0 | F16: =IF(B16="","",B16) -> 000014.SZ
A17: 46089 | B17: 000016.SZ | C17: 深康佳A | D17: =IF(A17="","",[1]!s_techanal_rcnthigh(B17,$B$2,1,3)) -> FALSE | E17: =IF(A17="","",COUNTIF(D$6:D17,"True")) -> 0 | F17: =IF(B17="","",B17) -> 000016.SZ
A18: 46089 | B18: 000017.SZ | C18: 深中华A | D18: =IF(A18="","",[1]!s_techanal_rcnthigh(B18,$B$2,1,3)) -> FALSE | E18: =IF(A18="","",COUNTIF(D$6:D18,"True")) -> 0 | F18: =IF(B18="","",B18) -> 000017.SZ
... A5493: 46089 | B5493: 920992.BJ | C5493: 中科美菱 | D5493: =IF(A5493="","",[1]!s_techanal_rcnthigh(B5493,$B$2,1,3)) -> FALSE | E5493: =IF(A5493="","",COUNTIF(D$6:D5493,"True")) -> 56 | F5493: =IF(B5493="","",B5493) -> 920992.BJ
D5494: =IF(A5494="","",[1]!s_techanal_rcnthigh(B5494,$B$2,1,3)) | E5494: =IF(A5494="","",COUNTIF(D$6:D5494,"True")) | F5494: =IF(B5494="","",B5494)
D5495: =IF(A5495="","",[1]!s_techanal_rcnthigh(B5495,$B$2,1,3)) | E5495: =IF(A5495="","",COUNTIF(D$6:D5495,"True")) | F5495: =IF(B5495="","",B5495)
D5496: =IF(A5496="","",[1]!s_techanal_rcnthigh(B5496,$B$2,1,3)) | E5496: =IF(A5496="","",COUNTIF(D$6:D5496,"True")) | F5496: =IF(B5496="","",B5496)
D5497: =IF(A5497="","",[1]!s_techanal_rcnthigh(B5497,$B$2,1,3)) | E5497: =IF(A5497="","",COUNTIF(D$6:D5497,"True")) | F5497: =IF(B5497="","",B5497)
E5498: =IF(A5498="","",COUNTIF(D$6:D5498,"True"))
E5499: =IF(A5499="","",COUNTIF(D$6:D5499,"True"))
E5500: =IF(A5500="","",COUNTIF(D$6:D5500,"True"))

Sheet Wind模板
A1: 个股历史新高
