Workbook

Sheet 美联储利率观测器
G1: 美联储利率观测器 V1.10 | Z1: 最近更新： | AA1: =NOW() -> 46037.779
F5: 最新决议日期 | G5: 目标利率 | H5: 有效利率 | I5: 下次会议时间 | K5: 倒计天数 | O5: 预测单次会议加息降息概率 | X5: 预测利率变动概率
F6: =日历计算!E2 -> 46002.083 | G6: =AG46 -> 3.75 | H6: =AG50 -> 3.64 | I6: =美联储议息会议日历!D4 -> 46051.083 | K6: =美联储议息会议日历!D5 -> 13.303888 | O6: 预测时间间隔（天）： | Q6: 1 | R6: 选择预测会议月份： | T6: 46366.083 | X6: 选择预测月份： | AA6: 46366.083
F9: 隐含隔夜利率&加息/降息次数 | O9: =TEXT(T6,"YY年mm月")&"单月利率变动概率" -> 26年12月单月利率变动概率 | X9: =TEXT(AA6,"YY年mm月")&"累计加息/降息概率" -> 26年12月累计加息/降息概率
C12: 检索代码 | F12: 会议日期 | G12: 加息/降息次数 | H12: 加息/降息概率 | I12: 隐含利率变动 | J12: 隐含利率(%) | K12: 假定利率变动 | O12: 观测时点 | P12: -50bps | Q12: -25bps | R12: 0bps | S12: +25bps | T12: +50bps | X12: 观测时点 | Y12: 降息 | Z12: 保持不变 | AA12: 加息
C13: =日历计算!D3 -> 2601E | F13: =日历计算!E3 -> 46051.083 | G13: =I13/K13 -> -0.04 | H13: =IF(VLOOKUP(C13,加息降息概率计算!C:Y,23,0)>0,1-VLOOKUP(C13,加息降息概率计算!C:Y,22,0),IF(VLOOKUP(C13,加息降息概率计算!C:Y,21,0)>0,VLOOKUP(C13,加息降息概率计算!C:Y,22,0)-1,0)) -> -0.044285714 | I13: =J13-$H$6 -> -0.01 | J13: =VLOOKUP(C13&"E",加息降息概率计算!C:S,9,0) -> 3.63 | K13: 0.25 | O13: =TODAY() -> 46037 | P13: =VLOOKUP(TEXT($T$6,"YYMM")&"E",加息降息概率计算!$C:$S,13,0) -> 0 | Q13: =VLOOKUP(TEXT($T$6,"YYMM")&"E",加息降息概率计算!$C:$S,14,0) -> 0.24 | R13: =VLOOKUP(TEXT($T$6,"YYMM")&"E",加息降息概率计算!$C:$S,15,0) -> 0.76 | S13: =VLOOKUP(TEXT($T$6,"YYMM")&"E",加息降息概率计算!$C:$S,16,0) -> 0 | T13: =VLOOKUP(TEXT($T$6,"YYMM")&"E",加息降息概率计算!$C:$S,17,0) -> 0 | X13: =O13 -> 46037 | Y13: =VLOOKUP(TEXT($AA$6,"YYMM")&"E",加息降息概率计算!$C:$Y,21,0) -> 1 | Z13: =VLOOKUP(TEXT($AA$6,"YYMM")&"E",加息降息概率计算!$C:$Y,22,0) -> 0 | AA13: =VLOOKUP(TEXT($AA$6,"YYMM")&"E",加息降息概率计算!$C:$Y,23,0) -> 0
C14: =日历计算!D4 -> 2603E | F14: =日历计算!E4 -> 46100.083 | G14: =I14/K14 -> -0.27846154 | H14: =IF(VLOOKUP(C14,加息降息概率计算!C:Y,23,0)>0,1-VLOOKUP(C14,加息降息概率计算!C:Y,22,0),IF(VLOOKUP(C14,加息降息概率计算!C:Y,21,0)>0,VLOOKUP(C14,加息降息概率计算!C:Y,22,0)-1,0)) -> -0.28274725 | I14: =J14-$H$6 -> -0.069615385 | J14: =VLOOKUP(C14&"E",加息降息概率计算!C:S,9,0) -> 3.5703846 | K14: 0.25 | O14: =TODAY()-美联储利率观测器!Q6 -> 46036 | P14: =VLOOKUP(TEXT($T$6,"YYMM")&"E",'加息降息概率计算-1P'!$C:$S,13,0) -> 0 | Q14: =VLOOKUP(TEXT($T$6,"YYMM")&"E",'加息降息概率计算-1P'!$C:$S,14,0) -> 0.24 | R14: =VLOOKUP(TEXT($T$6,"YYMM")&"E",'加息降息概率计算-1P'!$C:$S,15,0) -> 0.76 | S14: =VLOOKUP(TEXT($T$6,"YYMM")&"E",'加息降息概率计算-1P'!$C:$S,16,0) -> 0 | T14: =VLOOKUP(TEXT($T$6,"YYMM")&"E",'加息降息概率计算-1P'!$C:$S,17,0) -> 0 | X14: =O14 -> 46036 | Y14: =VLOOKUP(TEXT($AA$6,"YYMM")&"E",'加息降息概率计算-1P'!$C:$Y,21,0) -> 1 | Z14: =VLOOKUP(TEXT($AA$6,"YYMM")&"E",'加息降息概率计算-1P'!$C:$Y,22,0) -> 0 | AA14: =VLOOKUP(TEXT($AA$6,"YYMM")&"E",'加息降息概率计算-1P'!$C:$Y,23,0) -> 0
C15: =日历计算!D5 -> 2604E | F15: =日历计算!E5 -> 46142.083 | G15: =I15/K15 -> -0.46 | H15: =IF(VLOOKUP(C15,加息降息概率计算!C:Y,23,0)>0,1-VLOOKUP(C15,加息降息概率计算!C:Y,22,0),IF(VLOOKUP(C15,加息降息概率计算!C:Y,21,0)>0,VLOOKUP(C15,加息降息概率计算!C:Y,22,0)-1,0)) -> -0.46428571 | I15: =J15-$H$6 -> -0.115 | J15: =VLOOKUP(C15&"E",加息降息概率计算!C:S,9,0) -> 3.525 | K15: 0.25 | O15: =TODAY()-2*美联储利率观测器!Q6 -> 46035 | P15: =VLOOKUP(TEXT($T$6,"YYMM")&"E",'加息降息概率计算-2P'!$C:$S,13,0) -> 0 | Q15: =VLOOKUP(TEXT($T$6,"YYMM")&"E",'加息降息概率计算-2P'!$C:$S,14,0) -> 0.24 | R15: =VLOOKUP(TEXT($T$6,"YYMM")&"E",'加息降息概率计算-2P'!$C:$S,15,0) -> 0.76 | S15: =VLOOKUP(TEXT($T$6,"YYMM")&"E",'加息降息概率计算-2P'!$C:$S,16,0) -> 0 | T15: =VLOOKUP(TEXT($T$6,"YYMM")&"E",'加息降息概率计算-2P'!$C:$S,17,0) -> 0 | X15: =O15 -> 46035 | Y15: =VLOOKUP(TEXT($AA$6,"YYMM")&"E",'加息降息概率计算-2P'!$C:$Y,21,0) -> 1 | Z15: =VLOOKUP(TEXT($AA$6,"YYMM")&"E",'加息降息概率计算-2P'!$C:$Y,22,0) -> 0 | AA15: =VLOOKUP(TEXT($AA$6,"YYMM")&"E",'加息降息概率计算-2P'!$C:$Y,23,0) -> 0
C16: =日历计算!D6 -> 2606E | F16: =日历计算!E6 -> 46191.083 | G16: =I16/K16 -> -0.96769231 | H16: =IF(VLOOKUP(C16,加息降息概率计算!C:Y,23,0)>0,1-VLOOKUP(C16,加息降息概率计算!C:Y,22,0),IF(VLOOKUP(C16,加息降息概率计算!C:Y,21,0)>0,VLOOKUP(C16,加息降息概率计算!C:Y,22,0)-1,0)) -> -0.97197802 | I16: =J16-$H$6 -> -0.24192308 | J16: =VLOOKUP(C16&"E",加息降息概率计算!C:S,9,0) -> 3.3980769 | K16: 0.25 | O16: =TODAY()-3*美联储利率观测器!Q6 -> 46034 | P16: =VLOOKUP(TEXT($T$6,"YYMM")&"E",'加息降息概率计算-3P'!$C:$S,13,0) -> 0 | Q16: =VLOOKUP(TEXT($T$6,"YYMM")&"E",'加息降息概率计算-3P'!$C:$S,14,0) -> 0.22 | R16: =VLOOKUP(TEXT($T$6,"YYMM")&"E",'加息降息概率计算-3P'!$C:$S,15,0) -> 0.78 | S16: =VLOOKUP(TEXT($T$6,"YYMM")&"E",'加息降息概率计算-3P'!$C:$S,16,0) -> 0 | T16: =VLOOKUP(TEXT($T$6,"YYMM")&"E",'加息降息概率计算-3P'!$C:$S,17,0) -> 0 | X16: =O16 -> 46034 | Y16: =VLOOKUP(TEXT($AA$6,"YYMM")&"E",'加息降息概率计算-3P'!$C:$Y,21,0) -> 1 | Z16: =VLOOKUP(TEXT($AA$6,"YYMM")&"E",'加息降息概率计算-3P'!$C:$Y,22,0) -> 0 | AA16: =VLOOKUP(TEXT($AA$6,"YYMM")&"E",'加息降息概率计算-3P'!$C:$Y,23,0) -> 0
C17: =日历计算!D7 -> 2607E | F17: =日历计算!E7 -> 46233.083 | G17: =I17/K17 -> -1.3 | H17: =IF(VLOOKUP(C17,加息降息概率计算!C:Y,23,0)>0,1-VLOOKUP(C17,加息降息概率计算!C:Y,22,0),IF(VLOOKUP(C17,加息降息概率计算!C:Y,21,0)>0,VLOOKUP(C17,加息降息概率计算!C:Y,22,0)-1,0)) -> -1 | I17: =J17-$H$6 -> -0.325 | J17: =VLOOKUP(C17&"E",加息降息概率计算!C:S,9,0) -> 3.315 | K17: 0.25 | O17: =TODAY()-4*美联储利率观测器!Q6 -> 46033 | P17: =VLOOKUP(TEXT($T$6,"YYMM")&"E",'加息降息概率计算-4P'!$C:$S,13,0) -> 0 | Q17: =VLOOKUP(TEXT($T$6,"YYMM")&"E",'加息降息概率计算-4P'!$C:$S,14,0) -> 0.2 | R17: =VLOOKUP(TEXT($T$6,"YYMM")&"E",'加息降息概率计算-4P'!$C:$S,15,0) -> 0.8 | S17: =VLOOKUP(TEXT($T$6,"YYMM")&"E",'加息降息概率计算-4P'!$C:$S,16,0) -> 0 | T17: =VLOOKUP(TEXT($T$6,"YYMM")&"E",'加息降息概率计算-4P'!$C:$S,17,0) -> 0 | X17: =O17 -> 46033 | Y17: =VLOOKUP(TEXT($AA$6,"YYMM")&"E",'加息降息概率计算-4P'!$C:$Y,21,0) -> 1 | Z17: =VLOOKUP(TEXT($AA$6,"YYMM")&"E",'加息降息概率计算-4P'!$C:$Y,22,0) -> 0 | AA17: =VLOOKUP(TEXT($AA$6,"YYMM")&"E",'加息降息概率计算-4P'!$C:$Y,23,0) -> 0
C18: =日历计算!D8 -> 2609E | F18: =日历计算!E8 -> 46282.083 | G18: =I18/K18 -> -1.7285714 | H18: =IF(VLOOKUP(C18,加息降息概率计算!C:Y,23,0)>0,1-VLOOKUP(C18,加息降息概率计算!C:Y,22,0),IF(VLOOKUP(C18,加息降息概率计算!C:Y,21,0)>0,VLOOKUP(C18,加息降息概率计算!C:Y,22,0)-1,0)) -> -1 | I18: =J18-$H$6 -> -0.43214286 | J18: =VLOOKUP(C18&"E",加息降息概率计算!C:S,9,0) -> 3.2078571 | K18: 0.25 | O18: =TODAY()-5*美联储利率观测器!Q6 -> 46032 | P18: =VLOOKUP(TEXT($T$6,"YYMM")&"E",'加息降息概率计算-5P'!$C:$S,13,0) -> 0 | Q18: =VLOOKUP(TEXT($T$6,"YYMM")&"E",'加息降息概率计算-5P'!$C:$S,14,0) -> 0.2 | R18: =VLOOKUP(TEXT($T$6,"YYMM")&"E",'加息降息概率计算-5P'!$C:$S,15,0) -> 0.8 | S18: =VLOOKUP(TEXT($T$6,"YYMM")&"E",'加息降息概率计算-5P'!$C:$S,16,0) -> 0 | T18: =VLOOKUP(TEXT($T$6,"YYMM")&"E",'加息降息概率计算-5P'!$C:$S,17,0) -> 0 | X18: =O18 -> 46032 | Y18: =VLOOKUP(TEXT($AA$6,"YYMM")&"E",'加息降息概率计算-5P'!$C:$Y,21,0) -> 1 | Z18: =VLOOKUP(TEXT($AA$6,"YYMM")&"E",'加息降息概率计算-5P'!$C:$Y,22,0) -> 0 | AA18: =VLOOKUP(TEXT($AA$6,"YYMM")&"E",'加息降息概率计算-5P'!$C:$Y,23,0) -> 0
C19: =日历计算!D9 -> 2610E | F19: =日历计算!E9 -> 46324.083 | G19: =I19/K19 -> -1.96 | H19: =IF(VLOOKUP(C19,加息降息概率计算!C:Y,23,0)>0,1-VLOOKUP(C19,加息降息概率计算!C:Y,22,0),IF(VLOOKUP(C19,加息降息概率计算!C:Y,21,0)>0,VLOOKUP(C19,加息降息概率计算!C:Y,22,0)-1,0)) -> -1 | I19: =J19-$H$6 -> -0.49 | J19: =VLOOKUP(C19&"E",加息降息概率计算!C:S,9,0) -> 3.15 | K19: 0.25 | O19: =TODAY()-6*美联储利率观测器!Q6 -> 46031 | P19: =VLOOKUP(TEXT($T$6,"YYMM")&"E",'加息降息概率计算-6P'!$C:$S,13,0) -> 0 | Q19: =VLOOKUP(TEXT($T$6,"YYMM")&"E",'加息降息概率计算-6P'!$C:$S,14,0) -> 0.2 | R19: =VLOOKUP(TEXT($T$6,"YYMM")&"E",'加息降息概率计算-6P'!$C:$S,15,0) -> 0.8 | S19: =VLOOKUP(TEXT($T$6,"YYMM")&"E",'加息降息概率计算-6P'!$C:$S,16,0) -> 0 | T19: =VLOOKUP(TEXT($T$6,"YYMM")&"E",'加息降息概率计算-6P'!$C:$S,17,0) -> 0 | X19: =O19 -> 46031 | Y19: =VLOOKUP(TEXT($AA$6,"YYMM")&"E",'加息降息概率计算-6P'!$C:$Y,21,0) -> 1 | Z19: =VLOOKUP(TEXT($AA$6,"YYMM")&"E",'加息降息概率计算-6P'!$C:$Y,22,0) -> 0 | AA19: =VLOOKUP(TEXT($AA$6,"YYMM")&"E",'加息降息概率计算-6P'!$C:$Y,23,0) -> 0
C20: =日历计算!D10 -> 2612E | F20: =日历计算!E10 -> 46366.083 | G20: =I20/K20 -> -2.2 | H20: =IF(VLOOKUP(C20,加息降息概率计算!C:Y,23,0)>0,1-VLOOKUP(C20,加息降息概率计算!C:Y,22,0),IF(VLOOKUP(C20,加息降息概率计算!C:Y,21,0)>0,VLOOKUP(C20,加息降息概率计算!C:Y,22,0)-1,0)) -> -1 | I20: =J20-$H$6 -> -0.55 | J20: =VLOOKUP(C20&"E",加息降息概率计算!C:S,9,0) -> 3.09 | K20: 0.25 | O20: =TODAY()-7*美联储利率观测器!Q6 -> 46030 | P20: =VLOOKUP(TEXT($T$6,"YYMM")&"E",'加息降息概率计算-7P'!$C:$S,13,0) -> 0 | Q20: =VLOOKUP(TEXT($T$6,"YYMM")&"E",'加息降息概率计算-7P'!$C:$S,14,0) -> 0.2 | R20: =VLOOKUP(TEXT($T$6,"YYMM")&"E",'加息降息概率计算-7P'!$C:$S,15,0) -> 0.8 | S20: =VLOOKUP(TEXT($T$6,"YYMM")&"E",'加息降息概率计算-7P'!$C:$S,16,0) -> 0 | T20: =VLOOKUP(TEXT($T$6,"YYMM")&"E",'加息降息概率计算-7P'!$C:$S,17,0) -> 0 | X20: =O20 -> 46030 | Y20: =VLOOKUP(TEXT($AA$6,"YYMM")&"E",'加息降息概率计算-7P'!$C:$Y,21,0) -> 1 | Z20: =VLOOKUP(TEXT($AA$6,"YYMM")&"E",'加息降息概率计算-7P'!$C:$Y,22,0) -> 0 | AA20: =VLOOKUP(TEXT($AA$6,"YYMM")&"E",'加息降息概率计算-7P'!$C:$Y,23,0) -> 0
C21: =日历计算!D11 -> 请更新代码 | O21: =TODAY()-8*美联储利率观测器!Q6 -> 46029 | P21: =VLOOKUP(TEXT($T$6,"YYMM")&"E",'加息降息概率计算-8P'!$C:$S,13,0) -> 0 | Q21: =VLOOKUP(TEXT($T$6,"YYMM")&"E",'加息降息概率计算-8P'!$C:$S,14,0) -> 0.22 | R21: =VLOOKUP(TEXT($T$6,"YYMM")&"E",'加息降息概率计算-8P'!$C:$S,15,0) -> 0.78 | S21: =VLOOKUP(TEXT($T$6,"YYMM")&"E",'加息降息概率计算-8P'!$C:$S,16,0) -> 0 | T21: =VLOOKUP(TEXT($T$6,"YYMM")&"E",'加息降息概率计算-8P'!$C:$S,17,0) -> 0 | X21: =O21 -> 46029 | Y21: =VLOOKUP(TEXT($AA$6,"YYMM")&"E",'加息降息概率计算-8P'!$C:$Y,21,0) -> 1 | Z21: =VLOOKUP(TEXT($AA$6,"YYMM")&"E",'加息降息概率计算-8P'!$C:$Y,22,0) -> 0 | AA21: =VLOOKUP(TEXT($AA$6,"YYMM")&"E",'加息降息概率计算-8P'!$C:$Y,23,0) -> 0
C22: =日历计算!D12 -> 请更新代码 | O22: =TODAY()-9*美联储利率观测器!Q6 -> 46028 | P22: =VLOOKUP(TEXT($T$6,"YYMM")&"E",'加息降息概率计算-9P'!$C:$S,13,0) -> 0 | Q22: =VLOOKUP(TEXT($T$6,"YYMM")&"E",'加息降息概率计算-9P'!$C:$S,14,0) -> 0.18 | R22: =VLOOKUP(TEXT($T$6,"YYMM")&"E",'加息降息概率计算-9P'!$C:$S,15,0) -> 0.82 | S22: =VLOOKUP(TEXT($T$6,"YYMM")&"E",'加息降息概率计算-9P'!$C:$S,16,0) -> 0 | T22: =VLOOKUP(TEXT($T$6,"YYMM")&"E",'加息降息概率计算-9P'!$C:$S,17,0) -> 0 | X22: =O22 -> 46028 | Y22: =VLOOKUP(TEXT($AA$6,"YYMM")&"E",'加息降息概率计算-9P'!$C:$Y,21,0) -> 1 | Z22: =VLOOKUP(TEXT($AA$6,"YYMM")&"E",'加息降息概率计算-9P'!$C:$Y,22,0) -> 0 | AA22: =VLOOKUP(TEXT($AA$6,"YYMM")&"E",'加息降息概率计算-9P'!$C:$Y,23,0) -> 0
C23: =日历计算!D13 -> 请更新代码 | O23: =TODAY()-10*美联储利率观测器!Q6 -> 46027 | P23: =VLOOKUP(TEXT($T$6,"YYMM")&"E",'加息降息概率计算-10P'!$C:$S,13,0) -> 0 | Q23: =VLOOKUP(TEXT($T$6,"YYMM")&"E",'加息降息概率计算-10P'!$C:$S,14,0) -> 0.16 | R23: =VLOOKUP(TEXT($T$6,"YYMM")&"E",'加息降息概率计算-10P'!$C:$S,15,0) -> 0.84 | S23: =VLOOKUP(TEXT($T$6,"YYMM")&"E",'加息降息概率计算-10P'!$C:$S,16,0) -> 0 | T23: =VLOOKUP(TEXT($T$6,"YYMM")&"E",'加息降息概率计算-10P'!$C:$S,17,0) -> 0 | X23: =O23 -> 46027 | Y23: =VLOOKUP(TEXT($AA$6,"YYMM")&"E",'加息降息概率计算-10P'!$C:$Y,21,0) -> 1 | Z23: =VLOOKUP(TEXT($AA$6,"YYMM")&"E",'加息降息概率计算-10P'!$C:$Y,22,0) -> 0 | AA23: =VLOOKUP(TEXT($AA$6,"YYMM")&"E",'加息降息概率计算-10P'!$C:$Y,23,0) -> 0
C24: =日历计算!D14 -> 请更新代码 | O24: =TODAY()-11*美联储利率观测器!Q6 -> 46026 | P24: =VLOOKUP(TEXT($T$6,"YYMM")&"E",'加息降息概率计算-11P'!$C:$S,13,0) -> 0 | Q24: =VLOOKUP(TEXT($T$6,"YYMM")&"E",'加息降息概率计算-11P'!$C:$S,14,0) -> 0.14 | R24: =VLOOKUP(TEXT($T$6,"YYMM")&"E",'加息降息概率计算-11P'!$C:$S,15,0) -> 0.86 | S24: =VLOOKUP(TEXT($T$6,"YYMM")&"E",'加息降息概率计算-11P'!$C:$S,16,0) -> 0 | T24: =VLOOKUP(TEXT($T$6,"YYMM")&"E",'加息降息概率计算-11P'!$C:$S,17,0) -> 0 | X24: =O24 -> 46026 | Y24: =VLOOKUP(TEXT($AA$6,"YYMM")&"E",'加息降息概率计算-11P'!$C:$Y,21,0) -> 1 | Z24: =VLOOKUP(TEXT($AA$6,"YYMM")&"E",'加息降息概率计算-11P'!$C:$Y,22,0) -> 0 | AA24: =VLOOKUP(TEXT($AA$6,"YYMM")&"E",'加息降息概率计算-11P'!$C:$Y,23,0) -> 0
C25: =日历计算!D15 -> 请更新代码 | O25: =TODAY()-12*美联储利率观测器!Q6 -> 46025 | P25: =VLOOKUP(TEXT($T$6,"YYMM")&"E",'加息降息概率计算-12P'!$C:$S,13,0) -> 0 | Q25: =VLOOKUP(TEXT($T$6,"YYMM")&"E",'加息降息概率计算-12P'!$C:$S,14,0) -> 0.14 | R25: =VLOOKUP(TEXT($T$6,"YYMM")&"E",'加息降息概率计算-12P'!$C:$S,15,0) -> 0.86 | S25: =VLOOKUP(TEXT($T$6,"YYMM")&"E",'加息降息概率计算-12P'!$C:$S,16,0) -> 0 | T25: =VLOOKUP(TEXT($T$6,"YYMM")&"E",'加息降息概率计算-12P'!$C:$S,17,0) -> 0 | X25: =O25 -> 46025 | Y25: =VLOOKUP(TEXT($AA$6,"YYMM")&"E",'加息降息概率计算-12P'!$C:$Y,21,0) -> 1 | Z25: =VLOOKUP(TEXT($AA$6,"YYMM")&"E",'加息降息概率计算-12P'!$C:$Y,22,0) -> 0 | AA25: =VLOOKUP(TEXT($AA$6,"YYMM")&"E",'加息降息概率计算-12P'!$C:$Y,23,0) -> 0
C26: =日历计算!D16 -> 请更新代码 | O26: =TODAY()-13*美联储利率观测器!Q6 -> 46024 | P26: =VLOOKUP(TEXT($T$6,"YYMM")&"E",'加息降息概率计算-13P'!$C:$S,13,0) -> 0 | Q26: =VLOOKUP(TEXT($T$6,"YYMM")&"E",'加息降息概率计算-13P'!$C:$S,14,0) -> 0.14 | R26: =VLOOKUP(TEXT($T$6,"YYMM")&"E",'加息降息概率计算-13P'!$C:$S,15,0) -> 0.86 | S26: =VLOOKUP(TEXT($T$6,"YYMM")&"E",'加息降息概率计算-13P'!$C:$S,16,0) -> 0 | T26: =VLOOKUP(TEXT($T$6,"YYMM")&"E",'加息降息概率计算-13P'!$C:$S,17,0) -> 0 | X26: =O26 -> 46024 | Y26: =VLOOKUP(TEXT($AA$6,"YYMM")&"E",'加息降息概率计算-13P'!$C:$Y,21,0) -> 1 | Z26: =VLOOKUP(TEXT($AA$6,"YYMM")&"E",'加息降息概率计算-13P'!$C:$Y,22,0) -> 0 | AA26: =VLOOKUP(TEXT($AA$6,"YYMM")&"E",'加息降息概率计算-13P'!$C:$Y,23,0) -> 0
C27: =日历计算!D17 -> 请更新代码 | O27: =TODAY()-14*美联储利率观测器!Q6 -> 46023 | P27: =VLOOKUP(TEXT($T$6,"YYMM")&"E",'加息降息概率计算-14P'!$C:$S,13,0) -> 0 | Q27: =VLOOKUP(TEXT($T$6,"YYMM")&"E",'加息降息概率计算-14P'!$C:$S,14,0) -> 0.16 | R27: =VLOOKUP(TEXT($T$6,"YYMM")&"E",'加息降息概率计算-14P'!$C:$S,15,0) -> 0.84 | S27: =VLOOKUP(TEXT($T$6,"YYMM")&"E",'加息降息概率计算-14P'!$C:$S,16,0) -> 0 | T27: =VLOOKUP(TEXT($T$6,"YYMM")&"E",'加息降息概率计算-14P'!$C:$S,17,0) -> 0 | X27: =O27 -> 46023 | Y27: =VLOOKUP(TEXT($AA$6,"YYMM")&"E",'加息降息概率计算-14P'!$C:$Y,21,0) -> 1 | Z27: =VLOOKUP(TEXT($AA$6,"YYMM")&"E",'加息降息概率计算-14P'!$C:$Y,22,0) -> 0 | AA27: =VLOOKUP(TEXT($AA$6,"YYMM")&"E",'加息降息概率计算-14P'!$C:$Y,23,0) -> 0
C28: =日历计算!D18 -> 请更新代码 | O28: =TODAY()-15*美联储利率观测器!Q6 -> 46022 | P28: =VLOOKUP(TEXT($T$6,"YYMM")&"E",'加息降息概率计算-15P'!$C:$S,13,0) -> 0 | Q28: =VLOOKUP(TEXT($T$6,"YYMM")&"E",'加息降息概率计算-15P'!$C:$S,14,0) -> 0.16 | R28: =VLOOKUP(TEXT($T$6,"YYMM")&"E",'加息降息概率计算-15P'!$C:$S,15,0) -> 0.84 | S28: =VLOOKUP(TEXT($T$6,"YYMM")&"E",'加息降息概率计算-15P'!$C:$S,16,0) -> 0 | T28: =VLOOKUP(TEXT($T$6,"YYMM")&"E",'加息降息概率计算-15P'!$C:$S,17,0) -> 0 | X28: =O28 -> 46022 | Y28: =VLOOKUP(TEXT($AA$6,"YYMM")&"E",'加息降息概率计算-15P'!$C:$Y,21,0) -> 1 | Z28: =VLOOKUP(TEXT($AA$6,"YYMM")&"E",'加息降息概率计算-15P'!$C:$Y,22,0) -> 0 | AA28: =VLOOKUP(TEXT($AA$6,"YYMM")&"E",'加息降息概率计算-15P'!$C:$Y,23,0) -> 0
C29: =日历计算!D19 -> 请更新代码 | O29: =TODAY()-16*美联储利率观测器!Q6 -> 46021 | P29: =VLOOKUP(TEXT($T$6,"YYMM")&"E",'加息降息概率计算-16P'!$C:$S,13,0) -> 0 | Q29: =VLOOKUP(TEXT($T$6,"YYMM")&"E",'加息降息概率计算-16P'!$C:$S,14,0) -> 0.16 | R29: =VLOOKUP(TEXT($T$6,"YYMM")&"E",'加息降息概率计算-16P'!$C:$S,15,0) -> 0.84 | S29: =VLOOKUP(TEXT($T$6,"YYMM")&"E",'加息降息概率计算-16P'!$C:$S,16,0) -> 0 | T29: =VLOOKUP(TEXT($T$6,"YYMM")&"E",'加息降息概率计算-16P'!$C:$S,17,0) -> 0 | X29: =O29 -> 46021 | Y29: =VLOOKUP(TEXT($AA$6,"YYMM")&"E",'加息降息概率计算-16P'!$C:$Y,21,0) -> 1 | Z29: =VLOOKUP(TEXT($AA$6,"YYMM")&"E",'加息降息概率计算-16P'!$C:$Y,22,0) -> 0 | AA29: =VLOOKUP(TEXT($AA$6,"YYMM")&"E",'加息降息概率计算-16P'!$C:$Y,23,0) -> 0
C30: =日历计算!D20 -> 请更新代码 | O30: =TODAY()-17*美联储利率观测器!Q6 -> 46020 | P30: =VLOOKUP(TEXT($T$6,"YYMM")&"E",'加息降息概率计算-17P'!$C:$S,13,0) -> 0 | Q30: =VLOOKUP(TEXT($T$6,"YYMM")&"E",'加息降息概率计算-17P'!$C:$S,14,0) -> 0.14 | R30: =VLOOKUP(TEXT($T$6,"YYMM")&"E",'加息降息概率计算-17P'!$C:$S,15,0) -> 0.86 | S30: =VLOOKUP(TEXT($T$6,"YYMM")&"E",'加息降息概率计算-17P'!$C:$S,16,0) -> 0 | T30: =VLOOKUP(TEXT($T$6,"YYMM")&"E",'加息降息概率计算-17P'!$C:$S,17,0) -> 0 | X30: =O30 -> 46020 | Y30: =VLOOKUP(TEXT($AA$6,"YYMM")&"E",'加息降息概率计算-17P'!$C:$Y,21,0) -> 1 | Z30: =VLOOKUP(TEXT($AA$6,"YYMM")&"E",'加息降息概率计算-17P'!$C:$Y,22,0) -> 0 | AA30: =VLOOKUP(TEXT($AA$6,"YYMM")&"E",'加息降息概率计算-17P'!$C:$Y,23,0) -> 0
C31: =日历计算!D21 -> 请更新代码 | O31: =TODAY()-18*美联储利率观测器!Q6 -> 46019 | P31: =VLOOKUP(TEXT($T$6,"YYMM")&"E",'加息降息概率计算-18P'!$C:$S,13,0) -> 0 | Q31: =VLOOKUP(TEXT($T$6,"YYMM")&"E",'加息降息概率计算-18P'!$C:$S,14,0) -> 0.14 | R31: =VLOOKUP(TEXT($T$6,"YYMM")&"E",'加息降息概率计算-18P'!$C:$S,15,0) -> 0.86 | S31: =VLOOKUP(TEXT($T$6,"YYMM")&"E",'加息降息概率计算-18P'!$C:$S,16,0) -> 0 | T31: =VLOOKUP(TEXT($T$6,"YYMM")&"E",'加息降息概率计算-18P'!$C:$S,17,0) -> 0 | X31: =O31 -> 46019 | Y31: =VLOOKUP(TEXT($AA$6,"YYMM")&"E",'加息降息概率计算-18P'!$C:$Y,21,0) -> 1 | Z31: =VLOOKUP(TEXT($AA$6,"YYMM")&"E",'加息降息概率计算-18P'!$C:$Y,22,0) -> 0 | AA31: =VLOOKUP(TEXT($AA$6,"YYMM")&"E",'加息降息概率计算-18P'!$C:$Y,23,0) -> 0
AF44: =[1]!edb() -> Wind
AF45: 指标名称 | AG45: 美国:联邦基金目标利率
AF46: 46002 | AG46: 3.75
AF48: =[1]!edb() -> Wind
AF49: 指标名称 | AG49: 美国:有效联邦基金利率(EFFR)(日)
AF50: 46035 | AG50: 3.64

Sheet 美联储议息会议日历
F1: 美联储议息会议日历 | K1: 最近更新： | L1: =NOW() -> 46037.779
C4: 日期： | D4: =IFERROR(日历计算!E3,“--”) -> 46051.083 | E4: =IFERROR(日历计算!E4,"--") -> 46100.083 | F4: =IFERROR(日历计算!E5,"--") -> 46142.083 | G4: =IFERROR(日历计算!E6,"--") -> 46191.083 | H4: =IFERROR(日历计算!E7,"--") -> 46233.083 | I4: =IFERROR(日历计算!E8,"--") -> 46282.083 | J4: =IFERROR(日历计算!E9,"--") -> 46324.083 | K4: =IFERROR(日历计算!E10,"--") -> 46366.083 | L4: =IFERROR(日历计算!E11,"--") -> 请更新日历
C5: 倒数（天）： | D5: =IFERROR(D4-$L$1,"--") -> 13.303888 | E5: =IFERROR(E4-$L$1,"--") -> 62.303888 | F5: =IFERROR(F4-$L$1,"--") -> 104.30389 | G5: =IFERROR(G4-$L$1,"--") -> 153.30389 | H5: =IFERROR(H4-$L$1,"--") -> 195.30389 | I5: =IFERROR(I4-$L$1,"--") -> 244.30389 | J5: =IFERROR(J4-$L$1,"--") -> 286.30389 | K5: =IFERROR(K4-$L$1,"--") -> 328.30389 | L5: =IFERROR(L4-$L$1,"--") -> --

Sheet 日历计算
B1: 日历更新区 | E1: 隐含利率日期时点 | G1: 概率计算日期时点 | K1: 连续日历月(含会议日) | N1: 连续日历月(每月1号)
A2: =IF(B2="请更新日历","请更新代码",TEXT(B2,"YYMM")&"E") -> 2408E | B2: 45505.083 | E2: =OFFSET(IF(美联储议息会议日历!L1<B2,B2,IF(美联储议息会议日历!L1<B3,B3,IF(美联储议息会议日历!L1<B4,B4,IF(美联储议息会议日历!L1<B5,B5,IF(美联储议息会议日历!L1<B6,B6,IF(美联储议息会议日历!L1<B7,B7,IF(美联储议息会议日历!L1<B8,B8,IF(美联储议息会议日历!L1<B9,B9,IF(美联储议息会议日历!L1<B10,B10,IF(美联储议息会议日历!L1<B11,B11,IF(美联储议息会议日历!L1<B12,B12,IF(美联储议息会议日历!L1<B13,B13,B14)))))))))))),-1,0) -> 46002.083 | G2: =OFFSET(IF(美联储议息会议日历!L1<=K2,K2,IF(美联储议息会议日历!L1<=K3,K3,IF(美联储议息会议日历!L1<=K4,K4,IF(美联储议息会议日历!L1<=K5,K5,IF(美联储议息会议日历!L1<=K6,K6,IF(美联储议息会议日历!L1<=K7,K7,IF(美联储议息会议日历!L1<=K8,K8,IF(美联储议息会议日历!L1<=K9,K9,IF(美联储议息会议日历!L1<=K10,K10,IF(美联储议息会议日历!L1<=K11,K11,IF(美联储议息会议日历!L1<=K12,K12,IF(美联储议息会议日历!L1<=K13,K13,IF(美联储议息会议日历!L1<=K14,K14,IF(美联储议息会议日历!L1<=K15,K15,IF(美联储议息会议日历!L1<=K16,K16,IF(美联储议息会议日历!L1<=K17,K17,IF(美联储议息会议日历!L1<=K18,K18,IF(美联储议息会议日历!L1<=K19,K19,K20)))))))))))))))))),-1,0) -> 连续日历月(含会议日) | H2: =_xlfn.IFNA(MATCH(G2,$E$3:$E$21,0),0) -> 0 | J2: =IF(K2="请更新日历","请更新代码",TEXT(K2,"YYMM")&"E") -> 2601E | K2: =IF(COUNTIF(A:A,M2)=0,N2,VLOOKUP(M2,A:B,2,0)) -> 46051.083 | M2: =TEXT(N2,"YYMM")&"E" -> 2601E | N2: =DATE(YEAR(TODAY()), 1, 1) + TIME(2, 0, 0) -> 46023.083
A3: =IF(B3="请更新日历","请更新代码",TEXT(B3,"YYMM")&"E") -> 2409E | B3: 45554.083 | D3: =OFFSET(IF(美联储议息会议日历!L1<=B2,B2,IF(美联储议息会议日历!L1<=B3,B3,IF(美联储议息会议日历!L1<=B4,B4,IF(美联储议息会议日历!L1<=B5,B5,IF(美联储议息会议日历!L1<=B6,B6,IF(美联储议息会议日历!L1<=B7,B7,IF(美联储议息会议日历!L1<=B8,B8,IF(美联储议息会议日历!L1<=B9,B9,IF(美联储议息会议日历!L1<=B10,B10,IF(美联储议息会议日历!L1<=B11,B11,IF(美联储议息会议日历!L1<=B12,B12,IF(美联储议息会议日历!L1<=B13,B13,B14)))))))))))),0,-1) -> 2601E | E3: =IF(美联储议息会议日历!L1<B2,B2,IF(美联储议息会议日历!L1<B3,B3,IF(美联储议息会议日历!L1<B4,B4,IF(美联储议息会议日历!L1<B5,B5,IF(美联储议息会议日历!L1<B6,B6,IF(美联储议息会议日历!L1<B7,B7,IF(美联储议息会议日历!L1<B8,B8,IF(美联储议息会议日历!L1<B9,B9,IF(美联储议息会议日历!L1<B10,B10,IF(美联储议息会议日历!L1<B11,B11,IF(美联储议息会议日历!L1<B12,B12,IF(美联储议息会议日历!L1<B13,B13,B14)))))))))))) -> 46051.083 | G3: =IF(美联储议息会议日历!L1<=K2,K2,IF(美联储议息会议日历!L1<=K3,K3,IF(美联储议息会议日历!L1<=K4,K4,IF(美联储议息会议日历!L1<=K5,K5,IF(美联储议息会议日历!L1<=K6,K6,IF(美联储议息会议日历!L1<=K7,K7,IF(美联储议息会议日历!L1<=K8,K8,IF(美联储议息会议日历!L1<=K9,K9,IF(美联储议息会议日历!L1<=K10,K10,IF(美联储议息会议日历!L1<=K11,K11,IF(美联储议息会议日历!L1<=K12,K12,IF(美联储议息会议日历!L1<=K13,K13,IF(美联储议息会议日历!L1<=K14,K14,IF(美联储议息会议日历!L1<=K15,K15,IF(美联储议息会议日历!L1<=K16,K16,IF(美联储议息会议日历!L1<=K17,K17,IF(美联储议息会议日历!L1<=K18,K18,IF(美联储议息会议日历!L1<=K19,K19,K20)))))))))))))))))) -> 46051.083 | H3: =_xlfn.IFNA(MATCH(G3,$E$3:$E$21,0),0) -> 1 | J3: =IF(K3="请更新日历","请更新代码",TEXT(K3,"YYMM")&"E") -> 2602E | K3: =IF(COUNTIF(A:A,M3)=0,N3,VLOOKUP(M3,A:B,2,0)) -> 46054.083 | M3: =TEXT(N3,"YYMM")&"E" -> 2602E | N3: =DATE(YEAR(TODAY()), 2, 1) + TIME(2, 0, 0) -> 46054.083
A4: =IF(B4="请更新日历","请更新代码",TEXT(B4,"YYMM")&"E") -> 2411E | B4: 45604.083 | D4: =OFFSET(IF(美联储议息会议日历!L1<=B2,B2,IF(美联储议息会议日历!L1<=B3,B3,IF(美联储议息会议日历!L1<=B4,B4,IF(美联储议息会议日历!L1<=B5,B5,IF(美联储议息会议日历!L1<=B6,B6,IF(美联储议息会议日历!L1<=B7,B7,IF(美联储议息会议日历!L1<=B8,B8,IF(美联储议息会议日历!L1<=B9,B9,IF(美联储议息会议日历!L1<=B10,B10,IF(美联储议息会议日历!L1<=B11,B11,IF(美联储议息会议日历!L1<=B12,B12,IF(美联储议息会议日历!L1<=B13,B13,B14)))))))))))),1,-1) -> 2603E | E4: =OFFSET(IF(美联储议息会议日历!L1<B2,B2,IF(美联储议息会议日历!L1<B3,B3,IF(美联储议息会议日历!L1<B4,B4,IF(美联储议息会议日历!L1<B5,B5,IF(美联储议息会议日历!L1<B6,B6,IF(美联储议息会议日历!L1<B7,B7,IF(美联储议息会议日历!L1<B8,B8,IF(美联储议息会议日历!L1<B9,B9,IF(美联储议息会议日历!L1<B10,B10,IF(美联储议息会议日历!L1<B11,B11,IF(美联储议息会议日历!L1<B12,B12,IF(美联储议息会议日历!L1<B13,B13,B14)))))))))))),1,0) -> 46100.083 | G4: =OFFSET(IF(美联储议息会议日历!L1<=K2,K2,IF(美联储议息会议日历!L1<=K3,K3,IF(美联储议息会议日历!L1<=K4,K4,IF(美联储议息会议日历!L1<=K5,K5,IF(美联储议息会议日历!L1<=K6,K6,IF(美联储议息会议日历!L1<=K7,K7,IF(美联储议息会议日历!L1<=K8,K8,IF(美联储议息会议日历!L1<=K9,K9,IF(美联储议息会议日历!L1<=K10,K10,IF(美联储议息会议日历!L1<=K11,K11,IF(美联储议息会议日历!L1<=K12,K12,IF(美联储议息会议日历!L1<=K13,K13,IF(美联储议息会议日历!L1<=K14,K14,IF(美联储议息会议日历!L1<=K15,K15,IF(美联储议息会议日历!L1<=K16,K16,IF(美联储议息会议日历!L1<=K17,K17,IF(美联储议息会议日历!L1<=K18,K18,IF(美联储议息会议日历!L1<=K19,K19,K20)))))))))))))))))),1,0) -> 46054.083 | H4: =_xlfn.IFNA(MATCH(G4,$E$3:$E$21,0),0) -> 0 | J4: =IF(K4="请更新日历","请更新代码",TEXT(K4,"YYMM")&"E") -> 2603E | K4: =IF(COUNTIF(A:A,M4)=0,N4,VLOOKUP(M4,A:B,2,0)) -> 46100.083 | M4: =TEXT(N4,"YYMM")&"E" -> 2603E | N4: =DATE(YEAR(TODAY()), 3, 1) + TIME(2, 0, 0) -> 46082.083
A5: =IF(B5="请更新日历","请更新代码",TEXT(B5,"YYMM")&"E") -> 2412E | B5: 45645.083 | D5: =OFFSET(IF(美联储议息会议日历!L1<=B2,B2,IF(美联储议息会议日历!L1<=B3,B3,IF(美联储议息会议日历!L1<=B4,B4,IF(美联储议息会议日历!L1<=B5,B5,IF(美联储议息会议日历!L1<=B6,B6,IF(美联储议息会议日历!L1<=B7,B7,IF(美联储议息会议日历!L1<=B8,B8,IF(美联储议息会议日历!L1<=B9,B9,IF(美联储议息会议日历!L1<=B10,B10,IF(美联储议息会议日历!L1<=B11,B11,IF(美联储议息会议日历!L1<=B12,B12,IF(美联储议息会议日历!L1<=B13,B13,B14)))))))))))),2,-1) -> 2604E | E5: =OFFSET(IF(美联储议息会议日历!L1<B2,B2,IF(美联储议息会议日历!L1<B3,B3,IF(美联储议息会议日历!L1<B4,B4,IF(美联储议息会议日历!L1<B5,B5,IF(美联储议息会议日历!L1<B6,B6,IF(美联储议息会议日历!L1<B7,B7,IF(美联储议息会议日历!L1<B8,B8,IF(美联储议息会议日历!L1<B9,B9,IF(美联储议息会议日历!L1<B10,B10,IF(美联储议息会议日历!L1<B11,B11,IF(美联储议息会议日历!L1<B12,B12,IF(美联储议息会议日历!L1<B13,B13,B14)))))))))))),2,0) -> 46142.083 | G5: =OFFSET(IF(美联储议息会议日历!L1<=K2,K2,IF(美联储议息会议日历!L1<=K3,K3,IF(美联储议息会议日历!L1<=K4,K4,IF(美联储议息会议日历!L1<=K5,K5,IF(美联储议息会议日历!L1<=K6,K6,IF(美联储议息会议日历!L1<=K7,K7,IF(美联储议息会议日历!L1<=K8,K8,IF(美联储议息会议日历!L1<=K9,K9,IF(美联储议息会议日历!L1<=K10,K10,IF(美联储议息会议日历!L1<=K11,K11,IF(美联储议息会议日历!L1<=K12,K12,IF(美联储议息会议日历!L1<=K13,K13,IF(美联储议息会议日历!L1<=K14,K14,IF(美联储议息会议日历!L1<=K15,K15,IF(美联储议息会议日历!L1<=K16,K16,IF(美联储议息会议日历!L1<=K17,K17,IF(美联储议息会议日历!L1<=K18,K18,IF(美联储议息会议日历!L1<=K19,K19,K20)))))))))))))))))),2,0) -> 46100.083 | H5: =_xlfn.IFNA(MATCH(G5,$E$3:$E$21,0),0) -> 2 | J5: =IF(K5="请更新日历","请更新代码",TEXT(K5,"YYMM")&"E") -> 2604E | K5: =IF(COUNTIF(A:A,M5)=0,N5,VLOOKUP(M5,A:B,2,0)) -> 46142.083 | M5: =TEXT(N5,"YYMM")&"E" -> 2604E | N5: =DATE(YEAR(TODAY()), 4, 1) + TIME(2, 0, 0) -> 46113.083
A6: =IF(B6="请更新日历","请更新代码",TEXT(B6,"YYMM")&"E") -> 2501E | B6: 45687.083 | D6: =OFFSET(IF(美联储议息会议日历!L1<=B2,B2,IF(美联储议息会议日历!L1<=B3,B3,IF(美联储议息会议日历!L1<=B4,B4,IF(美联储议息会议日历!L1<=B5,B5,IF(美联储议息会议日历!L1<=B6,B6,IF(美联储议息会议日历!L1<=B7,B7,IF(美联储议息会议日历!L1<=B8,B8,IF(美联储议息会议日历!L1<=B9,B9,IF(美联储议息会议日历!L1<=B10,B10,IF(美联储议息会议日历!L1<=B11,B11,IF(美联储议息会议日历!L1<=B12,B12,IF(美联储议息会议日历!L1<=B13,B13,B14)))))))))))),3,-1) -> 2606E | E6: =OFFSET(IF(美联储议息会议日历!L1<B2,B2,IF(美联储议息会议日历!L1<B3,B3,IF(美联储议息会议日历!L1<B4,B4,IF(美联储议息会议日历!L1<B5,B5,IF(美联储议息会议日历!L1<B6,B6,IF(美联储议息会议日历!L1<B7,B7,IF(美联储议息会议日历!L1<B8,B8,IF(美联储议息会议日历!L1<B9,B9,IF(美联储议息会议日历!L1<B10,B10,IF(美联储议息会议日历!L1<B11,B11,IF(美联储议息会议日历!L1<B12,B12,IF(美联储议息会议日历!L1<B13,B13,B14)))))))))))),3,0) -> 46191.083 | G6: =OFFSET(IF(美联储议息会议日历!L1<=K2,K2,IF(美联储议息会议日历!L1<=K3,K3,IF(美联储议息会议日历!L1<=K4,K4,IF(美联储议息会议日历!L1<=K5,K5,IF(美联储议息会议日历!L1<=K6,K6,IF(美联储议息会议日历!L1<=K7,K7,IF(美联储议息会议日历!L1<=K8,K8,IF(美联储议息会议日历!L1<=K9,K9,IF(美联储议息会议日历!L1<=K10,K10,IF(美联储议息会议日历!L1<=K11,K11,IF(美联储议息会议日历!L1<=K12,K12,IF(美联储议息会议日历!L1<=K13,K13,IF(美联储议息会议日历!L1<=K14,K14,IF(美联储议息会议日历!L1<=K15,K15,IF(美联储议息会议日历!L1<=K16,K16,IF(美联储议息会议日历!L1<=K17,K17,IF(美联储议息会议日历!L1<=K18,K18,IF(美联储议息会议日历!L1<=K19,K19,K20)))))))))))))))))),3,0) -> 46142.083 | H6: =_xlfn.IFNA(MATCH(G6,$E$3:$E$21,0),0) -> 3 | J6: =IF(K6="请更新日历","请更新代码",TEXT(K6,"YYMM")&"E") -> 2605E | K6: =IF(COUNTIF(A:A,M6)=0,N6,VLOOKUP(M6,A:B,2,0)) -> 46143.083 | M6: =TEXT(N6,"YYMM")&"E" -> 2605E | N6: =DATE(YEAR(TODAY()), 5, 1) + TIME(2, 0, 0) -> 46143.083
A7: =IF(B7="请更新日历","请更新代码",TEXT(B7,"YYMM")&"E") -> 2503E | B7: 45736.083 | D7: =OFFSET(IF(美联储议息会议日历!L1<=B2,B2,IF(美联储议息会议日历!L1<=B3,B3,IF(美联储议息会议日历!L1<=B4,B4,IF(美联储议息会议日历!L1<=B5,B5,IF(美联储议息会议日历!L1<=B6,B6,IF(美联储议息会议日历!L1<=B7,B7,IF(美联储议息会议日历!L1<=B8,B8,IF(美联储议息会议日历!L1<=B9,B9,IF(美联储议息会议日历!L1<=B10,B10,IF(美联储议息会议日历!L1<=B11,B11,IF(美联储议息会议日历!L1<=B12,B12,IF(美联储议息会议日历!L1<=B13,B13,B14)))))))))))),4,-1) -> 2607E | E7: =OFFSET(IF(美联储议息会议日历!L1<B2,B2,IF(美联储议息会议日历!L1<B3,B3,IF(美联储议息会议日历!L1<B4,B4,IF(美联储议息会议日历!L1<B5,B5,IF(美联储议息会议日历!L1<B6,B6,IF(美联储议息会议日历!L1<B7,B7,IF(美联储议息会议日历!L1<B8,B8,IF(美联储议息会议日历!L1<B9,B9,IF(美联储议息会议日历!L1<B10,B10,IF(美联储议息会议日历!L1<B11,B11,IF(美联储议息会议日历!L1<B12,B12,IF(美联储议息会议日历!L1<B13,B13,B14)))))))))))),4,0) -> 46233.083 | G7: =OFFSET(IF(美联储议息会议日历!L1<=K2,K2,IF(美联储议息会议日历!L1<=K3,K3,IF(美联储议息会议日历!L1<=K4,K4,IF(美联储议息会议日历!L1<=K5,K5,IF(美联储议息会议日历!L1<=K6,K6,IF(美联储议息会议日历!L1<=K7,K7,IF(美联储议息会议日历!L1<=K8,K8,IF(美联储议息会议日历!L1<=K9,K9,IF(美联储议息会议日历!L1<=K10,K10,IF(美联储议息会议日历!L1<=K11,K11,IF(美联储议息会议日历!L1<=K12,K12,IF(美联储议息会议日历!L1<=K13,K13,IF(美联储议息会议日历!L1<=K14,K14,IF(美联储议息会议日历!L1<=K15,K15,IF(美联储议息会议日历!L1<=K16,K16,IF(美联储议息会议日历!L1<=K17,K17,IF(美联储议息会议日历!L1<=K18,K18,IF(美联储议息会议日历!L1<=K19,K19,K20)))))))))))))))))),4,0) -> 46143.083 | H7: =_xlfn.IFNA(MATCH(G7,$E$3:$E$21,0),0) -> 0 | J7: =IF(K7="请更新日历","请更新代码",TEXT(K7,"YYMM")&"E") -> 2606E | K7: =IF(COUNTIF(A:A,M7)=0,N7,VLOOKUP(M7,A:B,2,0)) -> 46191.083 | M7: =TEXT(N7,"YYMM")&"E" -> 2606E | N7: =DATE(YEAR(TODAY()), 6, 1) + TIME(2, 0, 0) -> 46174.083
A8: =IF(B8="请更新日历","请更新代码",TEXT(B8,"YYMM")&"E") -> 2505E | B8: 45785.083 | D8: =OFFSET(IF(美联储议息会议日历!L1<=B2,B2,IF(美联储议息会议日历!L1<=B3,B3,IF(美联储议息会议日历!L1<=B4,B4,IF(美联储议息会议日历!L1<=B5,B5,IF(美联储议息会议日历!L1<=B6,B6,IF(美联储议息会议日历!L1<=B7,B7,IF(美联储议息会议日历!L1<=B8,B8,IF(美联储议息会议日历!L1<=B9,B9,IF(美联储议息会议日历!L1<=B10,B10,IF(美联储议息会议日历!L1<=B11,B11,IF(美联储议息会议日历!L1<=B12,B12,IF(美联储议息会议日历!L1<=B13,B13,B14)))))))))))),5,-1) -> 2609E | E8: =OFFSET(IF(美联储议息会议日历!L1<B2,B2,IF(美联储议息会议日历!L1<B3,B3,IF(美联储议息会议日历!L1<B4,B4,IF(美联储议息会议日历!L1<B5,B5,IF(美联储议息会议日历!L1<B6,B6,IF(美联储议息会议日历!L1<B7,B7,IF(美联储议息会议日历!L1<B8,B8,IF(美联储议息会议日历!L1<B9,B9,IF(美联储议息会议日历!L1<B10,B10,IF(美联储议息会议日历!L1<B11,B11,IF(美联储议息会议日历!L1<B12,B12,IF(美联储议息会议日历!L1<B13,B13,B14)))))))))))),5,0) -> 46282.083 | G8: =OFFSET(IF(美联储议息会议日历!L1<=K2,K2,IF(美联储议息会议日历!L1<=K3,K3,IF(美联储议息会议日历!L1<=K4,K4,IF(美联储议息会议日历!L1<=K5,K5,IF(美联储议息会议日历!L1<=K6,K6,IF(美联储议息会议日历!L1<=K7,K7,IF(美联储议息会议日历!L1<=K8,K8,IF(美联储议息会议日历!L1<=K9,K9,IF(美联储议息会议日历!L1<=K10,K10,IF(美联储议息会议日历!L1<=K11,K11,IF(美联储议息会议日历!L1<=K12,K12,IF(美联储议息会议日历!L1<=K13,K13,IF(美联储议息会议日历!L1<=K14,K14,IF(美联储议息会议日历!L1<=K15,K15,IF(美联储议息会议日历!L1<=K16,K16,IF(美联储议息会议日历!L1<=K17,K17,IF(美联储议息会议日历!L1<=K18,K18,IF(美联储议息会议日历!L1<=K19,K19,K20)))))))))))))))))),5,0) -> 46191.083 | H8: =_xlfn.IFNA(MATCH(G8,$E$3:$E$21,0),0) -> 4 | J8: =IF(K8="请更新日历","请更新代码",TEXT(K8,"YYMM")&"E") -> 2607E | K8: =IF(COUNTIF(A:A,M8)=0,N8,VLOOKUP(M8,A:B,2,0)) -> 46233.083 | M8: =TEXT(N8,"YYMM")&"E" -> 2607E | N8: =DATE(YEAR(TODAY()), 7, 1) + TIME(2, 0, 0) -> 46204.083
A9: =IF(B9="请更新日历","请更新代码",TEXT(B9,"YYMM")&"E") -> 2506E | B9: 45827.083 | D9: =OFFSET(IF(美联储议息会议日历!L1<=B2,B2,IF(美联储议息会议日历!L1<=B3,B3,IF(美联储议息会议日历!L1<=B4,B4,IF(美联储议息会议日历!L1<=B5,B5,IF(美联储议息会议日历!L1<=B6,B6,IF(美联储议息会议日历!L1<=B7,B7,IF(美联储议息会议日历!L1<=B8,B8,IF(美联储议息会议日历!L1<=B9,B9,IF(美联储议息会议日历!L1<=B10,B10,IF(美联储议息会议日历!L1<=B11,B11,IF(美联储议息会议日历!L1<=B12,B12,IF(美联储议息会议日历!L1<=B13,B13,B14)))))))))))),6,-1) -> 2610E | E9: =OFFSET(IF(美联储议息会议日历!L1<B2,B2,IF(美联储议息会议日历!L1<B3,B3,IF(美联储议息会议日历!L1<B4,B4,IF(美联储议息会议日历!L1<B5,B5,IF(美联储议息会议日历!L1<B6,B6,IF(美联储议息会议日历!L1<B7,B7,IF(美联储议息会议日历!L1<B8,B8,IF(美联储议息会议日历!L1<B9,B9,IF(美联储议息会议日历!L1<B10,B10,IF(美联储议息会议日历!L1<B11,B11,IF(美联储议息会议日历!L1<B12,B12,IF(美联储议息会议日历!L1<B13,B13,B14)))))))))))),6,0) -> 46324.083 | G9: =OFFSET(IF(美联储议息会议日历!L1<=K2,K2,IF(美联储议息会议日历!L1<=K3,K3,IF(美联储议息会议日历!L1<=K4,K4,IF(美联储议息会议日历!L1<=K5,K5,IF(美联储议息会议日历!L1<=K6,K6,IF(美联储议息会议日历!L1<=K7,K7,IF(美联储议息会议日历!L1<=K8,K8,IF(美联储议息会议日历!L1<=K9,K9,IF(美联储议息会议日历!L1<=K10,K10,IF(美联储议息会议日历!L1<=K11,K11,IF(美联储议息会议日历!L1<=K12,K12,IF(美联储议息会议日历!L1<=K13,K13,IF(美联储议息会议日历!L1<=K14,K14,IF(美联储议息会议日历!L1<=K15,K15,IF(美联储议息会议日历!L1<=K16,K16,IF(美联储议息会议日历!L1<=K17,K17,IF(美联储议息会议日历!L1<=K18,K18,IF(美联储议息会议日历!L1<=K19,K19,K20)))))))))))))))))),6,0) -> 46233.083 | H9: =_xlfn.IFNA(MATCH(G9,$E$3:$E$21,0),0) -> 5 | J9: =IF(K9="请更新日历","请更新代码",TEXT(K9,"YYMM")&"E") -> 2608E | K9: =IF(COUNTIF(A:A,M9)=0,N9,VLOOKUP(M9,A:B,2,0)) -> 46235.083 | M9: =TEXT(N9,"YYMM")&"E" -> 2608E | N9: =DATE(YEAR(TODAY()), 8, 1) + TIME(2, 0, 0) -> 46235.083
A10: =IF(B10="请更新日历","请更新代码",TEXT(B10,"YYMM")&"E") -> 2507E | B10: 45869.083 | D10: =OFFSET(IF(美联储议息会议日历!L1<=B2,B2,IF(美联储议息会议日历!L1<=B3,B3,IF(美联储议息会议日历!L1<=B4,B4,IF(美联储议息会议日历!L1<=B5,B5,IF(美联储议息会议日历!L1<=B6,B6,IF(美联储议息会议日历!L1<=B7,B7,IF(美联储议息会议日历!L1<=B8,B8,IF(美联储议息会议日历!L1<=B9,B9,IF(美联储议息会议日历!L1<=B10,B10,IF(美联储议息会议日历!L1<=B11,B11,IF(美联储议息会议日历!L1<=B12,B12,IF(美联储议息会议日历!L1<=B13,B13,B14)))))))))))),7,-1) -> 2612E | E10: =OFFSET(IF(美联储议息会议日历!L1<B2,B2,IF(美联储议息会议日历!L1<B3,B3,IF(美联储议息会议日历!L1<B4,B4,IF(美联储议息会议日历!L1<B5,B5,IF(美联储议息会议日历!L1<B6,B6,IF(美联储议息会议日历!L1<B7,B7,IF(美联储议息会议日历!L1<B8,B8,IF(美联储议息会议日历!L1<B9,B9,IF(美联储议息会议日历!L1<B10,B10,IF(美联储议息会议日历!L1<B11,B11,IF(美联储议息会议日历!L1<B12,B12,IF(美联储议息会议日历!L1<B13,B13,B14)))))))))))),7,0) -> 46366.083 | G10: =OFFSET(IF(美联储议息会议日历!L1<=K2,K2,IF(美联储议息会议日历!L1<=K3,K3,IF(美联储议息会议日历!L1<=K4,K4,IF(美联储议息会议日历!L1<=K5,K5,IF(美联储议息会议日历!L1<=K6,K6,IF(美联储议息会议日历!L1<=K7,K7,IF(美联储议息会议日历!L1<=K8,K8,IF(美联储议息会议日历!L1<=K9,K9,IF(美联储议息会议日历!L1<=K10,K10,IF(美联储议息会议日历!L1<=K11,K11,IF(美联储议息会议日历!L1<=K12,K12,IF(美联储议息会议日历!L1<=K13,K13,IF(美联储议息会议日历!L1<=K14,K14,IF(美联储议息会议日历!L1<=K15,K15,IF(美联储议息会议日历!L1<=K16,K16,IF(美联储议息会议日历!L1<=K17,K17,IF(美联储议息会议日历!L1<=K18,K18,IF(美联储议息会议日历!L1<=K19,K19,K20)))))))))))))))))),7,0) -> 46235.083 | H10: =_xlfn.IFNA(MATCH(G10,$E$3:$E$21,0),0) -> 0 | J10: =IF(K10="请更新日历","请更新代码",TEXT(K10,"YYMM")&"E") -> 2609E | K10: =IF(COUNTIF(A:A,M10)=0,N10,VLOOKUP(M10,A:B,2,0)) -> 46282.083 | M10: =TEXT(N10,"YYMM")&"E" -> 2609E | N10: =DATE(YEAR(TODAY()), 9, 1) + TIME(2, 0, 0) -> 46266.083
A11: =IF(B11="请更新日历","请更新代码",TEXT(B11,"YYMM")&"E") -> 2509E | B11: 45918.083 | D11: =OFFSET(IF(美联储议息会议日历!L1<=B2,B2,IF(美联储议息会议日历!L1<=B3,B3,IF(美联储议息会议日历!L1<=B4,B4,IF(美联储议息会议日历!L1<=B5,B5,IF(美联储议息会议日历!L1<=B6,B6,IF(美联储议息会议日历!L1<=B7,B7,IF(美联储议息会议日历!L1<=B8,B8,IF(美联储议息会议日历!L1<=B9,B9,IF(美联储议息会议日历!L1<=B10,B10,IF(美联储议息会议日历!L1<=B11,B11,IF(美联储议息会议日历!L1<=B12,B12,IF(美联储议息会议日历!L1<=B13,B13,B14)))))))))))),8,-1) -> 请更新代码 | E11: =OFFSET(IF(美联储议息会议日历!L1<B2,B2,IF(美联储议息会议日历!L1<B3,B3,IF(美联储议息会议日历!L1<B4,B4,IF(美联储议息会议日历!L1<B5,B5,IF(美联储议息会议日历!L1<B6,B6,IF(美联储议息会议日历!L1<B7,B7,IF(美联储议息会议日历!L1<B8,B8,IF(美联储议息会议日历!L1<B9,B9,IF(美联储议息会议日历!L1<B10,B10,IF(美联储议息会议日历!L1<B11,B11,IF(美联储议息会议日历!L1<B12,B12,IF(美联储议息会议日历!L1<B13,B13,B14)))))))))))),8,0) -> 请更新日历 | G11: =OFFSET(IF(美联储议息会议日历!L1<=K2,K2,IF(美联储议息会议日历!L1<=K3,K3,IF(美联储议息会议日历!L1<=K4,K4,IF(美联储议息会议日历!L1<=K5,K5,IF(美联储议息会议日历!L1<=K6,K6,IF(美联储议息会议日历!L1<=K7,K7,IF(美联储议息会议日历!L1<=K8,K8,IF(美联储议息会议日历!L1<=K9,K9,IF(美联储议息会议日历!L1<=K10,K10,IF(美联储议息会议日历!L1<=K11,K11,IF(美联储议息会议日历!L1<=K12,K12,IF(美联储议息会议日历!L1<=K13,K13,IF(美联储议息会议日历!L1<=K14,K14,IF(美联储议息会议日历!L1<=K15,K15,IF(美联储议息会议日历!L1<=K16,K16,IF(美联储议息会议日历!L1<=K17,K17,IF(美联储议息会议日历!L1<=K18,K18,IF(美联储议息会议日历!L1<=K19,K19,K20)))))))))))))))))),8,0) -> 46282.083 | H11: =_xlfn.IFNA(MATCH(G11,$E$3:$E$21,0),0) -> 6 | J11: =IF(K11="请更新日历","请更新代码",TEXT(K11,"YYMM")&"E") -> 2610E | K11: =IF(COUNTIF(A:A,M11)=0,N11,VLOOKUP(M11,A:B,2,0)) -> 46324.083 | M11: =TEXT(N11,"YYMM")&"E" -> 2610E | N11: =DATE(YEAR(TODAY()), 10, 1) + TIME(2, 0, 0) -> 46296.083
A12: =IF(B12="请更新日历","请更新代码",TEXT(B12,"YYMM")&"E") -> 2510E | B12: 45960.083 | D12: =OFFSET(IF(美联储议息会议日历!L1<=B2,B2,IF(美联储议息会议日历!L1<=B3,B3,IF(美联储议息会议日历!L1<=B4,B4,IF(美联储议息会议日历!L1<=B5,B5,IF(美联储议息会议日历!L1<=B6,B6,IF(美联储议息会议日历!L1<=B7,B7,IF(美联储议息会议日历!L1<=B8,B8,IF(美联储议息会议日历!L1<=B9,B9,IF(美联储议息会议日历!L1<=B10,B10,IF(美联储议息会议日历!L1<=B11,B11,IF(美联储议息会议日历!L1<=B12,B12,IF(美联储议息会议日历!L1<=B13,B13,B14)))))))))))),9,-1) -> 请更新代码 | E12: =OFFSET(IF(美联储议息会议日历!L1<B2,B2,IF(美联储议息会议日历!L1<B3,B3,IF(美联储议息会议日历!L1<B4,B4,IF(美联储议息会议日历!L1<B5,B5,IF(美联储议息会议日历!L1<B6,B6,IF(美联储议息会议日历!L1<B7,B7,IF(美联储议息会议日历!L1<B8,B8,IF(美联储议息会议日历!L1<B9,B9,IF(美联储议息会议日历!L1<B10,B10,IF(美联储议息会议日历!L1<B11,B11,IF(美联储议息会议日历!L1<B12,B12,IF(美联储议息会议日历!L1<B13,B13,B14)))))))))))),9,0) -> 请更新日历 | G12: =OFFSET(IF(美联储议息会议日历!L1<=K2,K2,IF(美联储议息会议日历!L1<=K3,K3,IF(美联储议息会议日历!L1<=K4,K4,IF(美联储议息会议日历!L1<=K5,K5,IF(美联储议息会议日历!L1<=K6,K6,IF(美联储议息会议日历!L1<=K7,K7,IF(美联储议息会议日历!L1<=K8,K8,IF(美联储议息会议日历!L1<=K9,K9,IF(美联储议息会议日历!L1<=K10,K10,IF(美联储议息会议日历!L1<=K11,K11,IF(美联储议息会议日历!L1<=K12,K12,IF(美联储议息会议日历!L1<=K13,K13,IF(美联储议息会议日历!L1<=K14,K14,IF(美联储议息会议日历!L1<=K15,K15,IF(美联储议息会议日历!L1<=K16,K16,IF(美联储议息会议日历!L1<=K17,K17,IF(美联储议息会议日历!L1<=K18,K18,IF(美联储议息会议日历!L1<=K19,K19,K20)))))))))))))))))),9,0) -> 46324.083 | H12: =_xlfn.IFNA(MATCH(G12,$E$3:$E$21,0),0) -> 7 | J12: =IF(K12="请更新日历","请更新代码",TEXT(K12,"YYMM")&"E") -> 2611E | K12: =IF(COUNTIF(A:A,M12)=0,N12,VLOOKUP(M12,A:B,2,0)) -> 46327.083 | M12: =TEXT(N12,"YYMM")&"E" -> 2611E | N12: =DATE(YEAR(TODAY()), 11, 1) + TIME(2, 0, 0) -> 46327.083
A13: =IF(B13="请更新日历","请更新代码",TEXT(B13,"YYMM")&"E") -> 2512E | B13: 46002.083 | D13: =OFFSET(IF(美联储议息会议日历!L1<=B2,B2,IF(美联储议息会议日历!L1<=B3,B3,IF(美联储议息会议日历!L1<=B4,B4,IF(美联储议息会议日历!L1<=B5,B5,IF(美联储议息会议日历!L1<=B6,B6,IF(美联储议息会议日历!L1<=B7,B7,IF(美联储议息会议日历!L1<=B8,B8,IF(美联储议息会议日历!L1<=B9,B9,IF(美联储议息会议日历!L1<=B10,B10,IF(美联储议息会议日历!L1<=B11,B11,IF(美联储议息会议日历!L1<=B12,B12,IF(美联储议息会议日历!L1<=B13,B13,B14)))))))))))),10,-1) -> 请更新代码 | E13: =OFFSET(IF(美联储议息会议日历!L1<B2,B2,IF(美联储议息会议日历!L1<B3,B3,IF(美联储议息会议日历!L1<B4,B4,IF(美联储议息会议日历!L1<B5,B5,IF(美联储议息会议日历!L1<B6,B6,IF(美联储议息会议日历!L1<B7,B7,IF(美联储议息会议日历!L1<B8,B8,IF(美联储议息会议日历!L1<B9,B9,IF(美联储议息会议日历!L1<B10,B10,IF(美联储议息会议日历!L1<B11,B11,IF(美联储议息会议日历!L1<B12,B12,IF(美联储议息会议日历!L1<B13,B13,B14)))))))))))),10,0) -> 请更新日历 | G13: =OFFSET(IF(美联储议息会议日历!L1<=K2,K2,IF(美联储议息会议日历!L1<=K3,K3,IF(美联储议息会议日历!L1<=K4,K4,IF(美联储议息会议日历!L1<=K5,K5,IF(美联储议息会议日历!L1<=K6,K6,IF(美联储议息会议日历!L1<=K7,K7,IF(美联储议息会议日历!L1<=K8,K8,IF(美联储议息会议日历!L1<=K9,K9,IF(美联储议息会议日历!L1<=K10,K10,IF(美联储议息会议日历!L1<=K11,K11,IF(美联储议息会议日历!L1<=K12,K12,IF(美联储议息会议日历!L1<=K13,K13,IF(美联储议息会议日历!L1<=K14,K14,IF(美联储议息会议日历!L1<=K15,K15,IF(美联储议息会议日历!L1<=K16,K16,IF(美联储议息会议日历!L1<=K17,K17,IF(美联储议息会议日历!L1<=K18,K18,IF(美联储议息会议日历!L1<=K19,K19,K20)))))))))))))))))),10,0) -> 46327.083 | H13: =_xlfn.IFNA(MATCH(G13,$E$3:$E$21,0),0) -> 0 | J13: =IF(K13="请更新日历","请更新代码",TEXT(K13,"YYMM")&"E") -> 2612E | K13: =IF(COUNTIF(A:A,M13)=0,N13,VLOOKUP(M13,A:B,2,0)) -> 46366.083 | M13: =TEXT(N13,"YYMM")&"E" -> 2612E | N13: =DATE(YEAR(TODAY()), 12, 1) + TIME(2, 0, 0) -> 46357.083
A14: =IF(B14="请更新日历","请更新代码",TEXT(B14,"YYMM")&"E") -> 2601E | B14: 46051.083 | D14: =OFFSET(IF(美联储议息会议日历!L1<=B2,B2,IF(美联储议息会议日历!L1<=B3,B3,IF(美联储议息会议日历!L1<=B4,B4,IF(美联储议息会议日历!L1<=B5,B5,IF(美联储议息会议日历!L1<=B6,B6,IF(美联储议息会议日历!L1<=B7,B7,IF(美联储议息会议日历!L1<=B8,B8,IF(美联储议息会议日历!L1<=B9,B9,IF(美联储议息会议日历!L1<=B10,B10,IF(美联储议息会议日历!L1<=B11,B11,IF(美联储议息会议日历!L1<=B12,B12,IF(美联储议息会议日历!L1<=B13,B13,B14)))))))))))),11,-1) -> 请更新代码 | E14: =OFFSET(IF(美联储议息会议日历!L1<B2,B2,IF(美联储议息会议日历!L1<B3,B3,IF(美联储议息会议日历!L1<B4,B4,IF(美联储议息会议日历!L1<B5,B5,IF(美联储议息会议日历!L1<B6,B6,IF(美联储议息会议日历!L1<B7,B7,IF(美联储议息会议日历!L1<B8,B8,IF(美联储议息会议日历!L1<B9,B9,IF(美联储议息会议日历!L1<B10,B10,IF(美联储议息会议日历!L1<B11,B11,IF(美联储议息会议日历!L1<B12,B12,IF(美联储议息会议日历!L1<B13,B13,B14)))))))))))),11,0) -> 请更新日历 | G14: =OFFSET(IF(美联储议息会议日历!L1<=K2,K2,IF(美联储议息会议日历!L1<=K3,K3,IF(美联储议息会议日历!L1<=K4,K4,IF(美联储议息会议日历!L1<=K5,K5,IF(美联储议息会议日历!L1<=K6,K6,IF(美联储议息会议日历!L1<=K7,K7,IF(美联储议息会议日历!L1<=K8,K8,IF(美联储议息会议日历!L1<=K9,K9,IF(美联储议息会议日历!L1<=K10,K10,IF(美联储议息会议日历!L1<=K11,K11,IF(美联储议息会议日历!L1<=K12,K12,IF(美联储议息会议日历!L1<=K13,K13,IF(美联储议息会议日历!L1<=K14,K14,IF(美联储议息会议日历!L1<=K15,K15,IF(美联储议息会议日历!L1<=K16,K16,IF(美联储议息会议日历!L1<=K17,K17,IF(美联储议息会议日历!L1<=K18,K18,IF(美联储议息会议日历!L1<=K19,K19,K20)))))))))))))))))),11,0) -> 46366.083 | H14: =_xlfn.IFNA(MATCH(G14,$E$3:$E$21,0),0) -> 8 | J14: =IF(K14="请更新日历","请更新代码",TEXT(K14,"YYMM")&"E") -> 2701E | K14: =IF(COUNTIF(A:A,M14)=0,N14,VLOOKUP(M14,A:B,2,0)) -> 46388.083 | M14: =TEXT(N14,"YYMM")&"E" -> 2701E | N14: =DATE(YEAR(TODAY())+1, 1, 1) + TIME(2, 0, 0) -> 46388.083
A15: =IF(B15="请更新日历","请更新代码",TEXT(B15,"YYMM")&"E") -> 2603E | B15: 46100.083 | D15: =OFFSET(IF(美联储议息会议日历!L1<=B2,B2,IF(美联储议息会议日历!L1<=B3,B3,IF(美联储议息会议日历!L1<=B4,B4,IF(美联储议息会议日历!L1<=B5,B5,IF(美联储议息会议日历!L1<=B6,B6,IF(美联储议息会议日历!L1<=B7,B7,IF(美联储议息会议日历!L1<=B8,B8,IF(美联储议息会议日历!L1<=B9,B9,IF(美联储议息会议日历!L1<=B10,B10,IF(美联储议息会议日历!L1<=B11,B11,IF(美联储议息会议日历!L1<=B12,B12,IF(美联储议息会议日历!L1<=B13,B13,B14)))))))))))),12,-1) -> 请更新代码 | E15: =OFFSET(IF(美联储议息会议日历!L1<B2,B2,IF(美联储议息会议日历!L1<B3,B3,IF(美联储议息会议日历!L1<B4,B4,IF(美联储议息会议日历!L1<B5,B5,IF(美联储议息会议日历!L1<B6,B6,IF(美联储议息会议日历!L1<B7,B7,IF(美联储议息会议日历!L1<B8,B8,IF(美联储议息会议日历!L1<B9,B9,IF(美联储议息会议日历!L1<B10,B10,IF(美联储议息会议日历!L1<B11,B11,IF(美联储议息会议日历!L1<B12,B12,IF(美联储议息会议日历!L1<B13,B13,B14)))))))))))),12,0) -> 请更新日历 | G15: =OFFSET(IF(美联储议息会议日历!L1<=K2,K2,IF(美联储议息会议日历!L1<=K3,K3,IF(美联储议息会议日历!L1<=K4,K4,IF(美联储议息会议日历!L1<=K5,K5,IF(美联储议息会议日历!L1<=K6,K6,IF(美联储议息会议日历!L1<=K7,K7,IF(美联储议息会议日历!L1<=K8,K8,IF(美联储议息会议日历!L1<=K9,K9,IF(美联储议息会议日历!L1<=K10,K10,IF(美联储议息会议日历!L1<=K11,K11,IF(美联储议息会议日历!L1<=K12,K12,IF(美联储议息会议日历!L1<=K13,K13,IF(美联储议息会议日历!L1<=K14,K14,IF(美联储议息会议日历!L1<=K15,K15,IF(美联储议息会议日历!L1<=K16,K16,IF(美联储议息会议日历!L1<=K17,K17,IF(美联储议息会议日历!L1<=K18,K18,IF(美联储议息会议日历!L1<=K19,K19,K20)))))))))))))))))),12,0) -> 46388.083 | H15: =_xlfn.IFNA(MATCH(G15,$E$3:$E$21,0),0) -> 0 | J15: =IF(K15="请更新日历","请更新代码",TEXT(K15,"YYMM")&"E") -> 2702E | K15: =IF(COUNTIF(A:A,M15)=0,N15,VLOOKUP(M15,A:B,2,0)) -> 46419.083 | M15: =TEXT(N15,"YYMM")&"E" -> 2702E | N15: =DATE(YEAR(TODAY())+1, 2, 1) + TIME(2, 0, 0) -> 46419.083
A16: =IF(B16="请更新日历","请更新代码",TEXT(B16,"YYMM")&"E") -> 2604E | B16: 46142.083 | D16: =OFFSET(IF(美联储议息会议日历!L1<=B2,B2,IF(美联储议息会议日历!L1<=B3,B3,IF(美联储议息会议日历!L1<=B4,B4,IF(美联储议息会议日历!L1<=B5,B5,IF(美联储议息会议日历!L1<=B6,B6,IF(美联储议息会议日历!L1<=B7,B7,IF(美联储议息会议日历!L1<=B8,B8,IF(美联储议息会议日历!L1<=B9,B9,IF(美联储议息会议日历!L1<=B10,B10,IF(美联储议息会议日历!L1<=B11,B11,IF(美联储议息会议日历!L1<=B12,B12,IF(美联储议息会议日历!L1<=B13,B13,B14)))))))))))),13,-1) -> 请更新代码 | E16: =OFFSET(IF(美联储议息会议日历!L1<B2,B2,IF(美联储议息会议日历!L1<B3,B3,IF(美联储议息会议日历!L1<B4,B4,IF(美联储议息会议日历!L1<B5,B5,IF(美联储议息会议日历!L1<B6,B6,IF(美联储议息会议日历!L1<B7,B7,IF(美联储议息会议日历!L1<B8,B8,IF(美联储议息会议日历!L1<B9,B9,IF(美联储议息会议日历!L1<B10,B10,IF(美联储议息会议日历!L1<B11,B11,IF(美联储议息会议日历!L1<B12,B12,IF(美联储议息会议日历!L1<B13,B13,B14)))))))))))),13,0) -> 请更新日历 | G16: =OFFSET(IF(美联储议息会议日历!L1<=K2,K2,IF(美联储议息会议日历!L1<=K3,K3,IF(美联储议息会议日历!L1<=K4,K4,IF(美联储议息会议日历!L1<=K5,K5,IF(美联储议息会议日历!L1<=K6,K6,IF(美联储议息会议日历!L1<=K7,K7,IF(美联储议息会议日历!L1<=K8,K8,IF(美联储议息会议日历!L1<=K9,K9,IF(美联储议息会议日历!L1<=K10,K10,IF(美联储议息会议日历!L1<=K11,K11,IF(美联储议息会议日历!L1<=K12,K12,IF(美联储议息会议日历!L1<=K13,K13,IF(美联储议息会议日历!L1<=K14,K14,IF(美联储议息会议日历!L1<=K15,K15,IF(美联储议息会议日历!L1<=K16,K16,IF(美联储议息会议日历!L1<=K17,K17,IF(美联储议息会议日历!L1<=K18,K18,IF(美联储议息会议日历!L1<=K19,K19,K20)))))))))))))))))),13,0) -> 46419.083 | H16: =_xlfn.IFNA(MATCH(G16,$E$3:$E$21,0),0) -> 0 | J16: =IF(K16="请更新日历","请更新代码",TEXT(K16,"YYMM")&"E") -> 2703E | K16: =IF(COUNTIF(A:A,M16)=0,N16,VLOOKUP(M16,A:B,2,0)) -> 46447.083 | M16: =TEXT(N16,"YYMM")&"E" -> 2703E | N16: =DATE(YEAR(TODAY())+1, 3, 1) + TIME(2, 0, 0) -> 46447.083
A17: =IF(B17="请更新日历","请更新代码",TEXT(B17,"YYMM")&"E") -> 2606E | B17: 46191.083 | D17: =OFFSET(IF(美联储议息会议日历!L1<=B2,B2,IF(美联储议息会议日历!L1<=B3,B3,IF(美联储议息会议日历!L1<=B4,B4,IF(美联储议息会议日历!L1<=B5,B5,IF(美联储议息会议日历!L1<=B6,B6,IF(美联储议息会议日历!L1<=B7,B7,IF(美联储议息会议日历!L1<=B8,B8,IF(美联储议息会议日历!L1<=B9,B9,IF(美联储议息会议日历!L1<=B10,B10,IF(美联储议息会议日历!L1<=B11,B11,IF(美联储议息会议日历!L1<=B12,B12,IF(美联储议息会议日历!L1<=B13,B13,B14)))))))))))),14,-1) -> 请更新代码 | E17: =OFFSET(IF(美联储议息会议日历!L1<B2,B2,IF(美联储议息会议日历!L1<B3,B3,IF(美联储议息会议日历!L1<B4,B4,IF(美联储议息会议日历!L1<B5,B5,IF(美联储议息会议日历!L1<B6,B6,IF(美联储议息会议日历!L1<B7,B7,IF(美联储议息会议日历!L1<B8,B8,IF(美联储议息会议日历!L1<B9,B9,IF(美联储议息会议日历!L1<B10,B10,IF(美联储议息会议日历!L1<B11,B11,IF(美联储议息会议日历!L1<B12,B12,IF(美联储议息会议日历!L1<B13,B13,B14)))))))))))),14,0) -> 请更新日历 | G17: =OFFSET(IF(美联储议息会议日历!L1<=K2,K2,IF(美联储议息会议日历!L1<=K3,K3,IF(美联储议息会议日历!L1<=K4,K4,IF(美联储议息会议日历!L1<=K5,K5,IF(美联储议息会议日历!L1<=K6,K6,IF(美联储议息会议日历!L1<=K7,K7,IF(美联储议息会议日历!L1<=K8,K8,IF(美联储议息会议日历!L1<=K9,K9,IF(美联储议息会议日历!L1<=K10,K10,IF(美联储议息会议日历!L1<=K11,K11,IF(美联储议息会议日历!L1<=K12,K12,IF(美联储议息会议日历!L1<=K13,K13,IF(美联储议息会议日历!L1<=K14,K14,IF(美联储议息会议日历!L1<=K15,K15,IF(美联储议息会议日历!L1<=K16,K16,IF(美联储议息会议日历!L1<=K17,K17,IF(美联储议息会议日历!L1<=K18,K18,IF(美联储议息会议日历!L1<=K19,K19,K20)))))))))))))))))),14,0) -> 46447.083 | H17: =_xlfn.IFNA(MATCH(G17,$E$3:$E$21,0),0) -> 0 | J17: =IF(K17="请更新日历","请更新代码",TEXT(K17,"YYMM")&"E") -> 2704E | K17: =IF(COUNTIF(A:A,M17)=0,N17,VLOOKUP(M17,A:B,2,0)) -> 46478.083 | M17: =TEXT(N17,"YYMM")&"E" -> 2704E | N17: =DATE(YEAR(TODAY())+1, 4, 1) + TIME(2, 0, 0) -> 46478.083
A18: =IF(B18="请更新日历","请更新代码",TEXT(B18,"YYMM")&"E") -> 2607E | B18: 46233.083 | D18: =OFFSET(IF(美联储议息会议日历!L1<=B2,B2,IF(美联储议息会议日历!L1<=B3,B3,IF(美联储议息会议日历!L1<=B4,B4,IF(美联储议息会议日历!L1<=B5,B5,IF(美联储议息会议日历!L1<=B6,B6,IF(美联储议息会议日历!L1<=B7,B7,IF(美联储议息会议日历!L1<=B8,B8,IF(美联储议息会议日历!L1<=B9,B9,IF(美联储议息会议日历!L1<=B10,B10,IF(美联储议息会议日历!L1<=B11,B11,IF(美联储议息会议日历!L1<=B12,B12,IF(美联储议息会议日历!L1<=B13,B13,B14)))))))))))),15,-1) -> 请更新代码 | E18: =OFFSET(IF(美联储议息会议日历!L1<B2,B2,IF(美联储议息会议日历!L1<B3,B3,IF(美联储议息会议日历!L1<B4,B4,IF(美联储议息会议日历!L1<B5,B5,IF(美联储议息会议日历!L1<B6,B6,IF(美联储议息会议日历!L1<B7,B7,IF(美联储议息会议日历!L1<B8,B8,IF(美联储议息会议日历!L1<B9,B9,IF(美联储议息会议日历!L1<B10,B10,IF(美联储议息会议日历!L1<B11,B11,IF(美联储议息会议日历!L1<B12,B12,IF(美联储议息会议日历!L1<B13,B13,B14)))))))))))),15,0) -> 请更新日历 | G18: =OFFSET(IF(美联储议息会议日历!L1<=K2,K2,IF(美联储议息会议日历!L1<=K3,K3,IF(美联储议息会议日历!L1<=K4,K4,IF(美联储议息会议日历!L1<=K5,K5,IF(美联储议息会议日历!L1<=K6,K6,IF(美联储议息会议日历!L1<=K7,K7,IF(美联储议息会议日历!L1<=K8,K8,IF(美联储议息会议日历!L1<=K9,K9,IF(美联储议息会议日历!L1<=K10,K10,IF(美联储议息会议日历!L1<=K11,K11,IF(美联储议息会议日历!L1<=K12,K12,IF(美联储议息会议日历!L1<=K13,K13,IF(美联储议息会议日历!L1<=K14,K14,IF(美联储议息会议日历!L1<=K15,K15,IF(美联储议息会议日历!L1<=K16,K16,IF(美联储议息会议日历!L1<=K17,K17,IF(美联储议息会议日历!L1<=K18,K18,IF(美联储议息会议日历!L1<=K19,K19,K20)))))))))))))))))),15,0) -> 46478.083 | H18: =_xlfn.IFNA(MATCH(G18,$E$3:$E$21,0),0) -> 0 | J18: =IF(K18="请更新日历","请更新代码",TEXT(K18,"YYMM")&"E") -> 2705E | K18: =IF(COUNTIF(A:A,M18)=0,N18,VLOOKUP(M18,A:B,2,0)) -> 46508.083 | M18: =TEXT(N18,"YYMM")&"E" -> 2705E | N18: =DATE(YEAR(TODAY())+1, 5, 1) + TIME(2, 0, 0) -> 46508.083
A19: =IF(B19="请更新日历","请更新代码",TEXT(B19,"YYMM")&"E") -> 2609E | B19: 46282.083 | D19: =OFFSET(IF(美联储议息会议日历!L1<=B2,B2,IF(美联储议息会议日历!L1<=B3,B3,IF(美联储议息会议日历!L1<=B4,B4,IF(美联储议息会议日历!L1<=B5,B5,IF(美联储议息会议日历!L1<=B6,B6,IF(美联储议息会议日历!L1<=B7,B7,IF(美联储议息会议日历!L1<=B8,B8,IF(美联储议息会议日历!L1<=B9,B9,IF(美联储议息会议日历!L1<=B10,B10,IF(美联储议息会议日历!L1<=B11,B11,IF(美联储议息会议日历!L1<=B12,B12,IF(美联储议息会议日历!L1<=B13,B13,B14)))))))))))),16,-1) -> 请更新代码 | E19: =OFFSET(IF(美联储议息会议日历!L1<B2,B2,IF(美联储议息会议日历!L1<B3,B3,IF(美联储议息会议日历!L1<B4,B4,IF(美联储议息会议日历!L1<B5,B5,IF(美联储议息会议日历!L1<B6,B6,IF(美联储议息会议日历!L1<B7,B7,IF(美联储议息会议日历!L1<B8,B8,IF(美联储议息会议日历!L1<B9,B9,IF(美联储议息会议日历!L1<B10,B10,IF(美联储议息会议日历!L1<B11,B11,IF(美联储议息会议日历!L1<B12,B12,IF(美联储议息会议日历!L1<B13,B13,B14)))))))))))),16,0) -> 请更新日历 | G19: =OFFSET(IF(美联储议息会议日历!L1<=K2,K2,IF(美联储议息会议日历!L1<=K3,K3,IF(美联储议息会议日历!L1<=K4,K4,IF(美联储议息会议日历!L1<=K5,K5,IF(美联储议息会议日历!L1<=K6,K6,IF(美联储议息会议日历!L1<=K7,K7,IF(美联储议息会议日历!L1<=K8,K8,IF(美联储议息会议日历!L1<=K9,K9,IF(美联储议息会议日历!L1<=K10,K10,IF(美联储议息会议日历!L1<=K11,K11,IF(美联储议息会议日历!L1<=K12,K12,IF(美联储议息会议日历!L1<=K13,K13,IF(美联储议息会议日历!L1<=K14,K14,IF(美联储议息会议日历!L1<=K15,K15,IF(美联储议息会议日历!L1<=K16,K16,IF(美联储议息会议日历!L1<=K17,K17,IF(美联储议息会议日历!L1<=K18,K18,IF(美联储议息会议日历!L1<=K19,K19,K20)))))))))))))))))),16,0) -> 46508.083 | H19: =_xlfn.IFNA(MATCH(G19,$E$3:$E$21,0),0) -> 0 | J19: =IF(K19="请更新日历","请更新代码",TEXT(K19,"YYMM")&"E") -> 2706E | K19: =IF(COUNTIF(A:A,M19)=0,N19,VLOOKUP(M19,A:B,2,0)) -> 46539.083 | M19: =TEXT(N19,"YYMM")&"E" -> 2706E | N19: =DATE(YEAR(TODAY())+1, 6, 1) + TIME(2, 0, 0) -> 46539.083
A20: =IF(B20="请更新日历","请更新代码",TEXT(B20,"YYMM")&"E") -> 2610E | B20: 46324.083 | D20: =OFFSET(IF(美联储议息会议日历!L1<=B2,B2,IF(美联储议息会议日历!L1<=B3,B3,IF(美联储议息会议日历!L1<=B4,B4,IF(美联储议息会议日历!L1<=B5,B5,IF(美联储议息会议日历!L1<=B6,B6,IF(美联储议息会议日历!L1<=B7,B7,IF(美联储议息会议日历!L1<=B8,B8,IF(美联储议息会议日历!L1<=B9,B9,IF(美联储议息会议日历!L1<=B10,B10,IF(美联储议息会议日历!L1<=B11,B11,IF(美联储议息会议日历!L1<=B12,B12,IF(美联储议息会议日历!L1<=B13,B13,B14)))))))))))),17,-1) -> 请更新代码 | E20: =OFFSET(IF(美联储议息会议日历!L1<B2,B2,IF(美联储议息会议日历!L1<B3,B3,IF(美联储议息会议日历!L1<B4,B4,IF(美联储议息会议日历!L1<B5,B5,IF(美联储议息会议日历!L1<B6,B6,IF(美联储议息会议日历!L1<B7,B7,IF(美联储议息会议日历!L1<B8,B8,IF(美联储议息会议日历!L1<B9,B9,IF(美联储议息会议日历!L1<B10,B10,IF(美联储议息会议日历!L1<B11,B11,IF(美联储议息会议日历!L1<B12,B12,IF(美联储议息会议日历!L1<B13,B13,B14)))))))))))),17,0) -> 请更新日历 | G20: =OFFSET(IF(美联储议息会议日历!L1<=K2,K2,IF(美联储议息会议日历!L1<=K3,K3,IF(美联储议息会议日历!L1<=K4,K4,IF(美联储议息会议日历!L1<=K5,K5,IF(美联储议息会议日历!L1<=K6,K6,IF(美联储议息会议日历!L1<=K7,K7,IF(美联储议息会议日历!L1<=K8,K8,IF(美联储议息会议日历!L1<=K9,K9,IF(美联储议息会议日历!L1<=K10,K10,IF(美联储议息会议日历!L1<=K11,K11,IF(美联储议息会议日历!L1<=K12,K12,IF(美联储议息会议日历!L1<=K13,K13,IF(美联储议息会议日历!L1<=K14,K14,IF(美联储议息会议日历!L1<=K15,K15,IF(美联储议息会议日历!L1<=K16,K16,IF(美联储议息会议日历!L1<=K17,K17,IF(美联储议息会议日历!L1<=K18,K18,IF(美联储议息会议日历!L1<=K19,K19,K20)))))))))))))))))),17,0) -> 46539.083 | H20: =_xlfn.IFNA(MATCH(G20,$E$3:$E$21,0),0) -> 0 | J20: =IF(K20="请更新日历","请更新代码",TEXT(K20,"YYMM")&"E") -> 2707E | K20: =IF(COUNTIF(A:A,M20)=0,N20,VLOOKUP(M20,A:B,2,0)) -> 46569.083 | M20: =TEXT(N20,"YYMM")&"E" -> 2707E | N20: =DATE(YEAR(TODAY())+1, 7, 1) + TIME(2, 0, 0) -> 46569.083
A21: =IF(B21="请更新日历","请更新代码",TEXT(B21,"YYMM")&"E") -> 2612E | B21: 46366.083 | D21: =OFFSET(IF(美联储议息会议日历!L1<=B2,B2,IF(美联储议息会议日历!L1<=B3,B3,IF(美联储议息会议日历!L1<=B4,B4,IF(美联储议息会议日历!L1<=B5,B5,IF(美联储议息会议日历!L1<=B6,B6,IF(美联储议息会议日历!L1<=B7,B7,IF(美联储议息会议日历!L1<=B8,B8,IF(美联储议息会议日历!L1<=B9,B9,IF(美联储议息会议日历!L1<=B10,B10,IF(美联储议息会议日历!L1<=B11,B11,IF(美联储议息会议日历!L1<=B12,B12,IF(美联储议息会议日历!L1<=B13,B13,B14)))))))))))),18,-1) -> 请更新代码 | E21: =OFFSET(IF(美联储议息会议日历!L1<B2,B2,IF(美联储议息会议日历!L1<B3,B3,IF(美联储议息会议日历!L1<B4,B4,IF(美联储议息会议日历!L1<B5,B5,IF(美联储议息会议日历!L1<B6,B6,IF(美联储议息会议日历!L1<B7,B7,IF(美联储议息会议日历!L1<B8,B8,IF(美联储议息会议日历!L1<B9,B9,IF(美联储议息会议日历!L1<B10,B10,IF(美联储议息会议日历!L1<B11,B11,IF(美联储议息会议日历!L1<B12,B12,IF(美联储议息会议日历!L1<B13,B13,B14)))))))))))),18,0) -> 请更新日历 | G21: =OFFSET(IF(美联储议息会议日历!L1<=K2,K2,IF(美联储议息会议日历!L1<=K3,K3,IF(美联储议息会议日历!L1<=K4,K4,IF(美联储议息会议日历!L1<=K5,K5,IF(美联储议息会议日历!L1<=K6,K6,IF(美联储议息会议日历!L1<=K7,K7,IF(美联储议息会议日历!L1<=K8,K8,IF(美联储议息会议日历!L1<=K9,K9,IF(美联储议息会议日历!L1<=K10,K10,IF(美联储议息会议日历!L1<=K11,K11,IF(美联储议息会议日历!L1<=K12,K12,IF(美联储议息会议日历!L1<=K13,K13,IF(美联储议息会议日历!L1<=K14,K14,IF(美联储议息会议日历!L1<=K15,K15,IF(美联储议息会议日历!L1<=K16,K16,IF(美联储议息会议日历!L1<=K17,K17,IF(美联储议息会议日历!L1<=K18,K18,IF(美联储议息会议日历!L1<=K19,K19,K20)))))))))))))))))),18,0) -> 46569.083 | H21: =_xlfn.IFNA(MATCH(G21,$E$3:$E$21,0),0) -> 0 | J21: =IF(K21="请更新日历","请更新代码",TEXT(K21,"YYMM")&"E") -> 2708E | K21: =IF(COUNTIF(A:A,M21)=0,N21,VLOOKUP(M21,A:B,2,0)) -> 46600.083 | M21: =TEXT(N21,"YYMM")&"E" -> 2708E | N21: =DATE(YEAR(TODAY())+1, 8, 1) + TIME(2, 0, 0) -> 46600.083
A22: =IF(B22="请更新日历","请更新代码",TEXT(B22,"YYMM")&"E") -> 请更新代码 | B22: 请更新日历 | D22: =OFFSET(IF(美联储议息会议日历!L1<=B2,B2,IF(美联储议息会议日历!L1<=B3,B3,IF(美联储议息会议日历!L1<=B4,B4,IF(美联储议息会议日历!L1<=B5,B5,IF(美联储议息会议日历!L1<=B6,B6,IF(美联储议息会议日历!L1<=B7,B7,IF(美联储议息会议日历!L1<=B8,B8,IF(美联储议息会议日历!L1<=B9,B9,IF(美联储议息会议日历!L1<=B10,B10,IF(美联储议息会议日历!L1<=B11,B11,IF(美联储议息会议日历!L1<=B12,B12,IF(美联储议息会议日历!L1<=B13,B13,B14)))))))))))),19,-1) -> 请更新代码 | E22: =OFFSET(IF(美联储议息会议日历!L1<B2,B2,IF(美联储议息会议日历!L1<B3,B3,IF(美联储议息会议日历!L1<B4,B4,IF(美联储议息会议日历!L1<B5,B5,IF(美联储议息会议日历!L1<B6,B6,IF(美联储议息会议日历!L1<B7,B7,IF(美联储议息会议日历!L1<B8,B8,IF(美联储议息会议日历!L1<B9,B9,IF(美联储议息会议日历!L1<B10,B10,IF(美联储议息会议日历!L1<B11,B11,IF(美联储议息会议日历!L1<B12,B12,IF(美联储议息会议日历!L1<B13,B13,B14)))))))))))),19,0) -> 请更新日历 | G22: =OFFSET(IF(美联储议息会议日历!L1<=K2,K2,IF(美联储议息会议日历!L1<=K3,K3,IF(美联储议息会议日历!L1<=K4,K4,IF(美联储议息会议日历!L1<=K5,K5,IF(美联储议息会议日历!L1<=K6,K6,IF(美联储议息会议日历!L1<=K7,K7,IF(美联储议息会议日历!L1<=K8,K8,IF(美联储议息会议日历!L1<=K9,K9,IF(美联储议息会议日历!L1<=K10,K10,IF(美联储议息会议日历!L1<=K11,K11,IF(美联储议息会议日历!L1<=K12,K12,IF(美联储议息会议日历!L1<=K13,K13,IF(美联储议息会议日历!L1<=K14,K14,IF(美联储议息会议日历!L1<=K15,K15,IF(美联储议息会议日历!L1<=K16,K16,IF(美联储议息会议日历!L1<=K17,K17,IF(美联储议息会议日历!L1<=K18,K18,IF(美联储议息会议日历!L1<=K19,K19,K20)))))))))))))))))),19,0) -> 46600.083 | H22: =_xlfn.IFNA(MATCH(G22,$E$3:$E$21,0),0) -> 0 | J22: =IF(K22="请更新日历","请更新代码",TEXT(K22,"YYMM")&"E") -> 2709E | K22: =IF(COUNTIF(A:A,M22)=0,N22,VLOOKUP(M22,A:B,2,0)) -> 46631.083 | M22: =TEXT(N22,"YYMM")&"E" -> 2709E | N22: =DATE(YEAR(TODAY())+1, 9, 1) + TIME(2, 0, 0) -> 46631.083
A23: =IF(B23="请更新日历","请更新代码",TEXT(B23,"YYMM")&"E") -> 请更新代码 | B23: 请更新日历 | D23: =OFFSET(IF(美联储议息会议日历!L1<=B2,B2,IF(美联储议息会议日历!L1<=B3,B3,IF(美联储议息会议日历!L1<=B4,B4,IF(美联储议息会议日历!L1<=B5,B5,IF(美联储议息会议日历!L1<=B6,B6,IF(美联储议息会议日历!L1<=B7,B7,IF(美联储议息会议日历!L1<=B8,B8,IF(美联储议息会议日历!L1<=B9,B9,IF(美联储议息会议日历!L1<=B10,B10,IF(美联储议息会议日历!L1<=B11,B11,IF(美联储议息会议日历!L1<=B12,B12,IF(美联储议息会议日历!L1<=B13,B13,B14)))))))))))),20,-1) -> 请更新代码 | E23: =OFFSET(IF(美联储议息会议日历!L1<B2,B2,IF(美联储议息会议日历!L1<B3,B3,IF(美联储议息会议日历!L1<B4,B4,IF(美联储议息会议日历!L1<B5,B5,IF(美联储议息会议日历!L1<B6,B6,IF(美联储议息会议日历!L1<B7,B7,IF(美联储议息会议日历!L1<B8,B8,IF(美联储议息会议日历!L1<B9,B9,IF(美联储议息会议日历!L1<B10,B10,IF(美联储议息会议日历!L1<B11,B11,IF(美联储议息会议日历!L1<B12,B12,IF(美联储议息会议日历!L1<B13,B13,B14)))))))))))),20,0) -> 请更新日历 | G23: =OFFSET(IF(美联储议息会议日历!L1<=K2,K2,IF(美联储议息会议日历!L1<=K3,K3,IF(美联储议息会议日历!L1<=K4,K4,IF(美联储议息会议日历!L1<=K5,K5,IF(美联储议息会议日历!L1<=K6,K6,IF(美联储议息会议日历!L1<=K7,K7,IF(美联储议息会议日历!L1<=K8,K8,IF(美联储议息会议日历!L1<=K9,K9,IF(美联储议息会议日历!L1<=K10,K10,IF(美联储议息会议日历!L1<=K11,K11,IF(美联储议息会议日历!L1<=K12,K12,IF(美联储议息会议日历!L1<=K13,K13,IF(美联储议息会议日历!L1<=K14,K14,IF(美联储议息会议日历!L1<=K15,K15,IF(美联储议息会议日历!L1<=K16,K16,IF(美联储议息会议日历!L1<=K17,K17,IF(美联储议息会议日历!L1<=K18,K18,IF(美联储议息会议日历!L1<=K19,K19,K20)))))))))))))))))),20,0) -> 46631.083 | H23: =_xlfn.IFNA(MATCH(G23,$E$3:$E$21,0),0) -> 0 | J23: =IF(K23="请更新日历","请更新代码",TEXT(K23,"YYMM")&"E") -> 2710E | K23: =IF(COUNTIF(A:A,M23)=0,N23,VLOOKUP(M23,A:B,2,0)) -> 46661.083 | M23: =TEXT(N23,"YYMM")&"E" -> 2710E | N23: =DATE(YEAR(TODAY())+1, 10, 1) + TIME(2, 0, 0) -> 46661.083
A24: =IF(B24="请更新日历","请更新代码",TEXT(B24,"YYMM")&"E") -> 请更新代码 | B24: 请更新日历 | G24: =OFFSET(IF(美联储议息会议日历!L1<=K2,K2,IF(美联储议息会议日历!L1<=K3,K3,IF(美联储议息会议日历!L1<=K4,K4,IF(美联储议息会议日历!L1<=K5,K5,IF(美联储议息会议日历!L1<=K6,K6,IF(美联储议息会议日历!L1<=K7,K7,IF(美联储议息会议日历!L1<=K8,K8,IF(美联储议息会议日历!L1<=K9,K9,IF(美联储议息会议日历!L1<=K10,K10,IF(美联储议息会议日历!L1<=K11,K11,IF(美联储议息会议日历!L1<=K12,K12,IF(美联储议息会议日历!L1<=K13,K13,IF(美联储议息会议日历!L1<=K14,K14,IF(美联储议息会议日历!L1<=K15,K15,IF(美联储议息会议日历!L1<=K16,K16,IF(美联储议息会议日历!L1<=K17,K17,IF(美联储议息会议日历!L1<=K18,K18,IF(美联储议息会议日历!L1<=K19,K19,K20)))))))))))))))))),21,0) -> 46661.083 | H24: =_xlfn.IFNA(MATCH(G24,$E$3:$E$21,0),0) -> 0 | J24: =IF(K24="请更新日历","请更新代码",TEXT(K24,"YYMM")&"E") -> 2711E | K24: =IF(COUNTIF(A:A,M24)=0,N24,VLOOKUP(M24,A:B,2,0)) -> 46692.083 | M24: =TEXT(N24,"YYMM")&"E" -> 2711E | N24: =DATE(YEAR(TODAY())+1, 11, 1) + TIME(2, 0, 0) -> 46692.083
A25: =IF(B25="请更新日历","请更新代码",TEXT(B25,"YYMM")&"E") -> 请更新代码 | B25: 请更新日历 | G25: =OFFSET(IF(美联储议息会议日历!L1<=K2,K2,IF(美联储议息会议日历!L1<=K3,K3,IF(美联储议息会议日历!L1<=K4,K4,IF(美联储议息会议日历!L1<=K5,K5,IF(美联储议息会议日历!L1<=K6,K6,IF(美联储议息会议日历!L1<=K7,K7,IF(美联储议息会议日历!L1<=K8,K8,IF(美联储议息会议日历!L1<=K9,K9,IF(美联储议息会议日历!L1<=K10,K10,IF(美联储议息会议日历!L1<=K11,K11,IF(美联储议息会议日历!L1<=K12,K12,IF(美联储议息会议日历!L1<=K13,K13,IF(美联储议息会议日历!L1<=K14,K14,IF(美联储议息会议日历!L1<=K15,K15,IF(美联储议息会议日历!L1<=K16,K16,IF(美联储议息会议日历!L1<=K17,K17,IF(美联储议息会议日历!L1<=K18,K18,IF(美联储议息会议日历!L1<=K19,K19,K20)))))))))))))))))),22,0) -> 46692.083 | H25: =_xlfn.IFNA(MATCH(G25,$E$3:$E$21,0),0) -> 0 | J25: =IF(K25="请更新日历","请更新代码",TEXT(K25,"YYMM")&"E") -> 2712E | K25: =IF(COUNTIF(A:A,M25)=0,N25,VLOOKUP(M25,A:B,2,0)) -> 46722.083 | M25: =TEXT(N25,"YYMM")&"E" -> 2712E | N25: =DATE(YEAR(TODAY())+1, 12, 1) + TIME(2, 0, 0) -> 46722.083
A26: =IF(B26="请更新日历","请更新代码",TEXT(B26,"YYMM")&"E") -> 请更新代码 | B26: 请更新日历 | G26: =OFFSET(IF(美联储议息会议日历!L1<=K2,K2,IF(美联储议息会议日历!L1<=K3,K3,IF(美联储议息会议日历!L1<=K4,K4,IF(美联储议息会议日历!L1<=K5,K5,IF(美联储议息会议日历!L1<=K6,K6,IF(美联储议息会议日历!L1<=K7,K7,IF(美联储议息会议日历!L1<=K8,K8,IF(美联储议息会议日历!L1<=K9,K9,IF(美联储议息会议日历!L1<=K10,K10,IF(美联储议息会议日历!L1<=K11,K11,IF(美联储议息会议日历!L1<=K12,K12,IF(美联储议息会议日历!L1<=K13,K13,IF(美联储议息会议日历!L1<=K14,K14,IF(美联储议息会议日历!L1<=K15,K15,IF(美联储议息会议日历!L1<=K16,K16,IF(美联储议息会议日历!L1<=K17,K17,IF(美联储议息会议日历!L1<=K18,K18,IF(美联储议息会议日历!L1<=K19,K19,K20)))))))))))))))))),23,0) -> 46722.083 | H26: =_xlfn.IFNA(MATCH(G26,$E$3:$E$21,0),0) -> 0 | J26: =IF(K26="请更新日历","请更新代码",TEXT(K26,"YYMM")&"E") -> 2801E | K26: =IF(COUNTIF(A:A,M26)=0,N26,VLOOKUP(M26,A:B,2,0)) -> 46753.083 | M26: =TEXT(N26,"YYMM")&"E" -> 2801E | N26: =DATE(YEAR(TODAY())+2, 1, 1) + TIME(2, 0, 0) -> 46753.083
A27: =IF(B27="请更新日历","请更新代码",TEXT(B27,"YYMM")&"E") -> 请更新代码 | B27: 请更新日历 | G27: =OFFSET(IF(美联储议息会议日历!L1<=K2,K2,IF(美联储议息会议日历!L1<=K3,K3,IF(美联储议息会议日历!L1<=K4,K4,IF(美联储议息会议日历!L1<=K5,K5,IF(美联储议息会议日历!L1<=K6,K6,IF(美联储议息会议日历!L1<=K7,K7,IF(美联储议息会议日历!L1<=K8,K8,IF(美联储议息会议日历!L1<=K9,K9,IF(美联储议息会议日历!L1<=K10,K10,IF(美联储议息会议日历!L1<=K11,K11,IF(美联储议息会议日历!L1<=K12,K12,IF(美联储议息会议日历!L1<=K13,K13,IF(美联储议息会议日历!L1<=K14,K14,IF(美联储议息会议日历!L1<=K15,K15,IF(美联储议息会议日历!L1<=K16,K16,IF(美联储议息会议日历!L1<=K17,K17,IF(美联储议息会议日历!L1<=K18,K18,IF(美联储议息会议日历!L1<=K19,K19,K20)))))))))))))))))),24,0) -> 46753.083 | H27: =_xlfn.IFNA(MATCH(G27,$E$3:$E$21,0),0) -> 0 | J27: =IF(K27="请更新日历","请更新代码",TEXT(K27,"YYMM")&"E") -> 2802E | K27: =IF(COUNTIF(A:A,M27)=0,N27,VLOOKUP(M27,A:B,2,0)) -> 46784.083 | M27: =TEXT(N27,"YYMM")&"E" -> 2802E | N27: =DATE(YEAR(TODAY())+2, 2, 1) + TIME(2, 0, 0) -> 46784.083
A28: =IF(B28="请更新日历","请更新代码",TEXT(B28,"YYMM")&"E") -> 请更新代码 | B28: 请更新日历 | G28: =OFFSET(IF(美联储议息会议日历!L1<=K2,K2,IF(美联储议息会议日历!L1<=K3,K3,IF(美联储议息会议日历!L1<=K4,K4,IF(美联储议息会议日历!L1<=K5,K5,IF(美联储议息会议日历!L1<=K6,K6,IF(美联储议息会议日历!L1<=K7,K7,IF(美联储议息会议日历!L1<=K8,K8,IF(美联储议息会议日历!L1<=K9,K9,IF(美联储议息会议日历!L1<=K10,K10,IF(美联储议息会议日历!L1<=K11,K11,IF(美联储议息会议日历!L1<=K12,K12,IF(美联储议息会议日历!L1<=K13,K13,IF(美联储议息会议日历!L1<=K14,K14,IF(美联储议息会议日历!L1<=K15,K15,IF(美联储议息会议日历!L1<=K16,K16,IF(美联储议息会议日历!L1<=K17,K17,IF(美联储议息会议日历!L1<=K18,K18,IF(美联储议息会议日历!L1<=K19,K19,K20)))))))))))))))))),25,0) -> 46784.083 | H28: =_xlfn.IFNA(MATCH(G28,$E$3:$E$21,0),0) -> 0 | J28: =IF(K28="请更新日历","请更新代码",TEXT(K28,"YYMM")&"E") -> 2803E | K28: =IF(COUNTIF(A:A,M28)=0,N28,VLOOKUP(M28,A:B,2,0)) -> 46813.083 | M28: =TEXT(N28,"YYMM")&"E" -> 2803E | N28: =DATE(YEAR(TODAY())+2, 3, 1) + TIME(2, 0, 0) -> 46813.083
A29: =IF(B29="请更新日历","请更新代码",TEXT(B29,"YYMM")&"E") -> 请更新代码 | B29: 请更新日历 | G29: =OFFSET(IF(美联储议息会议日历!L1<=K2,K2,IF(美联储议息会议日历!L1<=K3,K3,IF(美联储议息会议日历!L1<=K4,K4,IF(美联储议息会议日历!L1<=K5,K5,IF(美联储议息会议日历!L1<=K6,K6,IF(美联储议息会议日历!L1<=K7,K7,IF(美联储议息会议日历!L1<=K8,K8,IF(美联储议息会议日历!L1<=K9,K9,IF(美联储议息会议日历!L1<=K10,K10,IF(美联储议息会议日历!L1<=K11,K11,IF(美联储议息会议日历!L1<=K12,K12,IF(美联储议息会议日历!L1<=K13,K13,IF(美联储议息会议日历!L1<=K14,K14,IF(美联储议息会议日历!L1<=K15,K15,IF(美联储议息会议日历!L1<=K16,K16,IF(美联储议息会议日历!L1<=K17,K17,IF(美联储议息会议日历!L1<=K18,K18,IF(美联储议息会议日历!L1<=K19,K19,K20)))))))))))))))))),26,0) -> 46813.083 | H29: =_xlfn.IFNA(MATCH(G29,$E$3:$E$21,0),0) -> 0 | J29: =IF(K29="请更新日历","请更新代码",TEXT(K29,"YYMM")&"E") -> 2804E | K29: =IF(COUNTIF(A:A,M29)=0,N29,VLOOKUP(M29,A:B,2,0)) -> 46844.083 | M29: =TEXT(N29,"YYMM")&"E" -> 2804E | N29: =DATE(YEAR(TODAY())+2, 4, 1) + TIME(2, 0, 0) -> 46844.083
A30: =IF(B30="请更新日历","请更新代码",TEXT(B30,"YYMM")&"E") -> 请更新代码 | B30: 请更新日历 | G30: =OFFSET(IF(美联储议息会议日历!L1<=K2,K2,IF(美联储议息会议日历!L1<=K3,K3,IF(美联储议息会议日历!L1<=K4,K4,IF(美联储议息会议日历!L1<=K5,K5,IF(美联储议息会议日历!L1<=K6,K6,IF(美联储议息会议日历!L1<=K7,K7,IF(美联储议息会议日历!L1<=K8,K8,IF(美联储议息会议日历!L1<=K9,K9,IF(美联储议息会议日历!L1<=K10,K10,IF(美联储议息会议日历!L1<=K11,K11,IF(美联储议息会议日历!L1<=K12,K12,IF(美联储议息会议日历!L1<=K13,K13,IF(美联储议息会议日历!L1<=K14,K14,IF(美联储议息会议日历!L1<=K15,K15,IF(美联储议息会议日历!L1<=K16,K16,IF(美联储议息会议日历!L1<=K17,K17,IF(美联储议息会议日历!L1<=K18,K18,IF(美联储议息会议日历!L1<=K19,K19,K20)))))))))))))))))),27,0) -> 46844.083 | H30: =_xlfn.IFNA(MATCH(G30,$E$3:$E$21,0),0) -> 0 | J30: =IF(K30="请更新日历","请更新代码",TEXT(K30,"YYMM")&"E") -> 2805E | K30: =IF(COUNTIF(A:A,M30)=0,N30,VLOOKUP(M30,A:B,2,0)) -> 46874.083 | M30: =TEXT(N30,"YYMM")&"E" -> 2805E | N30: =DATE(YEAR(TODAY())+2, 5, 1) + TIME(2, 0, 0) -> 46874.083
A31: =IF(B31="请更新日历","请更新代码",TEXT(B31,"YYMM")&"E") -> 请更新代码 | B31: 请更新日历 | G31: =OFFSET(IF(美联储议息会议日历!L1<=K2,K2,IF(美联储议息会议日历!L1<=K3,K3,IF(美联储议息会议日历!L1<=K4,K4,IF(美联储议息会议日历!L1<=K5,K5,IF(美联储议息会议日历!L1<=K6,K6,IF(美联储议息会议日历!L1<=K7,K7,IF(美联储议息会议日历!L1<=K8,K8,IF(美联储议息会议日历!L1<=K9,K9,IF(美联储议息会议日历!L1<=K10,K10,IF(美联储议息会议日历!L1<=K11,K11,IF(美联储议息会议日历!L1<=K12,K12,IF(美联储议息会议日历!L1<=K13,K13,IF(美联储议息会议日历!L1<=K14,K14,IF(美联储议息会议日历!L1<=K15,K15,IF(美联储议息会议日历!L1<=K16,K16,IF(美联储议息会议日历!L1<=K17,K17,IF(美联储议息会议日历!L1<=K18,K18,IF(美联储议息会议日历!L1<=K19,K19,K20)))))))))))))))))),28,0) -> 46874.083 | H31: =_xlfn.IFNA(MATCH(G31,$E$3:$E$21,0),0) -> 0 | J31: =IF(K31="请更新日历","请更新代码",TEXT(K31,"YYMM")&"E") -> 2806E | K31: =IF(COUNTIF(A:A,M31)=0,N31,VLOOKUP(M31,A:B,2,0)) -> 46905.083 | M31: =TEXT(N31,"YYMM")&"E" -> 2806E | N31: =DATE(YEAR(TODAY())+2, 6, 1) + TIME(2, 0, 0) -> 46905.083
A32: =IF(B32="请更新日历","请更新代码",TEXT(B32,"YYMM")&"E") -> 请更新代码 | B32: 请更新日历 | J32: =IF(K32="请更新日历","请更新代码",TEXT(K32,"YYMM")&"E") -> 2807E | K32: =IF(COUNTIF(A:A,M32)=0,N32,VLOOKUP(M32,A:B,2,0)) -> 46935.083 | M32: =TEXT(N32,"YYMM")&"E" -> 2807E | N32: =DATE(YEAR(TODAY())+2, 7, 1) + TIME(2, 0, 0) -> 46935.083
A33: =IF(B33="请更新日历","请更新代码",TEXT(B33,"YYMM")&"E") -> 请更新代码 | B33: 请更新日历 | J33: =IF(K33="请更新日历","请更新代码",TEXT(K33,"YYMM")&"E") -> 2808E | K33: =IF(COUNTIF(A:A,M33)=0,N33,VLOOKUP(M33,A:B,2,0)) -> 46966.083 | M33: =TEXT(N33,"YYMM")&"E" -> 2808E | N33: =DATE(YEAR(TODAY())+2, 8, 1) + TIME(2, 0, 0) -> 46966.083
A34: =IF(B34="请更新日历","请更新代码",TEXT(B34,"YYMM")&"E") -> 请更新代码 | B34: 请更新日历 | J34: =IF(K34="请更新日历","请更新代码",TEXT(K34,"YYMM")&"E") -> 2809E | K34: =IF(COUNTIF(A:A,M34)=0,N34,VLOOKUP(M34,A:B,2,0)) -> 46997.083 | M34: =TEXT(N34,"YYMM")&"E" -> 2809E | N34: =DATE(YEAR(TODAY())+2, 9, 1) + TIME(2, 0, 0) -> 46997.083
A35: =IF(B35="请更新日历","请更新代码",TEXT(B35,"YYMM")&"E") -> 请更新代码 | B35: 请更新日历 | J35: =IF(K35="请更新日历","请更新代码",TEXT(K35,"YYMM")&"E") -> 2810E | K35: =IF(COUNTIF(A:A,M35)=0,N35,VLOOKUP(M35,A:B,2,0)) -> 47027.083 | M35: =TEXT(N35,"YYMM")&"E" -> 2810E | N35: =DATE(YEAR(TODAY())+2, 10, 1) + TIME(2, 0, 0) -> 47027.083
A36: =IF(B36="请更新日历","请更新代码",TEXT(B36,"YYMM")&"E") -> 请更新代码 | B36: 请更新日历 | J36: =IF(K36="请更新日历","请更新代码",TEXT(K36,"YYMM")&"E") -> 2811E | K36: =IF(COUNTIF(A:A,M36)=0,N36,VLOOKUP(M36,A:B,2,0)) -> 47058.083 | M36: =TEXT(N36,"YYMM")&"E" -> 2811E | N36: =DATE(YEAR(TODAY())+2, 11, 1) + TIME(2, 0, 0) -> 47058.083
A37: =IF(B37="请更新日历","请更新代码",TEXT(B37,"YYMM")&"E") -> 请更新代码 | B37: 请更新日历 | J37: =IF(K37="请更新日历","请更新代码",TEXT(K37,"YYMM")&"E") -> 2812E | K37: =IF(COUNTIF(A:A,M37)=0,N37,VLOOKUP(M37,A:B,2,0)) -> 47088.083 | M37: =TEXT(N37,"YYMM")&"E" -> 2812E | N37: =DATE(YEAR(TODAY())+2, 12, 1) + TIME(2, 0, 0) -> 47088.083
J38: =IF(K38="请更新日历","请更新代码",TEXT(K38,"YYMM")&"E") -> 2901E | K38: =IF(COUNTIF(A:A,M38)=0,N38,VLOOKUP(M38,A:B,2,0)) -> 47119.083 | M38: =TEXT(N38,"YYMM")&"E" -> 2901E | N38: =DATE(YEAR(TODAY())+3, 1, 1) + TIME(2, 0, 0) -> 47119.083
J39: =IF(K39="请更新日历","请更新代码",TEXT(K39,"YYMM")&"E") -> 2902E | K39: =IF(COUNTIF(A:A,M39)=0,N39,VLOOKUP(M39,A:B,2,0)) -> 47150.083 | M39: =TEXT(N39,"YYMM")&"E" -> 2902E | N39: =DATE(YEAR(TODAY())+3, 2, 1) + TIME(2, 0, 0) -> 47150.083
J40: =IF(K40="请更新日历","请更新代码",TEXT(K40,"YYMM")&"E") -> 2903E | K40: =IF(COUNTIF(A:A,M40)=0,N40,VLOOKUP(M40,A:B,2,0)) -> 47178.083 | M40: =TEXT(N40,"YYMM")&"E" -> 2903E | N40: =DATE(YEAR(TODAY())+3, 3, 1) + TIME(2, 0, 0) -> 47178.083
J41: =IF(K41="请更新日历","请更新代码",TEXT(K41,"YYMM")&"E") -> 2904E | K41: =IF(COUNTIF(A:A,M41)=0,N41,VLOOKUP(M41,A:B,2,0)) -> 47209.083 | M41: =TEXT(N41,"YYMM")&"E" -> 2904E | N41: =DATE(YEAR(TODAY())+3, 4, 1) + TIME(2, 0, 0) -> 47209.083
J42: =IF(K42="请更新日历","请更新代码",TEXT(K42,"YYMM")&"E") -> 2905E | K42: =IF(COUNTIF(A:A,M42)=0,N42,VLOOKUP(M42,A:B,2,0)) -> 47239.083 | M42: =TEXT(N42,"YYMM")&"E" -> 2905E | N42: =DATE(YEAR(TODAY())+3, 5, 1) + TIME(2, 0, 0) -> 47239.083
J43: =IF(K43="请更新日历","请更新代码",TEXT(K43,"YYMM")&"E") -> 2906E | K43: =IF(COUNTIF(A:A,M43)=0,N43,VLOOKUP(M43,A:B,2,0)) -> 47270.083 | M43: =TEXT(N43,"YYMM")&"E" -> 2906E | N43: =DATE(YEAR(TODAY())+3, 6, 1) + TIME(2, 0, 0) -> 47270.083
J44: =IF(K44="请更新日历","请更新代码",TEXT(K44,"YYMM")&"E") -> 2907E | K44: =IF(COUNTIF(A:A,M44)=0,N44,VLOOKUP(M44,A:B,2,0)) -> 47300.083 | M44: =TEXT(N44,"YYMM")&"E" -> 2907E | N44: =DATE(YEAR(TODAY())+3, 7, 1) + TIME(2, 0, 0) -> 47300.083
J45: =IF(K45="请更新日历","请更新代码",TEXT(K45,"YYMM")&"E") -> 2908E | K45: =IF(COUNTIF(A:A,M45)=0,N45,VLOOKUP(M45,A:B,2,0)) -> 47331.083 | M45: =TEXT(N45,"YYMM")&"E" -> 2908E | N45: =DATE(YEAR(TODAY())+3, 8, 1) + TIME(2, 0, 0) -> 47331.083
J46: =IF(K46="请更新日历","请更新代码",TEXT(K46,"YYMM")&"E") -> 2909E | K46: =IF(COUNTIF(A:A,M46)=0,N46,VLOOKUP(M46,A:B,2,0)) -> 47362.083 | M46: =TEXT(N46,"YYMM")&"E" -> 2909E | N46: =DATE(YEAR(TODAY())+3, 9, 1) + TIME(2, 0, 0) -> 47362.083
J47: =IF(K47="请更新日历","请更新代码",TEXT(K47,"YYMM")&"E") -> 2910E | K47: =IF(COUNTIF(A:A,M47)=0,N47,VLOOKUP(M47,A:B,2,0)) -> 47392.083 | M47: =TEXT(N47,"YYMM")&"E" -> 2910E | N47: =DATE(YEAR(TODAY())+3, 10, 1) + TIME(2, 0, 0) -> 47392.083
J48: =IF(K48="请更新日历","请更新代码",TEXT(K48,"YYMM")&"E") -> 2911E | K48: =IF(COUNTIF(A:A,M48)=0,N48,VLOOKUP(M48,A:B,2,0)) -> 47423.083 | M48: =TEXT(N48,"YYMM")&"E" -> 2911E | N48: =DATE(YEAR(TODAY())+3, 11, 1) + TIME(2, 0, 0) -> 47423.083
M49: =TEXT(N49,"YYMM")&"E" -> 2912E | N49: =DATE(YEAR(TODAY())+3, 12, 1) + TIME(2, 0, 0) -> 47453.083

Sheet 使用说明
B1: 美联储利率观测器使用说明

Sheet 加息降息概率计算
G1: 美联储议息会议加息降息概率计算 | X1: 最近更新： | Y1: =TODAY() -> 46037
B3: 2 | O3: 加息/降息概率 | W3: 累计加息/降息概率
C4: 检索代码 | F4: 会议日期 | H4: 距离月初/月末天数 | I4: 距离月初/月末天数% | J4: 价格 | K4: 隐含利率 | L4: 月度价差 | M4: 25bp变动次数 | N4: 达成加减息次数&余数 | O4: -50bps | P4: -25bps | Q4: 0bps | R4: +25bps | S4: +50bps | T4: 和当前月度价差 | U4: 25bp变动次数 | V4: 达成加减息次数&余数 | W4: 降息 | X4: 保持不变 | Y4: 加息
C5: =TEXT(D5,"YYMM")&"EE" -> 2804EE | D5: =D6 -> 46844.083 | E5: 月末 | H5: =DAY(EOMONTH(D5,0))-H7 -> 30 | I5: =H5/(H7+H5) -> 1 | J5: =IF(G6,IF(I7=0,J6,(J6-I7*J7)/I5),J6) -> 96.875 | K5: =100-J5 -> 3.125 | L5: =K5-K7 -> 0 | M5: =L5/25*100 -> 0 | N5: =TRUNC(M5,0)/1 -> 0 | T5: =K5-$K$88 -> -0.51607143 | U5: =T5/25*100 -> -2.0642857 | V5: =TRUNC(U5,0)/1 -> -2
C6: =TEXT(D6,"YYMM")&"E" -> 2804E | D6: =日历计算!G30 -> 46844.083 | E6: 平均 | F6: =IF(日历计算!H30<>0,日历计算!G30,"当月无会议"&"("&TEXT(日历计算!G30,"M")&"月)") -> 当月无会议(4月) | G6: =IF(LEFT(F6,1)="当",FALSE,TRUE) -> FALSE | J6: =VLOOKUP(C6,FF期货结算价!D:Z,$B$3,0) -> 96.875 | K6: =100-J6 -> 3.125 | N6: =IF(M5>0,MOD(M5,1),MOD(M5,-1)) -> 0 | O6: =IF(N5=-2,1-ABS(N6),IF(N5=-1,ABS(N6),0)) -> 0 | P6: =IF(N5=-1,1-ABS(N6),IF(N5=0,IF(N6<0,ABS(N6),0),0)) -> 0 | Q6: =IF(N5=0,1-ABS(N6),0) -> 1 | R6: =IF(N5=0,IF(N6>0,ABS(N6),0),IF(N6=1,1-ABS(N6),0)) -> 0 | S6: =IF(N5=1,ABS(N6),IF(N5=2,1-ABS(N6),0)) -> 0 | V6: =IF(U5>0,MOD(U5,1),MOD(U5,-1)) -> -0.064285714 | W6: =IF(V5<0,100%,IF(V6<0,ABS(V6),0)) -> 1 | X6: =IF(V5=0,1-ABS(V6),0) -> 0 | Y6: =IF(V5>0,100%,IF(V6>0,V6,0)) -> 0
D7: =D6 -> 46844.083 | E7: 月初 | H7: =TEXT(D7,"dd")-1 -> 0 | I7: =H7/(H7+H5) -> 0 | J7: =IF(G6,J8,J6) -> 96.875 | K7: =100-J7 -> 3.125
C8: =TEXT(D8,"YYMM")&"EE" -> 2803EE | D8: =D9 -> 46813.083 | E8: 月末 | H8: =DAY(EOMONTH(D8,0))-H10 -> 31 | I8: =H8/(H10+H8) -> 1 | J8: =IF(G9,IF(G6,IF(I10=0,J9,(J9-I10*J11)/I8),J7),J9) -> 96.915 | K8: =100-J8 -> 3.085 | L8: =K8-K10 -> 0 | M8: =L8/25*100 -> 0 | N8: =TRUNC(M8,0)/1 -> 0 | T8: =K8-$K$88 -> -0.55607143 | U8: =T8/25*100 -> -2.2242857 | V8: =TRUNC(U8,0)/1 -> -2
C9: =TEXT(D9,"YYMM")&"E" -> 2803E | D9: =日历计算!G29 -> 46813.083 | E9: 平均 | F9: =IF(日历计算!H29<>0,日历计算!G29,"当月无会议"&"("&TEXT(日历计算!G29,"M")&"月)") -> 当月无会议(3月) | G9: =IF(LEFT(F9,1)="当",FALSE,TRUE) -> FALSE | J9: =VLOOKUP(C9,FF期货结算价!D:Z,$B$3,0) -> 96.915 | K9: =100-J9 -> 3.085 | N9: =IF(M8>0,MOD(M8,1),MOD(M8,-1)) -> 0 | O9: =IF(N8=-2,1-ABS(N9),IF(N8=-1,ABS(N9),0)) -> 0 | P9: =IF(N8=-1,1-ABS(N9),IF(N8=0,IF(N9<0,ABS(N9),0),0)) -> 0 | Q9: =IF(N8=0,1-ABS(N9),0) -> 1 | R9: =IF(N8=0,IF(N9>0,ABS(N9),0),IF(N9=1,1-ABS(N9),0)) -> 0 | S9: =IF(N8=1,ABS(N9),IF(N8=2,1-ABS(N9),0)) -> 0 | V9: =IF(U8>0,MOD(U8,1),MOD(U8,-1)) -> -0.22428571 | W9: =IF(V8<0,100%,IF(V9<0,ABS(V9),0)) -> 1 | X9: =IF(V8=0,1-ABS(V9),0) -> 0 | Y9: =IF(V8>0,100%,IF(V9>0,V9,0)) -> 0
D10: =D9 -> 46813.083 | E10: 月初 | H10: =TEXT(D10,"dd")-1 -> 0 | I10: =H10/(H10+H8) -> 0 | J10: =IF(G9,J11,J9) -> 96.915 | K10: =100-J10 -> 3.085
C11: =TEXT(D11,"YYMM")&"EE" -> 2802EE | D11: =D12 -> 46784.083 | E11: 月末 | H11: =DAY(EOMONTH(D11,0))-H13 -> 29 | I11: =H11/(H13+H11) -> 1 | J11: =IF(G12,IF(G9,IF(I13=0,J12,(J12-I13*J14)/I11),J10),J12) -> 96.93 | K11: =100-J11 -> 3.07 | L11: =K11-K13 -> 0 | M11: =L11/25*100 -> 0 | N11: =TRUNC(M11,0)/1 -> 0 | T11: =K11-$K$88 -> -0.57107143 | U11: =T11/25*100 -> -2.2842857 | V11: =TRUNC(U11,0)/1 -> -2
C12: =TEXT(D12,"YYMM")&"E" -> 2802E | D12: =日历计算!G28 -> 46784.083 | E12: 平均 | F12: =IF(日历计算!H28<>0,日历计算!G28,"当月无会议"&"("&TEXT(日历计算!G28,"M")&"月)") -> 当月无会议(2月) | G12: =IF(LEFT(F12,1)="当",FALSE,TRUE) -> FALSE | J12: =VLOOKUP(C12,FF期货结算价!D:Z,$B$3,0) -> 96.93 | K12: =100-J12 -> 3.07 | N12: =IF(M11>0,MOD(M11,1),MOD(M11,-1)) -> 0 | O12: =IF(N11=-2,1-ABS(N12),IF(N11=-1,ABS(N12),0)) -> 0 | P12: =IF(N11=-1,1-ABS(N12),IF(N11=0,IF(N12<0,ABS(N12),0),0)) -> 0 | Q12: =IF(N11=0,1-ABS(N12),0) -> 1 | R12: =IF(N11=0,IF(N12>0,ABS(N12),0),IF(N12=1,1-ABS(N12),0)) -> 0 | S12: =IF(N11=1,ABS(N12),IF(N11=2,1-ABS(N12),0)) -> 0 | V12: =IF(U11>0,MOD(U11,1),MOD(U11,-1)) -> -0.28428571 | W12: =IF(V11<0,100%,IF(V12<0,ABS(V12),0)) -> 1 | X12: =IF(V11=0,1-ABS(V12),0) -> 0 | Y12: =IF(V11>0,100%,IF(V12>0,V12,0)) -> 0
D13: =D12 -> 46784.083 | E13: 月初 | H13: =TEXT(D13,"dd")-1 -> 0 | I13: =H13/(H13+H11) -> 0 | J13: =IF(G12,J14,J12) -> 96.93 | K13: =100-J13 -> 3.07
C14: =TEXT(D14,"YYMM")&"EE" -> 2801EE | D14: =D15 -> 46753.083 | E14: 月末 | H14: =DAY(EOMONTH(D14,0))-H16 -> 31 | I14: =H14/(H16+H14) -> 1 | J14: =IF(G15,IF(G12,IF(I16=0,J15,(J15-I16*J17)/I14),J13),J15) -> 96.945 | K14: =100-J14 -> 3.055 | L14: =K14-K16 -> 0 | M14: =L14/25*100 -> 0 | N14: =TRUNC(M14,0)/1 -> 0 | T14: =K14-$K$88 -> -0.58607143 | U14: =T14/25*100 -> -2.3442857 | V14: =TRUNC(U14,0)/1 -> -2
C15: =TEXT(D15,"YYMM")&"E" -> 2801E | D15: =日历计算!G27 -> 46753.083 | E15: 平均 | F15: =IF(日历计算!H27<>0,日历计算!G27,"当月无会议"&"("&TEXT(日历计算!G27,"M")&"月)") -> 当月无会议(1月) | G15: =IF(LEFT(F15,1)="当",FALSE,TRUE) -> FALSE | J15: =VLOOKUP(C15,FF期货结算价!D:Z,$B$3,0) -> 96.945 | K15: =100-J15 -> 3.055 | N15: =IF(M14>0,MOD(M14,1),MOD(M14,-1)) -> 0 | O15: =IF(N14=-2,1-ABS(N15),IF(N14=-1,ABS(N15),0)) -> 0 | P15: =IF(N14=-1,1-ABS(N15),IF(N14=0,IF(N15<0,ABS(N15),0),0)) -> 0 | Q15: =IF(N14=0,1-ABS(N15),0) -> 1 | R15: =IF(N14=0,IF(N15>0,ABS(N15),0),IF(N15=1,1-ABS(N15),0)) -> 0 | S15: =IF(N14=1,ABS(N15),IF(N14=2,1-ABS(N15),0)) -> 0 | V15: =IF(U14>0,MOD(U14,1),MOD(U14,-1)) -> -0.34428571 | W15: =IF(V14<0,100%,IF(V15<0,ABS(V15),0)) -> 1 | X15: =IF(V14=0,1-ABS(V15),0) -> 0 | Y15: =IF(V14>0,100%,IF(V15>0,V15,0)) -> 0
D16: =D15 -> 46753.083 | E16: 月初 | H16: =TEXT(D16,"dd")-1 -> 0 | I16: =H16/(H16+H14) -> 0 | J16: =IF(G15,J17,J15) -> 96.945 | K16: =100-J16 -> 3.055
C17: =TEXT(D17,"YYMM")&"EE" -> 2712EE | D17: =D18 -> 46722.083 | E17: 月末 | H17: =DAY(EOMONTH(D17,0))-H19 -> 31 | I17: =H17/(H19+H17) -> 1 | J17: =IF(G18,IF(G15,IF(I19=0,J18,(J18-I19*J20)/I17),J16),J18) -> 96.865 | K17: =100-J17 -> 3.135 | L17: =K17-K19 -> 0 | M17: =L17/25*100 -> 0 | N17: =TRUNC(M17,0)/1 -> 0 | T17: =K17-$K$88 -> -0.50607143 | U17: =T17/25*100 -> -2.0242857 | V17: =TRUNC(U17,0)/1 -> -2
C18: =TEXT(D18,"YYMM")&"E" -> 2712E | D18: =日历计算!G26 -> 46722.083 | E18: 平均 | F18: =IF(日历计算!H26<>0,日历计算!G26,"当月无会议"&"("&TEXT(日历计算!G26,"M")&"月)") -> 当月无会议(12月) | G18: =IF(LEFT(F18,1)="当",FALSE,TRUE) -> FALSE | J18: =VLOOKUP(C18,FF期货结算价!D:Z,$B$3,0) -> 96.865 | K18: =100-J18 -> 3.135 | N18: =IF(M17>0,MOD(M17,1),MOD(M17,-1)) -> 0 | O18: =IF(N17=-2,1-ABS(N18),IF(N17=-1,ABS(N18),0)) -> 0 | P18: =IF(N17=-1,1-ABS(N18),IF(N17=0,IF(N18<0,ABS(N18),0),0)) -> 0 | Q18: =IF(N17=0,1-ABS(N18),0) -> 1 | R18: =IF(N17=0,IF(N18>0,ABS(N18),0),IF(N18=1,1-ABS(N18),0)) -> 0 | S18: =IF(N17=1,ABS(N18),IF(N17=2,1-ABS(N18),0)) -> 0 | V18: =IF(U17>0,MOD(U17,1),MOD(U17,-1)) -> -0.024285714 | W18: =IF(V17<0,100%,IF(V18<0,ABS(V18),0)) -> 1 | X18: =IF(V17=0,1-ABS(V18),0) -> 0 | Y18: =IF(V17>0,100%,IF(V18>0,V18,0)) -> 0
D19: =D18 -> 46722.083 | E19: 月初 | H19: =TEXT(D19,"dd")-1 -> 0 | I19: =H19/(H19+H17) -> 0 | J19: =IF(G18,J20,J18) -> 96.865 | K19: =100-J19 -> 3.135
C20: =TEXT(D20,"YYMM")&"EE" -> 2711EE | D20: =D21 -> 46692.083 | E20: 月末 | H20: =DAY(EOMONTH(D20,0))-H22 -> 30 | I20: =H20/(H22+H20) -> 1 | J20: =IF(G21,IF(G18,IF(I22=0,J21,(J21-I22*J23)/I20),J19),J21) -> 96.88 | K20: =100-J20 -> 3.12 | L20: =K20-K22 -> 0 | M20: =L20/25*100 -> 0 | N20: =TRUNC(M20,0)/1 -> 0 | T20: =K20-$K$88 -> -0.52107143 | U20: =T20/25*100 -> -2.0842857 | V20: =TRUNC(U20,0)/1 -> -2
C21: =TEXT(D21,"YYMM")&"E" -> 2711E | D21: =日历计算!G25 -> 46692.083 | E21: 平均 | F21: =IF(日历计算!H25<>0,日历计算!G25,"当月无会议"&"("&TEXT(日历计算!G25,"M")&"月)") -> 当月无会议(11月) | G21: =IF(LEFT(F21,1)="当",FALSE,TRUE) -> FALSE | J21: =VLOOKUP(C21,FF期货结算价!D:Z,$B$3,0) -> 96.88 | K21: =100-J21 -> 3.12 | N21: =IF(M20>0,MOD(M20,1),MOD(M20,-1)) -> 0 | O21: =IF(N20=-2,1-ABS(N21),IF(N20=-1,ABS(N21),0)) -> 0 | P21: =IF(N20=-1,1-ABS(N21),IF(N20=0,IF(N21<0,ABS(N21),0),0)) -> 0 | Q21: =IF(N20=0,1-ABS(N21),0) -> 1 | R21: =IF(N20=0,IF(N21>0,ABS(N21),0),IF(N21=1,1-ABS(N21),0)) -> 0 | S21: =IF(N20=1,ABS(N21),IF(N20=2,1-ABS(N21),0)) -> 0 | V21: =IF(U20>0,MOD(U20,1),MOD(U20,-1)) -> -0.084285714 | W21: =IF(V20<0,100%,IF(V21<0,ABS(V21),0)) -> 1 | X21: =IF(V20=0,1-ABS(V21),0) -> 0 | Y21: =IF(V20>0,100%,IF(V21>0,V21,0)) -> 0
D22: =D21 -> 46692.083 | E22: 月初 | H22: =TEXT(D22,"dd")-1 -> 0 | I22: =H22/(H22+H20) -> 0 | J22: =IF(G21,J23,J21) -> 96.88 | K22: =100-J22 -> 3.12
C23: =TEXT(D23,"YYMM")&"EE" -> 2710EE | D23: =D24 -> 46661.083 | E23: 月末 | H23: =DAY(EOMONTH(D23,0))-H25 -> 31 | I23: =H23/(H25+H23) -> 1 | J23: =IF(G24,IF(G21,IF(I25=0,J24,(J24-I25*J26)/I23),J22),J24) -> 96.9 | K23: =100-J23 -> 3.1 | L23: =K23-K25 -> 0 | M23: =L23/25*100 -> 0 | N23: =TRUNC(M23,0)/1 -> 0 | T23: =K23-$K$88 -> -0.54107143 | U23: =T23/25*100 -> -2.1642857 | V23: =TRUNC(U23,0)/1 -> -2
C24: =TEXT(D24,"YYMM")&"E" -> 2710E | D24: =日历计算!G24 -> 46661.083 | E24: 平均 | F24: =IF(日历计算!H24<>0,日历计算!G24,"当月无会议"&"("&TEXT(日历计算!G24,"M")&"月)") -> 当月无会议(10月) | G24: =IF(LEFT(F24,1)="当",FALSE,TRUE) -> FALSE | J24: =VLOOKUP(C24,FF期货结算价!D:Z,$B$3,0) -> 96.9 | K24: =100-J24 -> 3.1 | N24: =IF(M23>0,MOD(M23,1),MOD(M23,-1)) -> 0 | O24: =IF(N23=-2,1-ABS(N24),IF(N23=-1,ABS(N24),0)) -> 0 | P24: =IF(N23=-1,1-ABS(N24),IF(N23=0,IF(N24<0,ABS(N24),0),0)) -> 0 | Q24: =IF(N23=0,1-ABS(N24),0) -> 1 | R24: =IF(N23=0,IF(N24>0,ABS(N24),0),IF(N24=1,1-ABS(N24),0)) -> 0 | S24: =IF(N23=1,ABS(N24),IF(N23=2,1-ABS(N24),0)) -> 0 | V24: =IF(U23>0,MOD(U23,1),MOD(U23,-1)) -> -0.16428571 | W24: =IF(V23<0,100%,IF(V24<0,ABS(V24),0)) -> 1 | X24: =IF(V23=0,1-ABS(V24),0) -> 0 | Y24: =IF(V23>0,100%,IF(V24>0,V24,0)) -> 0
D25: =D24 -> 46661.083 | E25: 月初 | H25: =TEXT(D25,"dd")-1 -> 0 | I25: =H25/(H25+H23) -> 0 | J25: =IF(G24,J26,J24) -> 96.9 | K25: =100-J25 -> 3.1
C26: =TEXT(D26,"YYMM")&"EE" -> 2709EE | D26: =D27 -> 46631.083 | E26: 月末 | H26: =DAY(EOMONTH(D26,0))-H28 -> 30 | I26: =H26/(H28+H26) -> 1 | J26: =IF(G27,IF(G24,IF(I28=0,J27,(J27-I28*J29)/I26),J25),J27) -> 96.905 | K26: =100-J26 -> 3.095 | L26: =K26-K28 -> 0 | M26: =L26/25*100 -> 0 | N26: =TRUNC(M26,0)/1 -> 0 | T26: =K26-$K$88 -> -0.54607143 | U26: =T26/25*100 -> -2.1842857 | V26: =TRUNC(U26,0)/1 -> -2
C27: =TEXT(D27,"YYMM")&"E" -> 2709E | D27: =日历计算!G23 -> 46631.083 | E27: 平均 | F27: =IF(日历计算!H23<>0,日历计算!G23,"当月无会议"&"("&TEXT(日历计算!G23,"M")&"月)") -> 当月无会议(9月) | G27: =IF(LEFT(F27,1)="当",FALSE,TRUE) -> FALSE | J27: =VLOOKUP(C27,FF期货结算价!D:Z,$B$3,0) -> 96.905 | K27: =100-J27 -> 3.095 | N27: =IF(M26>0,MOD(M26,1),MOD(M26,-1)) -> 0 | O27: =IF(N26=-2,1-ABS(N27),IF(N26=-1,ABS(N27),0)) -> 0 | P27: =IF(N26=-1,1-ABS(N27),IF(N26=0,IF(N27<0,ABS(N27),0),0)) -> 0 | Q27: =IF(N26=0,1-ABS(N27),0) -> 1 | R27: =IF(N26=0,IF(N27>0,ABS(N27),0),IF(N27=1,1-ABS(N27),0)) -> 0 | S27: =IF(N26=1,ABS(N27),IF(N26=2,1-ABS(N27),0)) -> 0 | V27: =IF(U26>0,MOD(U26,1),MOD(U26,-1)) -> -0.18428571 | W27: =IF(V26<0,100%,IF(V27<0,ABS(V27),0)) -> 1 | X27: =IF(V26=0,1-ABS(V27),0) -> 0 | Y27: =IF(V26>0,100%,IF(V27>0,V27,0)) -> 0
D28: =D27 -> 46631.083 | E28: 月初 | H28: =TEXT(D28,"dd")-1 -> 0 | I28: =H28/(H28+H26) -> 0 | J28: =IF(G27,J29,J27) -> 96.905 | K28: =100-J28 -> 3.095
C29: =TEXT(D29,"YYMM")&"EE" -> 2708EE | D29: =D30 -> 46600.083 | E29: 月末 | H29: =DAY(EOMONTH(D29,0))-H31 -> 31 | I29: =H29/(H31+H29) -> 1 | J29: =IF(G30,IF(G27,IF(I31=0,J30,(J30-I31*J32)/I29),J28),J30) -> 96.905 | K29: =100-J29 -> 3.095 | L29: =K29-K31 -> 0 | M29: =L29/25*100 -> 0 | N29: =TRUNC(M29,0)/1 -> 0 | T29: =K29-$K$88 -> -0.54607143 | U29: =T29/25*100 -> -2.1842857 | V29: =TRUNC(U29,0)/1 -> -2
C30: =TEXT(D30,"YYMM")&"E" -> 2708E | D30: =日历计算!G22 -> 46600.083 | E30: 平均 | F30: =IF(日历计算!H22<>0,日历计算!G22,"当月无会议"&"("&TEXT(日历计算!G22,"M")&"月)") -> 当月无会议(8月) | G30: =IF(LEFT(F30,1)="当",FALSE,TRUE) -> FALSE | J30: =VLOOKUP(C30,FF期货结算价!D:Z,$B$3,0) -> 96.905 | K30: =100-J30 -> 3.095 | N30: =IF(M29>0,MOD(M29,1),MOD(M29,-1)) -> 0 | O30: =IF(N29=-2,1-ABS(N30),IF(N29=-1,ABS(N30),0)) -> 0 | P30: =IF(N29=-1,1-ABS(N30),IF(N29=0,IF(N30<0,ABS(N30),0),0)) -> 0 | Q30: =IF(N29=0,1-ABS(N30),0) -> 1 | R30: =IF(N29=0,IF(N30>0,ABS(N30),0),IF(N30=1,1-ABS(N30),0)) -> 0 | S30: =IF(N29=1,ABS(N30),IF(N29=2,1-ABS(N30),0)) -> 0 | V30: =IF(U29>0,MOD(U29,1),MOD(U29,-1)) -> -0.18428571 | W30: =IF(V29<0,100%,IF(V30<0,ABS(V30),0)) -> 1 | X30: =IF(V29=0,1-ABS(V30),0) -> 0 | Y30: =IF(V29>0,100%,IF(V30>0,V30,0)) -> 0
D31: =D30 -> 46600.083 | E31: 月初 | H31: =TEXT(D31,"dd")-1 -> 0 | I31: =H31/(H31+H29) -> 0 | J31: =IF(G30,J32,J30) -> 96.905 | K31: =100-J31 -> 3.095
C32: =TEXT(D32,"YYMM")&"EE" -> 2707EE | D32: =D33 -> 46569.083 | E32: 月末 | H32: =DAY(EOMONTH(D32,0))-H34 -> 31 | I32: =H32/(H34+H32) -> 1 | J32: =IF(G33,IF(G30,IF(I34=0,J33,(J33-I34*J35)/I32),J31),J33) -> 96.915 | K32: =100-J32 -> 3.085 | L32: =K32-K34 -> 0 | M32: =L32/25*100 -> 0 | N32: =TRUNC(M32,0)/1 -> 0 | T32: =K32-$K$88 -> -0.55607143 | U32: =T32/25*100 -> -2.2242857 | V32: =TRUNC(U32,0)/1 -> -2
C33: =TEXT(D33,"YYMM")&"E" -> 2707E | D33: =日历计算!G21 -> 46569.083 | E33: 平均 | F33: =IF(日历计算!H21<>0,日历计算!G21,"当月无会议"&"("&TEXT(日历计算!G21,"M")&"月)") -> 当月无会议(7月) | G33: =IF(LEFT(F33,1)="当",FALSE,TRUE) -> FALSE | J33: =VLOOKUP(C33,FF期货结算价!D:Z,$B$3,0) -> 96.915 | K33: =100-J33 -> 3.085 | N33: =IF(M32>0,MOD(M32,1),MOD(M32,-1)) -> 0 | O33: =IF(N32=-2,1-ABS(N33),IF(N32=-1,ABS(N33),0)) -> 0 | P33: =IF(N32=-1,1-ABS(N33),IF(N32=0,IF(N33<0,ABS(N33),0),0)) -> 0 | Q33: =IF(N32=0,1-ABS(N33),0) -> 1 | R33: =IF(N32=0,IF(N33>0,ABS(N33),0),IF(N33=1,1-ABS(N33),0)) -> 0 | S33: =IF(N32=1,ABS(N33),IF(N32=2,1-ABS(N33),0)) -> 0 | V33: =IF(U32>0,MOD(U32,1),MOD(U32,-1)) -> -0.22428571 | W33: =IF(V32<0,100%,IF(V33<0,ABS(V33),0)) -> 1 | X33: =IF(V32=0,1-ABS(V33),0) -> 0 | Y33: =IF(V32>0,100%,IF(V33>0,V33,0)) -> 0
D34: =D33 -> 46569.083 | E34: 月初 | H34: =TEXT(D34,"dd")-1 -> 0 | I34: =H34/(H34+H32) -> 0 | J34: =IF(G33,J35,J33) -> 96.915 | K34: =100-J34 -> 3.085
C35: =TEXT(D35,"YYMM")&"EE" -> 2706EE | D35: =D36 -> 46539.083 | E35: 月末 | H35: =DAY(EOMONTH(D35,0))-H37 -> 30 | I35: =H35/(H37+H35) -> 1 | J35: =IF(G36,IF(G33,IF(I37=0,J36,(J36-I37*J38)/I35),J34),J36) -> 96.92 | K35: =100-J35 -> 3.08 | L35: =K35-K37 -> 0 | M35: =L35/25*100 -> 0 | N35: =TRUNC(M35,0)/1 -> 0 | T35: =K35-$K$88 -> -0.56107143 | U35: =T35/25*100 -> -2.2442857 | V35: =TRUNC(U35,0)/1 -> -2
C36: =TEXT(D36,"YYMM")&"E" -> 2706E | D36: =日历计算!G20 -> 46539.083 | E36: 平均 | F36: =IF(日历计算!H20<>0,日历计算!G20,"当月无会议"&"("&TEXT(日历计算!G20,"M")&"月)") -> 当月无会议(6月) | G36: =IF(LEFT(F36,1)="当",FALSE,TRUE) -> FALSE | J36: =VLOOKUP(C36,FF期货结算价!D:Z,$B$3,0) -> 96.92 | K36: =100-J36 -> 3.08 | N36: =IF(M35>0,MOD(M35,1),MOD(M35,-1)) -> 0 | O36: =IF(N35=-2,1-ABS(N36),IF(N35=-1,ABS(N36),0)) -> 0 | P36: =IF(N35=-1,1-ABS(N36),IF(N35=0,IF(N36<0,ABS(N36),0),0)) -> 0 | Q36: =IF(N35=0,1-ABS(N36),0) -> 1 | R36: =IF(N35=0,IF(N36>0,ABS(N36),0),IF(N36=1,1-ABS(N36),0)) -> 0 | S36: =IF(N35=1,ABS(N36),IF(N35=2,1-ABS(N36),0)) -> 0 | V36: =IF(U35>0,MOD(U35,1),MOD(U35,-1)) -> -0.24428571 | W36: =IF(V35<0,100%,IF(V36<0,ABS(V36),0)) -> 1 | X36: =IF(V35=0,1-ABS(V36),0) -> 0 | Y36: =IF(V35>0,100%,IF(V36>0,V36,0)) -> 0
D37: =D36 -> 46539.083 | E37: 月初 | H37: =TEXT(D37,"dd")-1 -> 0 | I37: =H37/(H37+H35) -> 0 | J37: =IF(G36,J38,J36) -> 96.92 | K37: =100-J37 -> 3.08
C38: =TEXT(D38,"YYMM")&"EE" -> 2705EE | D38: =D39 -> 46508.083 | E38: 月末 | H38: =DAY(EOMONTH(D38,0))-H40 -> 31 | I38: =H38/(H40+H38) -> 1 | J38: =IF(G39,IF(G36,IF(I40=0,J39,(J39-I40*J41)/I38),J37),J39) -> 96.92 | K38: =100-J38 -> 3.08 | L38: =K38-K40 -> 0 | M38: =L38/25*100 -> 0 | N38: =TRUNC(M38,0)/1 -> 0 | T38: =K38-$K$88 -> -0.56107143 | U38: =T38/25*100 -> -2.2442857 | V38: =TRUNC(U38,0)/1 -> -2
C39: =TEXT(D39,"YYMM")&"E" -> 2705E | D39: =日历计算!G19 -> 46508.083 | E39: 平均 | F39: =IF(日历计算!H19<>0,日历计算!G19,"当月无会议"&"("&TEXT(日历计算!G19,"M")&"月)") -> 当月无会议(5月) | G39: =IF(LEFT(F39,1)="当",FALSE,TRUE) -> FALSE | J39: =VLOOKUP(C39,FF期货结算价!D:Z,$B$3,0) -> 96.92 | K39: =100-J39 -> 3.08 | N39: =IF(M38>0,MOD(M38,1),MOD(M38,-1)) -> 0 | O39: =IF(N38=-2,1-ABS(N39),IF(N38=-1,ABS(N39),0)) -> 0 | P39: =IF(N38=-1,1-ABS(N39),IF(N38=0,IF(N39<0,ABS(N39),0),0)) -> 0 | Q39: =IF(N38=0,1-ABS(N39),0) -> 1 | R39: =IF(N38=0,IF(N39>0,ABS(N39),0),IF(N39=1,1-ABS(N39),0)) -> 0 | S39: =IF(N38=1,ABS(N39),IF(N38=2,1-ABS(N39),0)) -> 0 | V39: =IF(U38>0,MOD(U38,1),MOD(U38,-1)) -> -0.24428571 | W39: =IF(V38<0,100%,IF(V39<0,ABS(V39),0)) -> 1 | X39: =IF(V38=0,1-ABS(V39),0) -> 0 | Y39: =IF(V38>0,100%,IF(V39>0,V39,0)) -> 0
D40: =D39 -> 46508.083 | E40: 月初 | H40: =TEXT(D40,"dd")-1 -> 0 | I40: =H40/(H40+H38) -> 0 | J40: =IF(G39,J41,J39) -> 96.92 | K40: =100-J40 -> 3.08
C41: =TEXT(D41,"YYMM")&"EE" -> 2704EE | D41: =D42 -> 46478.083 | E41: 月末 | H41: =DAY(EOMONTH(D41,0))-H43 -> 30 | I41: =H41/(H43+H41) -> 1 | J41: =IF(G42,IF(G39,IF(I43=0,J42,(J42-I43*J44)/I41),J40),J42) -> 96.925 | K41: =100-J41 -> 3.075 | L41: =K41-K43 -> 0 | M41: =L41/25*100 -> 0 | N41: =TRUNC(M41,0)/1 -> 0 | T41: =K41-$K$88 -> -0.56607143 | U41: =T41/25*100 -> -2.2642857 | V41: =TRUNC(U41,0)/1 -> -2
C42: =TEXT(D42,"YYMM")&"E" -> 2704E | D42: =日历计算!G18 -> 46478.083 | E42: 平均 | F42: =IF(日历计算!H18<>0,日历计算!G18,"当月无会议"&"("&TEXT(日历计算!G18,"M")&"月)") -> 当月无会议(4月) | G42: =IF(LEFT(F42,1)="当",FALSE,TRUE) -> FALSE | J42: =VLOOKUP(C42,FF期货结算价!D:Z,$B$3,0) -> 96.925 | K42: =100-J42 -> 3.075 | N42: =IF(M41>0,MOD(M41,1),MOD(M41,-1)) -> 0 | O42: =IF(N41=-2,1-ABS(N42),IF(N41=-1,ABS(N42),0)) -> 0 | P42: =IF(N41=-1,1-ABS(N42),IF(N41=0,IF(N42<0,ABS(N42),0),0)) -> 0 | Q42: =IF(N41=0,1-ABS(N42),0) -> 1 | R42: =IF(N41=0,IF(N42>0,ABS(N42),0),IF(N42=1,1-ABS(N42),0)) -> 0 | S42: =IF(N41=1,ABS(N42),IF(N41=2,1-ABS(N42),0)) -> 0 | V42: =IF(U41>0,MOD(U41,1),MOD(U41,-1)) -> -0.26428571 | W42: =IF(V41<0,100%,IF(V42<0,ABS(V42),0)) -> 1 | X42: =IF(V41=0,1-ABS(V42),0) -> 0 | Y42: =IF(V41>0,100%,IF(V42>0,V42,0)) -> 0
D43: =D42 -> 46478.083 | E43: 月初 | H43: =TEXT(D43,"dd")-1 -> 0 | I43: =H43/(H43+H41) -> 0 | J43: =IF(G42,J44,J42) -> 96.925 | K43: =100-J43 -> 3.075
C44: =TEXT(D44,"YYMM")&"EE" -> 2703EE | D44: =D45 -> 46447.083 | E44: 月末 | H44: =DAY(EOMONTH(D44,0))-H46 -> 31 | I44: =H44/(H46+H44) -> 1 | J44: =IF(G45,IF(G42,IF(I46=0,J45,(J45-I46*J47)/I44),J43),J45) -> 96.92 | K44: =100-J44 -> 3.08 | L44: =K44-K46 -> 0 | M44: =L44/25*100 -> 0 | N44: =TRUNC(M44,0)/1 -> 0 | T44: =K44-$K$88 -> -0.56107143 | U44: =T44/25*100 -> -2.2442857 | V44: =TRUNC(U44,0)/1 -> -2
C45: =TEXT(D45,"YYMM")&"E" -> 2703E | D45: =日历计算!G17 -> 46447.083 | E45: 平均 | F45: =IF(日历计算!H17<>0,日历计算!G17,"当月无会议"&"("&TEXT(日历计算!G17,"M")&"月)") -> 当月无会议(3月) | G45: =IF(LEFT(F45,1)="当",FALSE,TRUE) -> FALSE | J45: =VLOOKUP(C45,FF期货结算价!D:Z,$B$3,0) -> 96.92 | K45: =100-J45 -> 3.08 | N45: =IF(M44>0,MOD(M44,1),MOD(M44,-1)) -> 0 | O45: =IF(N44=-2,1-ABS(N45),IF(N44=-1,ABS(N45),0)) -> 0 | P45: =IF(N44=-1,1-ABS(N45),IF(N44=0,IF(N45<0,ABS(N45),0),0)) -> 0 | Q45: =IF(N44=0,1-ABS(N45),0) -> 1 | R45: =IF(N44=0,IF(N45>0,ABS(N45),0),IF(N45=1,1-ABS(N45),0)) -> 0 | S45: =IF(N44=1,ABS(N45),IF(N44=2,1-ABS(N45),0)) -> 0 | V45: =IF(U44>0,MOD(U44,1),MOD(U44,-1)) -> -0.24428571 | W45: =IF(V44<0,100%,IF(V45<0,ABS(V45),0)) -> 1 | X45: =IF(V44=0,1-ABS(V45),0) -> 0 | Y45: =IF(V44>0,100%,IF(V45>0,V45,0)) -> 0
D46: =D45 -> 46447.083 | E46: 月初 | H46: =TEXT(D46,"dd")-1 -> 0 | I46: =H46/(H46+H44) -> 0 | J46: =IF(G45,J47,J45) -> 96.92 | K46: =100-J46 -> 3.08
C47: =TEXT(D47,"YYMM")&"EE" -> 2702EE | D47: =D48 -> 46419.083 | E47: 月末 | H47: =DAY(EOMONTH(D47,0))-H49 -> 28 | I47: =H47/(H49+H47) -> 1 | J47: =IF(G48,IF(G45,IF(I49=0,J48,(J48-I49*J50)/I47),J46),J48) -> 96.915 | K47: =100-J47 -> 3.085 | L47: =K47-K49 -> 0 | M47: =L47/25*100 -> 0 | N47: =TRUNC(M47,0)/1 -> 0 | T47: =K47-$K$88 -> -0.55607143 | U47: =T47/25*100 -> -2.2242857 | V47: =TRUNC(U47,0)/1 -> -2
C48: =TEXT(D48,"YYMM")&"E" -> 2702E | D48: =日历计算!G16 -> 46419.083 | E48: 平均 | F48: =IF(日历计算!H16<>0,日历计算!G16,"当月无会议"&"("&TEXT(日历计算!G16,"M")&"月)") -> 当月无会议(2月) | G48: =IF(LEFT(F48,1)="当",FALSE,TRUE) -> FALSE | J48: =VLOOKUP(C48,FF期货结算价!D:Z,$B$3,0) -> 96.915 | K48: =100-J48 -> 3.085 | N48: =IF(M47>0,MOD(M47,1),MOD(M47,-1)) -> 0 | O48: =IF(N47=-2,1-ABS(N48),IF(N47=-1,ABS(N48),0)) -> 0 | P48: =IF(N47=-1,1-ABS(N48),IF(N47=0,IF(N48<0,ABS(N48),0),0)) -> 0 | Q48: =IF(N47=0,1-ABS(N48),0) -> 1 | R48: =IF(N47=0,IF(N48>0,ABS(N48),0),IF(N48=1,1-ABS(N48),0)) -> 0 | S48: =IF(N47=1,ABS(N48),IF(N47=2,1-ABS(N48),0)) -> 0 | V48: =IF(U47>0,MOD(U47,1),MOD(U47,-1)) -> -0.22428571 | W48: =IF(V47<0,100%,IF(V48<0,ABS(V48),0)) -> 1 | X48: =IF(V47=0,1-ABS(V48),0) -> 0 | Y48: =IF(V47>0,100%,IF(V48>0,V48,0)) -> 0
D49: =D48 -> 46419.083 | E49: 月初 | H49: =TEXT(D49,"dd")-1 -> 0 | I49: =H49/(H49+H47) -> 0 | J49: =IF(G48,J50,J48) -> 96.915 | K49: =100-J49 -> 3.085
C50: =TEXT(D50,"YYMM")&"EE" -> 2701EE | D50: =D51 -> 46388.083 | E50: 月末 | H50: =DAY(EOMONTH(D50,0))-H52 -> 31 | I50: =H50/(H52+H50) -> 1 | J50: =IF(G51,IF(G48,IF(I52=0,J51,(J51-I52*J53)/I50),J49),J51) -> 96.91 | K50: =100-J50 -> 3.09 | L50: =K50-K52 -> 0 | M50: =L50/25*100 -> 0 | N50: =TRUNC(M50,0)/1 -> 0 | T50: =K50-$K$88 -> -0.55107143 | U50: =T50/25*100 -> -2.2042857 | V50: =TRUNC(U50,0)/1 -> -2
C51: =TEXT(D51,"YYMM")&"E" -> 2701E | D51: =日历计算!G15 -> 46388.083 | E51: 平均 | F51: =IF(日历计算!H15<>0,日历计算!G15,"当月无会议"&"("&TEXT(日历计算!G15,"M")&"月)") -> 当月无会议(1月) | G51: =IF(LEFT(F51,1)="当",FALSE,TRUE) -> FALSE | J51: =VLOOKUP(C51,FF期货结算价!D:Z,$B$3,0) -> 96.91 | K51: =100-J51 -> 3.09 | N51: =IF(M50>0,MOD(M50,1),MOD(M50,-1)) -> 0 | O51: =IF(N50=-2,1-ABS(N51),IF(N50=-1,ABS(N51),0)) -> 0 | P51: =IF(N50=-1,1-ABS(N51),IF(N50=0,IF(N51<0,ABS(N51),0),0)) -> 0 | Q51: =IF(N50=0,1-ABS(N51),0) -> 1 | R51: =IF(N50=0,IF(N51>0,ABS(N51),0),IF(N51=1,1-ABS(N51),0)) -> 0 | S51: =IF(N50=1,ABS(N51),IF(N50=2,1-ABS(N51),0)) -> 0 | V51: =IF(U50>0,MOD(U50,1),MOD(U50,-1)) -> -0.20428571 | W51: =IF(V50<0,100%,IF(V51<0,ABS(V51),0)) -> 1 | X51: =IF(V50=0,1-ABS(V51),0) -> 0 | Y51: =IF(V50>0,100%,IF(V51>0,V51,0)) -> 0
D52: =D51 -> 46388.083 | E52: 月初 | H52: =TEXT(D52,"dd")-1 -> 0 | I52: =H52/(H52+H50) -> 0 | J52: =IF(G51,J53,J51) -> 96.91 | K52: =100-J52 -> 3.09
C53: =TEXT(D53,"YYMM")&"EE" -> 2612EE | D53: =D54 -> 46366.083 | E53: 月末 | H53: =DAY(EOMONTH(D53,0))-H55 -> 22 | I53: =H53/(H55+H53) -> 0.70967742 | J53: =IF(G54,IF(G51,IF(I55=0,J54,(J54-I55*J56)/I53),J52),J54) -> 96.91 | K53: =100-J53 -> 3.09 | L53: =K53-K55 -> -0.06 | M53: =L53/25*100 -> -0.24 | N53: =TRUNC(M53,0)/1 -> 0 | T53: =K53-$K$88 -> -0.55107143 | U53: =T53/25*100 -> -2.2042857 | V53: =TRUNC(U53,0)/1 -> -2
C54: =TEXT(D54,"YYMM")&"E" -> 2612E | D54: =日历计算!G14 -> 46366.083 | E54: 平均 | F54: =IF(日历计算!H14<>0,日历计算!G14,"当月无会议"&"("&TEXT(日历计算!G14,"M")&"月)") -> 46366.083 | G54: =IF(LEFT(F54,1)="当",FALSE,TRUE) -> TRUE | J54: =VLOOKUP(C54,FF期货结算价!D:Z,$B$3,0) -> 96.895 | K54: =100-J54 -> 3.105 | N54: =IF(M53>0,MOD(M53,1),MOD(M53,-1)) -> -0.24 | O54: =IF(N53=-2,1-ABS(N54),IF(N53=-1,ABS(N54),0)) -> 0 | P54: =IF(N53=-1,1-ABS(N54),IF(N53=0,IF(N54<0,ABS(N54),0),0)) -> 0.24 | Q54: =IF(N53=0,1-ABS(N54),0) -> 0.76 | R54: =IF(N53=0,IF(N54>0,ABS(N54),0),IF(N54=1,1-ABS(N54),0)) -> 0 | S54: =IF(N53=1,ABS(N54),IF(N53=2,1-ABS(N54),0)) -> 0 | V54: =IF(U53>0,MOD(U53,1),MOD(U53,-1)) -> -0.20428571 | W54: =IF(V53<0,100%,IF(V54<0,ABS(V54),0)) -> 1 | X54: =IF(V53=0,1-ABS(V54),0) -> 0 | Y54: =IF(V53>0,100%,IF(V54>0,V54,0)) -> 0
D55: =D54 -> 46366.083 | E55: 月初 | H55: =TEXT(D55,"dd")-1 -> 9 | I55: =H55/(H55+H53) -> 0.29032258 | J55: =IF(G54,J56,J54) -> 96.85 | K55: =100-J55 -> 3.15
C56: =TEXT(D56,"YYMM")&"EE" -> 2611EE | D56: =D57 -> 46327.083 | E56: 月末 | H56: =DAY(EOMONTH(D56,0))-H58 -> 30 | I56: =H56/(H58+H56) -> 1 | J56: =IF(G57,IF(G54,IF(I58=0,J57,(J57-I58*J59)/I56),J55),J57) -> 96.85 | K56: =100-J56 -> 3.15 | L56: =K56-K58 -> 0 | M56: =L56/25*100 -> 0 | N56: =TRUNC(M56,0)/1 -> 0 | T56: =K56-$K$88 -> -0.49107143 | U56: =T56/25*100 -> -1.9642857 | V56: =TRUNC(U56,0)/1 -> -1
C57: =TEXT(D57,"YYMM")&"E" -> 2611E | D57: =日历计算!G13 -> 46327.083 | E57: 平均 | F57: =IF(日历计算!H13<>0,日历计算!G13,"当月无会议"&"("&TEXT(日历计算!G13,"M")&"月)") -> 当月无会议(11月) | G57: =IF(LEFT(F57,1)="当",FALSE,TRUE) -> FALSE | J57: =VLOOKUP(C57,FF期货结算价!D:Z,$B$3,0) -> 96.85 | K57: =100-J57 -> 3.15 | N57: =IF(M56>0,MOD(M56,1),MOD(M56,-1)) -> 0 | O57: =IF(N56=-2,1-ABS(N57),IF(N56=-1,ABS(N57),0)) -> 0 | P57: =IF(N56=-1,1-ABS(N57),IF(N56=0,IF(N57<0,ABS(N57),0),0)) -> 0 | Q57: =IF(N56=0,1-ABS(N57),0) -> 1 | R57: =IF(N56=0,IF(N57>0,ABS(N57),0),IF(N57=1,1-ABS(N57),0)) -> 0 | S57: =IF(N56=1,ABS(N57),IF(N56=2,1-ABS(N57),0)) -> 0 | V57: =IF(U56>0,MOD(U56,1),MOD(U56,-1)) -> -0.96428571 | W57: =IF(V56<0,100%,IF(V57<0,ABS(V57),0)) -> 1 | X57: =IF(V56=0,1-ABS(V57),0) -> 0 | Y57: =IF(V56>0,100%,IF(V57>0,V57,0)) -> 0
D58: =D57 -> 46327.083 | E58: 月初 | H58: =TEXT(D58,"dd")-1 -> 0 | I58: =H58/(H58+H56) -> 0 | J58: =IF(G57,IF(G54,J59,IF(G60,IF(I58=0,J57,(J57-J56*I56)/I58),J59)),J57) -> 96.85 | K58: =100-J58 -> 3.15
C59: =TEXT(D59,"YYMM")&"EE" -> 2610EE | D59: =D60 -> 46324.083 | E59: 月末 | H59: =DAY(EOMONTH(D59,0))-H61 -> 3 | I59: =H59/(H61+H59) -> 0.096774194 | J59: =IF(G60,IF(G57,IF(G63,J58,IF(I61=0,J60,(J60-J61*I61)/I59)),J58),J60) -> 96.85 | K59: =100-J59 -> 3.15 | L59: =K59-K61 -> -0.055357143 | M59: =L59/25*100 -> -0.22142857 | N59: =TRUNC(M59,0)/1 -> 0 | T59: =K59-$K$88 -> -0.49107143 | U59: =T59/25*100 -> -1.9642857 | V59: =TRUNC(U59,0)/1 -> -1
C60: =TEXT(D60,"YYMM")&"E" -> 2610E | D60: =日历计算!G12 -> 46324.083 | E60: 平均 | F60: =IF(日历计算!H12<>0,日历计算!G12,"当月无会议"&"("&TEXT(日历计算!G12,"M")&"月)") -> 46324.083 | G60: =IF(LEFT(F60,1)="当",FALSE,TRUE) -> TRUE | J60: =VLOOKUP(C60,FF期货结算价!D:Z,$B$3,0) -> 96.8 | K60: =100-J60 -> 3.2 | N60: =IF(M59>0,MOD(M59,1),MOD(M59,-1)) -> -0.22142857 | O60: =IF(N59=-2,1-ABS(N60),IF(N59=-1,ABS(N60),0)) -> 0 | P60: =IF(N59=-1,1-ABS(N60),IF(N59=0,IF(N60<0,ABS(N60),0),0)) -> 0.22142857 | Q60: =IF(N59=0,1-ABS(N60),0) -> 0.77857143 | R60: =IF(N59=0,IF(N60>0,ABS(N60),0),IF(N60=1,1-ABS(N60),0)) -> 0 | S60: =IF(N59=1,ABS(N60),IF(N59=2,1-ABS(N60),0)) -> 0 | V60: =IF(U59>0,MOD(U59,1),MOD(U59,-1)) -> -0.96428571 | W60: =IF(V59<0,100%,IF(V60<0,ABS(V60),0)) -> 1 | X60: =IF(V59=0,1-ABS(V60),0) -> 0 | Y60: =IF(V59>0,100%,IF(V60>0,V60,0)) -> 0
D61: =D60 -> 46324.083 | E61: 月初 | H61: =TEXT(D61,"dd")-1 -> 28 | I61: =H61/(H61+H59) -> 0.90322581 | J61: =IF(G60,IF(G57,IF(G63,IF(I61=0,J60,(J60-I59*J59)/I61),J62),IF(I61=0,J60,(J60-I59*J59)/I61)),J60) -> 96.794643 | K61: =100-J61 -> 3.2053571
C62: =TEXT(D62,"YYMM")&"EE" -> 2609EE | D62: =D63 -> 46282.083 | E62: 月末 | H62: =DAY(EOMONTH(D62,0))-H64 -> 14 | I62: =H62/(H64+H62) -> 0.46666667 | J62: =IF(G63,IF(G60,IF(G66,J61,IF(I64=0,J63,(J63-J64*I64)/I62)),J61),J63) -> 96.792143 | K62: =100-J62 -> 3.2078571 | L62: =K62-K64 -> -0.10714286 | M62: =L62/25*100 -> -0.42857143 | N62: =TRUNC(M62,0)/1 -> 0 | T62: =K62-$K$88 -> -0.43321429 | U62: =T62/25*100 -> -1.7328571 | V62: =TRUNC(U62,0)/1 -> -1
C63: =TEXT(D63,"YYMM")&"E" -> 2609E | D63: =日历计算!G11 -> 46282.083 | E63: 平均 | F63: =IF(日历计算!H11<>0,日历计算!G11,"当月无会议"&"("&TEXT(日历计算!G11,"M")&"月)") -> 46282.083 | G63: =IF(LEFT(F63,1)="当",FALSE,TRUE) -> TRUE | J63: =VLOOKUP(C63,FF期货结算价!D:Z,$B$3,0) -> 96.735 | K63: =100-J63 -> 3.265 | N63: =IF(M62>0,MOD(M62,1),MOD(M62,-1)) -> -0.42857143 | O63: =IF(N62=-2,1-ABS(N63),IF(N62=-1,ABS(N63),0)) -> 0 | P63: =IF(N62=-1,1-ABS(N63),IF(N62=0,IF(N63<0,ABS(N63),0),0)) -> 0.42857143 | Q63: =IF(N62=0,1-ABS(N63),0) -> 0.57142857 | R63: =IF(N62=0,IF(N63>0,ABS(N63),0),IF(N63=1,1-ABS(N63),0)) -> 0 | S63: =IF(N62=1,ABS(N63),IF(N62=2,1-ABS(N63),0)) -> 0 | V63: =IF(U62>0,MOD(U62,1),MOD(U62,-1)) -> -0.73285714 | W63: =IF(V62<0,100%,IF(V63<0,ABS(V63),0)) -> 1 | X63: =IF(V62=0,1-ABS(V63),0) -> 0 | Y63: =IF(V62>0,100%,IF(V63>0,V63,0)) -> 0
D64: =D63 -> 46282.083 | E64: 月初 | H64: =TEXT(D64,"dd")-1 -> 16 | I64: =H64/(H64+H62) -> 0.53333333 | J64: =IF(G63,IF(G60,IF(G66,IF(I64=0,J63,(J63-I62*J62)/I64),J65),IF(I64=0,J63,(J63-I62*J62)/I64)),J63) -> 96.685 | K64: =100-J64 -> 3.315
C65: =TEXT(D65,"YYMM")&"EE" -> 2608EE | D65: =D66 -> 46235.083 | E65: 月末 | H65: =DAY(EOMONTH(D65,0))-H67 -> 31 | I65: =H65/(H67+H65) -> 1 | J65: =IF(G66,IF(G63,IF(G69,J64,IF(I67=0,J66,(J66-J67*I67)/I65)),J64),J66) -> 96.685 | K65: =100-J65 -> 3.315 | L65: =K65-K67 -> 0 | M65: =L65/25*100 -> 0 | N65: =TRUNC(M65,0)/1 -> 0 | T65: =K65-$K$88 -> -0.32607143 | U65: =T65/25*100 -> -1.3042857 | V65: =TRUNC(U65,0)/1 -> -1
C66: =TEXT(D66,"YYMM")&"E" -> 2608E | D66: =日历计算!G10 -> 46235.083 | E66: 平均 | F66: =IF(日历计算!H10<>0,日历计算!G10,"当月无会议"&"("&TEXT(日历计算!G10,"M")&"月)") -> 当月无会议(8月) | G66: =IF(LEFT(F66,1)="当",FALSE,TRUE) -> FALSE | J66: =VLOOKUP(C66,FF期货结算价!D:Z,$B$3,0) -> 96.685 | K66: =100-J66 -> 3.315 | N66: =IF(M65>0,MOD(M65,1),MOD(M65,-1)) -> 0 | O66: =IF(N65=-2,1-ABS(N66),IF(N65=-1,ABS(N66),0)) -> 0 | P66: =IF(N65=-1,1-ABS(N66),IF(N65=0,IF(N66<0,ABS(N66),0),0)) -> 0 | Q66: =IF(N65=0,1-ABS(N66),0) -> 1 | R66: =IF(N65=0,IF(N66>0,ABS(N66),0),IF(N66=1,1-ABS(N66),0)) -> 0 | S66: =IF(N65=1,ABS(N66),IF(N65=2,1-ABS(N66),0)) -> 0 | V66: =IF(U65>0,MOD(U65,1),MOD(U65,-1)) -> -0.30428571 | W66: =IF(V65<0,100%,IF(V66<0,ABS(V66),0)) -> 1 | X66: =IF(V65=0,1-ABS(V66),0) -> 0 | Y66: =IF(V65>0,100%,IF(V66>0,V66,0)) -> 0
D67: =D66 -> 46235.083 | E67: 月初 | H67: =TEXT(D67,"dd")-1 -> 0 | I67: =H67/(H67+H65) -> 0 | J67: =IF(G66,IF(G63,IF(G69,IF(I67=0,J66,(J66-I65*J65)/I67),J68),IF(I67=0,J66,(J66-I65*J65)/I67)),J66) -> 96.685 | K67: =100-J67 -> 3.315
C68: =TEXT(D68,"YYMM")&"EE" -> 2607EE | D68: =D69 -> 46233.083 | E68: 月末 | H68: =DAY(EOMONTH(D68,0))-H70 -> 2 | I68: =H68/(H70+H68) -> 0.064516129 | J68: =IF(G69,IF(G66,IF(G72,J67,IF(I70=0,J69,(J69-J70*I70)/I68)),J67),J69) -> 96.685 | K68: =100-J68 -> 3.315 | L68: =K68-K70 -> -0.080172414 | M68: =L68/25*100 -> -0.32068966 | N68: =TRUNC(M68,0)/1 -> 0 | T68: =K68-$K$88 -> -0.32607143 | U68: =T68/25*100 -> -1.3042857 | V68: =TRUNC(U68,0)/1 -> -1
C69: =TEXT(D69,"YYMM")&"E" -> 2607E | D69: =日历计算!G9 -> 46233.083 | E69: 平均 | F69: =IF(日历计算!H9<>0,日历计算!G9,"当月无会议"&"("&TEXT(日历计算!G9,"M")&"月)") -> 46233.083 | G69: =IF(LEFT(F69,1)="当",FALSE,TRUE) -> TRUE | J69: =VLOOKUP(C69,FF期货结算价!D:Z,$B$3,0) -> 96.61 | K69: =100-J69 -> 3.39 | N69: =IF(M68>0,MOD(M68,1),MOD(M68,-1)) -> -0.32068966 | O69: =IF(N68=-2,1-ABS(N69),IF(N68=-1,ABS(N69),0)) -> 0 | P69: =IF(N68=-1,1-ABS(N69),IF(N68=0,IF(N69<0,ABS(N69),0),0)) -> 0.32068966 | Q69: =IF(N68=0,1-ABS(N69),0) -> 0.67931034 | R69: =IF(N68=0,IF(N69>0,ABS(N69),0),IF(N69=1,1-ABS(N69),0)) -> 0 | S69: =IF(N68=1,ABS(N69),IF(N68=2,1-ABS(N69),0)) -> 0 | V69: =IF(U68>0,MOD(U68,1),MOD(U68,-1)) -> -0.30428571 | W69: =IF(V68<0,100%,IF(V69<0,ABS(V69),0)) -> 1 | X69: =IF(V68=0,1-ABS(V69),0) -> 0 | Y69: =IF(V68>0,100%,IF(V69>0,V69,0)) -> 0
D70: =D69 -> 46233.083 | E70: 月初 | H70: =TEXT(D70,"dd")-1 -> 29 | I70: =H70/(H70+H68) -> 0.93548387 | J70: =IF(G69,IF(G66,IF(G72,IF(I70=0,J69,(J69-I68*J68)/I70),J71),IF(I70=0,J69,(J69-I68*J68)/I70)),J69) -> 96.604828 | K70: =100-J70 -> 3.3951724
C71: =TEXT(D71,"YYMM")&"EE" -> 2606EE | D71: =D72 -> 46191.083 | E71: 月末 | H71: =DAY(EOMONTH(D71,0))-H73 -> 13 | I71: =H71/(H73+H71) -> 0.43333333 | J71: =IF(G72,IF(G69,IF(G75,J70,IF(I73=0,J72,(J72-J73*I73)/I71)),J70),J72) -> 96.601923 | K71: =100-J71 -> 3.3980769 | L71: =K71-K73 -> -0.12692308 | M71: =L71/25*100 -> -0.50769231 | N71: =TRUNC(M71,0)/1 -> 0 | T71: =K71-$K$88 -> -0.24299451 | U71: =T71/25*100 -> -0.97197802 | V71: =TRUNC(U71,0)/1 -> 0
C72: =TEXT(D72,"YYMM")&"E" -> 2606E | D72: =日历计算!G8 -> 46191.083 | E72: 平均 | F72: =IF(日历计算!H8<>0,日历计算!G8,"当月无会议"&"("&TEXT(日历计算!G8,"M")&"月)") -> 46191.083 | G72: =IF(LEFT(F72,1)="当",FALSE,TRUE) -> TRUE | J72: =VLOOKUP(C72,FF期货结算价!D:Z,$B$3,0) -> 96.53 | K72: =100-J72 -> 3.47 | N72: =IF(M71>0,MOD(M71,1),MOD(M71,-1)) -> -0.50769231 | O72: =IF(N71=-2,1-ABS(N72),IF(N71=-1,ABS(N72),0)) -> 0 | P72: =IF(N71=-1,1-ABS(N72),IF(N71=0,IF(N72<0,ABS(N72),0),0)) -> 0.50769231 | Q72: =IF(N71=0,1-ABS(N72),0) -> 0.49230769 | R72: =IF(N71=0,IF(N72>0,ABS(N72),0),IF(N72=1,1-ABS(N72),0)) -> 0 | S72: =IF(N71=1,ABS(N72),IF(N71=2,1-ABS(N72),0)) -> 0 | V72: =IF(U71>0,MOD(U71,1),MOD(U71,-1)) -> -0.97197802 | W72: =IF(V71<0,100%,IF(V72<0,ABS(V72),0)) -> 0.97197802 | X72: =IF(V71=0,1-ABS(V72),0) -> 0.028021978 | Y72: =IF(V71>0,100%,IF(V72>0,V72,0)) -> 0
D73: =D72 -> 46191.083 | E73: 月初 | H73: =TEXT(D73,"dd")-1 -> 17 | I73: =H73/(H73+H71) -> 0.56666667 | J73: =IF(G72,IF(G69,IF(G75,IF(I73=0,J72,(J72-I71*J71)/I73),J74),IF(I73=0,J72,(J72-I71*J71)/I73)),J72) -> 96.475 | K73: =100-J73 -> 3.525
C74: =TEXT(D74,"YYMM")&"EE" -> 2605EE | D74: =D75 -> 46143.083 | E74: 月末 | H74: =DAY(EOMONTH(D74,0))-H76 -> 31 | I74: =H74/(H76+H74) -> 1 | J74: =IF(G75,IF(G72,IF(G78,J73,IF(I76=0,J75,(J75-J76*I76)/I74)),J73),J75) -> 96.475 | K74: =100-J74 -> 3.525 | L74: =K74-K76 -> 0 | M74: =L74/25*100 -> 0 | N74: =TRUNC(M74,0)/1 -> 0 | T74: =K74-$K$88 -> -0.11607143 | U74: =T74/25*100 -> -0.46428571 | V74: =TRUNC(U74,0)/1 -> 0
C75: =TEXT(D75,"YYMM")&"E" -> 2605E | D75: =日历计算!G7 -> 46143.083 | E75: 平均 | F75: =IF(日历计算!H7<>0,日历计算!G7,"当月无会议"&"("&TEXT(日历计算!G7,"M")&"月)") -> 当月无会议(5月) | G75: =IF(LEFT(F75,1)="当",FALSE,TRUE) -> FALSE | J75: =VLOOKUP(C75,FF期货结算价!D:Z,$B$3,0) -> 96.475 | K75: =100-J75 -> 3.525 | N75: =IF(M74>0,MOD(M74,1),MOD(M74,-1)) -> 0 | O75: =IF(N74=-2,1-ABS(N75),IF(N74=-1,ABS(N75),0)) -> 0 | P75: =IF(N74=-1,1-ABS(N75),IF(N74=0,IF(N75<0,ABS(N75),0),0)) -> 0 | Q75: =IF(N74=0,1-ABS(N75),0) -> 1 | R75: =IF(N74=0,IF(N75>0,ABS(N75),0),IF(N75=1,1-ABS(N75),0)) -> 0 | S75: =IF(N74=1,ABS(N75),IF(N74=2,1-ABS(N75),0)) -> 0 | V75: =IF(U74>0,MOD(U74,1),MOD(U74,-1)) -> -0.46428571 | W75: =IF(V74<0,100%,IF(V75<0,ABS(V75),0)) -> 0.46428571 | X75: =IF(V74=0,1-ABS(V75),0) -> 0.53571429 | Y75: =IF(V74>0,100%,IF(V75>0,V75,0)) -> 0
D76: =D75 -> 46143.083 | E76: 月初 | H76: =TEXT(D76,"dd")-1 -> 0 | I76: =H76/(H76+H74) -> 0 | J76: =IF(G75,IF(G72,IF(G78,IF(I76=0,J75,(J75-I74*J74)/I76),J77),IF(I76=0,J75,(J75-I74*J74)/I76)),J75) -> 96.475 | K76: =100-J76 -> 3.525
C77: =TEXT(D77,"YYMM")&"EE" -> 2604EE | D77: =D78 -> 46142.083 | E77: 月末 | H77: =DAY(EOMONTH(D77,0))-H79 -> 1 | I77: =H77/(H79+H77) -> 0.033333333 | J77: =IF(G78,IF(G75,IF(G81,J76,IF(I79=0,J78,(J78-J79*I79)/I77)),J76),J78) -> 96.475 | K77: =100-J77 -> 3.525 | L77: =K77-K79 -> -0.046551724 | M77: =L77/25*100 -> -0.1862069 | N77: =TRUNC(M77,0)/1 -> 0 | T77: =K77-$K$88 -> -0.11607143 | U77: =T77/25*100 -> -0.46428571 | V77: =TRUNC(U77,0)/1 -> 0
C78: =TEXT(D78,"YYMM")&"E" -> 2604E | D78: =日历计算!G6 -> 46142.083 | E78: 平均 | F78: =IF(日历计算!H6<>0,日历计算!G6,"当月无会议"&"("&TEXT(日历计算!G6,"M")&"月)") -> 46142.083 | G78: =IF(LEFT(F78,1)="当",FALSE,TRUE) -> TRUE | J78: =VLOOKUP(C78,FF期货结算价!D:Z,$B$3,0) -> 96.43 | K78: =100-J78 -> 3.57 | N78: =IF(M77>0,MOD(M77,1),MOD(M77,-1)) -> -0.1862069 | O78: =IF(N77=-2,1-ABS(N78),IF(N77=-1,ABS(N78),0)) -> 0 | P78: =IF(N77=-1,1-ABS(N78),IF(N77=0,IF(N78<0,ABS(N78),0),0)) -> 0.1862069 | Q78: =IF(N77=0,1-ABS(N78),0) -> 0.8137931 | R78: =IF(N77=0,IF(N78>0,ABS(N78),0),IF(N78=1,1-ABS(N78),0)) -> 0 | S78: =IF(N77=1,ABS(N78),IF(N77=2,1-ABS(N78),0)) -> 0 | V78: =IF(U77>0,MOD(U77,1),MOD(U77,-1)) -> -0.46428571 | W78: =IF(V77<0,100%,IF(V78<0,ABS(V78),0)) -> 0.46428571 | X78: =IF(V77=0,1-ABS(V78),0) -> 0.53571429 | Y78: =IF(V77>0,100%,IF(V78>0,V78,0)) -> 0
D79: =D78 -> 46142.083 | E79: 月初 | H79: =TEXT(D79,"dd")-1 -> 29 | I79: =H79/(H79+H77) -> 0.96666667 | J79: =IF(G78,IF(G75,IF(G81,IF(I79=0,J78,(J78-I77*J77)/I79),J80),IF(I79=0,J78,(J78-I77*J77)/I79)),J78) -> 96.428448 | K79: =100-J79 -> 3.5715517
C80: =TEXT(D80,"YYMM")&"EE" -> 2603EE | D80: =D81 -> 46100.083 | E80: 月末 | H80: =DAY(EOMONTH(D80,0))-H82 -> 13 | I80: =H80/(H82+H80) -> 0.41935484 | J80: =IF(G81,IF(G78,IF(G84,J79,IF(I82=0,J81,(J81-J82*I82)/I80)),J79),J81) -> 96.429615 | K80: =100-J80 -> 3.5703846 | L80: =K80-K82 -> -0.059615385 | M80: =L80/25*100 -> -0.23846154 | N80: =TRUNC(M80,0)/1 -> 0 | T80: =K80-$K$88 -> -0.070686813 | U80: =T80/25*100 -> -0.28274725 | V80: =TRUNC(U80,0)/1 -> 0
C81: =TEXT(D81,"YYMM")&"E" -> 2603E | D81: =日历计算!G5 -> 46100.083 | E81: 平均 | F81: =IF(日历计算!H5<>0,日历计算!G5,"当月无会议"&"("&TEXT(日历计算!G5,"M")&"月)") -> 46100.083 | G81: =IF(LEFT(F81,1)="当",FALSE,TRUE) -> TRUE | J81: =VLOOKUP(C81,FF期货结算价!D:Z,$B$3,0) -> 96.395 | K81: =100-J81 -> 3.605 | N81: =IF(M80>0,MOD(M80,1),MOD(M80,-1)) -> -0.23846154 | O81: =IF(N80=-2,1-ABS(N81),IF(N80=-1,ABS(N81),0)) -> 0 | P81: =IF(N80=-1,1-ABS(N81),IF(N80=0,IF(N81<0,ABS(N81),0),0)) -> 0.23846154 | Q81: =IF(N80=0,1-ABS(N81),0) -> 0.76153846 | R81: =IF(N80=0,IF(N81>0,ABS(N81),0),IF(N81=1,1-ABS(N81),0)) -> 0 | S81: =IF(N80=1,ABS(N81),IF(N80=2,1-ABS(N81),0)) -> 0 | V81: =IF(U80>0,MOD(U80,1),MOD(U80,-1)) -> -0.28274725 | W81: =IF(V80<0,100%,IF(V81<0,ABS(V81),0)) -> 0.28274725 | X81: =IF(V80=0,1-ABS(V81),0) -> 0.71725275 | Y81: =IF(V80>0,100%,IF(V81>0,V81,0)) -> 0
D82: =D81 -> 46100.083 | E82: 月初 | H82: =TEXT(D82,"dd")-1 -> 18 | I82: =H82/(H82+H80) -> 0.58064516 | J82: =IF(G81,IF(G78,IF(G84,IF(I82=0,J81,(J81-I80*J80)/I82),J83),IF(I82=0,J81,(J81-I80*J80)/I82)),J81) -> 96.37 | K82: =100-J82 -> 3.63
C83: =TEXT(D83,"YYMM")&"EE" -> 2602EE | D83: =D84 -> 46054.083 | E83: 月末 | H83: =DAY(EOMONTH(D83,0))-H85 -> 28 | I83: =H83/(H85+H83) -> 1 | J83: =IF(G84,IF(G81,IF(G87,J82,IF(I85=0,J84,(J84-J85*I85)/I83)),J82),J84) -> 96.37 | K83: =100-J83 -> 3.63 | L83: =K83-K85 -> 0 | M83: =L83/25*100 -> 0 | N83: =TRUNC(M83,0)/1 -> 0 | T83: =K83-$K$88 -> -0.011071429 | U83: =T83/25*100 -> -0.044285714 | V83: =TRUNC(U83,0)/1 -> 0
C84: =TEXT(D84,"YYMM")&"E" -> 2602E | D84: =日历计算!G4 -> 46054.083 | E84: 平均 | F84: =IF(日历计算!H4<>0,日历计算!G4,"当月无会议"&"("&TEXT(日历计算!G4,"M")&"月)") -> 当月无会议(2月) | G84: =IF(LEFT(F84,1)="当",FALSE,TRUE) -> FALSE | J84: =VLOOKUP(C84,FF期货结算价!D:Z,$B$3,0) -> 96.37 | K84: =100-J84 -> 3.63 | N84: =IF(M83>0,MOD(M83,1),MOD(M83,-1)) -> 0 | O84: =IF(N83=-2,1-ABS(N84),IF(N83=-1,ABS(N84),0)) -> 0 | P84: =IF(N83=-1,1-ABS(N84),IF(N83=0,IF(N84<0,ABS(N84),0),0)) -> 0 | Q84: =IF(N83=0,1-ABS(N84),0) -> 1 | R84: =IF(N83=0,IF(N84>0,ABS(N84),0),IF(N84=1,1-ABS(N84),0)) -> 0 | S84: =IF(N83=1,ABS(N84),IF(N83=2,1-ABS(N84),0)) -> 0 | V84: =IF(U83>0,MOD(U83,1),MOD(U83,-1)) -> -0.044285714 | W84: =IF(V83<0,100%,IF(V84<0,ABS(V84),0)) -> 0.044285714 | X84: =IF(V83=0,1-ABS(V84),0) -> 0.95571429 | Y84: =IF(V83>0,100%,IF(V84>0,V84,0)) -> 0
D85: =D84 -> 46054.083 | E85: 月初 | H85: =TEXT(D85,"dd")-1 -> 0 | I85: =H85/(H85+H83) -> 0 | J85: =IF(G84,IF(G81,IF(G87,IF(I85=0,J84,(J84-I83*J83)/I85),J86),IF(I85=0,J84,(J84-I83*J83)/I85)),J84) -> 96.37 | K85: =100-J85 -> 3.63
C86: =TEXT(D86,"YYMM")&"EE" -> 2601EE | D86: =D87 -> 46051.083 | E86: 月末 | H86: =DAY(EOMONTH(D86,0))-H88 -> 3 | I86: =H86/(H88+H86) -> 0.096774194 | J86: =IF(G87,J85,J87) -> 96.37 | K86: =100-J86 -> 3.63 | L86: =K86-K88 -> -0.011071429 | M86: =L86/25*100 -> -0.044285714 | N86: =TRUNC(M86,0)/1 -> 0 | T86: =K86-$K$88 -> -0.011071429 | U86: =T86/25*100 -> -0.044285714 | V86: =TRUNC(U86,0)/1 -> 0
C87: =TEXT(D87,"YYMM")&"E" -> 2601E | D87: =日历计算!G3 -> 46051.083 | E87: 平均 | F87: =IF(日历计算!H3<>0,日历计算!G3,"当月无会议"&"("&TEXT(日历计算!G3,"M")&"月)") -> 46051.083 | G87: =IF(LEFT(F87,1)="当",FALSE,TRUE) -> TRUE | J87: =VLOOKUP(C87,FF期货结算价!D:Z,$B$3,0) -> 96.36 | K87: =100-J87 -> 3.64 | N87: =IF(M86>0,MOD(M86,1),MOD(M86,-1)) -> -0.044285714 | O87: =IF(N86=-2,1-ABS(N87),IF(N86=-1,ABS(N87),0)) -> 0 | P87: =IF(N86=-1,1-ABS(N87),IF(N86=0,IF(N87<0,ABS(N87),0),0)) -> 0.044285714 | Q87: =IF(N86=0,1-ABS(N87),0) -> 0.95571429 | R87: =IF(N86=0,IF(N87>0,ABS(N87),0),IF(N87=1,1-ABS(N87),0)) -> 0 | S87: =IF(N86=1,ABS(N87),IF(N86=2,1-ABS(N87),0)) -> 0 | V87: =IF(U86>0,MOD(U86,1),MOD(U86,-1)) -> -0.044285714 | W87: =IF(V86<0,100%,IF(V87<0,ABS(V87),0)) -> 0.044285714 | X87: =IF(V86=0,1-ABS(V87),0) -> 0.95571429 | Y87: =IF(V86>0,100%,IF(V87>0,V87,0)) -> 0
D88: =D87 -> 46051.083 | E88: 月初 | H88: =TEXT(D88,"dd")-1 -> 28 | I88: =H88/(H88+H86) -> 0.90322581 | J88: =IF(G87,IF(G84,IF(G90,IF(I88=0,J87,(J87-I86*J86)/I88),J89),IF(I88=0,J87,(J87-I86*J86)/I88)),J87) -> 96.358929 | K88: =100-J88 -> 3.6410714
C89: =TEXT(D89,"YYMM")&"EE" -> 连续日历月(含会议日)EE | D89: =D90 -> 连续日历月(含会议日) | E89: 月末 | H89: =DAY(EOMONTH(D89,0))-H91 -> #VALUE! | I89: =H89/(H91+H89) -> #VALUE! | J89: =IF(G90,J88,J90) -> #N/A | K89: =100-J89 -> #N/A | L89: =K89-K91 -> #N/A | M89: =L89/25*100 -> #N/A | N89: =TRUNC(M89,0)/1 -> #N/A | T89: =K89-$K$88 -> #N/A | U89: =T89/25*100 -> #N/A | V89: =TRUNC(U89,0)/1 -> #N/A
C90: =TEXT(D90,"YYMM")&"E" -> 连续日历月(含会议日)E | D90: =日历计算!G2 -> 连续日历月(含会议日) | E90: 平均 | F90: =IF(日历计算!H2<>0,日历计算!G2,"当月无会议"&"("&TEXT(日历计算!G2,"M")&"月)") -> 当月无会议(连续日历月(含会议日)月) | G90: =IF(LEFT(F90,1)="当",FALSE,TRUE) -> FALSE | J90: =VLOOKUP(C90,FF期货结算价!D:Z,$B$3,0) -> #N/A | K90: =100-J90 -> #N/A | N90: =IF(M89>0,MOD(M89,1),MOD(M89,-1)) -> #N/A | O90: =IF(N89=-2,1-ABS(N90),IF(N89=-1,ABS(N90),0)) -> #N/A | P90: =IF(N89=-1,1-ABS(N90),IF(N89=0,IF(N90<0,ABS(N90),0),0)) -> #N/A | Q90: =IF(N89=0,1-ABS(N90),0) -> #N/A | R90: =IF(N89=0,IF(N90>0,ABS(N90),0),IF(N90=1,1-ABS(N90),0)) -> #N/A | S90: =IF(N89=1,ABS(N90),IF(N89=2,1-ABS(N90),0)) -> #N/A | V90: =IF(U89>0,MOD(U89,1),MOD(U89,-1)) -> #N/A | W90: =IF(V89<0,100%,IF(V90<0,ABS(V90),0)) -> #N/A | X90: =IF(V89=0,1-ABS(V90),0) -> #N/A | Y90: =IF(V89>0,100%,IF(V90>0,V90,0)) -> #N/A
D91: =D90 -> 连续日历月(含会议日) | E91: 月初 | H91: =TEXT(D91,"dd")-1 -> #VALUE! | I91: =H91/(H91+H89) -> #VALUE! | J91: =J90 -> #N/A | K91: =100-J91 -> #N/A

Sheet Wind模板
A1: 美联储利率观测器-美联储加息降息概率预测

Sheet 加息降息概率计算-1P
G1: 美联储议息会议加息降息概率计算 | X1: 最近更新： | Y1: =TODAY() -> 46037
B3: 3 | O3: 加息/降息概率 | W3: 累计加息/降息概率
C4: 检索代码 | F4: 会议日期 | H4: 距离月初/月末天数 | I4: 距离月初/月末天数% | J4: 价格 | K4: 隐含利率 | L4: 月度价差 | M4: 25bp变动次数 | N4: 达成加减息次数&余数 | O4: -50bps | P4: -25bps | Q4: 0bps | R4: +25bps | S4: +50bps | T4: 和当前月度价差 | U4: 25bp变动次数 | V4: 达成加减息次数&余数 | W4: 降息 | X4: 保持不变 | Y4: 加息
C5: =TEXT(D5,"YYMM")&"EE" -> 2804EE | D5: =D6 -> 46844.083 | E5: 月末 | H5: =DAY(EOMONTH(D5,0))-H7 -> 30 | I5: =H5/(H7+H5) -> 1 | J5: =IF(G6,IF(I7=0,J6,(J6-I7*J7)/I5),J6) -> 96.875 | K5: =100-J5 -> 3.125 | L5: =K5-K7 -> 0 | M5: =L5/25*100 -> 0 | N5: =TRUNC(M5,0)/1 -> 0 | T5: =K5-$K$88 -> -0.51607143 | U5: =T5/25*100 -> -2.0642857 | V5: =TRUNC(U5,0)/1 -> -2
C6: =TEXT(D6,"YYMM")&"E" -> 2804E | D6: =日历计算!G30 -> 46844.083 | E6: 平均 | F6: =IF(日历计算!H30<>0,日历计算!G30,"当月无会议"&"("&TEXT(日历计算!G30,"M")&"月)") -> 当月无会议(4月) | G6: =IF(LEFT(F6,1)="当",FALSE,TRUE) -> FALSE | J6: =VLOOKUP(C6,FF期货结算价!D:Z,$B$3,0) -> 96.875 | K6: =100-J6 -> 3.125 | N6: =IF(M5>0,MOD(M5,1),MOD(M5,-1)) -> 0 | O6: =IF(N5=-2,1-ABS(N6),IF(N5=-1,ABS(N6),0)) -> 0 | P6: =IF(N5=-1,1-ABS(N6),IF(N5=0,IF(N6<0,ABS(N6),0),0)) -> 0 | Q6: =IF(N5=0,1-ABS(N6),0) -> 1 | R6: =IF(N5=0,IF(N6>0,ABS(N6),0),IF(N6=1,1-ABS(N6),0)) -> 0 | S6: =IF(N5=1,ABS(N6),IF(N5=2,1-ABS(N6),0)) -> 0 | V6: =IF(U5>0,MOD(U5,1),MOD(U5,-1)) -> -0.064285714 | W6: =IF(V5<0,100%,IF(V6<0,ABS(V6),0)) -> 1 | X6: =IF(V5=0,1-ABS(V6),0) -> 0 | Y6: =IF(V5>0,100%,IF(V6>0,V6,0)) -> 0
D7: =D6 -> 46844.083 | E7: 月初 | H7: =TEXT(D7,"dd")-1 -> 0 | I7: =H7/(H7+H5) -> 0 | J7: =IF(G6,J8,J6) -> 96.875 | K7: =100-J7 -> 3.125
C8: =TEXT(D8,"YYMM")&"EE" -> 2803EE | D8: =D9 -> 46813.083 | E8: 月末 | H8: =DAY(EOMONTH(D8,0))-H10 -> 31 | I8: =H8/(H10+H8) -> 1 | J8: =IF(G9,IF(G6,IF(I10=0,J9,(J9-I10*J11)/I8),J7),J9) -> 96.915 | K8: =100-J8 -> 3.085 | L8: =K8-K10 -> 0 | M8: =L8/25*100 -> 0 | N8: =TRUNC(M8,0)/1 -> 0 | T8: =K8-$K$88 -> -0.55607143 | U8: =T8/25*100 -> -2.2242857 | V8: =TRUNC(U8,0)/1 -> -2
C9: =TEXT(D9,"YYMM")&"E" -> 2803E | D9: =日历计算!G29 -> 46813.083 | E9: 平均 | F9: =IF(日历计算!H29<>0,日历计算!G29,"当月无会议"&"("&TEXT(日历计算!G29,"M")&"月)") -> 当月无会议(3月) | G9: =IF(LEFT(F9,1)="当",FALSE,TRUE) -> FALSE | J9: =VLOOKUP(C9,FF期货结算价!D:Z,$B$3,0) -> 96.915 | K9: =100-J9 -> 3.085 | N9: =IF(M8>0,MOD(M8,1),MOD(M8,-1)) -> 0 | O9: =IF(N8=-2,1-ABS(N9),IF(N8=-1,ABS(N9),0)) -> 0 | P9: =IF(N8=-1,1-ABS(N9),IF(N8=0,IF(N9<0,ABS(N9),0),0)) -> 0 | Q9: =IF(N8=0,1-ABS(N9),0) -> 1 | R9: =IF(N8=0,IF(N9>0,ABS(N9),0),IF(N9=1,1-ABS(N9),0)) -> 0 | S9: =IF(N8=1,ABS(N9),IF(N8=2,1-ABS(N9),0)) -> 0 | V9: =IF(U8>0,MOD(U8,1),MOD(U8,-1)) -> -0.22428571 | W9: =IF(V8<0,100%,IF(V9<0,ABS(V9),0)) -> 1 | X9: =IF(V8=0,1-ABS(V9),0) -> 0 | Y9: =IF(V8>0,100%,IF(V9>0,V9,0)) -> 0
D10: =D9 -> 46813.083 | E10: 月初 | H10: =TEXT(D10,"dd")-1 -> 0 | I10: =H10/(H10+H8) -> 0 | J10: =IF(G9,J11,J9) -> 96.915 | K10: =100-J10 -> 3.085
C11: =TEXT(D11,"YYMM")&"EE" -> 2802EE | D11: =D12 -> 46784.083 | E11: 月末 | H11: =DAY(EOMONTH(D11,0))-H13 -> 29 | I11: =H11/(H13+H11) -> 1 | J11: =IF(G12,IF(G9,IF(I13=0,J12,(J12-I13*J14)/I11),J10),J12) -> 96.93 | K11: =100-J11 -> 3.07 | L11: =K11-K13 -> 0 | M11: =L11/25*100 -> 0 | N11: =TRUNC(M11,0)/1 -> 0 | T11: =K11-$K$88 -> -0.57107143 | U11: =T11/25*100 -> -2.2842857 | V11: =TRUNC(U11,0)/1 -> -2
C12: =TEXT(D12,"YYMM")&"E" -> 2802E | D12: =日历计算!G28 -> 46784.083 | E12: 平均 | F12: =IF(日历计算!H28<>0,日历计算!G28,"当月无会议"&"("&TEXT(日历计算!G28,"M")&"月)") -> 当月无会议(2月) | G12: =IF(LEFT(F12,1)="当",FALSE,TRUE) -> FALSE | J12: =VLOOKUP(C12,FF期货结算价!D:Z,$B$3,0) -> 96.93 | K12: =100-J12 -> 3.07 | N12: =IF(M11>0,MOD(M11,1),MOD(M11,-1)) -> 0 | O12: =IF(N11=-2,1-ABS(N12),IF(N11=-1,ABS(N12),0)) -> 0 | P12: =IF(N11=-1,1-ABS(N12),IF(N11=0,IF(N12<0,ABS(N12),0),0)) -> 0 | Q12: =IF(N11=0,1-ABS(N12),0) -> 1 | R12: =IF(N11=0,IF(N12>0,ABS(N12),0),IF(N12=1,1-ABS(N12),0)) -> 0 | S12: =IF(N11=1,ABS(N12),IF(N11=2,1-ABS(N12),0)) -> 0 | V12: =IF(U11>0,MOD(U11,1),MOD(U11,-1)) -> -0.28428571 | W12: =IF(V11<0,100%,IF(V12<0,ABS(V12),0)) -> 1 | X12: =IF(V11=0,1-ABS(V12),0) -> 0 | Y12: =IF(V11>0,100%,IF(V12>0,V12,0)) -> 0
D13: =D12 -> 46784.083 | E13: 月初 | H13: =TEXT(D13,"dd")-1 -> 0 | I13: =H13/(H13+H11) -> 0 | J13: =IF(G12,J14,J12) -> 96.93 | K13: =100-J13 -> 3.07
C14: =TEXT(D14,"YYMM")&"EE" -> 2801EE | D14: =D15 -> 46753.083 | E14: 月末 | H14: =DAY(EOMONTH(D14,0))-H16 -> 31 | I14: =H14/(H16+H14) -> 1 | J14: =IF(G15,IF(G12,IF(I16=0,J15,(J15-I16*J17)/I14),J13),J15) -> 96.945 | K14: =100-J14 -> 3.055 | L14: =K14-K16 -> 0 | M14: =L14/25*100 -> 0 | N14: =TRUNC(M14,0)/1 -> 0 | T14: =K14-$K$88 -> -0.58607143 | U14: =T14/25*100 -> -2.3442857 | V14: =TRUNC(U14,0)/1 -> -2
C15: =TEXT(D15,"YYMM")&"E" -> 2801E | D15: =日历计算!G27 -> 46753.083 | E15: 平均 | F15: =IF(日历计算!H27<>0,日历计算!G27,"当月无会议"&"("&TEXT(日历计算!G27,"M")&"月)") -> 当月无会议(1月) | G15: =IF(LEFT(F15,1)="当",FALSE,TRUE) -> FALSE | J15: =VLOOKUP(C15,FF期货结算价!D:Z,$B$3,0) -> 96.945 | K15: =100-J15 -> 3.055 | N15: =IF(M14>0,MOD(M14,1),MOD(M14,-1)) -> 0 | O15: =IF(N14=-2,1-ABS(N15),IF(N14=-1,ABS(N15),0)) -> 0 | P15: =IF(N14=-1,1-ABS(N15),IF(N14=0,IF(N15<0,ABS(N15),0),0)) -> 0 | Q15: =IF(N14=0,1-ABS(N15),0) -> 1 | R15: =IF(N14=0,IF(N15>0,ABS(N15),0),IF(N15=1,1-ABS(N15),0)) -> 0 | S15: =IF(N14=1,ABS(N15),IF(N14=2,1-ABS(N15),0)) -> 0 | V15: =IF(U14>0,MOD(U14,1),MOD(U14,-1)) -> -0.34428571 | W15: =IF(V14<0,100%,IF(V15<0,ABS(V15),0)) -> 1 | X15: =IF(V14=0,1-ABS(V15),0) -> 0 | Y15: =IF(V14>0,100%,IF(V15>0,V15,0)) -> 0
D16: =D15 -> 46753.083 | E16: 月初 | H16: =TEXT(D16,"dd")-1 -> 0 | I16: =H16/(H16+H14) -> 0 | J16: =IF(G15,J17,J15) -> 96.945 | K16: =100-J16 -> 3.055
C17: =TEXT(D17,"YYMM")&"EE" -> 2712EE | D17: =D18 -> 46722.083 | E17: 月末 | H17: =DAY(EOMONTH(D17,0))-H19 -> 31 | I17: =H17/(H19+H17) -> 1 | J17: =IF(G18,IF(G15,IF(I19=0,J18,(J18-I19*J20)/I17),J16),J18) -> 96.865 | K17: =100-J17 -> 3.135 | L17: =K17-K19 -> 0 | M17: =L17/25*100 -> 0 | N17: =TRUNC(M17,0)/1 -> 0 | T17: =K17-$K$88 -> -0.50607143 | U17: =T17/25*100 -> -2.0242857 | V17: =TRUNC(U17,0)/1 -> -2
C18: =TEXT(D18,"YYMM")&"E" -> 2712E | D18: =日历计算!G26 -> 46722.083 | E18: 平均 | F18: =IF(日历计算!H26<>0,日历计算!G26,"当月无会议"&"("&TEXT(日历计算!G26,"M")&"月)") -> 当月无会议(12月) | G18: =IF(LEFT(F18,1)="当",FALSE,TRUE) -> FALSE | J18: =VLOOKUP(C18,FF期货结算价!D:Z,$B$3,0) -> 96.865 | K18: =100-J18 -> 3.135 | N18: =IF(M17>0,MOD(M17,1),MOD(M17,-1)) -> 0 | O18: =IF(N17=-2,1-ABS(N18),IF(N17=-1,ABS(N18),0)) -> 0 | P18: =IF(N17=-1,1-ABS(N18),IF(N17=0,IF(N18<0,ABS(N18),0),0)) -> 0 | Q18: =IF(N17=0,1-ABS(N18),0) -> 1 | R18: =IF(N17=0,IF(N18>0,ABS(N18),0),IF(N18=1,1-ABS(N18),0)) -> 0 | S18: =IF(N17=1,ABS(N18),IF(N17=2,1-ABS(N18),0)) -> 0 | V18: =IF(U17>0,MOD(U17,1),MOD(U17,-1)) -> -0.024285714 | W18: =IF(V17<0,100%,IF(V18<0,ABS(V18),0)) -> 1 | X18: =IF(V17=0,1-ABS(V18),0) -> 0 | Y18: =IF(V17>0,100%,IF(V18>0,V18,0)) -> 0
D19: =D18 -> 46722.083 | E19: 月初 | H19: =TEXT(D19,"dd")-1 -> 0 | I19: =H19/(H19+H17) -> 0 | J19: =IF(G18,J20,J18) -> 96.865 | K19: =100-J19 -> 3.135
C20: =TEXT(D20,"YYMM")&"EE" -> 2711EE | D20: =D21 -> 46692.083 | E20: 月末 | H20: =DAY(EOMONTH(D20,0))-H22 -> 30 | I20: =H20/(H22+H20) -> 1 | J20: =IF(G21,IF(G18,IF(I22=0,J21,(J21-I22*J23)/I20),J19),J21) -> 96.88 | K20: =100-J20 -> 3.12 | L20: =K20-K22 -> 0 | M20: =L20/25*100 -> 0 | N20: =TRUNC(M20,0)/1 -> 0 | T20: =K20-$K$88 -> -0.52107143 | U20: =T20/25*100 -> -2.0842857 | V20: =TRUNC(U20,0)/1 -> -2
C21: =TEXT(D21,"YYMM")&"E" -> 2711E | D21: =日历计算!G25 -> 46692.083 | E21: 平均 | F21: =IF(日历计算!H25<>0,日历计算!G25,"当月无会议"&"("&TEXT(日历计算!G25,"M")&"月)") -> 当月无会议(11月) | G21: =IF(LEFT(F21,1)="当",FALSE,TRUE) -> FALSE | J21: =VLOOKUP(C21,FF期货结算价!D:Z,$B$3,0) -> 96.88 | K21: =100-J21 -> 3.12 | N21: =IF(M20>0,MOD(M20,1),MOD(M20,-1)) -> 0 | O21: =IF(N20=-2,1-ABS(N21),IF(N20=-1,ABS(N21),0)) -> 0 | P21: =IF(N20=-1,1-ABS(N21),IF(N20=0,IF(N21<0,ABS(N21),0),0)) -> 0 | Q21: =IF(N20=0,1-ABS(N21),0) -> 1 | R21: =IF(N20=0,IF(N21>0,ABS(N21),0),IF(N21=1,1-ABS(N21),0)) -> 0 | S21: =IF(N20=1,ABS(N21),IF(N20=2,1-ABS(N21),0)) -> 0 | V21: =IF(U20>0,MOD(U20,1),MOD(U20,-1)) -> -0.084285714 | W21: =IF(V20<0,100%,IF(V21<0,ABS(V21),0)) -> 1 | X21: =IF(V20=0,1-ABS(V21),0) -> 0 | Y21: =IF(V20>0,100%,IF(V21>0,V21,0)) -> 0
D22: =D21 -> 46692.083 | E22: 月初 | H22: =TEXT(D22,"dd")-1 -> 0 | I22: =H22/(H22+H20) -> 0 | J22: =IF(G21,J23,J21) -> 96.88 | K22: =100-J22 -> 3.12
C23: =TEXT(D23,"YYMM")&"EE" -> 2710EE | D23: =D24 -> 46661.083 | E23: 月末 | H23: =DAY(EOMONTH(D23,0))-H25 -> 31 | I23: =H23/(H25+H23) -> 1 | J23: =IF(G24,IF(G21,IF(I25=0,J24,(J24-I25*J26)/I23),J22),J24) -> 96.9 | K23: =100-J23 -> 3.1 | L23: =K23-K25 -> 0 | M23: =L23/25*100 -> 0 | N23: =TRUNC(M23,0)/1 -> 0 | T23: =K23-$K$88 -> -0.54107143 | U23: =T23/25*100 -> -2.1642857 | V23: =TRUNC(U23,0)/1 -> -2
C24: =TEXT(D24,"YYMM")&"E" -> 2710E | D24: =日历计算!G24 -> 46661.083 | E24: 平均 | F24: =IF(日历计算!H24<>0,日历计算!G24,"当月无会议"&"("&TEXT(日历计算!G24,"M")&"月)") -> 当月无会议(10月) | G24: =IF(LEFT(F24,1)="当",FALSE,TRUE) -> FALSE | J24: =VLOOKUP(C24,FF期货结算价!D:Z,$B$3,0) -> 96.9 | K24: =100-J24 -> 3.1 | N24: =IF(M23>0,MOD(M23,1),MOD(M23,-1)) -> 0 | O24: =IF(N23=-2,1-ABS(N24),IF(N23=-1,ABS(N24),0)) -> 0 | P24: =IF(N23=-1,1-ABS(N24),IF(N23=0,IF(N24<0,ABS(N24),0),0)) -> 0 | Q24: =IF(N23=0,1-ABS(N24),0) -> 1 | R24: =IF(N23=0,IF(N24>0,ABS(N24),0),IF(N24=1,1-ABS(N24),0)) -> 0 | S24: =IF(N23=1,ABS(N24),IF(N23=2,1-ABS(N24),0)) -> 0 | V24: =IF(U23>0,MOD(U23,1),MOD(U23,-1)) -> -0.16428571 | W24: =IF(V23<0,100%,IF(V24<0,ABS(V24),0)) -> 1 | X24: =IF(V23=0,1-ABS(V24),0) -> 0 | Y24: =IF(V23>0,100%,IF(V24>0,V24,0)) -> 0
D25: =D24 -> 46661.083 | E25: 月初 | H25: =TEXT(D25,"dd")-1 -> 0 | I25: =H25/(H25+H23) -> 0 | J25: =IF(G24,J26,J24) -> 96.9 | K25: =100-J25 -> 3.1
C26: =TEXT(D26,"YYMM")&"EE" -> 2709EE | D26: =D27 -> 46631.083 | E26: 月末 | H26: =DAY(EOMONTH(D26,0))-H28 -> 30 | I26: =H26/(H28+H26) -> 1 | J26: =IF(G27,IF(G24,IF(I28=0,J27,(J27-I28*J29)/I26),J25),J27) -> 96.905 | K26: =100-J26 -> 3.095 | L26: =K26-K28 -> 0 | M26: =L26/25*100 -> 0 | N26: =TRUNC(M26,0)/1 -> 0 | T26: =K26-$K$88 -> -0.54607143 | U26: =T26/25*100 -> -2.1842857 | V26: =TRUNC(U26,0)/1 -> -2
C27: =TEXT(D27,"YYMM")&"E" -> 2709E | D27: =日历计算!G23 -> 46631.083 | E27: 平均 | F27: =IF(日历计算!H23<>0,日历计算!G23,"当月无会议"&"("&TEXT(日历计算!G23,"M")&"月)") -> 当月无会议(9月) | G27: =IF(LEFT(F27,1)="当",FALSE,TRUE) -> FALSE | J27: =VLOOKUP(C27,FF期货结算价!D:Z,$B$3,0) -> 96.905 | K27: =100-J27 -> 3.095 | N27: =IF(M26>0,MOD(M26,1),MOD(M26,-1)) -> 0 | O27: =IF(N26=-2,1-ABS(N27),IF(N26=-1,ABS(N27),0)) -> 0 | P27: =IF(N26=-1,1-ABS(N27),IF(N26=0,IF(N27<0,ABS(N27),0),0)) -> 0 | Q27: =IF(N26=0,1-ABS(N27),0) -> 1 | R27: =IF(N26=0,IF(N27>0,ABS(N27),0),IF(N27=1,1-ABS(N27),0)) -> 0 | S27: =IF(N26=1,ABS(N27),IF(N26=2,1-ABS(N27),0)) -> 0 | V27: =IF(U26>0,MOD(U26,1),MOD(U26,-1)) -> -0.18428571 | W27: =IF(V26<0,100%,IF(V27<0,ABS(V27),0)) -> 1 | X27: =IF(V26=0,1-ABS(V27),0) -> 0 | Y27: =IF(V26>0,100%,IF(V27>0,V27,0)) -> 0
D28: =D27 -> 46631.083 | E28: 月初 | H28: =TEXT(D28,"dd")-1 -> 0 | I28: =H28/(H28+H26) -> 0 | J28: =IF(G27,J29,J27) -> 96.905 | K28: =100-J28 -> 3.095
C29: =TEXT(D29,"YYMM")&"EE" -> 2708EE | D29: =D30 -> 46600.083 | E29: 月末 | H29: =DAY(EOMONTH(D29,0))-H31 -> 31 | I29: =H29/(H31+H29) -> 1 | J29: =IF(G30,IF(G27,IF(I31=0,J30,(J30-I31*J32)/I29),J28),J30) -> 96.905 | K29: =100-J29 -> 3.095 | L29: =K29-K31 -> 0 | M29: =L29/25*100 -> 0 | N29: =TRUNC(M29,0)/1 -> 0 | T29: =K29-$K$88 -> -0.54607143 | U29: =T29/25*100 -> -2.1842857 | V29: =TRUNC(U29,0)/1 -> -2
C30: =TEXT(D30,"YYMM")&"E" -> 2708E | D30: =日历计算!G22 -> 46600.083 | E30: 平均 | F30: =IF(日历计算!H22<>0,日历计算!G22,"当月无会议"&"("&TEXT(日历计算!G22,"M")&"月)") -> 当月无会议(8月) | G30: =IF(LEFT(F30,1)="当",FALSE,TRUE) -> FALSE | J30: =VLOOKUP(C30,FF期货结算价!D:Z,$B$3,0) -> 96.905 | K30: =100-J30 -> 3.095 | N30: =IF(M29>0,MOD(M29,1),MOD(M29,-1)) -> 0 | O30: =IF(N29=-2,1-ABS(N30),IF(N29=-1,ABS(N30),0)) -> 0 | P30: =IF(N29=-1,1-ABS(N30),IF(N29=0,IF(N30<0,ABS(N30),0),0)) -> 0 | Q30: =IF(N29=0,1-ABS(N30),0) -> 1 | R30: =IF(N29=0,IF(N30>0,ABS(N30),0),IF(N30=1,1-ABS(N30),0)) -> 0 | S30: =IF(N29=1,ABS(N30),IF(N29=2,1-ABS(N30),0)) -> 0 | V30: =IF(U29>0,MOD(U29,1),MOD(U29,-1)) -> -0.18428571 | W30: =IF(V29<0,100%,IF(V30<0,ABS(V30),0)) -> 1 | X30: =IF(V29=0,1-ABS(V30),0) -> 0 | Y30: =IF(V29>0,100%,IF(V30>0,V30,0)) -> 0
D31: =D30 -> 46600.083 | E31: 月初 | H31: =TEXT(D31,"dd")-1 -> 0 | I31: =H31/(H31+H29) -> 0 | J31: =IF(G30,J32,J30) -> 96.905 | K31: =100-J31 -> 3.095
C32: =TEXT(D32,"YYMM")&"EE" -> 2707EE | D32: =D33 -> 46569.083 | E32: 月末 | H32: =DAY(EOMONTH(D32,0))-H34 -> 31 | I32: =H32/(H34+H32) -> 1 | J32: =IF(G33,IF(G30,IF(I34=0,J33,(J33-I34*J35)/I32),J31),J33) -> 96.915 | K32: =100-J32 -> 3.085 | L32: =K32-K34 -> 0 | M32: =L32/25*100 -> 0 | N32: =TRUNC(M32,0)/1 -> 0 | T32: =K32-$K$88 -> -0.55607143 | U32: =T32/25*100 -> -2.2242857 | V32: =TRUNC(U32,0)/1 -> -2
C33: =TEXT(D33,"YYMM")&"E" -> 2707E | D33: =日历计算!G21 -> 46569.083 | E33: 平均 | F33: =IF(日历计算!H21<>0,日历计算!G21,"当月无会议"&"("&TEXT(日历计算!G21,"M")&"月)") -> 当月无会议(7月) | G33: =IF(LEFT(F33,1)="当",FALSE,TRUE) -> FALSE | J33: =VLOOKUP(C33,FF期货结算价!D:Z,$B$3,0) -> 96.915 | K33: =100-J33 -> 3.085 | N33: =IF(M32>0,MOD(M32,1),MOD(M32,-1)) -> 0 | O33: =IF(N32=-2,1-ABS(N33),IF(N32=-1,ABS(N33),0)) -> 0 | P33: =IF(N32=-1,1-ABS(N33),IF(N32=0,IF(N33<0,ABS(N33),0),0)) -> 0 | Q33: =IF(N32=0,1-ABS(N33),0) -> 1 | R33: =IF(N32=0,IF(N33>0,ABS(N33),0),IF(N33=1,1-ABS(N33),0)) -> 0 | S33: =IF(N32=1,ABS(N33),IF(N32=2,1-ABS(N33),0)) -> 0 | V33: =IF(U32>0,MOD(U32,1),MOD(U32,-1)) -> -0.22428571 | W33: =IF(V32<0,100%,IF(V33<0,ABS(V33),0)) -> 1 | X33: =IF(V32=0,1-ABS(V33),0) -> 0 | Y33: =IF(V32>0,100%,IF(V33>0,V33,0)) -> 0
D34: =D33 -> 46569.083 | E34: 月初 | H34: =TEXT(D34,"dd")-1 -> 0 | I34: =H34/(H34+H32) -> 0 | J34: =IF(G33,J35,J33) -> 96.915 | K34: =100-J34 -> 3.085
C35: =TEXT(D35,"YYMM")&"EE" -> 2706EE | D35: =D36 -> 46539.083 | E35: 月末 | H35: =DAY(EOMONTH(D35,0))-H37 -> 30 | I35: =H35/(H37+H35) -> 1 | J35: =IF(G36,IF(G33,IF(I37=0,J36,(J36-I37*J38)/I35),J34),J36) -> 96.92 | K35: =100-J35 -> 3.08 | L35: =K35-K37 -> 0 | M35: =L35/25*100 -> 0 | N35: =TRUNC(M35,0)/1 -> 0 | T35: =K35-$K$88 -> -0.56107143 | U35: =T35/25*100 -> -2.2442857 | V35: =TRUNC(U35,0)/1 -> -2
C36: =TEXT(D36,"YYMM")&"E" -> 2706E | D36: =日历计算!G20 -> 46539.083 | E36: 平均 | F36: =IF(日历计算!H20<>0,日历计算!G20,"当月无会议"&"("&TEXT(日历计算!G20,"M")&"月)") -> 当月无会议(6月) | G36: =IF(LEFT(F36,1)="当",FALSE,TRUE) -> FALSE | J36: =VLOOKUP(C36,FF期货结算价!D:Z,$B$3,0) -> 96.92 | K36: =100-J36 -> 3.08 | N36: =IF(M35>0,MOD(M35,1),MOD(M35,-1)) -> 0 | O36: =IF(N35=-2,1-ABS(N36),IF(N35=-1,ABS(N36),0)) -> 0 | P36: =IF(N35=-1,1-ABS(N36),IF(N35=0,IF(N36<0,ABS(N36),0),0)) -> 0 | Q36: =IF(N35=0,1-ABS(N36),0) -> 1 | R36: =IF(N35=0,IF(N36>0,ABS(N36),0),IF(N36=1,1-ABS(N36),0)) -> 0 | S36: =IF(N35=1,ABS(N36),IF(N35=2,1-ABS(N36),0)) -> 0 | V36: =IF(U35>0,MOD(U35,1),MOD(U35,-1)) -> -0.24428571 | W36: =IF(V35<0,100%,IF(V36<0,ABS(V36),0)) -> 1 | X36: =IF(V35=0,1-ABS(V36),0) -> 0 | Y36: =IF(V35>0,100%,IF(V36>0,V36,0)) -> 0
D37: =D36 -> 46539.083 | E37: 月初 | H37: =TEXT(D37,"dd")-1 -> 0 | I37: =H37/(H37+H35) -> 0 | J37: =IF(G36,J38,J36) -> 96.92 | K37: =100-J37 -> 3.08
C38: =TEXT(D38,"YYMM")&"EE" -> 2705EE | D38: =D39 -> 46508.083 | E38: 月末 | H38: =DAY(EOMONTH(D38,0))-H40 -> 31 | I38: =H38/(H40+H38) -> 1 | J38: =IF(G39,IF(G36,IF(I40=0,J39,(J39-I40*J41)/I38),J37),J39) -> 96.92 | K38: =100-J38 -> 3.08 | L38: =K38-K40 -> 0 | M38: =L38/25*100 -> 0 | N38: =TRUNC(M38,0)/1 -> 0 | T38: =K38-$K$88 -> -0.56107143 | U38: =T38/25*100 -> -2.2442857 | V38: =TRUNC(U38,0)/1 -> -2
C39: =TEXT(D39,"YYMM")&"E" -> 2705E | D39: =日历计算!G19 -> 46508.083 | E39: 平均 | F39: =IF(日历计算!H19<>0,日历计算!G19,"当月无会议"&"("&TEXT(日历计算!G19,"M")&"月)") -> 当月无会议(5月) | G39: =IF(LEFT(F39,1)="当",FALSE,TRUE) -> FALSE | J39: =VLOOKUP(C39,FF期货结算价!D:Z,$B$3,0) -> 96.92 | K39: =100-J39 -> 3.08 | N39: =IF(M38>0,MOD(M38,1),MOD(M38,-1)) -> 0 | O39: =IF(N38=-2,1-ABS(N39),IF(N38=-1,ABS(N39),0)) -> 0 | P39: =IF(N38=-1,1-ABS(N39),IF(N38=0,IF(N39<0,ABS(N39),0),0)) -> 0 | Q39: =IF(N38=0,1-ABS(N39),0) -> 1 | R39: =IF(N38=0,IF(N39>0,ABS(N39),0),IF(N39=1,1-ABS(N39),0)) -> 0 | S39: =IF(N38=1,ABS(N39),IF(N38=2,1-ABS(N39),0)) -> 0 | V39: =IF(U38>0,MOD(U38,1),MOD(U38,-1)) -> -0.24428571 | W39: =IF(V38<0,100%,IF(V39<0,ABS(V39),0)) -> 1 | X39: =IF(V38=0,1-ABS(V39),0) -> 0 | Y39: =IF(V38>0,100%,IF(V39>0,V39,0)) -> 0
D40: =D39 -> 46508.083 | E40: 月初 | H40: =TEXT(D40,"dd")-1 -> 0 | I40: =H40/(H40+H38) -> 0 | J40: =IF(G39,J41,J39) -> 96.92 | K40: =100-J40 -> 3.08
C41: =TEXT(D41,"YYMM")&"EE" -> 2704EE | D41: =D42 -> 46478.083 | E41: 月末 | H41: =DAY(EOMONTH(D41,0))-H43 -> 30 | I41: =H41/(H43+H41) -> 1 | J41: =IF(G42,IF(G39,IF(I43=0,J42,(J42-I43*J44)/I41),J40),J42) -> 96.925 | K41: =100-J41 -> 3.075 | L41: =K41-K43 -> 0 | M41: =L41/25*100 -> 0 | N41: =TRUNC(M41,0)/1 -> 0 | T41: =K41-$K$88 -> -0.56607143 | U41: =T41/25*100 -> -2.2642857 | V41: =TRUNC(U41,0)/1 -> -2
C42: =TEXT(D42,"YYMM")&"E" -> 2704E | D42: =日历计算!G18 -> 46478.083 | E42: 平均 | F42: =IF(日历计算!H18<>0,日历计算!G18,"当月无会议"&"("&TEXT(日历计算!G18,"M")&"月)") -> 当月无会议(4月) | G42: =IF(LEFT(F42,1)="当",FALSE,TRUE) -> FALSE | J42: =VLOOKUP(C42,FF期货结算价!D:Z,$B$3,0) -> 96.925 | K42: =100-J42 -> 3.075 | N42: =IF(M41>0,MOD(M41,1),MOD(M41,-1)) -> 0 | O42: =IF(N41=-2,1-ABS(N42),IF(N41=-1,ABS(N42),0)) -> 0 | P42: =IF(N41=-1,1-ABS(N42),IF(N41=0,IF(N42<0,ABS(N42),0),0)) -> 0 | Q42: =IF(N41=0,1-ABS(N42),0) -> 1 | R42: =IF(N41=0,IF(N42>0,ABS(N42),0),IF(N42=1,1-ABS(N42),0)) -> 0 | S42: =IF(N41=1,ABS(N42),IF(N41=2,1-ABS(N42),0)) -> 0 | V42: =IF(U41>0,MOD(U41,1),MOD(U41,-1)) -> -0.26428571 | W42: =IF(V41<0,100%,IF(V42<0,ABS(V42),0)) -> 1 | X42: =IF(V41=0,1-ABS(V42),0) -> 0 | Y42: =IF(V41>0,100%,IF(V42>0,V42,0)) -> 0
D43: =D42 -> 46478.083 | E43: 月初 | H43: =TEXT(D43,"dd")-1 -> 0 | I43: =H43/(H43+H41) -> 0 | J43: =IF(G42,J44,J42) -> 96.925 | K43: =100-J43 -> 3.075
C44: =TEXT(D44,"YYMM")&"EE" -> 2703EE | D44: =D45 -> 46447.083 | E44: 月末 | H44: =DAY(EOMONTH(D44,0))-H46 -> 31 | I44: =H44/(H46+H44) -> 1 | J44: =IF(G45,IF(G42,IF(I46=0,J45,(J45-I46*J47)/I44),J43),J45) -> 96.92 | K44: =100-J44 -> 3.08 | L44: =K44-K46 -> 0 | M44: =L44/25*100 -> 0 | N44: =TRUNC(M44,0)/1 -> 0 | T44: =K44-$K$88 -> -0.56107143 | U44: =T44/25*100 -> -2.2442857 | V44: =TRUNC(U44,0)/1 -> -2
C45: =TEXT(D45,"YYMM")&"E" -> 2703E | D45: =日历计算!G17 -> 46447.083 | E45: 平均 | F45: =IF(日历计算!H17<>0,日历计算!G17,"当月无会议"&"("&TEXT(日历计算!G17,"M")&"月)") -> 当月无会议(3月) | G45: =IF(LEFT(F45,1)="当",FALSE,TRUE) -> FALSE | J45: =VLOOKUP(C45,FF期货结算价!D:Z,$B$3,0) -> 96.92 | K45: =100-J45 -> 3.08 | N45: =IF(M44>0,MOD(M44,1),MOD(M44,-1)) -> 0 | O45: =IF(N44=-2,1-ABS(N45),IF(N44=-1,ABS(N45),0)) -> 0 | P45: =IF(N44=-1,1-ABS(N45),IF(N44=0,IF(N45<0,ABS(N45),0),0)) -> 0 | Q45: =IF(N44=0,1-ABS(N45),0) -> 1 | R45: =IF(N44=0,IF(N45>0,ABS(N45),0),IF(N45=1,1-ABS(N45),0)) -> 0 | S45: =IF(N44=1,ABS(N45),IF(N44=2,1-ABS(N45),0)) -> 0 | V45: =IF(U44>0,MOD(U44,1),MOD(U44,-1)) -> -0.24428571 | W45: =IF(V44<0,100%,IF(V45<0,ABS(V45),0)) -> 1 | X45: =IF(V44=0,1-ABS(V45),0) -> 0 | Y45: =IF(V44>0,100%,IF(V45>0,V45,0)) -> 0
D46: =D45 -> 46447.083 | E46: 月初 | H46: =TEXT(D46,"dd")-1 -> 0 | I46: =H46/(H46+H44) -> 0 | J46: =IF(G45,J47,J45) -> 96.92 | K46: =100-J46 -> 3.08
C47: =TEXT(D47,"YYMM")&"EE" -> 2702EE | D47: =D48 -> 46419.083 | E47: 月末 | H47: =DAY(EOMONTH(D47,0))-H49 -> 28 | I47: =H47/(H49+H47) -> 1 | J47: =IF(G48,IF(G45,IF(I49=0,J48,(J48-I49*J50)/I47),J46),J48) -> 96.915 | K47: =100-J47 -> 3.085 | L47: =K47-K49 -> 0 | M47: =L47/25*100 -> 0 | N47: =TRUNC(M47,0)/1 -> 0 | T47: =K47-$K$88 -> -0.55607143 | U47: =T47/25*100 -> -2.2242857 | V47: =TRUNC(U47,0)/1 -> -2
C48: =TEXT(D48,"YYMM")&"E" -> 2702E | D48: =日历计算!G16 -> 46419.083 | E48: 平均 | F48: =IF(日历计算!H16<>0,日历计算!G16,"当月无会议"&"("&TEXT(日历计算!G16,"M")&"月)") -> 当月无会议(2月) | G48: =IF(LEFT(F48,1)="当",FALSE,TRUE) -> FALSE | J48: =VLOOKUP(C48,FF期货结算价!D:Z,$B$3,0) -> 96.915 | K48: =100-J48 -> 3.085 | N48: =IF(M47>0,MOD(M47,1),MOD(M47,-1)) -> 0 | O48: =IF(N47=-2,1-ABS(N48),IF(N47=-1,ABS(N48),0)) -> 0 | P48: =IF(N47=-1,1-ABS(N48),IF(N47=0,IF(N48<0,ABS(N48),0),0)) -> 0 | Q48: =IF(N47=0,1-ABS(N48),0) -> 1 | R48: =IF(N47=0,IF(N48>0,ABS(N48),0),IF(N48=1,1-ABS(N48),0)) -> 0 | S48: =IF(N47=1,ABS(N48),IF(N47=2,1-ABS(N48),0)) -> 0 | V48: =IF(U47>0,MOD(U47,1),MOD(U47,-1)) -> -0.22428571 | W48: =IF(V47<0,100%,IF(V48<0,ABS(V48),0)) -> 1 | X48: =IF(V47=0,1-ABS(V48),0) -> 0 | Y48: =IF(V47>0,100%,IF(V48>0,V48,0)) -> 0
D49: =D48 -> 46419.083 | E49: 月初 | H49: =TEXT(D49,"dd")-1 -> 0 | I49: =H49/(H49+H47) -> 0 | J49: =IF(G48,J50,J48) -> 96.915 | K49: =100-J49 -> 3.085
C50: =TEXT(D50,"YYMM")&"EE" -> 2701EE | D50: =D51 -> 46388.083 | E50: 月末 | H50: =DAY(EOMONTH(D50,0))-H52 -> 31 | I50: =H50/(H52+H50) -> 1 | J50: =IF(G51,IF(G48,IF(I52=0,J51,(J51-I52*J53)/I50),J49),J51) -> 96.91 | K50: =100-J50 -> 3.09 | L50: =K50-K52 -> 0 | M50: =L50/25*100 -> 0 | N50: =TRUNC(M50,0)/1 -> 0 | T50: =K50-$K$88 -> -0.55107143 | U50: =T50/25*100 -> -2.2042857 | V50: =TRUNC(U50,0)/1 -> -2
C51: =TEXT(D51,"YYMM")&"E" -> 2701E | D51: =日历计算!G15 -> 46388.083 | E51: 平均 | F51: =IF(日历计算!H15<>0,日历计算!G15,"当月无会议"&"("&TEXT(日历计算!G15,"M")&"月)") -> 当月无会议(1月) | G51: =IF(LEFT(F51,1)="当",FALSE,TRUE) -> FALSE | J51: =VLOOKUP(C51,FF期货结算价!D:Z,$B$3,0) -> 96.91 | K51: =100-J51 -> 3.09 | N51: =IF(M50>0,MOD(M50,1),MOD(M50,-1)) -> 0 | O51: =IF(N50=-2,1-ABS(N51),IF(N50=-1,ABS(N51),0)) -> 0 | P51: =IF(N50=-1,1-ABS(N51),IF(N50=0,IF(N51<0,ABS(N51),0),0)) -> 0 | Q51: =IF(N50=0,1-ABS(N51),0) -> 1 | R51: =IF(N50=0,IF(N51>0,ABS(N51),0),IF(N51=1,1-ABS(N51),0)) -> 0 | S51: =IF(N50=1,ABS(N51),IF(N50=2,1-ABS(N51),0)) -> 0 | V51: =IF(U50>0,MOD(U50,1),MOD(U50,-1)) -> -0.20428571 | W51: =IF(V50<0,100%,IF(V51<0,ABS(V51),0)) -> 1 | X51: =IF(V50=0,1-ABS(V51),0) -> 0 | Y51: =IF(V50>0,100%,IF(V51>0,V51,0)) -> 0
D52: =D51 -> 46388.083 | E52: 月初 | H52: =TEXT(D52,"dd")-1 -> 0 | I52: =H52/(H52+H50) -> 0 | J52: =IF(G51,J53,J51) -> 96.91 | K52: =100-J52 -> 3.09
C53: =TEXT(D53,"YYMM")&"EE" -> 2612EE | D53: =D54 -> 46366.083 | E53: 月末 | H53: =DAY(EOMONTH(D53,0))-H55 -> 22 | I53: =H53/(H55+H53) -> 0.70967742 | J53: =IF(G54,IF(G51,IF(I55=0,J54,(J54-I55*J56)/I53),J52),J54) -> 96.91 | K53: =100-J53 -> 3.09 | L53: =K53-K55 -> -0.06 | M53: =L53/25*100 -> -0.24 | N53: =TRUNC(M53,0)/1 -> 0 | T53: =K53-$K$88 -> -0.55107143 | U53: =T53/25*100 -> -2.2042857 | V53: =TRUNC(U53,0)/1 -> -2
C54: =TEXT(D54,"YYMM")&"E" -> 2612E | D54: =日历计算!G14 -> 46366.083 | E54: 平均 | F54: =IF(日历计算!H14<>0,日历计算!G14,"当月无会议"&"("&TEXT(日历计算!G14,"M")&"月)") -> 46366.083 | G54: =IF(LEFT(F54,1)="当",FALSE,TRUE) -> TRUE | J54: =VLOOKUP(C54,FF期货结算价!D:Z,$B$3,0) -> 96.895 | K54: =100-J54 -> 3.105 | N54: =IF(M53>0,MOD(M53,1),MOD(M53,-1)) -> -0.24 | O54: =IF(N53=-2,1-ABS(N54),IF(N53=-1,ABS(N54),0)) -> 0 | P54: =IF(N53=-1,1-ABS(N54),IF(N53=0,IF(N54<0,ABS(N54),0),0)) -> 0.24 | Q54: =IF(N53=0,1-ABS(N54),0) -> 0.76 | R54: =IF(N53=0,IF(N54>0,ABS(N54),0),IF(N54=1,1-ABS(N54),0)) -> 0 | S54: =IF(N53=1,ABS(N54),IF(N53=2,1-ABS(N54),0)) -> 0 | V54: =IF(U53>0,MOD(U53,1),MOD(U53,-1)) -> -0.20428571 | W54: =IF(V53<0,100%,IF(V54<0,ABS(V54),0)) -> 1 | X54: =IF(V53=0,1-ABS(V54),0) -> 0 | Y54: =IF(V53>0,100%,IF(V54>0,V54,0)) -> 0
D55: =D54 -> 46366.083 | E55: 月初 | H55: =TEXT(D55,"dd")-1 -> 9 | I55: =H55/(H55+H53) -> 0.29032258 | J55: =IF(G54,J56,J54) -> 96.85 | K55: =100-J55 -> 3.15
C56: =TEXT(D56,"YYMM")&"EE" -> 2611EE | D56: =D57 -> 46327.083 | E56: 月末 | H56: =DAY(EOMONTH(D56,0))-H58 -> 30 | I56: =H56/(H58+H56) -> 1 | J56: =IF(G57,IF(G54,IF(I58=0,J57,(J57-I58*J59)/I56),J55),J57) -> 96.85 | K56: =100-J56 -> 3.15 | L56: =K56-K58 -> 0 | M56: =L56/25*100 -> 0 | N56: =TRUNC(M56,0)/1 -> 0 | T56: =K56-$K$88 -> -0.49107143 | U56: =T56/25*100 -> -1.9642857 | V56: =TRUNC(U56,0)/1 -> -1
C57: =TEXT(D57,"YYMM")&"E" -> 2611E | D57: =日历计算!G13 -> 46327.083 | E57: 平均 | F57: =IF(日历计算!H13<>0,日历计算!G13,"当月无会议"&"("&TEXT(日历计算!G13,"M")&"月)") -> 当月无会议(11月) | G57: =IF(LEFT(F57,1)="当",FALSE,TRUE) -> FALSE | J57: =VLOOKUP(C57,FF期货结算价!D:Z,$B$3,0) -> 96.85 | K57: =100-J57 -> 3.15 | N57: =IF(M56>0,MOD(M56,1),MOD(M56,-1)) -> 0 | O57: =IF(N56=-2,1-ABS(N57),IF(N56=-1,ABS(N57),0)) -> 0 | P57: =IF(N56=-1,1-ABS(N57),IF(N56=0,IF(N57<0,ABS(N57),0),0)) -> 0 | Q57: =IF(N56=0,1-ABS(N57),0) -> 1 | R57: =IF(N56=0,IF(N57>0,ABS(N57),0),IF(N57=1,1-ABS(N57),0)) -> 0 | S57: =IF(N56=1,ABS(N57),IF(N56=2,1-ABS(N57),0)) -> 0 | V57: =IF(U56>0,MOD(U56,1),MOD(U56,-1)) -> -0.96428571 | W57: =IF(V56<0,100%,IF(V57<0,ABS(V57),0)) -> 1 | X57: =IF(V56=0,1-ABS(V57),0) -> 0 | Y57: =IF(V56>0,100%,IF(V57>0,V57,0)) -> 0
D58: =D57 -> 46327.083 | E58: 月初 | H58: =TEXT(D58,"dd")-1 -> 0 | I58: =H58/(H58+H56) -> 0 | J58: =IF(G57,IF(G54,J59,IF(G60,IF(I58=0,J57,(J57-J56*I56)/I58),J59)),J57) -> 96.85 | K58: =100-J58 -> 3.15
C59: =TEXT(D59,"YYMM")&"EE" -> 2610EE | D59: =D60 -> 46324.083 | E59: 月末 | H59: =DAY(EOMONTH(D59,0))-H61 -> 3 | I59: =H59/(H61+H59) -> 0.096774194 | J59: =IF(G60,IF(G57,IF(G63,J58,IF(I61=0,J60,(J60-J61*I61)/I59)),J58),J60) -> 96.85 | K59: =100-J59 -> 3.15 | L59: =K59-K61 -> -0.055357143 | M59: =L59/25*100 -> -0.22142857 | N59: =TRUNC(M59,0)/1 -> 0 | T59: =K59-$K$88 -> -0.49107143 | U59: =T59/25*100 -> -1.9642857 | V59: =TRUNC(U59,0)/1 -> -1
C60: =TEXT(D60,"YYMM")&"E" -> 2610E | D60: =日历计算!G12 -> 46324.083 | E60: 平均 | F60: =IF(日历计算!H12<>0,日历计算!G12,"当月无会议"&"("&TEXT(日历计算!G12,"M")&"月)") -> 46324.083 | G60: =IF(LEFT(F60,1)="当",FALSE,TRUE) -> TRUE | J60: =VLOOKUP(C60,FF期货结算价!D:Z,$B$3,0) -> 96.8 | K60: =100-J60 -> 3.2 | N60: =IF(M59>0,MOD(M59,1),MOD(M59,-1)) -> -0.22142857 | O60: =IF(N59=-2,1-ABS(N60),IF(N59=-1,ABS(N60),0)) -> 0 | P60: =IF(N59=-1,1-ABS(N60),IF(N59=0,IF(N60<0,ABS(N60),0),0)) -> 0.22142857 | Q60: =IF(N59=0,1-ABS(N60),0) -> 0.77857143 | R60: =IF(N59=0,IF(N60>0,ABS(N60),0),IF(N60=1,1-ABS(N60),0)) -> 0 | S60: =IF(N59=1,ABS(N60),IF(N59=2,1-ABS(N60),0)) -> 0 | V60: =IF(U59>0,MOD(U59,1),MOD(U59,-1)) -> -0.96428571 | W60: =IF(V59<0,100%,IF(V60<0,ABS(V60),0)) -> 1 | X60: =IF(V59=0,1-ABS(V60),0) -> 0 | Y60: =IF(V59>0,100%,IF(V60>0,V60,0)) -> 0
D61: =D60 -> 46324.083 | E61: 月初 | H61: =TEXT(D61,"dd")-1 -> 28 | I61: =H61/(H61+H59) -> 0.90322581 | J61: =IF(G60,IF(G57,IF(G63,IF(I61=0,J60,(J60-I59*J59)/I61),J62),IF(I61=0,J60,(J60-I59*J59)/I61)),J60) -> 96.794643 | K61: =100-J61 -> 3.2053571
C62: =TEXT(D62,"YYMM")&"EE" -> 2609EE | D62: =D63 -> 46282.083 | E62: 月末 | H62: =DAY(EOMONTH(D62,0))-H64 -> 14 | I62: =H62/(H64+H62) -> 0.46666667 | J62: =IF(G63,IF(G60,IF(G66,J61,IF(I64=0,J63,(J63-J64*I64)/I62)),J61),J63) -> 96.792143 | K62: =100-J62 -> 3.2078571 | L62: =K62-K64 -> -0.10714286 | M62: =L62/25*100 -> -0.42857143 | N62: =TRUNC(M62,0)/1 -> 0 | T62: =K62-$K$88 -> -0.43321429 | U62: =T62/25*100 -> -1.7328571 | V62: =TRUNC(U62,0)/1 -> -1
C63: =TEXT(D63,"YYMM")&"E" -> 2609E | D63: =日历计算!G11 -> 46282.083 | E63: 平均 | F63: =IF(日历计算!H11<>0,日历计算!G11,"当月无会议"&"("&TEXT(日历计算!G11,"M")&"月)") -> 46282.083 | G63: =IF(LEFT(F63,1)="当",FALSE,TRUE) -> TRUE | J63: =VLOOKUP(C63,FF期货结算价!D:Z,$B$3,0) -> 96.735 | K63: =100-J63 -> 3.265 | N63: =IF(M62>0,MOD(M62,1),MOD(M62,-1)) -> -0.42857143 | O63: =IF(N62=-2,1-ABS(N63),IF(N62=-1,ABS(N63),0)) -> 0 | P63: =IF(N62=-1,1-ABS(N63),IF(N62=0,IF(N63<0,ABS(N63),0),0)) -> 0.42857143 | Q63: =IF(N62=0,1-ABS(N63),0) -> 0.57142857 | R63: =IF(N62=0,IF(N63>0,ABS(N63),0),IF(N63=1,1-ABS(N63),0)) -> 0 | S63: =IF(N62=1,ABS(N63),IF(N62=2,1-ABS(N63),0)) -> 0 | V63: =IF(U62>0,MOD(U62,1),MOD(U62,-1)) -> -0.73285714 | W63: =IF(V62<0,100%,IF(V63<0,ABS(V63),0)) -> 1 | X63: =IF(V62=0,1-ABS(V63),0) -> 0 | Y63: =IF(V62>0,100%,IF(V63>0,V63,0)) -> 0
D64: =D63 -> 46282.083 | E64: 月初 | H64: =TEXT(D64,"dd")-1 -> 16 | I64: =H64/(H64+H62) -> 0.53333333 | J64: =IF(G63,IF(G60,IF(G66,IF(I64=0,J63,(J63-I62*J62)/I64),J65),IF(I64=0,J63,(J63-I62*J62)/I64)),J63) -> 96.685 | K64: =100-J64 -> 3.315
C65: =TEXT(D65,"YYMM")&"EE" -> 2608EE | D65: =D66 -> 46235.083 | E65: 月末 | H65: =DAY(EOMONTH(D65,0))-H67 -> 31 | I65: =H65/(H67+H65) -> 1 | J65: =IF(G66,IF(G63,IF(G69,J64,IF(I67=0,J66,(J66-J67*I67)/I65)),J64),J66) -> 96.685 | K65: =100-J65 -> 3.315 | L65: =K65-K67 -> 0 | M65: =L65/25*100 -> 0 | N65: =TRUNC(M65,0)/1 -> 0 | T65: =K65-$K$88 -> -0.32607143 | U65: =T65/25*100 -> -1.3042857 | V65: =TRUNC(U65,0)/1 -> -1
C66: =TEXT(D66,"YYMM")&"E" -> 2608E | D66: =日历计算!G10 -> 46235.083 | E66: 平均 | F66: =IF(日历计算!H10<>0,日历计算!G10,"当月无会议"&"("&TEXT(日历计算!G10,"M")&"月)") -> 当月无会议(8月) | G66: =IF(LEFT(F66,1)="当",FALSE,TRUE) -> FALSE | J66: =VLOOKUP(C66,FF期货结算价!D:Z,$B$3,0) -> 96.685 | K66: =100-J66 -> 3.315 | N66: =IF(M65>0,MOD(M65,1),MOD(M65,-1)) -> 0 | O66: =IF(N65=-2,1-ABS(N66),IF(N65=-1,ABS(N66),0)) -> 0 | P66: =IF(N65=-1,1-ABS(N66),IF(N65=0,IF(N66<0,ABS(N66),0),0)) -> 0 | Q66: =IF(N65=0,1-ABS(N66),0) -> 1 | R66: =IF(N65=0,IF(N66>0,ABS(N66),0),IF(N66=1,1-ABS(N66),0)) -> 0 | S66: =IF(N65=1,ABS(N66),IF(N65=2,1-ABS(N66),0)) -> 0 | V66: =IF(U65>0,MOD(U65,1),MOD(U65,-1)) -> -0.30428571 | W66: =IF(V65<0,100%,IF(V66<0,ABS(V66),0)) -> 1 | X66: =IF(V65=0,1-ABS(V66),0) -> 0 | Y66: =IF(V65>0,100%,IF(V66>0,V66,0)) -> 0
D67: =D66 -> 46235.083 | E67: 月初 | H67: =TEXT(D67,"dd")-1 -> 0 | I67: =H67/(H67+H65) -> 0 | J67: =IF(G66,IF(G63,IF(G69,IF(I67=0,J66,(J66-I65*J65)/I67),J68),IF(I67=0,J66,(J66-I65*J65)/I67)),J66) -> 96.685 | K67: =100-J67 -> 3.315
C68: =TEXT(D68,"YYMM")&"EE" -> 2607EE | D68: =D69 -> 46233.083 | E68: 月末 | H68: =DAY(EOMONTH(D68,0))-H70 -> 2 | I68: =H68/(H70+H68) -> 0.064516129 | J68: =IF(G69,IF(G66,IF(G72,J67,IF(I70=0,J69,(J69-J70*I70)/I68)),J67),J69) -> 96.685 | K68: =100-J68 -> 3.315 | L68: =K68-K70 -> -0.080172414 | M68: =L68/25*100 -> -0.32068966 | N68: =TRUNC(M68,0)/1 -> 0 | T68: =K68-$K$88 -> -0.32607143 | U68: =T68/25*100 -> -1.3042857 | V68: =TRUNC(U68,0)/1 -> -1
C69: =TEXT(D69,"YYMM")&"E" -> 2607E | D69: =日历计算!G9 -> 46233.083 | E69: 平均 | F69: =IF(日历计算!H9<>0,日历计算!G9,"当月无会议"&"("&TEXT(日历计算!G9,"M")&"月)") -> 46233.083 | G69: =IF(LEFT(F69,1)="当",FALSE,TRUE) -> TRUE | J69: =VLOOKUP(C69,FF期货结算价!D:Z,$B$3,0) -> 96.61 | K69: =100-J69 -> 3.39 | N69: =IF(M68>0,MOD(M68,1),MOD(M68,-1)) -> -0.32068966 | O69: =IF(N68=-2,1-ABS(N69),IF(N68=-1,ABS(N69),0)) -> 0 | P69: =IF(N68=-1,1-ABS(N69),IF(N68=0,IF(N69<0,ABS(N69),0),0)) -> 0.32068966 | Q69: =IF(N68=0,1-ABS(N69),0) -> 0.67931034 | R69: =IF(N68=0,IF(N69>0,ABS(N69),0),IF(N69=1,1-ABS(N69),0)) -> 0 | S69: =IF(N68=1,ABS(N69),IF(N68=2,1-ABS(N69),0)) -> 0 | V69: =IF(U68>0,MOD(U68,1),MOD(U68,-1)) -> -0.30428571 | W69: =IF(V68<0,100%,IF(V69<0,ABS(V69),0)) -> 1 | X69: =IF(V68=0,1-ABS(V69),0) -> 0 | Y69: =IF(V68>0,100%,IF(V69>0,V69,0)) -> 0
D70: =D69 -> 46233.083 | E70: 月初 | H70: =TEXT(D70,"dd")-1 -> 29 | I70: =H70/(H70+H68) -> 0.93548387 | J70: =IF(G69,IF(G66,IF(G72,IF(I70=0,J69,(J69-I68*J68)/I70),J71),IF(I70=0,J69,(J69-I68*J68)/I70)),J69) -> 96.604828 | K70: =100-J70 -> 3.3951724
C71: =TEXT(D71,"YYMM")&"EE" -> 2606EE | D71: =D72 -> 46191.083 | E71: 月末 | H71: =DAY(EOMONTH(D71,0))-H73 -> 13 | I71: =H71/(H73+H71) -> 0.43333333 | J71: =IF(G72,IF(G69,IF(G75,J70,IF(I73=0,J72,(J72-J73*I73)/I71)),J70),J72) -> 96.601923 | K71: =100-J71 -> 3.3980769 | L71: =K71-K73 -> -0.12692308 | M71: =L71/25*100 -> -0.50769231 | N71: =TRUNC(M71,0)/1 -> 0 | T71: =K71-$K$88 -> -0.24299451 | U71: =T71/25*100 -> -0.97197802 | V71: =TRUNC(U71,0)/1 -> 0
C72: =TEXT(D72,"YYMM")&"E" -> 2606E | D72: =日历计算!G8 -> 46191.083 | E72: 平均 | F72: =IF(日历计算!H8<>0,日历计算!G8,"当月无会议"&"("&TEXT(日历计算!G8,"M")&"月)") -> 46191.083 | G72: =IF(LEFT(F72,1)="当",FALSE,TRUE) -> TRUE | J72: =VLOOKUP(C72,FF期货结算价!D:Z,$B$3,0) -> 96.53 | K72: =100-J72 -> 3.47 | N72: =IF(M71>0,MOD(M71,1),MOD(M71,-1)) -> -0.50769231 | O72: =IF(N71=-2,1-ABS(N72),IF(N71=-1,ABS(N72),0)) -> 0 | P72: =IF(N71=-1,1-ABS(N72),IF(N71=0,IF(N72<0,ABS(N72),0),0)) -> 0.50769231 | Q72: =IF(N71=0,1-ABS(N72),0) -> 0.49230769 | R72: =IF(N71=0,IF(N72>0,ABS(N72),0),IF(N72=1,1-ABS(N72),0)) -> 0 | S72: =IF(N71=1,ABS(N72),IF(N71=2,1-ABS(N72),0)) -> 0 | V72: =IF(U71>0,MOD(U71,1),MOD(U71,-1)) -> -0.97197802 | W72: =IF(V71<0,100%,IF(V72<0,ABS(V72),0)) -> 0.97197802 | X72: =IF(V71=0,1-ABS(V72),0) -> 0.028021978 | Y72: =IF(V71>0,100%,IF(V72>0,V72,0)) -> 0
D73: =D72 -> 46191.083 | E73: 月初 | H73: =TEXT(D73,"dd")-1 -> 17 | I73: =H73/(H73+H71) -> 0.56666667 | J73: =IF(G72,IF(G69,IF(G75,IF(I73=0,J72,(J72-I71*J71)/I73),J74),IF(I73=0,J72,(J72-I71*J71)/I73)),J72) -> 96.475 | K73: =100-J73 -> 3.525
C74: =TEXT(D74,"YYMM")&"EE" -> 2605EE | D74: =D75 -> 46143.083 | E74: 月末 | H74: =DAY(EOMONTH(D74,0))-H76 -> 31 | I74: =H74/(H76+H74) -> 1 | J74: =IF(G75,IF(G72,IF(G78,J73,IF(I76=0,J75,(J75-J76*I76)/I74)),J73),J75) -> 96.475 | K74: =100-J74 -> 3.525 | L74: =K74-K76 -> 0 | M74: =L74/25*100 -> 0 | N74: =TRUNC(M74,0)/1 -> 0 | T74: =K74-$K$88 -> -0.11607143 | U74: =T74/25*100 -> -0.46428571 | V74: =TRUNC(U74,0)/1 -> 0
C75: =TEXT(D75,"YYMM")&"E" -> 2605E | D75: =日历计算!G7 -> 46143.083 | E75: 平均 | F75: =IF(日历计算!H7<>0,日历计算!G7,"当月无会议"&"("&TEXT(日历计算!G7,"M")&"月)") -> 当月无会议(5月) | G75: =IF(LEFT(F75,1)="当",FALSE,TRUE) -> FALSE | J75: =VLOOKUP(C75,FF期货结算价!D:Z,$B$3,0) -> 96.475 | K75: =100-J75 -> 3.525 | N75: =IF(M74>0,MOD(M74,1),MOD(M74,-1)) -> 0 | O75: =IF(N74=-2,1-ABS(N75),IF(N74=-1,ABS(N75),0)) -> 0 | P75: =IF(N74=-1,1-ABS(N75),IF(N74=0,IF(N75<0,ABS(N75),0),0)) -> 0 | Q75: =IF(N74=0,1-ABS(N75),0) -> 1 | R75: =IF(N74=0,IF(N75>0,ABS(N75),0),IF(N75=1,1-ABS(N75),0)) -> 0 | S75: =IF(N74=1,ABS(N75),IF(N74=2,1-ABS(N75),0)) -> 0 | V75: =IF(U74>0,MOD(U74,1),MOD(U74,-1)) -> -0.46428571 | W75: =IF(V74<0,100%,IF(V75<0,ABS(V75),0)) -> 0.46428571 | X75: =IF(V74=0,1-ABS(V75),0) -> 0.53571429 | Y75: =IF(V74>0,100%,IF(V75>0,V75,0)) -> 0
D76: =D75 -> 46143.083 | E76: 月初 | H76: =TEXT(D76,"dd")-1 -> 0 | I76: =H76/(H76+H74) -> 0 | J76: =IF(G75,IF(G72,IF(G78,IF(I76=0,J75,(J75-I74*J74)/I76),J77),IF(I76=0,J75,(J75-I74*J74)/I76)),J75) -> 96.475 | K76: =100-J76 -> 3.525
C77: =TEXT(D77,"YYMM")&"EE" -> 2604EE | D77: =D78 -> 46142.083 | E77: 月末 | H77: =DAY(EOMONTH(D77,0))-H79 -> 1 | I77: =H77/(H79+H77) -> 0.033333333 | J77: =IF(G78,IF(G75,IF(G81,J76,IF(I79=0,J78,(J78-J79*I79)/I77)),J76),J78) -> 96.475 | K77: =100-J77 -> 3.525 | L77: =K77-K79 -> -0.046551724 | M77: =L77/25*100 -> -0.1862069 | N77: =TRUNC(M77,0)/1 -> 0 | T77: =K77-$K$88 -> -0.11607143 | U77: =T77/25*100 -> -0.46428571 | V77: =TRUNC(U77,0)/1 -> 0
C78: =TEXT(D78,"YYMM")&"E" -> 2604E | D78: =日历计算!G6 -> 46142.083 | E78: 平均 | F78: =IF(日历计算!H6<>0,日历计算!G6,"当月无会议"&"("&TEXT(日历计算!G6,"M")&"月)") -> 46142.083 | G78: =IF(LEFT(F78,1)="当",FALSE,TRUE) -> TRUE | J78: =VLOOKUP(C78,FF期货结算价!D:Z,$B$3,0) -> 96.43 | K78: =100-J78 -> 3.57 | N78: =IF(M77>0,MOD(M77,1),MOD(M77,-1)) -> -0.1862069 | O78: =IF(N77=-2,1-ABS(N78),IF(N77=-1,ABS(N78),0)) -> 0 | P78: =IF(N77=-1,1-ABS(N78),IF(N77=0,IF(N78<0,ABS(N78),0),0)) -> 0.1862069 | Q78: =IF(N77=0,1-ABS(N78),0) -> 0.8137931 | R78: =IF(N77=0,IF(N78>0,ABS(N78),0),IF(N78=1,1-ABS(N78),0)) -> 0 | S78: =IF(N77=1,ABS(N78),IF(N77=2,1-ABS(N78),0)) -> 0 | V78: =IF(U77>0,MOD(U77,1),MOD(U77,-1)) -> -0.46428571 | W78: =IF(V77<0,100%,IF(V78<0,ABS(V78),0)) -> 0.46428571 | X78: =IF(V77=0,1-ABS(V78),0) -> 0.53571429 | Y78: =IF(V77>0,100%,IF(V78>0,V78,0)) -> 0
D79: =D78 -> 46142.083 | E79: 月初 | H79: =TEXT(D79,"dd")-1 -> 29 | I79: =H79/(H79+H77) -> 0.96666667 | J79: =IF(G78,IF(G75,IF(G81,IF(I79=0,J78,(J78-I77*J77)/I79),J80),IF(I79=0,J78,(J78-I77*J77)/I79)),J78) -> 96.428448 | K79: =100-J79 -> 3.5715517
C80: =TEXT(D80,"YYMM")&"EE" -> 2603EE | D80: =D81 -> 46100.083 | E80: 月末 | H80: =DAY(EOMONTH(D80,0))-H82 -> 13 | I80: =H80/(H82+H80) -> 0.41935484 | J80: =IF(G81,IF(G78,IF(G84,J79,IF(I82=0,J81,(J81-J82*I82)/I80)),J79),J81) -> 96.429615 | K80: =100-J80 -> 3.5703846 | L80: =K80-K82 -> -0.059615385 | M80: =L80/25*100 -> -0.23846154 | N80: =TRUNC(M80,0)/1 -> 0 | T80: =K80-$K$88 -> -0.070686813 | U80: =T80/25*100 -> -0.28274725 | V80: =TRUNC(U80,0)/1 -> 0
C81: =TEXT(D81,"YYMM")&"E" -> 2603E | D81: =日历计算!G5 -> 46100.083 | E81: 平均 | F81: =IF(日历计算!H5<>0,日历计算!G5,"当月无会议"&"("&TEXT(日历计算!G5,"M")&"月)") -> 46100.083 | G81: =IF(LEFT(F81,1)="当",FALSE,TRUE) -> TRUE | J81: =VLOOKUP(C81,FF期货结算价!D:Z,$B$3,0) -> 96.395 | K81: =100-J81 -> 3.605 | N81: =IF(M80>0,MOD(M80,1),MOD(M80,-1)) -> -0.23846154 | O81: =IF(N80=-2,1-ABS(N81),IF(N80=-1,ABS(N81),0)) -> 0 | P81: =IF(N80=-1,1-ABS(N81),IF(N80=0,IF(N81<0,ABS(N81),0),0)) -> 0.23846154 | Q81: =IF(N80=0,1-ABS(N81),0) -> 0.76153846 | R81: =IF(N80=0,IF(N81>0,ABS(N81),0),IF(N81=1,1-ABS(N81),0)) -> 0 | S81: =IF(N80=1,ABS(N81),IF(N80=2,1-ABS(N81),0)) -> 0 | V81: =IF(U80>0,MOD(U80,1),MOD(U80,-1)) -> -0.28274725 | W81: =IF(V80<0,100%,IF(V81<0,ABS(V81),0)) -> 0.28274725 | X81: =IF(V80=0,1-ABS(V81),0) -> 0.71725275 | Y81: =IF(V80>0,100%,IF(V81>0,V81,0)) -> 0
D82: =D81 -> 46100.083 | E82: 月初 | H82: =TEXT(D82,"dd")-1 -> 18 | I82: =H82/(H82+H80) -> 0.58064516 | J82: =IF(G81,IF(G78,IF(G84,IF(I82=0,J81,(J81-I80*J80)/I82),J83),IF(I82=0,J81,(J81-I80*J80)/I82)),J81) -> 96.37 | K82: =100-J82 -> 3.63
C83: =TEXT(D83,"YYMM")&"EE" -> 2602EE | D83: =D84 -> 46054.083 | E83: 月末 | H83: =DAY(EOMONTH(D83,0))-H85 -> 28 | I83: =H83/(H85+H83) -> 1 | J83: =IF(G84,IF(G81,IF(G87,J82,IF(I85=0,J84,(J84-J85*I85)/I83)),J82),J84) -> 96.37 | K83: =100-J83 -> 3.63 | L83: =K83-K85 -> 0 | M83: =L83/25*100 -> 0 | N83: =TRUNC(M83,0)/1 -> 0 | T83: =K83-$K$88 -> -0.011071429 | U83: =T83/25*100 -> -0.044285714 | V83: =TRUNC(U83,0)/1 -> 0
C84: =TEXT(D84,"YYMM")&"E" -> 2602E | D84: =日历计算!G4 -> 46054.083 | E84: 平均 | F84: =IF(日历计算!H4<>0,日历计算!G4,"当月无会议"&"("&TEXT(日历计算!G4,"M")&"月)") -> 当月无会议(2月) | G84: =IF(LEFT(F84,1)="当",FALSE,TRUE) -> FALSE | J84: =VLOOKUP(C84,FF期货结算价!D:Z,$B$3,0) -> 96.37 | K84: =100-J84 -> 3.63 | N84: =IF(M83>0,MOD(M83,1),MOD(M83,-1)) -> 0 | O84: =IF(N83=-2,1-ABS(N84),IF(N83=-1,ABS(N84),0)) -> 0 | P84: =IF(N83=-1,1-ABS(N84),IF(N83=0,IF(N84<0,ABS(N84),0),0)) -> 0 | Q84: =IF(N83=0,1-ABS(N84),0) -> 1 | R84: =IF(N83=0,IF(N84>0,ABS(N84),0),IF(N84=1,1-ABS(N84),0)) -> 0 | S84: =IF(N83=1,ABS(N84),IF(N83=2,1-ABS(N84),0)) -> 0 | V84: =IF(U83>0,MOD(U83,1),MOD(U83,-1)) -> -0.044285714 | W84: =IF(V83<0,100%,IF(V84<0,ABS(V84),0)) -> 0.044285714 | X84: =IF(V83=0,1-ABS(V84),0) -> 0.95571429 | Y84: =IF(V83>0,100%,IF(V84>0,V84,0)) -> 0
D85: =D84 -> 46054.083 | E85: 月初 | H85: =TEXT(D85,"dd")-1 -> 0 | I85: =H85/(H85+H83) -> 0 | J85: =IF(G84,IF(G81,IF(G87,IF(I85=0,J84,(J84-I83*J83)/I85),J86),IF(I85=0,J84,(J84-I83*J83)/I85)),J84) -> 96.37 | K85: =100-J85 -> 3.63
C86: =TEXT(D86,"YYMM")&"EE" -> 2601EE | D86: =D87 -> 46051.083 | E86: 月末 | H86: =DAY(EOMONTH(D86,0))-H88 -> 3 | I86: =H86/(H88+H86) -> 0.096774194 | J86: =IF(G87,J85,J87) -> 96.37 | K86: =100-J86 -> 3.63 | L86: =K86-K88 -> -0.011071429 | M86: =L86/25*100 -> -0.044285714 | N86: =TRUNC(M86,0)/1 -> 0 | T86: =K86-$K$88 -> -0.011071429 | U86: =T86/25*100 -> -0.044285714 | V86: =TRUNC(U86,0)/1 -> 0
C87: =TEXT(D87,"YYMM")&"E" -> 2601E | D87: =日历计算!G3 -> 46051.083 | E87: 平均 | F87: =IF(日历计算!H3<>0,日历计算!G3,"当月无会议"&"("&TEXT(日历计算!G3,"M")&"月)") -> 46051.083 | G87: =IF(LEFT(F87,1)="当",FALSE,TRUE) -> TRUE | J87: =VLOOKUP(C87,FF期货结算价!D:Z,$B$3,0) -> 96.36 | K87: =100-J87 -> 3.64 | N87: =IF(M86>0,MOD(M86,1),MOD(M86,-1)) -> -0.044285714 | O87: =IF(N86=-2,1-ABS(N87),IF(N86=-1,ABS(N87),0)) -> 0 | P87: =IF(N86=-1,1-ABS(N87),IF(N86=0,IF(N87<0,ABS(N87),0),0)) -> 0.044285714 | Q87: =IF(N86=0,1-ABS(N87),0) -> 0.95571429 | R87: =IF(N86=0,IF(N87>0,ABS(N87),0),IF(N87=1,1-ABS(N87),0)) -> 0 | S87: =IF(N86=1,ABS(N87),IF(N86=2,1-ABS(N87),0)) -> 0 | V87: =IF(U86>0,MOD(U86,1),MOD(U86,-1)) -> -0.044285714 | W87: =IF(V86<0,100%,IF(V87<0,ABS(V87),0)) -> 0.044285714 | X87: =IF(V86=0,1-ABS(V87),0) -> 0.95571429 | Y87: =IF(V86>0,100%,IF(V87>0,V87,0)) -> 0
D88: =D87 -> 46051.083 | E88: 月初 | H88: =TEXT(D88,"dd")-1 -> 28 | I88: =H88/(H88+H86) -> 0.90322581 | J88: =IF(G87,IF(G84,IF(G90,IF(I88=0,J87,(J87-I86*J86)/I88),J89),IF(I88=0,J87,(J87-I86*J86)/I88)),J87) -> 96.358929 | K88: =100-J88 -> 3.6410714
C89: =TEXT(D89,"YYMM")&"EE" -> 连续日历月(含会议日)EE | D89: =D90 -> 连续日历月(含会议日) | E89: 月末 | H89: =DAY(EOMONTH(D89,0))-H91 -> #VALUE! | I89: =H89/(H91+H89) -> #VALUE! | J89: =IF(G90,J88,J90) -> #N/A | K89: =100-J89 -> #N/A | L89: =K89-K91 -> #N/A | M89: =L89/25*100 -> #N/A | N89: =TRUNC(M89,0)/1 -> #N/A | T89: =K89-$K$88 -> #N/A | U89: =T89/25*100 -> #N/A | V89: =TRUNC(U89,0)/1 -> #N/A
C90: =TEXT(D90,"YYMM")&"E" -> 连续日历月(含会议日)E | D90: =日历计算!G2 -> 连续日历月(含会议日) | E90: 平均 | F90: =IF(日历计算!H2<>0,日历计算!G2,"当月无会议"&"("&TEXT(日历计算!G2,"M")&"月)") -> 当月无会议(连续日历月(含会议日)月) | G90: =IF(LEFT(F90,1)="当",FALSE,TRUE) -> FALSE | J90: =VLOOKUP(C90,FF期货结算价!D:Z,$B$3,0) -> #N/A | K90: =100-J90 -> #N/A | N90: =IF(M89>0,MOD(M89,1),MOD(M89,-1)) -> #N/A | O90: =IF(N89=-2,1-ABS(N90),IF(N89=-1,ABS(N90),0)) -> #N/A | P90: =IF(N89=-1,1-ABS(N90),IF(N89=0,IF(N90<0,ABS(N90),0),0)) -> #N/A | Q90: =IF(N89=0,1-ABS(N90),0) -> #N/A | R90: =IF(N89=0,IF(N90>0,ABS(N90),0),IF(N90=1,1-ABS(N90),0)) -> #N/A | S90: =IF(N89=1,ABS(N90),IF(N89=2,1-ABS(N90),0)) -> #N/A | V90: =IF(U89>0,MOD(U89,1),MOD(U89,-1)) -> #N/A | W90: =IF(V89<0,100%,IF(V90<0,ABS(V90),0)) -> #N/A | X90: =IF(V89=0,1-ABS(V90),0) -> #N/A | Y90: =IF(V89>0,100%,IF(V90>0,V90,0)) -> #N/A
D91: =D90 -> 连续日历月(含会议日) | E91: 月初 | H91: =TEXT(D91,"dd")-1 -> #VALUE! | I91: =H91/(H91+H89) -> #VALUE! | J91: =J90 -> #N/A | K91: =100-J91 -> #N/A

Sheet 加息降息概率计算-2P
G1: 美联储议息会议加息降息概率计算 | X1: 最近更新： | Y1: =TODAY() -> 46037
B3: 4 | O3: 加息/降息概率 | W3: 累计加息/降息概率
C4: 检索代码 | F4: 会议日期 | H4: 距离月初/月末天数 | I4: 距离月初/月末天数% | J4: 价格 | K4: 隐含利率 | L4: 月度价差 | M4: 25bp变动次数 | N4: 达成加减息次数&余数 | O4: -50bps | P4: -25bps | Q4: 0bps | R4: +25bps | S4: +50bps | T4: 和当前月度价差 | U4: 25bp变动次数 | V4: 达成加减息次数&余数 | W4: 降息 | X4: 保持不变 | Y4: 加息
C5: =TEXT(D5,"YYMM")&"EE" -> 2804EE | D5: =D6 -> 46844.083 | E5: 月末 | H5: =DAY(EOMONTH(D5,0))-H7 -> 30 | I5: =H5/(H7+H5) -> 1 | J5: =IF(G6,IF(I7=0,J6,(J6-I7*J7)/I5),J6) -> 96.855 | K5: =100-J5 -> 3.145 | L5: =K5-K7 -> 0 | M5: =L5/25*100 -> 0 | N5: =TRUNC(M5,0)/1 -> 0 | T5: =K5-$K$88 -> -0.49553571 | U5: =T5/25*100 -> -1.9821429 | V5: =TRUNC(U5,0)/1 -> -1
C6: =TEXT(D6,"YYMM")&"E" -> 2804E | D6: =日历计算!G30 -> 46844.083 | E6: 平均 | F6: =IF(日历计算!H30<>0,日历计算!G30,"当月无会议"&"("&TEXT(日历计算!G30,"M")&"月)") -> 当月无会议(4月) | G6: =IF(LEFT(F6,1)="当",FALSE,TRUE) -> FALSE | J6: =VLOOKUP(C6,FF期货结算价!D:Z,$B$3,0) -> 96.855 | K6: =100-J6 -> 3.145 | N6: =IF(M5>0,MOD(M5,1),MOD(M5,-1)) -> 0 | O6: =IF(N5=-2,1-ABS(N6),IF(N5=-1,ABS(N6),0)) -> 0 | P6: =IF(N5=-1,1-ABS(N6),IF(N5=0,IF(N6<0,ABS(N6),0),0)) -> 0 | Q6: =IF(N5=0,1-ABS(N6),0) -> 1 | R6: =IF(N5=0,IF(N6>0,ABS(N6),0),IF(N6=1,1-ABS(N6),0)) -> 0 | S6: =IF(N5=1,ABS(N6),IF(N5=2,1-ABS(N6),0)) -> 0 | V6: =IF(U5>0,MOD(U5,1),MOD(U5,-1)) -> -0.98214286 | W6: =IF(V5<0,100%,IF(V6<0,ABS(V6),0)) -> 1 | X6: =IF(V5=0,1-ABS(V6),0) -> 0 | Y6: =IF(V5>0,100%,IF(V6>0,V6,0)) -> 0
D7: =D6 -> 46844.083 | E7: 月初 | H7: =TEXT(D7,"dd")-1 -> 0 | I7: =H7/(H7+H5) -> 0 | J7: =IF(G6,J8,J6) -> 96.855 | K7: =100-J7 -> 3.145
C8: =TEXT(D8,"YYMM")&"EE" -> 2803EE | D8: =D9 -> 46813.083 | E8: 月末 | H8: =DAY(EOMONTH(D8,0))-H10 -> 31 | I8: =H8/(H10+H8) -> 1 | J8: =IF(G9,IF(G6,IF(I10=0,J9,(J9-I10*J11)/I8),J7),J9) -> 96.895 | K8: =100-J8 -> 3.105 | L8: =K8-K10 -> 0 | M8: =L8/25*100 -> 0 | N8: =TRUNC(M8,0)/1 -> 0 | T8: =K8-$K$88 -> -0.53553571 | U8: =T8/25*100 -> -2.1421429 | V8: =TRUNC(U8,0)/1 -> -2
C9: =TEXT(D9,"YYMM")&"E" -> 2803E | D9: =日历计算!G29 -> 46813.083 | E9: 平均 | F9: =IF(日历计算!H29<>0,日历计算!G29,"当月无会议"&"("&TEXT(日历计算!G29,"M")&"月)") -> 当月无会议(3月) | G9: =IF(LEFT(F9,1)="当",FALSE,TRUE) -> FALSE | J9: =VLOOKUP(C9,FF期货结算价!D:Z,$B$3,0) -> 96.895 | K9: =100-J9 -> 3.105 | N9: =IF(M8>0,MOD(M8,1),MOD(M8,-1)) -> 0 | O9: =IF(N8=-2,1-ABS(N9),IF(N8=-1,ABS(N9),0)) -> 0 | P9: =IF(N8=-1,1-ABS(N9),IF(N8=0,IF(N9<0,ABS(N9),0),0)) -> 0 | Q9: =IF(N8=0,1-ABS(N9),0) -> 1 | R9: =IF(N8=0,IF(N9>0,ABS(N9),0),IF(N9=1,1-ABS(N9),0)) -> 0 | S9: =IF(N8=1,ABS(N9),IF(N8=2,1-ABS(N9),0)) -> 0 | V9: =IF(U8>0,MOD(U8,1),MOD(U8,-1)) -> -0.14214286 | W9: =IF(V8<0,100%,IF(V9<0,ABS(V9),0)) -> 1 | X9: =IF(V8=0,1-ABS(V9),0) -> 0 | Y9: =IF(V8>0,100%,IF(V9>0,V9,0)) -> 0
D10: =D9 -> 46813.083 | E10: 月初 | H10: =TEXT(D10,"dd")-1 -> 0 | I10: =H10/(H10+H8) -> 0 | J10: =IF(G9,J11,J9) -> 96.895 | K10: =100-J10 -> 3.105
C11: =TEXT(D11,"YYMM")&"EE" -> 2802EE | D11: =D12 -> 46784.083 | E11: 月末 | H11: =DAY(EOMONTH(D11,0))-H13 -> 29 | I11: =H11/(H13+H11) -> 1 | J11: =IF(G12,IF(G9,IF(I13=0,J12,(J12-I13*J14)/I11),J10),J12) -> 96.91 | K11: =100-J11 -> 3.09 | L11: =K11-K13 -> 0 | M11: =L11/25*100 -> 0 | N11: =TRUNC(M11,0)/1 -> 0 | T11: =K11-$K$88 -> -0.55053571 | U11: =T11/25*100 -> -2.2021429 | V11: =TRUNC(U11,0)/1 -> -2
C12: =TEXT(D12,"YYMM")&"E" -> 2802E | D12: =日历计算!G28 -> 46784.083 | E12: 平均 | F12: =IF(日历计算!H28<>0,日历计算!G28,"当月无会议"&"("&TEXT(日历计算!G28,"M")&"月)") -> 当月无会议(2月) | G12: =IF(LEFT(F12,1)="当",FALSE,TRUE) -> FALSE | J12: =VLOOKUP(C12,FF期货结算价!D:Z,$B$3,0) -> 96.91 | K12: =100-J12 -> 3.09 | N12: =IF(M11>0,MOD(M11,1),MOD(M11,-1)) -> 0 | O12: =IF(N11=-2,1-ABS(N12),IF(N11=-1,ABS(N12),0)) -> 0 | P12: =IF(N11=-1,1-ABS(N12),IF(N11=0,IF(N12<0,ABS(N12),0),0)) -> 0 | Q12: =IF(N11=0,1-ABS(N12),0) -> 1 | R12: =IF(N11=0,IF(N12>0,ABS(N12),0),IF(N12=1,1-ABS(N12),0)) -> 0 | S12: =IF(N11=1,ABS(N12),IF(N11=2,1-ABS(N12),0)) -> 0 | V12: =IF(U11>0,MOD(U11,1),MOD(U11,-1)) -> -0.20214286 | W12: =IF(V11<0,100%,IF(V12<0,ABS(V12),0)) -> 1 | X12: =IF(V11=0,1-ABS(V12),0) -> 0 | Y12: =IF(V11>0,100%,IF(V12>0,V12,0)) -> 0
D13: =D12 -> 46784.083 | E13: 月初 | H13: =TEXT(D13,"dd")-1 -> 0 | I13: =H13/(H13+H11) -> 0 | J13: =IF(G12,J14,J12) -> 96.91 | K13: =100-J13 -> 3.09
C14: =TEXT(D14,"YYMM")&"EE" -> 2801EE | D14: =D15 -> 46753.083 | E14: 月末 | H14: =DAY(EOMONTH(D14,0))-H16 -> 31 | I14: =H14/(H16+H14) -> 1 | J14: =IF(G15,IF(G12,IF(I16=0,J15,(J15-I16*J17)/I14),J13),J15) -> 96.925 | K14: =100-J14 -> 3.075 | L14: =K14-K16 -> 0 | M14: =L14/25*100 -> 0 | N14: =TRUNC(M14,0)/1 -> 0 | T14: =K14-$K$88 -> -0.56553571 | U14: =T14/25*100 -> -2.2621429 | V14: =TRUNC(U14,0)/1 -> -2
C15: =TEXT(D15,"YYMM")&"E" -> 2801E | D15: =日历计算!G27 -> 46753.083 | E15: 平均 | F15: =IF(日历计算!H27<>0,日历计算!G27,"当月无会议"&"("&TEXT(日历计算!G27,"M")&"月)") -> 当月无会议(1月) | G15: =IF(LEFT(F15,1)="当",FALSE,TRUE) -> FALSE | J15: =VLOOKUP(C15,FF期货结算价!D:Z,$B$3,0) -> 96.925 | K15: =100-J15 -> 3.075 | N15: =IF(M14>0,MOD(M14,1),MOD(M14,-1)) -> 0 | O15: =IF(N14=-2,1-ABS(N15),IF(N14=-1,ABS(N15),0)) -> 0 | P15: =IF(N14=-1,1-ABS(N15),IF(N14=0,IF(N15<0,ABS(N15),0),0)) -> 0 | Q15: =IF(N14=0,1-ABS(N15),0) -> 1 | R15: =IF(N14=0,IF(N15>0,ABS(N15),0),IF(N15=1,1-ABS(N15),0)) -> 0 | S15: =IF(N14=1,ABS(N15),IF(N14=2,1-ABS(N15),0)) -> 0 | V15: =IF(U14>0,MOD(U14,1),MOD(U14,-1)) -> -0.26214286 | W15: =IF(V14<0,100%,IF(V15<0,ABS(V15),0)) -> 1 | X15: =IF(V14=0,1-ABS(V15),0) -> 0 | Y15: =IF(V14>0,100%,IF(V15>0,V15,0)) -> 0
D16: =D15 -> 46753.083 | E16: 月初 | H16: =TEXT(D16,"dd")-1 -> 0 | I16: =H16/(H16+H14) -> 0 | J16: =IF(G15,J17,J15) -> 96.925 | K16: =100-J16 -> 3.075
C17: =TEXT(D17,"YYMM")&"EE" -> 2712EE | D17: =D18 -> 46722.083 | E17: 月末 | H17: =DAY(EOMONTH(D17,0))-H19 -> 31 | I17: =H17/(H19+H17) -> 1 | J17: =IF(G18,IF(G15,IF(I19=0,J18,(J18-I19*J20)/I17),J16),J18) -> 96.845 | K17: =100-J17 -> 3.155 | L17: =K17-K19 -> 0 | M17: =L17/25*100 -> 0 | N17: =TRUNC(M17,0)/1 -> 0 | T17: =K17-$K$88 -> -0.48553571 | U17: =T17/25*100 -> -1.9421429 | V17: =TRUNC(U17,0)/1 -> -1
C18: =TEXT(D18,"YYMM")&"E" -> 2712E | D18: =日历计算!G26 -> 46722.083 | E18: 平均 | F18: =IF(日历计算!H26<>0,日历计算!G26,"当月无会议"&"("&TEXT(日历计算!G26,"M")&"月)") -> 当月无会议(12月) | G18: =IF(LEFT(F18,1)="当",FALSE,TRUE) -> FALSE | J18: =VLOOKUP(C18,FF期货结算价!D:Z,$B$3,0) -> 96.845 | K18: =100-J18 -> 3.155 | N18: =IF(M17>0,MOD(M17,1),MOD(M17,-1)) -> 0 | O18: =IF(N17=-2,1-ABS(N18),IF(N17=-1,ABS(N18),0)) -> 0 | P18: =IF(N17=-1,1-ABS(N18),IF(N17=0,IF(N18<0,ABS(N18),0),0)) -> 0 | Q18: =IF(N17=0,1-ABS(N18),0) -> 1 | R18: =IF(N17=0,IF(N18>0,ABS(N18),0),IF(N18=1,1-ABS(N18),0)) -> 0 | S18: =IF(N17=1,ABS(N18),IF(N17=2,1-ABS(N18),0)) -> 0 | V18: =IF(U17>0,MOD(U17,1),MOD(U17,-1)) -> -0.94214286 | W18: =IF(V17<0,100%,IF(V18<0,ABS(V18),0)) -> 1 | X18: =IF(V17=0,1-ABS(V18),0) -> 0 | Y18: =IF(V17>0,100%,IF(V18>0,V18,0)) -> 0
D19: =D18 -> 46722.083 | E19: 月初 | H19: =TEXT(D19,"dd")-1 -> 0 | I19: =H19/(H19+H17) -> 0 | J19: =IF(G18,J20,J18) -> 96.845 | K19: =100-J19 -> 3.155
C20: =TEXT(D20,"YYMM")&"EE" -> 2711EE | D20: =D21 -> 46692.083 | E20: 月末 | H20: =DAY(EOMONTH(D20,0))-H22 -> 30 | I20: =H20/(H22+H20) -> 1 | J20: =IF(G21,IF(G18,IF(I22=0,J21,(J21-I22*J23)/I20),J19),J21) -> 96.86 | K20: =100-J20 -> 3.14 | L20: =K20-K22 -> 0 | M20: =L20/25*100 -> 0 | N20: =TRUNC(M20,0)/1 -> 0 | T20: =K20-$K$88 -> -0.50053571 | U20: =T20/25*100 -> -2.0021429 | V20: =TRUNC(U20,0)/1 -> -2
C21: =TEXT(D21,"YYMM")&"E" -> 2711E | D21: =日历计算!G25 -> 46692.083 | E21: 平均 | F21: =IF(日历计算!H25<>0,日历计算!G25,"当月无会议"&"("&TEXT(日历计算!G25,"M")&"月)") -> 当月无会议(11月) | G21: =IF(LEFT(F21,1)="当",FALSE,TRUE) -> FALSE | J21: =VLOOKUP(C21,FF期货结算价!D:Z,$B$3,0) -> 96.86 | K21: =100-J21 -> 3.14 | N21: =IF(M20>0,MOD(M20,1),MOD(M20,-1)) -> 0 | O21: =IF(N20=-2,1-ABS(N21),IF(N20=-1,ABS(N21),0)) -> 0 | P21: =IF(N20=-1,1-ABS(N21),IF(N20=0,IF(N21<0,ABS(N21),0),0)) -> 0 | Q21: =IF(N20=0,1-ABS(N21),0) -> 1 | R21: =IF(N20=0,IF(N21>0,ABS(N21),0),IF(N21=1,1-ABS(N21),0)) -> 0 | S21: =IF(N20=1,ABS(N21),IF(N20=2,1-ABS(N21),0)) -> 0 | V21: =IF(U20>0,MOD(U20,1),MOD(U20,-1)) -> -0.0021428571 | W21: =IF(V20<0,100%,IF(V21<0,ABS(V21),0)) -> 1 | X21: =IF(V20=0,1-ABS(V21),0) -> 0 | Y21: =IF(V20>0,100%,IF(V21>0,V21,0)) -> 0
D22: =D21 -> 46692.083 | E22: 月初 | H22: =TEXT(D22,"dd")-1 -> 0 | I22: =H22/(H22+H20) -> 0 | J22: =IF(G21,J23,J21) -> 96.86 | K22: =100-J22 -> 3.14
C23: =TEXT(D23,"YYMM")&"EE" -> 2710EE | D23: =D24 -> 46661.083 | E23: 月末 | H23: =DAY(EOMONTH(D23,0))-H25 -> 31 | I23: =H23/(H25+H23) -> 1 | J23: =IF(G24,IF(G21,IF(I25=0,J24,(J24-I25*J26)/I23),J22),J24) -> 96.88 | K23: =100-J23 -> 3.12 | L23: =K23-K25 -> 0 | M23: =L23/25*100 -> 0 | N23: =TRUNC(M23,0)/1 -> 0 | T23: =K23-$K$88 -> -0.52053571 | U23: =T23/25*100 -> -2.0821429 | V23: =TRUNC(U23,0)/1 -> -2
C24: =TEXT(D24,"YYMM")&"E" -> 2710E | D24: =日历计算!G24 -> 46661.083 | E24: 平均 | F24: =IF(日历计算!H24<>0,日历计算!G24,"当月无会议"&"("&TEXT(日历计算!G24,"M")&"月)") -> 当月无会议(10月) | G24: =IF(LEFT(F24,1)="当",FALSE,TRUE) -> FALSE | J24: =VLOOKUP(C24,FF期货结算价!D:Z,$B$3,0) -> 96.88 | K24: =100-J24 -> 3.12 | N24: =IF(M23>0,MOD(M23,1),MOD(M23,-1)) -> 0 | O24: =IF(N23=-2,1-ABS(N24),IF(N23=-1,ABS(N24),0)) -> 0 | P24: =IF(N23=-1,1-ABS(N24),IF(N23=0,IF(N24<0,ABS(N24),0),0)) -> 0 | Q24: =IF(N23=0,1-ABS(N24),0) -> 1 | R24: =IF(N23=0,IF(N24>0,ABS(N24),0),IF(N24=1,1-ABS(N24),0)) -> 0 | S24: =IF(N23=1,ABS(N24),IF(N23=2,1-ABS(N24),0)) -> 0 | V24: =IF(U23>0,MOD(U23,1),MOD(U23,-1)) -> -0.082142857 | W24: =IF(V23<0,100%,IF(V24<0,ABS(V24),0)) -> 1 | X24: =IF(V23=0,1-ABS(V24),0) -> 0 | Y24: =IF(V23>0,100%,IF(V24>0,V24,0)) -> 0
D25: =D24 -> 46661.083 | E25: 月初 | H25: =TEXT(D25,"dd")-1 -> 0 | I25: =H25/(H25+H23) -> 0 | J25: =IF(G24,J26,J24) -> 96.88 | K25: =100-J25 -> 3.12
C26: =TEXT(D26,"YYMM")&"EE" -> 2709EE | D26: =D27 -> 46631.083 | E26: 月末 | H26: =DAY(EOMONTH(D26,0))-H28 -> 30 | I26: =H26/(H28+H26) -> 1 | J26: =IF(G27,IF(G24,IF(I28=0,J27,(J27-I28*J29)/I26),J25),J27) -> 96.885 | K26: =100-J26 -> 3.115 | L26: =K26-K28 -> 0 | M26: =L26/25*100 -> 0 | N26: =TRUNC(M26,0)/1 -> 0 | T26: =K26-$K$88 -> -0.52553571 | U26: =T26/25*100 -> -2.1021429 | V26: =TRUNC(U26,0)/1 -> -2
C27: =TEXT(D27,"YYMM")&"E" -> 2709E | D27: =日历计算!G23 -> 46631.083 | E27: 平均 | F27: =IF(日历计算!H23<>0,日历计算!G23,"当月无会议"&"("&TEXT(日历计算!G23,"M")&"月)") -> 当月无会议(9月) | G27: =IF(LEFT(F27,1)="当",FALSE,TRUE) -> FALSE | J27: =VLOOKUP(C27,FF期货结算价!D:Z,$B$3,0) -> 96.885 | K27: =100-J27 -> 3.115 | N27: =IF(M26>0,MOD(M26,1),MOD(M26,-1)) -> 0 | O27: =IF(N26=-2,1-ABS(N27),IF(N26=-1,ABS(N27),0)) -> 0 | P27: =IF(N26=-1,1-ABS(N27),IF(N26=0,IF(N27<0,ABS(N27),0),0)) -> 0 | Q27: =IF(N26=0,1-ABS(N27),0) -> 1 | R27: =IF(N26=0,IF(N27>0,ABS(N27),0),IF(N27=1,1-ABS(N27),0)) -> 0 | S27: =IF(N26=1,ABS(N27),IF(N26=2,1-ABS(N27),0)) -> 0 | V27: =IF(U26>0,MOD(U26,1),MOD(U26,-1)) -> -0.10214286 | W27: =IF(V26<0,100%,IF(V27<0,ABS(V27),0)) -> 1 | X27: =IF(V26=0,1-ABS(V27),0) -> 0 | Y27: =IF(V26>0,100%,IF(V27>0,V27,0)) -> 0
D28: =D27 -> 46631.083 | E28: 月初 | H28: =TEXT(D28,"dd")-1 -> 0 | I28: =H28/(H28+H26) -> 0 | J28: =IF(G27,J29,J27) -> 96.885 | K28: =100-J28 -> 3.115
C29: =TEXT(D29,"YYMM")&"EE" -> 2708EE | D29: =D30 -> 46600.083 | E29: 月末 | H29: =DAY(EOMONTH(D29,0))-H31 -> 31 | I29: =H29/(H31+H29) -> 1 | J29: =IF(G30,IF(G27,IF(I31=0,J30,(J30-I31*J32)/I29),J28),J30) -> 96.885 | K29: =100-J29 -> 3.115 | L29: =K29-K31 -> 0 | M29: =L29/25*100 -> 0 | N29: =TRUNC(M29,0)/1 -> 0 | T29: =K29-$K$88 -> -0.52553571 | U29: =T29/25*100 -> -2.1021429 | V29: =TRUNC(U29,0)/1 -> -2
C30: =TEXT(D30,"YYMM")&"E" -> 2708E | D30: =日历计算!G22 -> 46600.083 | E30: 平均 | F30: =IF(日历计算!H22<>0,日历计算!G22,"当月无会议"&"("&TEXT(日历计算!G22,"M")&"月)") -> 当月无会议(8月) | G30: =IF(LEFT(F30,1)="当",FALSE,TRUE) -> FALSE | J30: =VLOOKUP(C30,FF期货结算价!D:Z,$B$3,0) -> 96.885 | K30: =100-J30 -> 3.115 | N30: =IF(M29>0,MOD(M29,1),MOD(M29,-1)) -> 0 | O30: =IF(N29=-2,1-ABS(N30),IF(N29=-1,ABS(N30),0)) -> 0 | P30: =IF(N29=-1,1-ABS(N30),IF(N29=0,IF(N30<0,ABS(N30),0),0)) -> 0 | Q30: =IF(N29=0,1-ABS(N30),0) -> 1 | R30: =IF(N29=0,IF(N30>0,ABS(N30),0),IF(N30=1,1-ABS(N30),0)) -> 0 | S30: =IF(N29=1,ABS(N30),IF(N29=2,1-ABS(N30),0)) -> 0 | V30: =IF(U29>0,MOD(U29,1),MOD(U29,-1)) -> -0.10214286 | W30: =IF(V29<0,100%,IF(V30<0,ABS(V30),0)) -> 1 | X30: =IF(V29=0,1-ABS(V30),0) -> 0 | Y30: =IF(V29>0,100%,IF(V30>0,V30,0)) -> 0
D31: =D30 -> 46600.083 | E31: 月初 | H31: =TEXT(D31,"dd")-1 -> 0 | I31: =H31/(H31+H29) -> 0 | J31: =IF(G30,J32,J30) -> 96.885 | K31: =100-J31 -> 3.115
C32: =TEXT(D32,"YYMM")&"EE" -> 2707EE | D32: =D33 -> 46569.083 | E32: 月末 | H32: =DAY(EOMONTH(D32,0))-H34 -> 31 | I32: =H32/(H34+H32) -> 1 | J32: =IF(G33,IF(G30,IF(I34=0,J33,(J33-I34*J35)/I32),J31),J33) -> 96.895 | K32: =100-J32 -> 3.105 | L32: =K32-K34 -> 0 | M32: =L32/25*100 -> 0 | N32: =TRUNC(M32,0)/1 -> 0 | T32: =K32-$K$88 -> -0.53553571 | U32: =T32/25*100 -> -2.1421429 | V32: =TRUNC(U32,0)/1 -> -2
C33: =TEXT(D33,"YYMM")&"E" -> 2707E | D33: =日历计算!G21 -> 46569.083 | E33: 平均 | F33: =IF(日历计算!H21<>0,日历计算!G21,"当月无会议"&"("&TEXT(日历计算!G21,"M")&"月)") -> 当月无会议(7月) | G33: =IF(LEFT(F33,1)="当",FALSE,TRUE) -> FALSE | J33: =VLOOKUP(C33,FF期货结算价!D:Z,$B$3,0) -> 96.895 | K33: =100-J33 -> 3.105 | N33: =IF(M32>0,MOD(M32,1),MOD(M32,-1)) -> 0 | O33: =IF(N32=-2,1-ABS(N33),IF(N32=-1,ABS(N33),0)) -> 0 | P33: =IF(N32=-1,1-ABS(N33),IF(N32=0,IF(N33<0,ABS(N33),0),0)) -> 0 | Q33: =IF(N32=0,1-ABS(N33),0) -> 1 | R33: =IF(N32=0,IF(N33>0,ABS(N33),0),IF(N33=1,1-ABS(N33),0)) -> 0 | S33: =IF(N32=1,ABS(N33),IF(N32=2,1-ABS(N33),0)) -> 0 | V33: =IF(U32>0,MOD(U32,1),MOD(U32,-1)) -> -0.14214286 | W33: =IF(V32<0,100%,IF(V33<0,ABS(V33),0)) -> 1 | X33: =IF(V32=0,1-ABS(V33),0) -> 0 | Y33: =IF(V32>0,100%,IF(V33>0,V33,0)) -> 0
D34: =D33 -> 46569.083 | E34: 月初 | H34: =TEXT(D34,"dd")-1 -> 0 | I34: =H34/(H34+H32) -> 0 | J34: =IF(G33,J35,J33) -> 96.895 | K34: =100-J34 -> 3.105
C35: =TEXT(D35,"YYMM")&"EE" -> 2706EE | D35: =D36 -> 46539.083 | E35: 月末 | H35: =DAY(EOMONTH(D35,0))-H37 -> 30 | I35: =H35/(H37+H35) -> 1 | J35: =IF(G36,IF(G33,IF(I37=0,J36,(J36-I37*J38)/I35),J34),J36) -> 96.9 | K35: =100-J35 -> 3.1 | L35: =K35-K37 -> 0 | M35: =L35/25*100 -> 0 | N35: =TRUNC(M35,0)/1 -> 0 | T35: =K35-$K$88 -> -0.54053571 | U35: =T35/25*100 -> -2.1621429 | V35: =TRUNC(U35,0)/1 -> -2
C36: =TEXT(D36,"YYMM")&"E" -> 2706E | D36: =日历计算!G20 -> 46539.083 | E36: 平均 | F36: =IF(日历计算!H20<>0,日历计算!G20,"当月无会议"&"("&TEXT(日历计算!G20,"M")&"月)") -> 当月无会议(6月) | G36: =IF(LEFT(F36,1)="当",FALSE,TRUE) -> FALSE | J36: =VLOOKUP(C36,FF期货结算价!D:Z,$B$3,0) -> 96.9 | K36: =100-J36 -> 3.1 | N36: =IF(M35>0,MOD(M35,1),MOD(M35,-1)) -> 0 | O36: =IF(N35=-2,1-ABS(N36),IF(N35=-1,ABS(N36),0)) -> 0 | P36: =IF(N35=-1,1-ABS(N36),IF(N35=0,IF(N36<0,ABS(N36),0),0)) -> 0 | Q36: =IF(N35=0,1-ABS(N36),0) -> 1 | R36: =IF(N35=0,IF(N36>0,ABS(N36),0),IF(N36=1,1-ABS(N36),0)) -> 0 | S36: =IF(N35=1,ABS(N36),IF(N35=2,1-ABS(N36),0)) -> 0 | V36: =IF(U35>0,MOD(U35,1),MOD(U35,-1)) -> -0.16214286 | W36: =IF(V35<0,100%,IF(V36<0,ABS(V36),0)) -> 1 | X36: =IF(V35=0,1-ABS(V36),0) -> 0 | Y36: =IF(V35>0,100%,IF(V36>0,V36,0)) -> 0
D37: =D36 -> 46539.083 | E37: 月初 | H37: =TEXT(D37,"dd")-1 -> 0 | I37: =H37/(H37+H35) -> 0 | J37: =IF(G36,J38,J36) -> 96.9 | K37: =100-J37 -> 3.1
C38: =TEXT(D38,"YYMM")&"EE" -> 2705EE | D38: =D39 -> 46508.083 | E38: 月末 | H38: =DAY(EOMONTH(D38,0))-H40 -> 31 | I38: =H38/(H40+H38) -> 1 | J38: =IF(G39,IF(G36,IF(I40=0,J39,(J39-I40*J41)/I38),J37),J39) -> 96.9 | K38: =100-J38 -> 3.1 | L38: =K38-K40 -> 0 | M38: =L38/25*100 -> 0 | N38: =TRUNC(M38,0)/1 -> 0 | T38: =K38-$K$88 -> -0.54053571 | U38: =T38/25*100 -> -2.1621429 | V38: =TRUNC(U38,0)/1 -> -2
C39: =TEXT(D39,"YYMM")&"E" -> 2705E | D39: =日历计算!G19 -> 46508.083 | E39: 平均 | F39: =IF(日历计算!H19<>0,日历计算!G19,"当月无会议"&"("&TEXT(日历计算!G19,"M")&"月)") -> 当月无会议(5月) | G39: =IF(LEFT(F39,1)="当",FALSE,TRUE) -> FALSE | J39: =VLOOKUP(C39,FF期货结算价!D:Z,$B$3,0) -> 96.9 | K39: =100-J39 -> 3.1 | N39: =IF(M38>0,MOD(M38,1),MOD(M38,-1)) -> 0 | O39: =IF(N38=-2,1-ABS(N39),IF(N38=-1,ABS(N39),0)) -> 0 | P39: =IF(N38=-1,1-ABS(N39),IF(N38=0,IF(N39<0,ABS(N39),0),0)) -> 0 | Q39: =IF(N38=0,1-ABS(N39),0) -> 1 | R39: =IF(N38=0,IF(N39>0,ABS(N39),0),IF(N39=1,1-ABS(N39),0)) -> 0 | S39: =IF(N38=1,ABS(N39),IF(N38=2,1-ABS(N39),0)) -> 0 | V39: =IF(U38>0,MOD(U38,1),MOD(U38,-1)) -> -0.16214286 | W39: =IF(V38<0,100%,IF(V39<0,ABS(V39),0)) -> 1 | X39: =IF(V38=0,1-ABS(V39),0) -> 0 | Y39: =IF(V38>0,100%,IF(V39>0,V39,0)) -> 0
D40: =D39 -> 46508.083 | E40: 月初 | H40: =TEXT(D40,"dd")-1 -> 0 | I40: =H40/(H40+H38) -> 0 | J40: =IF(G39,J41,J39) -> 96.9 | K40: =100-J40 -> 3.1
C41: =TEXT(D41,"YYMM")&"EE" -> 2704EE | D41: =D42 -> 46478.083 | E41: 月末 | H41: =DAY(EOMONTH(D41,0))-H43 -> 30 | I41: =H41/(H43+H41) -> 1 | J41: =IF(G42,IF(G39,IF(I43=0,J42,(J42-I43*J44)/I41),J40),J42) -> 96.905 | K41: =100-J41 -> 3.095 | L41: =K41-K43 -> 0 | M41: =L41/25*100 -> 0 | N41: =TRUNC(M41,0)/1 -> 0 | T41: =K41-$K$88 -> -0.54553571 | U41: =T41/25*100 -> -2.1821429 | V41: =TRUNC(U41,0)/1 -> -2
C42: =TEXT(D42,"YYMM")&"E" -> 2704E | D42: =日历计算!G18 -> 46478.083 | E42: 平均 | F42: =IF(日历计算!H18<>0,日历计算!G18,"当月无会议"&"("&TEXT(日历计算!G18,"M")&"月)") -> 当月无会议(4月) | G42: =IF(LEFT(F42,1)="当",FALSE,TRUE) -> FALSE | J42: =VLOOKUP(C42,FF期货结算价!D:Z,$B$3,0) -> 96.905 | K42: =100-J42 -> 3.095 | N42: =IF(M41>0,MOD(M41,1),MOD(M41,-1)) -> 0 | O42: =IF(N41=-2,1-ABS(N42),IF(N41=-1,ABS(N42),0)) -> 0 | P42: =IF(N41=-1,1-ABS(N42),IF(N41=0,IF(N42<0,ABS(N42),0),0)) -> 0 | Q42: =IF(N41=0,1-ABS(N42),0) -> 1 | R42: =IF(N41=0,IF(N42>0,ABS(N42),0),IF(N42=1,1-ABS(N42),0)) -> 0 | S42: =IF(N41=1,ABS(N42),IF(N41=2,1-ABS(N42),0)) -> 0 | V42: =IF(U41>0,MOD(U41,1),MOD(U41,-1)) -> -0.18214286 | W42: =IF(V41<0,100%,IF(V42<0,ABS(V42),0)) -> 1 | X42: =IF(V41=0,1-ABS(V42),0) -> 0 | Y42: =IF(V41>0,100%,IF(V42>0,V42,0)) -> 0
D43: =D42 -> 46478.083 | E43: 月初 | H43: =TEXT(D43,"dd")-1 -> 0 | I43: =H43/(H43+H41) -> 0 | J43: =IF(G42,J44,J42) -> 96.905 | K43: =100-J43 -> 3.095
C44: =TEXT(D44,"YYMM")&"EE" -> 2703EE | D44: =D45 -> 46447.083 | E44: 月末 | H44: =DAY(EOMONTH(D44,0))-H46 -> 31 | I44: =H44/(H46+H44) -> 1 | J44: =IF(G45,IF(G42,IF(I46=0,J45,(J45-I46*J47)/I44),J43),J45) -> 96.905 | K44: =100-J44 -> 3.095 | L44: =K44-K46 -> 0 | M44: =L44/25*100 -> 0 | N44: =TRUNC(M44,0)/1 -> 0 | T44: =K44-$K$88 -> -0.54553571 | U44: =T44/25*100 -> -2.1821429 | V44: =TRUNC(U44,0)/1 -> -2
C45: =TEXT(D45,"YYMM")&"E" -> 2703E | D45: =日历计算!G17 -> 46447.083 | E45: 平均 | F45: =IF(日历计算!H17<>0,日历计算!G17,"当月无会议"&"("&TEXT(日历计算!G17,"M")&"月)") -> 当月无会议(3月) | G45: =IF(LEFT(F45,1)="当",FALSE,TRUE) -> FALSE | J45: =VLOOKUP(C45,FF期货结算价!D:Z,$B$3,0) -> 96.905 | K45: =100-J45 -> 3.095 | N45: =IF(M44>0,MOD(M44,1),MOD(M44,-1)) -> 0 | O45: =IF(N44=-2,1-ABS(N45),IF(N44=-1,ABS(N45),0)) -> 0 | P45: =IF(N44=-1,1-ABS(N45),IF(N44=0,IF(N45<0,ABS(N45),0),0)) -> 0 | Q45: =IF(N44=0,1-ABS(N45),0) -> 1 | R45: =IF(N44=0,IF(N45>0,ABS(N45),0),IF(N45=1,1-ABS(N45),0)) -> 0 | S45: =IF(N44=1,ABS(N45),IF(N44=2,1-ABS(N45),0)) -> 0 | V45: =IF(U44>0,MOD(U44,1),MOD(U44,-1)) -> -0.18214286 | W45: =IF(V44<0,100%,IF(V45<0,ABS(V45),0)) -> 1 | X45: =IF(V44=0,1-ABS(V45),0) -> 0 | Y45: =IF(V44>0,100%,IF(V45>0,V45,0)) -> 0
D46: =D45 -> 46447.083 | E46: 月初 | H46: =TEXT(D46,"dd")-1 -> 0 | I46: =H46/(H46+H44) -> 0 | J46: =IF(G45,J47,J45) -> 96.905 | K46: =100-J46 -> 3.095
C47: =TEXT(D47,"YYMM")&"EE" -> 2702EE | D47: =D48 -> 46419.083 | E47: 月末 | H47: =DAY(EOMONTH(D47,0))-H49 -> 28 | I47: =H47/(H49+H47) -> 1 | J47: =IF(G48,IF(G45,IF(I49=0,J48,(J48-I49*J50)/I47),J46),J48) -> 96.9 | K47: =100-J47 -> 3.1 | L47: =K47-K49 -> 0 | M47: =L47/25*100 -> 0 | N47: =TRUNC(M47,0)/1 -> 0 | T47: =K47-$K$88 -> -0.54053571 | U47: =T47/25*100 -> -2.1621429 | V47: =TRUNC(U47,0)/1 -> -2
C48: =TEXT(D48,"YYMM")&"E" -> 2702E | D48: =日历计算!G16 -> 46419.083 | E48: 平均 | F48: =IF(日历计算!H16<>0,日历计算!G16,"当月无会议"&"("&TEXT(日历计算!G16,"M")&"月)") -> 当月无会议(2月) | G48: =IF(LEFT(F48,1)="当",FALSE,TRUE) -> FALSE | J48: =VLOOKUP(C48,FF期货结算价!D:Z,$B$3,0) -> 96.9 | K48: =100-J48 -> 3.1 | N48: =IF(M47>0,MOD(M47,1),MOD(M47,-1)) -> 0 | O48: =IF(N47=-2,1-ABS(N48),IF(N47=-1,ABS(N48),0)) -> 0 | P48: =IF(N47=-1,1-ABS(N48),IF(N47=0,IF(N48<0,ABS(N48),0),0)) -> 0 | Q48: =IF(N47=0,1-ABS(N48),0) -> 1 | R48: =IF(N47=0,IF(N48>0,ABS(N48),0),IF(N48=1,1-ABS(N48),0)) -> 0 | S48: =IF(N47=1,ABS(N48),IF(N47=2,1-ABS(N48),0)) -> 0 | V48: =IF(U47>0,MOD(U47,1),MOD(U47,-1)) -> -0.16214286 | W48: =IF(V47<0,100%,IF(V48<0,ABS(V48),0)) -> 1 | X48: =IF(V47=0,1-ABS(V48),0) -> 0 | Y48: =IF(V47>0,100%,IF(V48>0,V48,0)) -> 0
D49: =D48 -> 46419.083 | E49: 月初 | H49: =TEXT(D49,"dd")-1 -> 0 | I49: =H49/(H49+H47) -> 0 | J49: =IF(G48,J50,J48) -> 96.9 | K49: =100-J49 -> 3.1
C50: =TEXT(D50,"YYMM")&"EE" -> 2701EE | D50: =D51 -> 46388.083 | E50: 月末 | H50: =DAY(EOMONTH(D50,0))-H52 -> 31 | I50: =H50/(H52+H50) -> 1 | J50: =IF(G51,IF(G48,IF(I52=0,J51,(J51-I52*J53)/I50),J49),J51) -> 96.895 | K50: =100-J50 -> 3.105 | L50: =K50-K52 -> 0 | M50: =L50/25*100 -> 0 | N50: =TRUNC(M50,0)/1 -> 0 | T50: =K50-$K$88 -> -0.53553571 | U50: =T50/25*100 -> -2.1421429 | V50: =TRUNC(U50,0)/1 -> -2
C51: =TEXT(D51,"YYMM")&"E" -> 2701E | D51: =日历计算!G15 -> 46388.083 | E51: 平均 | F51: =IF(日历计算!H15<>0,日历计算!G15,"当月无会议"&"("&TEXT(日历计算!G15,"M")&"月)") -> 当月无会议(1月) | G51: =IF(LEFT(F51,1)="当",FALSE,TRUE) -> FALSE | J51: =VLOOKUP(C51,FF期货结算价!D:Z,$B$3,0) -> 96.895 | K51: =100-J51 -> 3.105 | N51: =IF(M50>0,MOD(M50,1),MOD(M50,-1)) -> 0 | O51: =IF(N50=-2,1-ABS(N51),IF(N50=-1,ABS(N51),0)) -> 0 | P51: =IF(N50=-1,1-ABS(N51),IF(N50=0,IF(N51<0,ABS(N51),0),0)) -> 0 | Q51: =IF(N50=0,1-ABS(N51),0) -> 1 | R51: =IF(N50=0,IF(N51>0,ABS(N51),0),IF(N51=1,1-ABS(N51),0)) -> 0 | S51: =IF(N50=1,ABS(N51),IF(N50=2,1-ABS(N51),0)) -> 0 | V51: =IF(U50>0,MOD(U50,1),MOD(U50,-1)) -> -0.14214286 | W51: =IF(V50<0,100%,IF(V51<0,ABS(V51),0)) -> 1 | X51: =IF(V50=0,1-ABS(V51),0) -> 0 | Y51: =IF(V50>0,100%,IF(V51>0,V51,0)) -> 0
D52: =D51 -> 46388.083 | E52: 月初 | H52: =TEXT(D52,"dd")-1 -> 0 | I52: =H52/(H52+H50) -> 0 | J52: =IF(G51,J53,J51) -> 96.895 | K52: =100-J52 -> 3.105
C53: =TEXT(D53,"YYMM")&"EE" -> 2612EE | D53: =D54 -> 46366.083 | E53: 月末 | H53: =DAY(EOMONTH(D53,0))-H55 -> 22 | I53: =H53/(H55+H53) -> 0.70967742 | J53: =IF(G54,IF(G51,IF(I55=0,J54,(J54-I55*J56)/I53),J52),J54) -> 96.895 | K53: =100-J53 -> 3.105 | L53: =K53-K55 -> -0.06 | M53: =L53/25*100 -> -0.24 | N53: =TRUNC(M53,0)/1 -> 0 | T53: =K53-$K$88 -> -0.53553571 | U53: =T53/25*100 -> -2.1421429 | V53: =TRUNC(U53,0)/1 -> -2
C54: =TEXT(D54,"YYMM")&"E" -> 2612E | D54: =日历计算!G14 -> 46366.083 | E54: 平均 | F54: =IF(日历计算!H14<>0,日历计算!G14,"当月无会议"&"("&TEXT(日历计算!G14,"M")&"月)") -> 46366.083 | G54: =IF(LEFT(F54,1)="当",FALSE,TRUE) -> TRUE | J54: =VLOOKUP(C54,FF期货结算价!D:Z,$B$3,0) -> 96.88 | K54: =100-J54 -> 3.12 | N54: =IF(M53>0,MOD(M53,1),MOD(M53,-1)) -> -0.24 | O54: =IF(N53=-2,1-ABS(N54),IF(N53=-1,ABS(N54),0)) -> 0 | P54: =IF(N53=-1,1-ABS(N54),IF(N53=0,IF(N54<0,ABS(N54),0),0)) -> 0.24 | Q54: =IF(N53=0,1-ABS(N54),0) -> 0.76 | R54: =IF(N53=0,IF(N54>0,ABS(N54),0),IF(N54=1,1-ABS(N54),0)) -> 0 | S54: =IF(N53=1,ABS(N54),IF(N53=2,1-ABS(N54),0)) -> 0 | V54: =IF(U53>0,MOD(U53,1),MOD(U53,-1)) -> -0.14214286 | W54: =IF(V53<0,100%,IF(V54<0,ABS(V54),0)) -> 1 | X54: =IF(V53=0,1-ABS(V54),0) -> 0 | Y54: =IF(V53>0,100%,IF(V54>0,V54,0)) -> 0
D55: =D54 -> 46366.083 | E55: 月初 | H55: =TEXT(D55,"dd")-1 -> 9 | I55: =H55/(H55+H53) -> 0.29032258 | J55: =IF(G54,J56,J54) -> 96.835 | K55: =100-J55 -> 3.165
C56: =TEXT(D56,"YYMM")&"EE" -> 2611EE | D56: =D57 -> 46327.083 | E56: 月末 | H56: =DAY(EOMONTH(D56,0))-H58 -> 30 | I56: =H56/(H58+H56) -> 1 | J56: =IF(G57,IF(G54,IF(I58=0,J57,(J57-I58*J59)/I56),J55),J57) -> 96.835 | K56: =100-J56 -> 3.165 | L56: =K56-K58 -> 0 | M56: =L56/25*100 -> 0 | N56: =TRUNC(M56,0)/1 -> 0 | T56: =K56-$K$88 -> -0.47553571 | U56: =T56/25*100 -> -1.9021429 | V56: =TRUNC(U56,0)/1 -> -1
C57: =TEXT(D57,"YYMM")&"E" -> 2611E | D57: =日历计算!G13 -> 46327.083 | E57: 平均 | F57: =IF(日历计算!H13<>0,日历计算!G13,"当月无会议"&"("&TEXT(日历计算!G13,"M")&"月)") -> 当月无会议(11月) | G57: =IF(LEFT(F57,1)="当",FALSE,TRUE) -> FALSE | J57: =VLOOKUP(C57,FF期货结算价!D:Z,$B$3,0) -> 96.835 | K57: =100-J57 -> 3.165 | N57: =IF(M56>0,MOD(M56,1),MOD(M56,-1)) -> 0 | O57: =IF(N56=-2,1-ABS(N57),IF(N56=-1,ABS(N57),0)) -> 0 | P57: =IF(N56=-1,1-ABS(N57),IF(N56=0,IF(N57<0,ABS(N57),0),0)) -> 0 | Q57: =IF(N56=0,1-ABS(N57),0) -> 1 | R57: =IF(N56=0,IF(N57>0,ABS(N57),0),IF(N57=1,1-ABS(N57),0)) -> 0 | S57: =IF(N56=1,ABS(N57),IF(N56=2,1-ABS(N57),0)) -> 0 | V57: =IF(U56>0,MOD(U56,1),MOD(U56,-1)) -> -0.90214286 | W57: =IF(V56<0,100%,IF(V57<0,ABS(V57),0)) -> 1 | X57: =IF(V56=0,1-ABS(V57),0) -> 0 | Y57: =IF(V56>0,100%,IF(V57>0,V57,0)) -> 0
D58: =D57 -> 46327.083 | E58: 月初 | H58: =TEXT(D58,"dd")-1 -> 0 | I58: =H58/(H58+H56) -> 0 | J58: =IF(G57,IF(G54,J59,IF(G60,IF(I58=0,J57,(J57-J56*I56)/I58),J59)),J57) -> 96.835 | K58: =100-J58 -> 3.165
C59: =TEXT(D59,"YYMM")&"EE" -> 2610EE | D59: =D60 -> 46324.083 | E59: 月末 | H59: =DAY(EOMONTH(D59,0))-H61 -> 3 | I59: =H59/(H61+H59) -> 0.096774194 | J59: =IF(G60,IF(G57,IF(G63,J58,IF(I61=0,J60,(J60-J61*I61)/I59)),J58),J60) -> 96.835 | K59: =100-J59 -> 3.165 | L59: =K59-K61 -> -0.055357143 | M59: =L59/25*100 -> -0.22142857 | N59: =TRUNC(M59,0)/1 -> 0 | T59: =K59-$K$88 -> -0.47553571 | U59: =T59/25*100 -> -1.9021429 | V59: =TRUNC(U59,0)/1 -> -1
C60: =TEXT(D60,"YYMM")&"E" -> 2610E | D60: =日历计算!G12 -> 46324.083 | E60: 平均 | F60: =IF(日历计算!H12<>0,日历计算!G12,"当月无会议"&"("&TEXT(日历计算!G12,"M")&"月)") -> 46324.083 | G60: =IF(LEFT(F60,1)="当",FALSE,TRUE) -> TRUE | J60: =VLOOKUP(C60,FF期货结算价!D:Z,$B$3,0) -> 96.785 | K60: =100-J60 -> 3.215 | N60: =IF(M59>0,MOD(M59,1),MOD(M59,-1)) -> -0.22142857 | O60: =IF(N59=-2,1-ABS(N60),IF(N59=-1,ABS(N60),0)) -> 0 | P60: =IF(N59=-1,1-ABS(N60),IF(N59=0,IF(N60<0,ABS(N60),0),0)) -> 0.22142857 | Q60: =IF(N59=0,1-ABS(N60),0) -> 0.77857143 | R60: =IF(N59=0,IF(N60>0,ABS(N60),0),IF(N60=1,1-ABS(N60),0)) -> 0 | S60: =IF(N59=1,ABS(N60),IF(N59=2,1-ABS(N60),0)) -> 0 | V60: =IF(U59>0,MOD(U59,1),MOD(U59,-1)) -> -0.90214286 | W60: =IF(V59<0,100%,IF(V60<0,ABS(V60),0)) -> 1 | X60: =IF(V59=0,1-ABS(V60),0) -> 0 | Y60: =IF(V59>0,100%,IF(V60>0,V60,0)) -> 0
D61: =D60 -> 46324.083 | E61: 月初 | H61: =TEXT(D61,"dd")-1 -> 28 | I61: =H61/(H61+H59) -> 0.90322581 | J61: =IF(G60,IF(G57,IF(G63,IF(I61=0,J60,(J60-I59*J59)/I61),J62),IF(I61=0,J60,(J60-I59*J59)/I61)),J60) -> 96.779643 | K61: =100-J61 -> 3.2203571
C62: =TEXT(D62,"YYMM")&"EE" -> 2609EE | D62: =D63 -> 46282.083 | E62: 月末 | H62: =DAY(EOMONTH(D62,0))-H64 -> 14 | I62: =H62/(H64+H62) -> 0.46666667 | J62: =IF(G63,IF(G60,IF(G66,J61,IF(I64=0,J63,(J63-J64*I64)/I62)),J61),J63) -> 96.776429 | K62: =100-J62 -> 3.2235714 | L62: =K62-K64 -> -0.096428571 | M62: =L62/25*100 -> -0.38571429 | N62: =TRUNC(M62,0)/1 -> 0 | T62: =K62-$K$88 -> -0.41696429 | U62: =T62/25*100 -> -1.6678571 | V62: =TRUNC(U62,0)/1 -> -1
C63: =TEXT(D63,"YYMM")&"E" -> 2609E | D63: =日历计算!G11 -> 46282.083 | E63: 平均 | F63: =IF(日历计算!H11<>0,日历计算!G11,"当月无会议"&"("&TEXT(日历计算!G11,"M")&"月)") -> 46282.083 | G63: =IF(LEFT(F63,1)="当",FALSE,TRUE) -> TRUE | J63: =VLOOKUP(C63,FF期货结算价!D:Z,$B$3,0) -> 96.725 | K63: =100-J63 -> 3.275 | N63: =IF(M62>0,MOD(M62,1),MOD(M62,-1)) -> -0.38571429 | O63: =IF(N62=-2,1-ABS(N63),IF(N62=-1,ABS(N63),0)) -> 0 | P63: =IF(N62=-1,1-ABS(N63),IF(N62=0,IF(N63<0,ABS(N63),0),0)) -> 0.38571429 | Q63: =IF(N62=0,1-ABS(N63),0) -> 0.61428571 | R63: =IF(N62=0,IF(N63>0,ABS(N63),0),IF(N63=1,1-ABS(N63),0)) -> 0 | S63: =IF(N62=1,ABS(N63),IF(N62=2,1-ABS(N63),0)) -> 0 | V63: =IF(U62>0,MOD(U62,1),MOD(U62,-1)) -> -0.66785714 | W63: =IF(V62<0,100%,IF(V63<0,ABS(V63),0)) -> 1 | X63: =IF(V62=0,1-ABS(V63),0) -> 0 | Y63: =IF(V62>0,100%,IF(V63>0,V63,0)) -> 0
D64: =D63 -> 46282.083 | E64: 月初 | H64: =TEXT(D64,"dd")-1 -> 16 | I64: =H64/(H64+H62) -> 0.53333333 | J64: =IF(G63,IF(G60,IF(G66,IF(I64=0,J63,(J63-I62*J62)/I64),J65),IF(I64=0,J63,(J63-I62*J62)/I64)),J63) -> 96.68 | K64: =100-J64 -> 3.32
C65: =TEXT(D65,"YYMM")&"EE" -> 2608EE | D65: =D66 -> 46235.083 | E65: 月末 | H65: =DAY(EOMONTH(D65,0))-H67 -> 31 | I65: =H65/(H67+H65) -> 1 | J65: =IF(G66,IF(G63,IF(G69,J64,IF(I67=0,J66,(J66-J67*I67)/I65)),J64),J66) -> 96.68 | K65: =100-J65 -> 3.32 | L65: =K65-K67 -> 0 | M65: =L65/25*100 -> 0 | N65: =TRUNC(M65,0)/1 -> 0 | T65: =K65-$K$88 -> -0.32053571 | U65: =T65/25*100 -> -1.2821429 | V65: =TRUNC(U65,0)/1 -> -1
C66: =TEXT(D66,"YYMM")&"E" -> 2608E | D66: =日历计算!G10 -> 46235.083 | E66: 平均 | F66: =IF(日历计算!H10<>0,日历计算!G10,"当月无会议"&"("&TEXT(日历计算!G10,"M")&"月)") -> 当月无会议(8月) | G66: =IF(LEFT(F66,1)="当",FALSE,TRUE) -> FALSE | J66: =VLOOKUP(C66,FF期货结算价!D:Z,$B$3,0) -> 96.68 | K66: =100-J66 -> 3.32 | N66: =IF(M65>0,MOD(M65,1),MOD(M65,-1)) -> 0 | O66: =IF(N65=-2,1-ABS(N66),IF(N65=-1,ABS(N66),0)) -> 0 | P66: =IF(N65=-1,1-ABS(N66),IF(N65=0,IF(N66<0,ABS(N66),0),0)) -> 0 | Q66: =IF(N65=0,1-ABS(N66),0) -> 1 | R66: =IF(N65=0,IF(N66>0,ABS(N66),0),IF(N66=1,1-ABS(N66),0)) -> 0 | S66: =IF(N65=1,ABS(N66),IF(N65=2,1-ABS(N66),0)) -> 0 | V66: =IF(U65>0,MOD(U65,1),MOD(U65,-1)) -> -0.28214286 | W66: =IF(V65<0,100%,IF(V66<0,ABS(V66),0)) -> 1 | X66: =IF(V65=0,1-ABS(V66),0) -> 0 | Y66: =IF(V65>0,100%,IF(V66>0,V66,0)) -> 0
D67: =D66 -> 46235.083 | E67: 月初 | H67: =TEXT(D67,"dd")-1 -> 0 | I67: =H67/(H67+H65) -> 0 | J67: =IF(G66,IF(G63,IF(G69,IF(I67=0,J66,(J66-I65*J65)/I67),J68),IF(I67=0,J66,(J66-I65*J65)/I67)),J66) -> 96.68 | K67: =100-J67 -> 3.32
C68: =TEXT(D68,"YYMM")&"EE" -> 2607EE | D68: =D69 -> 46233.083 | E68: 月末 | H68: =DAY(EOMONTH(D68,0))-H70 -> 2 | I68: =H68/(H70+H68) -> 0.064516129 | J68: =IF(G69,IF(G66,IF(G72,J67,IF(I70=0,J69,(J69-J70*I70)/I68)),J67),J69) -> 96.68 | K68: =100-J68 -> 3.32 | L68: =K68-K70 -> -0.080172414 | M68: =L68/25*100 -> -0.32068966 | N68: =TRUNC(M68,0)/1 -> 0 | T68: =K68-$K$88 -> -0.32053571 | U68: =T68/25*100 -> -1.2821429 | V68: =TRUNC(U68,0)/1 -> -1
C69: =TEXT(D69,"YYMM")&"E" -> 2607E | D69: =日历计算!G9 -> 46233.083 | E69: 平均 | F69: =IF(日历计算!H9<>0,日历计算!G9,"当月无会议"&"("&TEXT(日历计算!G9,"M")&"月)") -> 46233.083 | G69: =IF(LEFT(F69,1)="当",FALSE,TRUE) -> TRUE | J69: =VLOOKUP(C69,FF期货结算价!D:Z,$B$3,0) -> 96.605 | K69: =100-J69 -> 3.395 | N69: =IF(M68>0,MOD(M68,1),MOD(M68,-1)) -> -0.32068966 | O69: =IF(N68=-2,1-ABS(N69),IF(N68=-1,ABS(N69),0)) -> 0 | P69: =IF(N68=-1,1-ABS(N69),IF(N68=0,IF(N69<0,ABS(N69),0),0)) -> 0.32068966 | Q69: =IF(N68=0,1-ABS(N69),0) -> 0.67931034 | R69: =IF(N68=0,IF(N69>0,ABS(N69),0),IF(N69=1,1-ABS(N69),0)) -> 0 | S69: =IF(N68=1,ABS(N69),IF(N68=2,1-ABS(N69),0)) -> 0 | V69: =IF(U68>0,MOD(U68,1),MOD(U68,-1)) -> -0.28214286 | W69: =IF(V68<0,100%,IF(V69<0,ABS(V69),0)) -> 1 | X69: =IF(V68=0,1-ABS(V69),0) -> 0 | Y69: =IF(V68>0,100%,IF(V69>0,V69,0)) -> 0
D70: =D69 -> 46233.083 | E70: 月初 | H70: =TEXT(D70,"dd")-1 -> 29 | I70: =H70/(H70+H68) -> 0.93548387 | J70: =IF(G69,IF(G66,IF(G72,IF(I70=0,J69,(J69-I68*J68)/I70),J71),IF(I70=0,J69,(J69-I68*J68)/I70)),J69) -> 96.599828 | K70: =100-J70 -> 3.4001724
C71: =TEXT(D71,"YYMM")&"EE" -> 2606EE | D71: =D72 -> 46191.083 | E71: 月末 | H71: =DAY(EOMONTH(D71,0))-H73 -> 13 | I71: =H71/(H73+H71) -> 0.43333333 | J71: =IF(G72,IF(G69,IF(G75,J70,IF(I73=0,J72,(J72-J73*I73)/I71)),J70),J72) -> 96.596923 | K71: =100-J71 -> 3.4030769 | L71: =K71-K73 -> -0.12692308 | M71: =L71/25*100 -> -0.50769231 | N71: =TRUNC(M71,0)/1 -> 0 | T71: =K71-$K$88 -> -0.23745879 | U71: =T71/25*100 -> -0.94983516 | V71: =TRUNC(U71,0)/1 -> 0
C72: =TEXT(D72,"YYMM")&"E" -> 2606E | D72: =日历计算!G8 -> 46191.083 | E72: 平均 | F72: =IF(日历计算!H8<>0,日历计算!G8,"当月无会议"&"("&TEXT(日历计算!G8,"M")&"月)") -> 46191.083 | G72: =IF(LEFT(F72,1)="当",FALSE,TRUE) -> TRUE | J72: =VLOOKUP(C72,FF期货结算价!D:Z,$B$3,0) -> 96.525 | K72: =100-J72 -> 3.475 | N72: =IF(M71>0,MOD(M71,1),MOD(M71,-1)) -> -0.50769231 | O72: =IF(N71=-2,1-ABS(N72),IF(N71=-1,ABS(N72),0)) -> 0 | P72: =IF(N71=-1,1-ABS(N72),IF(N71=0,IF(N72<0,ABS(N72),0),0)) -> 0.50769231 | Q72: =IF(N71=0,1-ABS(N72),0) -> 0.49230769 | R72: =IF(N71=0,IF(N72>0,ABS(N72),0),IF(N72=1,1-ABS(N72),0)) -> 0 | S72: =IF(N71=1,ABS(N72),IF(N71=2,1-ABS(N72),0)) -> 0 | V72: =IF(U71>0,MOD(U71,1),MOD(U71,-1)) -> -0.94983516 | W72: =IF(V71<0,100%,IF(V72<0,ABS(V72),0)) -> 0.94983516 | X72: =IF(V71=0,1-ABS(V72),0) -> 0.050164835 | Y72: =IF(V71>0,100%,IF(V72>0,V72,0)) -> 0
D73: =D72 -> 46191.083 | E73: 月初 | H73: =TEXT(D73,"dd")-1 -> 17 | I73: =H73/(H73+H71) -> 0.56666667 | J73: =IF(G72,IF(G69,IF(G75,IF(I73=0,J72,(J72-I71*J71)/I73),J74),IF(I73=0,J72,(J72-I71*J71)/I73)),J72) -> 96.47 | K73: =100-J73 -> 3.53
C74: =TEXT(D74,"YYMM")&"EE" -> 2605EE | D74: =D75 -> 46143.083 | E74: 月末 | H74: =DAY(EOMONTH(D74,0))-H76 -> 31 | I74: =H74/(H76+H74) -> 1 | J74: =IF(G75,IF(G72,IF(G78,J73,IF(I76=0,J75,(J75-J76*I76)/I74)),J73),J75) -> 96.47 | K74: =100-J74 -> 3.53 | L74: =K74-K76 -> 0 | M74: =L74/25*100 -> 0 | N74: =TRUNC(M74,0)/1 -> 0 | T74: =K74-$K$88 -> -0.11053571 | U74: =T74/25*100 -> -0.44214286 | V74: =TRUNC(U74,0)/1 -> 0
C75: =TEXT(D75,"YYMM")&"E" -> 2605E | D75: =日历计算!G7 -> 46143.083 | E75: 平均 | F75: =IF(日历计算!H7<>0,日历计算!G7,"当月无会议"&"("&TEXT(日历计算!G7,"M")&"月)") -> 当月无会议(5月) | G75: =IF(LEFT(F75,1)="当",FALSE,TRUE) -> FALSE | J75: =VLOOKUP(C75,FF期货结算价!D:Z,$B$3,0) -> 96.47 | K75: =100-J75 -> 3.53 | N75: =IF(M74>0,MOD(M74,1),MOD(M74,-1)) -> 0 | O75: =IF(N74=-2,1-ABS(N75),IF(N74=-1,ABS(N75),0)) -> 0 | P75: =IF(N74=-1,1-ABS(N75),IF(N74=0,IF(N75<0,ABS(N75),0),0)) -> 0 | Q75: =IF(N74=0,1-ABS(N75),0) -> 1 | R75: =IF(N74=0,IF(N75>0,ABS(N75),0),IF(N75=1,1-ABS(N75),0)) -> 0 | S75: =IF(N74=1,ABS(N75),IF(N74=2,1-ABS(N75),0)) -> 0 | V75: =IF(U74>0,MOD(U74,1),MOD(U74,-1)) -> -0.44214286 | W75: =IF(V74<0,100%,IF(V75<0,ABS(V75),0)) -> 0.44214286 | X75: =IF(V74=0,1-ABS(V75),0) -> 0.55785714 | Y75: =IF(V74>0,100%,IF(V75>0,V75,0)) -> 0
D76: =D75 -> 46143.083 | E76: 月初 | H76: =TEXT(D76,"dd")-1 -> 0 | I76: =H76/(H76+H74) -> 0 | J76: =IF(G75,IF(G72,IF(G78,IF(I76=0,J75,(J75-I74*J74)/I76),J77),IF(I76=0,J75,(J75-I74*J74)/I76)),J75) -> 96.47 | K76: =100-J76 -> 3.53
C77: =TEXT(D77,"YYMM")&"EE" -> 2604EE | D77: =D78 -> 46142.083 | E77: 月末 | H77: =DAY(EOMONTH(D77,0))-H79 -> 1 | I77: =H77/(H79+H77) -> 0.033333333 | J77: =IF(G78,IF(G75,IF(G81,J76,IF(I79=0,J78,(J78-J79*I79)/I77)),J76),J78) -> 96.47 | K77: =100-J77 -> 3.53 | L77: =K77-K79 -> -0.04137931 | M77: =L77/25*100 -> -0.16551724 | N77: =TRUNC(M77,0)/1 -> 0 | T77: =K77-$K$88 -> -0.11053571 | U77: =T77/25*100 -> -0.44214286 | V77: =TRUNC(U77,0)/1 -> 0
C78: =TEXT(D78,"YYMM")&"E" -> 2604E | D78: =日历计算!G6 -> 46142.083 | E78: 平均 | F78: =IF(日历计算!H6<>0,日历计算!G6,"当月无会议"&"("&TEXT(日历计算!G6,"M")&"月)") -> 46142.083 | G78: =IF(LEFT(F78,1)="当",FALSE,TRUE) -> TRUE | J78: =VLOOKUP(C78,FF期货结算价!D:Z,$B$3,0) -> 96.43 | K78: =100-J78 -> 3.57 | N78: =IF(M77>0,MOD(M77,1),MOD(M77,-1)) -> -0.16551724 | O78: =IF(N77=-2,1-ABS(N78),IF(N77=-1,ABS(N78),0)) -> 0 | P78: =IF(N77=-1,1-ABS(N78),IF(N77=0,IF(N78<0,ABS(N78),0),0)) -> 0.16551724 | Q78: =IF(N77=0,1-ABS(N78),0) -> 0.83448276 | R78: =IF(N77=0,IF(N78>0,ABS(N78),0),IF(N78=1,1-ABS(N78),0)) -> 0 | S78: =IF(N77=1,ABS(N78),IF(N77=2,1-ABS(N78),0)) -> 0 | V78: =IF(U77>0,MOD(U77,1),MOD(U77,-1)) -> -0.44214286 | W78: =IF(V77<0,100%,IF(V78<0,ABS(V78),0)) -> 0.44214286 | X78: =IF(V77=0,1-ABS(V78),0) -> 0.55785714 | Y78: =IF(V77>0,100%,IF(V78>0,V78,0)) -> 0
D79: =D78 -> 46142.083 | E79: 月初 | H79: =TEXT(D79,"dd")-1 -> 29 | I79: =H79/(H79+H77) -> 0.96666667 | J79: =IF(G78,IF(G75,IF(G81,IF(I79=0,J78,(J78-I77*J77)/I79),J80),IF(I79=0,J78,(J78-I77*J77)/I79)),J78) -> 96.428621 | K79: =100-J79 -> 3.5713793
C80: =TEXT(D80,"YYMM")&"EE" -> 2603EE | D80: =D81 -> 46100.083 | E80: 月末 | H80: =DAY(EOMONTH(D80,0))-H82 -> 13 | I80: =H80/(H82+H80) -> 0.41935484 | J80: =IF(G81,IF(G78,IF(G84,J79,IF(I82=0,J81,(J81-J82*I82)/I80)),J79),J81) -> 96.424615 | K80: =100-J80 -> 3.5753846 | L80: =K80-K82 -> -0.059615385 | M80: =L80/25*100 -> -0.23846154 | N80: =TRUNC(M80,0)/1 -> 0 | T80: =K80-$K$88 -> -0.065151099 | U80: =T80/25*100 -> -0.2606044 | V80: =TRUNC(U80,0)/1 -> 0
C81: =TEXT(D81,"YYMM")&"E" -> 2603E | D81: =日历计算!G5 -> 46100.083 | E81: 平均 | F81: =IF(日历计算!H5<>0,日历计算!G5,"当月无会议"&"("&TEXT(日历计算!G5,"M")&"月)") -> 46100.083 | G81: =IF(LEFT(F81,1)="当",FALSE,TRUE) -> TRUE | J81: =VLOOKUP(C81,FF期货结算价!D:Z,$B$3,0) -> 96.39 | K81: =100-J81 -> 3.61 | N81: =IF(M80>0,MOD(M80,1),MOD(M80,-1)) -> -0.23846154 | O81: =IF(N80=-2,1-ABS(N81),IF(N80=-1,ABS(N81),0)) -> 0 | P81: =IF(N80=-1,1-ABS(N81),IF(N80=0,IF(N81<0,ABS(N81),0),0)) -> 0.23846154 | Q81: =IF(N80=0,1-ABS(N81),0) -> 0.76153846 | R81: =IF(N80=0,IF(N81>0,ABS(N81),0),IF(N81=1,1-ABS(N81),0)) -> 0 | S81: =IF(N80=1,ABS(N81),IF(N80=2,1-ABS(N81),0)) -> 0 | V81: =IF(U80>0,MOD(U80,1),MOD(U80,-1)) -> -0.2606044 | W81: =IF(V80<0,100%,IF(V81<0,ABS(V81),0)) -> 0.2606044 | X81: =IF(V80=0,1-ABS(V81),0) -> 0.7393956 | Y81: =IF(V80>0,100%,IF(V81>0,V81,0)) -> 0
D82: =D81 -> 46100.083 | E82: 月初 | H82: =TEXT(D82,"dd")-1 -> 18 | I82: =H82/(H82+H80) -> 0.58064516 | J82: =IF(G81,IF(G78,IF(G84,IF(I82=0,J81,(J81-I80*J80)/I82),J83),IF(I82=0,J81,(J81-I80*J80)/I82)),J81) -> 96.365 | K82: =100-J82 -> 3.635
C83: =TEXT(D83,"YYMM")&"EE" -> 2602EE | D83: =D84 -> 46054.083 | E83: 月末 | H83: =DAY(EOMONTH(D83,0))-H85 -> 28 | I83: =H83/(H85+H83) -> 1 | J83: =IF(G84,IF(G81,IF(G87,J82,IF(I85=0,J84,(J84-J85*I85)/I83)),J82),J84) -> 96.365 | K83: =100-J83 -> 3.635 | L83: =K83-K85 -> 0 | M83: =L83/25*100 -> 0 | N83: =TRUNC(M83,0)/1 -> 0 | T83: =K83-$K$88 -> -0.0055357143 | U83: =T83/25*100 -> -0.022142857 | V83: =TRUNC(U83,0)/1 -> 0
C84: =TEXT(D84,"YYMM")&"E" -> 2602E | D84: =日历计算!G4 -> 46054.083 | E84: 平均 | F84: =IF(日历计算!H4<>0,日历计算!G4,"当月无会议"&"("&TEXT(日历计算!G4,"M")&"月)") -> 当月无会议(2月) | G84: =IF(LEFT(F84,1)="当",FALSE,TRUE) -> FALSE | J84: =VLOOKUP(C84,FF期货结算价!D:Z,$B$3,0) -> 96.365 | K84: =100-J84 -> 3.635 | N84: =IF(M83>0,MOD(M83,1),MOD(M83,-1)) -> 0 | O84: =IF(N83=-2,1-ABS(N84),IF(N83=-1,ABS(N84),0)) -> 0 | P84: =IF(N83=-1,1-ABS(N84),IF(N83=0,IF(N84<0,ABS(N84),0),0)) -> 0 | Q84: =IF(N83=0,1-ABS(N84),0) -> 1 | R84: =IF(N83=0,IF(N84>0,ABS(N84),0),IF(N84=1,1-ABS(N84),0)) -> 0 | S84: =IF(N83=1,ABS(N84),IF(N83=2,1-ABS(N84),0)) -> 0 | V84: =IF(U83>0,MOD(U83,1),MOD(U83,-1)) -> -0.022142857 | W84: =IF(V83<0,100%,IF(V84<0,ABS(V84),0)) -> 0.022142857 | X84: =IF(V83=0,1-ABS(V84),0) -> 0.97785714 | Y84: =IF(V83>0,100%,IF(V84>0,V84,0)) -> 0
D85: =D84 -> 46054.083 | E85: 月初 | H85: =TEXT(D85,"dd")-1 -> 0 | I85: =H85/(H85+H83) -> 0 | J85: =IF(G84,IF(G81,IF(G87,IF(I85=0,J84,(J84-I83*J83)/I85),J86),IF(I85=0,J84,(J84-I83*J83)/I85)),J84) -> 96.365 | K85: =100-J85 -> 3.635
C86: =TEXT(D86,"YYMM")&"EE" -> 2601EE | D86: =D87 -> 46051.083 | E86: 月末 | H86: =DAY(EOMONTH(D86,0))-H88 -> 3 | I86: =H86/(H88+H86) -> 0.096774194 | J86: =IF(G87,J85,J87) -> 96.365 | K86: =100-J86 -> 3.635 | L86: =K86-K88 -> -0.0055357143 | M86: =L86/25*100 -> -0.022142857 | N86: =TRUNC(M86,0)/1 -> 0 | T86: =K86-$K$88 -> -0.0055357143 | U86: =T86/25*100 -> -0.022142857 | V86: =TRUNC(U86,0)/1 -> 0
C87: =TEXT(D87,"YYMM")&"E" -> 2601E | D87: =日历计算!G3 -> 46051.083 | E87: 平均 | F87: =IF(日历计算!H3<>0,日历计算!G3,"当月无会议"&"("&TEXT(日历计算!G3,"M")&"月)") -> 46051.083 | G87: =IF(LEFT(F87,1)="当",FALSE,TRUE) -> TRUE | J87: =VLOOKUP(C87,FF期货结算价!D:Z,$B$3,0) -> 96.36 | K87: =100-J87 -> 3.64 | N87: =IF(M86>0,MOD(M86,1),MOD(M86,-1)) -> -0.022142857 | O87: =IF(N86=-2,1-ABS(N87),IF(N86=-1,ABS(N87),0)) -> 0 | P87: =IF(N86=-1,1-ABS(N87),IF(N86=0,IF(N87<0,ABS(N87),0),0)) -> 0.022142857 | Q87: =IF(N86=0,1-ABS(N87),0) -> 0.97785714 | R87: =IF(N86=0,IF(N87>0,ABS(N87),0),IF(N87=1,1-ABS(N87),0)) -> 0 | S87: =IF(N86=1,ABS(N87),IF(N86=2,1-ABS(N87),0)) -> 0 | V87: =IF(U86>0,MOD(U86,1),MOD(U86,-1)) -> -0.022142857 | W87: =IF(V86<0,100%,IF(V87<0,ABS(V87),0)) -> 0.022142857 | X87: =IF(V86=0,1-ABS(V87),0) -> 0.97785714 | Y87: =IF(V86>0,100%,IF(V87>0,V87,0)) -> 0
D88: =D87 -> 46051.083 | E88: 月初 | H88: =TEXT(D88,"dd")-1 -> 28 | I88: =H88/(H88+H86) -> 0.90322581 | J88: =IF(G87,IF(G84,IF(G90,IF(I88=0,J87,(J87-I86*J86)/I88),J89),IF(I88=0,J87,(J87-I86*J86)/I88)),J87) -> 96.359464 | K88: =100-J88 -> 3.6405357
C89: =TEXT(D89,"YYMM")&"EE" -> 连续日历月(含会议日)EE | D89: =D90 -> 连续日历月(含会议日) | E89: 月末 | H89: =DAY(EOMONTH(D89,0))-H91 -> #VALUE! | I89: =H89/(H91+H89) -> #VALUE! | J89: =IF(G90,J88,J90) -> #N/A | K89: =100-J89 -> #N/A | L89: =K89-K91 -> #N/A | M89: =L89/25*100 -> #N/A | N89: =TRUNC(M89,0)/1 -> #N/A | T89: =K89-$K$88 -> #N/A | U89: =T89/25*100 -> #N/A | V89: =TRUNC(U89,0)/1 -> #N/A
C90: =TEXT(D90,"YYMM")&"E" -> 连续日历月(含会议日)E | D90: =日历计算!G2 -> 连续日历月(含会议日) | E90: 平均 | F90: =IF(日历计算!H2<>0,日历计算!G2,"当月无会议"&"("&TEXT(日历计算!G2,"M")&"月)") -> 当月无会议(连续日历月(含会议日)月) | G90: =IF(LEFT(F90,1)="当",FALSE,TRUE) -> FALSE | J90: =VLOOKUP(C90,FF期货结算价!D:Z,$B$3,0) -> #N/A | K90: =100-J90 -> #N/A | N90: =IF(M89>0,MOD(M89,1),MOD(M89,-1)) -> #N/A | O90: =IF(N89=-2,1-ABS(N90),IF(N89=-1,ABS(N90),0)) -> #N/A | P90: =IF(N89=-1,1-ABS(N90),IF(N89=0,IF(N90<0,ABS(N90),0),0)) -> #N/A | Q90: =IF(N89=0,1-ABS(N90),0) -> #N/A | R90: =IF(N89=0,IF(N90>0,ABS(N90),0),IF(N90=1,1-ABS(N90),0)) -> #N/A | S90: =IF(N89=1,ABS(N90),IF(N89=2,1-ABS(N90),0)) -> #N/A | V90: =IF(U89>0,MOD(U89,1),MOD(U89,-1)) -> #N/A | W90: =IF(V89<0,100%,IF(V90<0,ABS(V90),0)) -> #N/A | X90: =IF(V89=0,1-ABS(V90),0) -> #N/A | Y90: =IF(V89>0,100%,IF(V90>0,V90,0)) -> #N/A
D91: =D90 -> 连续日历月(含会议日) | E91: 月初 | H91: =TEXT(D91,"dd")-1 -> #VALUE! | I91: =H91/(H91+H89) -> #VALUE! | J91: =J90 -> #N/A | K91: =100-J91 -> #N/A

Sheet 加息降息概率计算-3P
G1: 美联储议息会议加息降息概率计算 | X1: 最近更新： | Y1: =TODAY() -> 46037
B3: 5 | O3: 加息/降息概率 | W3: 累计加息/降息概率
C4: 检索代码 | F4: 会议日期 | H4: 距离月初/月末天数 | I4: 距离月初/月末天数% | J4: 价格 | K4: 隐含利率 | L4: 月度价差 | M4: 25bp变动次数 | N4: 达成加减息次数&余数 | O4: -50bps | P4: -25bps | Q4: 0bps | R4: +25bps | S4: +50bps | T4: 和当前月度价差 | U4: 25bp变动次数 | V4: 达成加减息次数&余数 | W4: 降息 | X4: 保持不变 | Y4: 加息
C5: =TEXT(D5,"YYMM")&"EE" -> 2804EE | D5: =D6 -> 46844.083 | E5: 月末 | H5: =DAY(EOMONTH(D5,0))-H7 -> 30 | I5: =H5/(H7+H5) -> 1 | J5: =IF(G6,IF(I7=0,J6,(J6-I7*J7)/I5),J6) -> 96.825 | K5: =100-J5 -> 3.175 | L5: =K5-K7 -> 0 | M5: =L5/25*100 -> 0 | N5: =TRUNC(M5,0)/1 -> 0 | T5: =K5-$K$88 -> -0.46607143 | U5: =T5/25*100 -> -1.8642857 | V5: =TRUNC(U5,0)/1 -> -1
C6: =TEXT(D6,"YYMM")&"E" -> 2804E | D6: =日历计算!G30 -> 46844.083 | E6: 平均 | F6: =IF(日历计算!H30<>0,日历计算!G30,"当月无会议"&"("&TEXT(日历计算!G30,"M")&"月)") -> 当月无会议(4月) | G6: =IF(LEFT(F6,1)="当",FALSE,TRUE) -> FALSE | J6: =VLOOKUP(C6,FF期货结算价!D:Z,$B$3,0) -> 96.825 | K6: =100-J6 -> 3.175 | N6: =IF(M5>0,MOD(M5,1),MOD(M5,-1)) -> 0 | O6: =IF(N5=-2,1-ABS(N6),IF(N5=-1,ABS(N6),0)) -> 0 | P6: =IF(N5=-1,1-ABS(N6),IF(N5=0,IF(N6<0,ABS(N6),0),0)) -> 0 | Q6: =IF(N5=0,1-ABS(N6),0) -> 1 | R6: =IF(N5=0,IF(N6>0,ABS(N6),0),IF(N6=1,1-ABS(N6),0)) -> 0 | S6: =IF(N5=1,ABS(N6),IF(N5=2,1-ABS(N6),0)) -> 0 | V6: =IF(U5>0,MOD(U5,1),MOD(U5,-1)) -> -0.86428571 | W6: =IF(V5<0,100%,IF(V6<0,ABS(V6),0)) -> 1 | X6: =IF(V5=0,1-ABS(V6),0) -> 0 | Y6: =IF(V5>0,100%,IF(V6>0,V6,0)) -> 0
D7: =D6 -> 46844.083 | E7: 月初 | H7: =TEXT(D7,"dd")-1 -> 0 | I7: =H7/(H7+H5) -> 0 | J7: =IF(G6,J8,J6) -> 96.825 | K7: =100-J7 -> 3.175
C8: =TEXT(D8,"YYMM")&"EE" -> 2803EE | D8: =D9 -> 46813.083 | E8: 月末 | H8: =DAY(EOMONTH(D8,0))-H10 -> 31 | I8: =H8/(H10+H8) -> 1 | J8: =IF(G9,IF(G6,IF(I10=0,J9,(J9-I10*J11)/I8),J7),J9) -> 96.865 | K8: =100-J8 -> 3.135 | L8: =K8-K10 -> 0 | M8: =L8/25*100 -> 0 | N8: =TRUNC(M8,0)/1 -> 0 | T8: =K8-$K$88 -> -0.50607143 | U8: =T8/25*100 -> -2.0242857 | V8: =TRUNC(U8,0)/1 -> -2
C9: =TEXT(D9,"YYMM")&"E" -> 2803E | D9: =日历计算!G29 -> 46813.083 | E9: 平均 | F9: =IF(日历计算!H29<>0,日历计算!G29,"当月无会议"&"("&TEXT(日历计算!G29,"M")&"月)") -> 当月无会议(3月) | G9: =IF(LEFT(F9,1)="当",FALSE,TRUE) -> FALSE | J9: =VLOOKUP(C9,FF期货结算价!D:Z,$B$3,0) -> 96.865 | K9: =100-J9 -> 3.135 | N9: =IF(M8>0,MOD(M8,1),MOD(M8,-1)) -> 0 | O9: =IF(N8=-2,1-ABS(N9),IF(N8=-1,ABS(N9),0)) -> 0 | P9: =IF(N8=-1,1-ABS(N9),IF(N8=0,IF(N9<0,ABS(N9),0),0)) -> 0 | Q9: =IF(N8=0,1-ABS(N9),0) -> 1 | R9: =IF(N8=0,IF(N9>0,ABS(N9),0),IF(N9=1,1-ABS(N9),0)) -> 0 | S9: =IF(N8=1,ABS(N9),IF(N8=2,1-ABS(N9),0)) -> 0 | V9: =IF(U8>0,MOD(U8,1),MOD(U8,-1)) -> -0.024285714 | W9: =IF(V8<0,100%,IF(V9<0,ABS(V9),0)) -> 1 | X9: =IF(V8=0,1-ABS(V9),0) -> 0 | Y9: =IF(V8>0,100%,IF(V9>0,V9,0)) -> 0
D10: =D9 -> 46813.083 | E10: 月初 | H10: =TEXT(D10,"dd")-1 -> 0 | I10: =H10/(H10+H8) -> 0 | J10: =IF(G9,J11,J9) -> 96.865 | K10: =100-J10 -> 3.135
C11: =TEXT(D11,"YYMM")&"EE" -> 2802EE | D11: =D12 -> 46784.083 | E11: 月末 | H11: =DAY(EOMONTH(D11,0))-H13 -> 29 | I11: =H11/(H13+H11) -> 1 | J11: =IF(G12,IF(G9,IF(I13=0,J12,(J12-I13*J14)/I11),J10),J12) -> 96.88 | K11: =100-J11 -> 3.12 | L11: =K11-K13 -> 0 | M11: =L11/25*100 -> 0 | N11: =TRUNC(M11,0)/1 -> 0 | T11: =K11-$K$88 -> -0.52107143 | U11: =T11/25*100 -> -2.0842857 | V11: =TRUNC(U11,0)/1 -> -2
C12: =TEXT(D12,"YYMM")&"E" -> 2802E | D12: =日历计算!G28 -> 46784.083 | E12: 平均 | F12: =IF(日历计算!H28<>0,日历计算!G28,"当月无会议"&"("&TEXT(日历计算!G28,"M")&"月)") -> 当月无会议(2月) | G12: =IF(LEFT(F12,1)="当",FALSE,TRUE) -> FALSE | J12: =VLOOKUP(C12,FF期货结算价!D:Z,$B$3,0) -> 96.88 | K12: =100-J12 -> 3.12 | N12: =IF(M11>0,MOD(M11,1),MOD(M11,-1)) -> 0 | O12: =IF(N11=-2,1-ABS(N12),IF(N11=-1,ABS(N12),0)) -> 0 | P12: =IF(N11=-1,1-ABS(N12),IF(N11=0,IF(N12<0,ABS(N12),0),0)) -> 0 | Q12: =IF(N11=0,1-ABS(N12),0) -> 1 | R12: =IF(N11=0,IF(N12>0,ABS(N12),0),IF(N12=1,1-ABS(N12),0)) -> 0 | S12: =IF(N11=1,ABS(N12),IF(N11=2,1-ABS(N12),0)) -> 0 | V12: =IF(U11>0,MOD(U11,1),MOD(U11,-1)) -> -0.084285714 | W12: =IF(V11<0,100%,IF(V12<0,ABS(V12),0)) -> 1 | X12: =IF(V11=0,1-ABS(V12),0) -> 0 | Y12: =IF(V11>0,100%,IF(V12>0,V12,0)) -> 0
D13: =D12 -> 46784.083 | E13: 月初 | H13: =TEXT(D13,"dd")-1 -> 0 | I13: =H13/(H13+H11) -> 0 | J13: =IF(G12,J14,J12) -> 96.88 | K13: =100-J13 -> 3.12
C14: =TEXT(D14,"YYMM")&"EE" -> 2801EE | D14: =D15 -> 46753.083 | E14: 月末 | H14: =DAY(EOMONTH(D14,0))-H16 -> 31 | I14: =H14/(H16+H14) -> 1 | J14: =IF(G15,IF(G12,IF(I16=0,J15,(J15-I16*J17)/I14),J13),J15) -> 96.895 | K14: =100-J14 -> 3.105 | L14: =K14-K16 -> 0 | M14: =L14/25*100 -> 0 | N14: =TRUNC(M14,0)/1 -> 0 | T14: =K14-$K$88 -> -0.53607143 | U14: =T14/25*100 -> -2.1442857 | V14: =TRUNC(U14,0)/1 -> -2
C15: =TEXT(D15,"YYMM")&"E" -> 2801E | D15: =日历计算!G27 -> 46753.083 | E15: 平均 | F15: =IF(日历计算!H27<>0,日历计算!G27,"当月无会议"&"("&TEXT(日历计算!G27,"M")&"月)") -> 当月无会议(1月) | G15: =IF(LEFT(F15,1)="当",FALSE,TRUE) -> FALSE | J15: =VLOOKUP(C15,FF期货结算价!D:Z,$B$3,0) -> 96.895 | K15: =100-J15 -> 3.105 | N15: =IF(M14>0,MOD(M14,1),MOD(M14,-1)) -> 0 | O15: =IF(N14=-2,1-ABS(N15),IF(N14=-1,ABS(N15),0)) -> 0 | P15: =IF(N14=-1,1-ABS(N15),IF(N14=0,IF(N15<0,ABS(N15),0),0)) -> 0 | Q15: =IF(N14=0,1-ABS(N15),0) -> 1 | R15: =IF(N14=0,IF(N15>0,ABS(N15),0),IF(N15=1,1-ABS(N15),0)) -> 0 | S15: =IF(N14=1,ABS(N15),IF(N14=2,1-ABS(N15),0)) -> 0 | V15: =IF(U14>0,MOD(U14,1),MOD(U14,-1)) -> -0.14428571 | W15: =IF(V14<0,100%,IF(V15<0,ABS(V15),0)) -> 1 | X15: =IF(V14=0,1-ABS(V15),0) -> 0 | Y15: =IF(V14>0,100%,IF(V15>0,V15,0)) -> 0
D16: =D15 -> 46753.083 | E16: 月初 | H16: =TEXT(D16,"dd")-1 -> 0 | I16: =H16/(H16+H14) -> 0 | J16: =IF(G15,J17,J15) -> 96.895 | K16: =100-J16 -> 3.105
C17: =TEXT(D17,"YYMM")&"EE" -> 2712EE | D17: =D18 -> 46722.083 | E17: 月末 | H17: =DAY(EOMONTH(D17,0))-H19 -> 31 | I17: =H17/(H19+H17) -> 1 | J17: =IF(G18,IF(G15,IF(I19=0,J18,(J18-I19*J20)/I17),J16),J18) -> 96.815 | K17: =100-J17 -> 3.185 | L17: =K17-K19 -> 0 | M17: =L17/25*100 -> 0 | N17: =TRUNC(M17,0)/1 -> 0 | T17: =K17-$K$88 -> -0.45607143 | U17: =T17/25*100 -> -1.8242857 | V17: =TRUNC(U17,0)/1 -> -1
C18: =TEXT(D18,"YYMM")&"E" -> 2712E | D18: =日历计算!G26 -> 46722.083 | E18: 平均 | F18: =IF(日历计算!H26<>0,日历计算!G26,"当月无会议"&"("&TEXT(日历计算!G26,"M")&"月)") -> 当月无会议(12月) | G18: =IF(LEFT(F18,1)="当",FALSE,TRUE) -> FALSE | J18: =VLOOKUP(C18,FF期货结算价!D:Z,$B$3,0) -> 96.815 | K18: =100-J18 -> 3.185 | N18: =IF(M17>0,MOD(M17,1),MOD(M17,-1)) -> 0 | O18: =IF(N17=-2,1-ABS(N18),IF(N17=-1,ABS(N18),0)) -> 0 | P18: =IF(N17=-1,1-ABS(N18),IF(N17=0,IF(N18<0,ABS(N18),0),0)) -> 0 | Q18: =IF(N17=0,1-ABS(N18),0) -> 1 | R18: =IF(N17=0,IF(N18>0,ABS(N18),0),IF(N18=1,1-ABS(N18),0)) -> 0 | S18: =IF(N17=1,ABS(N18),IF(N17=2,1-ABS(N18),0)) -> 0 | V18: =IF(U17>0,MOD(U17,1),MOD(U17,-1)) -> -0.82428571 | W18: =IF(V17<0,100%,IF(V18<0,ABS(V18),0)) -> 1 | X18: =IF(V17=0,1-ABS(V18),0) -> 0 | Y18: =IF(V17>0,100%,IF(V18>0,V18,0)) -> 0
D19: =D18 -> 46722.083 | E19: 月初 | H19: =TEXT(D19,"dd")-1 -> 0 | I19: =H19/(H19+H17) -> 0 | J19: =IF(G18,J20,J18) -> 96.815 | K19: =100-J19 -> 3.185
C20: =TEXT(D20,"YYMM")&"EE" -> 2711EE | D20: =D21 -> 46692.083 | E20: 月末 | H20: =DAY(EOMONTH(D20,0))-H22 -> 30 | I20: =H20/(H22+H20) -> 1 | J20: =IF(G21,IF(G18,IF(I22=0,J21,(J21-I22*J23)/I20),J19),J21) -> 96.83 | K20: =100-J20 -> 3.17 | L20: =K20-K22 -> 0 | M20: =L20/25*100 -> 0 | N20: =TRUNC(M20,0)/1 -> 0 | T20: =K20-$K$88 -> -0.47107143 | U20: =T20/25*100 -> -1.8842857 | V20: =TRUNC(U20,0)/1 -> -1
C21: =TEXT(D21,"YYMM")&"E" -> 2711E | D21: =日历计算!G25 -> 46692.083 | E21: 平均 | F21: =IF(日历计算!H25<>0,日历计算!G25,"当月无会议"&"("&TEXT(日历计算!G25,"M")&"月)") -> 当月无会议(11月) | G21: =IF(LEFT(F21,1)="当",FALSE,TRUE) -> FALSE | J21: =VLOOKUP(C21,FF期货结算价!D:Z,$B$3,0) -> 96.83 | K21: =100-J21 -> 3.17 | N21: =IF(M20>0,MOD(M20,1),MOD(M20,-1)) -> 0 | O21: =IF(N20=-2,1-ABS(N21),IF(N20=-1,ABS(N21),0)) -> 0 | P21: =IF(N20=-1,1-ABS(N21),IF(N20=0,IF(N21<0,ABS(N21),0),0)) -> 0 | Q21: =IF(N20=0,1-ABS(N21),0) -> 1 | R21: =IF(N20=0,IF(N21>0,ABS(N21),0),IF(N21=1,1-ABS(N21),0)) -> 0 | S21: =IF(N20=1,ABS(N21),IF(N20=2,1-ABS(N21),0)) -> 0 | V21: =IF(U20>0,MOD(U20,1),MOD(U20,-1)) -> -0.88428571 | W21: =IF(V20<0,100%,IF(V21<0,ABS(V21),0)) -> 1 | X21: =IF(V20=0,1-ABS(V21),0) -> 0 | Y21: =IF(V20>0,100%,IF(V21>0,V21,0)) -> 0
D22: =D21 -> 46692.083 | E22: 月初 | H22: =TEXT(D22,"dd")-1 -> 0 | I22: =H22/(H22+H20) -> 0 | J22: =IF(G21,J23,J21) -> 96.83 | K22: =100-J22 -> 3.17
C23: =TEXT(D23,"YYMM")&"EE" -> 2710EE | D23: =D24 -> 46661.083 | E23: 月末 | H23: =DAY(EOMONTH(D23,0))-H25 -> 31 | I23: =H23/(H25+H23) -> 1 | J23: =IF(G24,IF(G21,IF(I25=0,J24,(J24-I25*J26)/I23),J22),J24) -> 96.85 | K23: =100-J23 -> 3.15 | L23: =K23-K25 -> 0 | M23: =L23/25*100 -> 0 | N23: =TRUNC(M23,0)/1 -> 0 | T23: =K23-$K$88 -> -0.49107143 | U23: =T23/25*100 -> -1.9642857 | V23: =TRUNC(U23,0)/1 -> -1
C24: =TEXT(D24,"YYMM")&"E" -> 2710E | D24: =日历计算!G24 -> 46661.083 | E24: 平均 | F24: =IF(日历计算!H24<>0,日历计算!G24,"当月无会议"&"("&TEXT(日历计算!G24,"M")&"月)") -> 当月无会议(10月) | G24: =IF(LEFT(F24,1)="当",FALSE,TRUE) -> FALSE | J24: =VLOOKUP(C24,FF期货结算价!D:Z,$B$3,0) -> 96.85 | K24: =100-J24 -> 3.15 | N24: =IF(M23>0,MOD(M23,1),MOD(M23,-1)) -> 0 | O24: =IF(N23=-2,1-ABS(N24),IF(N23=-1,ABS(N24),0)) -> 0 | P24: =IF(N23=-1,1-ABS(N24),IF(N23=0,IF(N24<0,ABS(N24),0),0)) -> 0 | Q24: =IF(N23=0,1-ABS(N24),0) -> 1 | R24: =IF(N23=0,IF(N24>0,ABS(N24),0),IF(N24=1,1-ABS(N24),0)) -> 0 | S24: =IF(N23=1,ABS(N24),IF(N23=2,1-ABS(N24),0)) -> 0 | V24: =IF(U23>0,MOD(U23,1),MOD(U23,-1)) -> -0.96428571 | W24: =IF(V23<0,100%,IF(V24<0,ABS(V24),0)) -> 1 | X24: =IF(V23=0,1-ABS(V24),0) -> 0 | Y24: =IF(V23>0,100%,IF(V24>0,V24,0)) -> 0
D25: =D24 -> 46661.083 | E25: 月初 | H25: =TEXT(D25,"dd")-1 -> 0 | I25: =H25/(H25+H23) -> 0 | J25: =IF(G24,J26,J24) -> 96.85 | K25: =100-J25 -> 3.15
C26: =TEXT(D26,"YYMM")&"EE" -> 2709EE | D26: =D27 -> 46631.083 | E26: 月末 | H26: =DAY(EOMONTH(D26,0))-H28 -> 30 | I26: =H26/(H28+H26) -> 1 | J26: =IF(G27,IF(G24,IF(I28=0,J27,(J27-I28*J29)/I26),J25),J27) -> 96.855 | K26: =100-J26 -> 3.145 | L26: =K26-K28 -> 0 | M26: =L26/25*100 -> 0 | N26: =TRUNC(M26,0)/1 -> 0 | T26: =K26-$K$88 -> -0.49607143 | U26: =T26/25*100 -> -1.9842857 | V26: =TRUNC(U26,0)/1 -> -1
C27: =TEXT(D27,"YYMM")&"E" -> 2709E | D27: =日历计算!G23 -> 46631.083 | E27: 平均 | F27: =IF(日历计算!H23<>0,日历计算!G23,"当月无会议"&"("&TEXT(日历计算!G23,"M")&"月)") -> 当月无会议(9月) | G27: =IF(LEFT(F27,1)="当",FALSE,TRUE) -> FALSE | J27: =VLOOKUP(C27,FF期货结算价!D:Z,$B$3,0) -> 96.855 | K27: =100-J27 -> 3.145 | N27: =IF(M26>0,MOD(M26,1),MOD(M26,-1)) -> 0 | O27: =IF(N26=-2,1-ABS(N27),IF(N26=-1,ABS(N27),0)) -> 0 | P27: =IF(N26=-1,1-ABS(N27),IF(N26=0,IF(N27<0,ABS(N27),0),0)) -> 0 | Q27: =IF(N26=0,1-ABS(N27),0) -> 1 | R27: =IF(N26=0,IF(N27>0,ABS(N27),0),IF(N27=1,1-ABS(N27),0)) -> 0 | S27: =IF(N26=1,ABS(N27),IF(N26=2,1-ABS(N27),0)) -> 0 | V27: =IF(U26>0,MOD(U26,1),MOD(U26,-1)) -> -0.98428571 | W27: =IF(V26<0,100%,IF(V27<0,ABS(V27),0)) -> 1 | X27: =IF(V26=0,1-ABS(V27),0) -> 0 | Y27: =IF(V26>0,100%,IF(V27>0,V27,0)) -> 0
D28: =D27 -> 46631.083 | E28: 月初 | H28: =TEXT(D28,"dd")-1 -> 0 | I28: =H28/(H28+H26) -> 0 | J28: =IF(G27,J29,J27) -> 96.855 | K28: =100-J28 -> 3.145
C29: =TEXT(D29,"YYMM")&"EE" -> 2708EE | D29: =D30 -> 46600.083 | E29: 月末 | H29: =DAY(EOMONTH(D29,0))-H31 -> 31 | I29: =H29/(H31+H29) -> 1 | J29: =IF(G30,IF(G27,IF(I31=0,J30,(J30-I31*J32)/I29),J28),J30) -> 96.855 | K29: =100-J29 -> 3.145 | L29: =K29-K31 -> 0 | M29: =L29/25*100 -> 0 | N29: =TRUNC(M29,0)/1 -> 0 | T29: =K29-$K$88 -> -0.49607143 | U29: =T29/25*100 -> -1.9842857 | V29: =TRUNC(U29,0)/1 -> -1
C30: =TEXT(D30,"YYMM")&"E" -> 2708E | D30: =日历计算!G22 -> 46600.083 | E30: 平均 | F30: =IF(日历计算!H22<>0,日历计算!G22,"当月无会议"&"("&TEXT(日历计算!G22,"M")&"月)") -> 当月无会议(8月) | G30: =IF(LEFT(F30,1)="当",FALSE,TRUE) -> FALSE | J30: =VLOOKUP(C30,FF期货结算价!D:Z,$B$3,0) -> 96.855 | K30: =100-J30 -> 3.145 | N30: =IF(M29>0,MOD(M29,1),MOD(M29,-1)) -> 0 | O30: =IF(N29=-2,1-ABS(N30),IF(N29=-1,ABS(N30),0)) -> 0 | P30: =IF(N29=-1,1-ABS(N30),IF(N29=0,IF(N30<0,ABS(N30),0),0)) -> 0 | Q30: =IF(N29=0,1-ABS(N30),0) -> 1 | R30: =IF(N29=0,IF(N30>0,ABS(N30),0),IF(N30=1,1-ABS(N30),0)) -> 0 | S30: =IF(N29=1,ABS(N30),IF(N29=2,1-ABS(N30),0)) -> 0 | V30: =IF(U29>0,MOD(U29,1),MOD(U29,-1)) -> -0.98428571 | W30: =IF(V29<0,100%,IF(V30<0,ABS(V30),0)) -> 1 | X30: =IF(V29=0,1-ABS(V30),0) -> 0 | Y30: =IF(V29>0,100%,IF(V30>0,V30,0)) -> 0
D31: =D30 -> 46600.083 | E31: 月初 | H31: =TEXT(D31,"dd")-1 -> 0 | I31: =H31/(H31+H29) -> 0 | J31: =IF(G30,J32,J30) -> 96.855 | K31: =100-J31 -> 3.145
C32: =TEXT(D32,"YYMM")&"EE" -> 2707EE | D32: =D33 -> 46569.083 | E32: 月末 | H32: =DAY(EOMONTH(D32,0))-H34 -> 31 | I32: =H32/(H34+H32) -> 1 | J32: =IF(G33,IF(G30,IF(I34=0,J33,(J33-I34*J35)/I32),J31),J33) -> 96.865 | K32: =100-J32 -> 3.135 | L32: =K32-K34 -> 0 | M32: =L32/25*100 -> 0 | N32: =TRUNC(M32,0)/1 -> 0 | T32: =K32-$K$88 -> -0.50607143 | U32: =T32/25*100 -> -2.0242857 | V32: =TRUNC(U32,0)/1 -> -2
C33: =TEXT(D33,"YYMM")&"E" -> 2707E | D33: =日历计算!G21 -> 46569.083 | E33: 平均 | F33: =IF(日历计算!H21<>0,日历计算!G21,"当月无会议"&"("&TEXT(日历计算!G21,"M")&"月)") -> 当月无会议(7月) | G33: =IF(LEFT(F33,1)="当",FALSE,TRUE) -> FALSE | J33: =VLOOKUP(C33,FF期货结算价!D:Z,$B$3,0) -> 96.865 | K33: =100-J33 -> 3.135 | N33: =IF(M32>0,MOD(M32,1),MOD(M32,-1)) -> 0 | O33: =IF(N32=-2,1-ABS(N33),IF(N32=-1,ABS(N33),0)) -> 0 | P33: =IF(N32=-1,1-ABS(N33),IF(N32=0,IF(N33<0,ABS(N33),0),0)) -> 0 | Q33: =IF(N32=0,1-ABS(N33),0) -> 1 | R33: =IF(N32=0,IF(N33>0,ABS(N33),0),IF(N33=1,1-ABS(N33),0)) -> 0 | S33: =IF(N32=1,ABS(N33),IF(N32=2,1-ABS(N33),0)) -> 0 | V33: =IF(U32>0,MOD(U32,1),MOD(U32,-1)) -> -0.024285714 | W33: =IF(V32<0,100%,IF(V33<0,ABS(V33),0)) -> 1 | X33: =IF(V32=0,1-ABS(V33),0) -> 0 | Y33: =IF(V32>0,100%,IF(V33>0,V33,0)) -> 0
D34: =D33 -> 46569.083 | E34: 月初 | H34: =TEXT(D34,"dd")-1 -> 0 | I34: =H34/(H34+H32) -> 0 | J34: =IF(G33,J35,J33) -> 96.865 | K34: =100-J34 -> 3.135
C35: =TEXT(D35,"YYMM")&"EE" -> 2706EE | D35: =D36 -> 46539.083 | E35: 月末 | H35: =DAY(EOMONTH(D35,0))-H37 -> 30 | I35: =H35/(H37+H35) -> 1 | J35: =IF(G36,IF(G33,IF(I37=0,J36,(J36-I37*J38)/I35),J34),J36) -> 96.87 | K35: =100-J35 -> 3.13 | L35: =K35-K37 -> 0 | M35: =L35/25*100 -> 0 | N35: =TRUNC(M35,0)/1 -> 0 | T35: =K35-$K$88 -> -0.51107143 | U35: =T35/25*100 -> -2.0442857 | V35: =TRUNC(U35,0)/1 -> -2
C36: =TEXT(D36,"YYMM")&"E" -> 2706E | D36: =日历计算!G20 -> 46539.083 | E36: 平均 | F36: =IF(日历计算!H20<>0,日历计算!G20,"当月无会议"&"("&TEXT(日历计算!G20,"M")&"月)") -> 当月无会议(6月) | G36: =IF(LEFT(F36,1)="当",FALSE,TRUE) -> FALSE | J36: =VLOOKUP(C36,FF期货结算价!D:Z,$B$3,0) -> 96.87 | K36: =100-J36 -> 3.13 | N36: =IF(M35>0,MOD(M35,1),MOD(M35,-1)) -> 0 | O36: =IF(N35=-2,1-ABS(N36),IF(N35=-1,ABS(N36),0)) -> 0 | P36: =IF(N35=-1,1-ABS(N36),IF(N35=0,IF(N36<0,ABS(N36),0),0)) -> 0 | Q36: =IF(N35=0,1-ABS(N36),0) -> 1 | R36: =IF(N35=0,IF(N36>0,ABS(N36),0),IF(N36=1,1-ABS(N36),0)) -> 0 | S36: =IF(N35=1,ABS(N36),IF(N35=2,1-ABS(N36),0)) -> 0 | V36: =IF(U35>0,MOD(U35,1),MOD(U35,-1)) -> -0.044285714 | W36: =IF(V35<0,100%,IF(V36<0,ABS(V36),0)) -> 1 | X36: =IF(V35=0,1-ABS(V36),0) -> 0 | Y36: =IF(V35>0,100%,IF(V36>0,V36,0)) -> 0
D37: =D36 -> 46539.083 | E37: 月初 | H37: =TEXT(D37,"dd")-1 -> 0 | I37: =H37/(H37+H35) -> 0 | J37: =IF(G36,J38,J36) -> 96.87 | K37: =100-J37 -> 3.13
C38: =TEXT(D38,"YYMM")&"EE" -> 2705EE | D38: =D39 -> 46508.083 | E38: 月末 | H38: =DAY(EOMONTH(D38,0))-H40 -> 31 | I38: =H38/(H40+H38) -> 1 | J38: =IF(G39,IF(G36,IF(I40=0,J39,(J39-I40*J41)/I38),J37),J39) -> 96.87 | K38: =100-J38 -> 3.13 | L38: =K38-K40 -> 0 | M38: =L38/25*100 -> 0 | N38: =TRUNC(M38,0)/1 -> 0 | T38: =K38-$K$88 -> -0.51107143 | U38: =T38/25*100 -> -2.0442857 | V38: =TRUNC(U38,0)/1 -> -2
C39: =TEXT(D39,"YYMM")&"E" -> 2705E | D39: =日历计算!G19 -> 46508.083 | E39: 平均 | F39: =IF(日历计算!H19<>0,日历计算!G19,"当月无会议"&"("&TEXT(日历计算!G19,"M")&"月)") -> 当月无会议(5月) | G39: =IF(LEFT(F39,1)="当",FALSE,TRUE) -> FALSE | J39: =VLOOKUP(C39,FF期货结算价!D:Z,$B$3,0) -> 96.87 | K39: =100-J39 -> 3.13 | N39: =IF(M38>0,MOD(M38,1),MOD(M38,-1)) -> 0 | O39: =IF(N38=-2,1-ABS(N39),IF(N38=-1,ABS(N39),0)) -> 0 | P39: =IF(N38=-1,1-ABS(N39),IF(N38=0,IF(N39<0,ABS(N39),0),0)) -> 0 | Q39: =IF(N38=0,1-ABS(N39),0) -> 1 | R39: =IF(N38=0,IF(N39>0,ABS(N39),0),IF(N39=1,1-ABS(N39),0)) -> 0 | S39: =IF(N38=1,ABS(N39),IF(N38=2,1-ABS(N39),0)) -> 0 | V39: =IF(U38>0,MOD(U38,1),MOD(U38,-1)) -> -0.044285714 | W39: =IF(V38<0,100%,IF(V39<0,ABS(V39),0)) -> 1 | X39: =IF(V38=0,1-ABS(V39),0) -> 0 | Y39: =IF(V38>0,100%,IF(V39>0,V39,0)) -> 0
D40: =D39 -> 46508.083 | E40: 月初 | H40: =TEXT(D40,"dd")-1 -> 0 | I40: =H40/(H40+H38) -> 0 | J40: =IF(G39,J41,J39) -> 96.87 | K40: =100-J40 -> 3.13
C41: =TEXT(D41,"YYMM")&"EE" -> 2704EE | D41: =D42 -> 46478.083 | E41: 月末 | H41: =DAY(EOMONTH(D41,0))-H43 -> 30 | I41: =H41/(H43+H41) -> 1 | J41: =IF(G42,IF(G39,IF(I43=0,J42,(J42-I43*J44)/I41),J40),J42) -> 96.875 | K41: =100-J41 -> 3.125 | L41: =K41-K43 -> 0 | M41: =L41/25*100 -> 0 | N41: =TRUNC(M41,0)/1 -> 0 | T41: =K41-$K$88 -> -0.51607143 | U41: =T41/25*100 -> -2.0642857 | V41: =TRUNC(U41,0)/1 -> -2
