Workbook

Sheet 业绩披露日期
D1: 业绩披露日期 | H1: 最近更新: | I1: =TODAY() -> 45534
C4: 财报期： | D4: =IF(MONTH(I1)<=3,DATE(YEAR(I1)-1,12,31),IF(MONTH(I1)<=6,DATE(YEAR(I1),3,30),IF(MONTH(I1)<=9,DATE(YEAR(I1),6,30),IF(MONTH(I1)<=12,DATE(YEAR(I1),9,30),"")))) -> 45473
C5: 板块名称： | D5: 美国中国股
C7: 业绩预计披露日期 | D7: =[1]!TDays(I1,I1+5,"Days=Alldays","Direction=H","cols=6;rows=1") -> 45534 | E7: 45535 | F7: 45536 | G7: 45537 | H7: 45538 | I7: 45539
C8: 倒数日 | D8: =D7-TODAY() -> 0 | E8: =E7-TODAY() -> 1 | F8: =F7-TODAY() -> 2 | G8: =G7-TODAY() -> 3 | H8: =H7-TODAY() -> 4 | I8: =I7-TODAY() -> 5
B9: 1 | D9: =_xlfn.IFNA(VLOOKUP(业绩披露日期!B9,内容筛选!$A:$J,7,0)&" "&VLOOKUP(业绩披露日期!B9,内容筛选!$A:$J,8,0),"") -> BTCM.N 比特矿业 | E9: =_xlfn.IFNA(VLOOKUP(业绩披露日期!$B9,内容筛选!$B:$J,6,0)&" "&VLOOKUP(业绩披露日期!$B9,内容筛选!$B:$J,7,0),"") | F9: =_xlfn.IFNA(VLOOKUP(业绩披露日期!$B9,内容筛选!$C:$J,5,0)&" "&VLOOKUP(业绩披露日期!$B9,内容筛选!$C:$J,6,0),"") | G9: =_xlfn.IFNA(VLOOKUP(业绩披露日期!$B9,内容筛选!$D:$J,4,0)&" "&VLOOKUP(业绩披露日期!$B9,内容筛选!$D:$J,5,0),"") -> DOYU.O 斗鱼 | H9: =_xlfn.IFNA(VLOOKUP(业绩披露日期!$B9,内容筛选!$E:$J,3,0)&" "&VLOOKUP(业绩披露日期!$B9,内容筛选!$E:$J,4,0),"") -> HUIZ.O 慧择 | I9: =_xlfn.IFNA(VLOOKUP(业绩披露日期!$B9,内容筛选!$F:$J,2,0)&" "&VLOOKUP(业绩披露日期!$B9,内容筛选!$F:$J,3,0),"") -> MLGO.O MICROALGO
B10: 2 | D10: =_xlfn.IFNA(VLOOKUP(业绩披露日期!B10,内容筛选!$A:$J,7,0)&" "&VLOOKUP(业绩披露日期!B10,内容筛选!$A:$J,8,0),"") -> JKS.N 晶科能源 | E10: =_xlfn.IFNA(VLOOKUP(业绩披露日期!$B10,内容筛选!$B:$J,6,0)&" "&VLOOKUP(业绩披露日期!$B10,内容筛选!$B:$J,7,0),"") | F10: =_xlfn.IFNA(VLOOKUP(业绩披露日期!$B10,内容筛选!$C:$J,5,0)&" "&VLOOKUP(业绩披露日期!$B10,内容筛选!$C:$J,6,0),"") | G10: =_xlfn.IFNA(VLOOKUP(业绩披露日期!$B10,内容筛选!$D:$J,4,0)&" "&VLOOKUP(业绩披露日期!$B10,内容筛选!$D:$J,5,0),"") -> GURE.O 海湾资源 | H10: =_xlfn.IFNA(VLOOKUP(业绩披露日期!$B10,内容筛选!$E:$J,3,0)&" "&VLOOKUP(业绩披露日期!$B10,内容筛选!$E:$J,4,0),"") -> MOMO.O 挚文集团 | I10: =_xlfn.IFNA(VLOOKUP(业绩披露日期!$B10,内容筛选!$F:$J,2,0)&" "&VLOOKUP(业绩披露日期!$B10,内容筛选!$F:$J,3,0),"") -> SJ.O 思享无限
B11: 3 | D11: =_xlfn.IFNA(VLOOKUP(业绩披露日期!B11,内容筛选!$A:$J,7,0)&" "&VLOOKUP(业绩披露日期!B11,内容筛选!$A:$J,8,0),"") -> SPI.O 绿能宝 | E11: =_xlfn.IFNA(VLOOKUP(业绩披露日期!$B11,内容筛选!$B:$J,6,0)&" "&VLOOKUP(业绩披露日期!$B11,内容筛选!$B:$J,7,0),"") | F11: =_xlfn.IFNA(VLOOKUP(业绩披露日期!$B11,内容筛选!$C:$J,5,0)&" "&VLOOKUP(业绩披露日期!$B11,内容筛选!$C:$J,6,0),"") | G11: =_xlfn.IFNA(VLOOKUP(业绩披露日期!$B11,内容筛选!$D:$J,4,0)&" "&VLOOKUP(业绩披露日期!$B11,内容筛选!$D:$J,5,0),"") -> MI.A NFT | H11: =_xlfn.IFNA(VLOOKUP(业绩披露日期!$B11,内容筛选!$E:$J,3,0)&" "&VLOOKUP(业绩披露日期!$B11,内容筛选!$E:$J,4,0),"") -> SOGP.O SOUND | I11: =_xlfn.IFNA(VLOOKUP(业绩披露日期!$B11,内容筛选!$F:$J,2,0)&" "&VLOOKUP(业绩披露日期!$B11,内容筛选!$F:$J,3,0),"") -> WDH.N 水滴公司
B12: 4 | D12: =_xlfn.IFNA(VLOOKUP(业绩披露日期!B12,内容筛选!$A:$J,7,0)&" "&VLOOKUP(业绩披露日期!B12,内容筛选!$A:$J,8,0),"") -> TIGR.O 老虎证券 | E12: =_xlfn.IFNA(VLOOKUP(业绩披露日期!$B12,内容筛选!$B:$J,6,0)&" "&VLOOKUP(业绩披露日期!$B12,内容筛选!$B:$J,7,0),"") | F12: =_xlfn.IFNA(VLOOKUP(业绩披露日期!$B12,内容筛选!$C:$J,5,0)&" "&VLOOKUP(业绩披露日期!$B12,内容筛选!$C:$J,6,0),"") | G12: =_xlfn.IFNA(VLOOKUP(业绩披露日期!$B12,内容筛选!$D:$J,4,0)&" "&VLOOKUP(业绩披露日期!$B12,内容筛选!$D:$J,5,0),"") -> TCTM.O 达内教育 | H12: =_xlfn.IFNA(VLOOKUP(业绩披露日期!$B12,内容筛选!$E:$J,3,0)&" "&VLOOKUP(业绩披露日期!$B12,内容筛选!$E:$J,4,0),"") | I12: =_xlfn.IFNA(VLOOKUP(业绩披露日期!$B12,内容筛选!$F:$J,2,0)&" "&VLOOKUP(业绩披露日期!$B12,内容筛选!$F:$J,3,0),"")
B13: 5 | D13: =_xlfn.IFNA(VLOOKUP(业绩披露日期!B13,内容筛选!$A:$J,7,0)&" "&VLOOKUP(业绩披露日期!B13,内容筛选!$A:$J,8,0),"") | E13: =_xlfn.IFNA(VLOOKUP(业绩披露日期!$B13,内容筛选!$B:$J,6,0)&" "&VLOOKUP(业绩披露日期!$B13,内容筛选!$B:$J,7,0),"") | F13: =_xlfn.IFNA(VLOOKUP(业绩披露日期!$B13,内容筛选!$C:$J,5,0)&" "&VLOOKUP(业绩披露日期!$B13,内容筛选!$C:$J,6,0),"") | G13: =_xlfn.IFNA(VLOOKUP(业绩披露日期!$B13,内容筛选!$D:$J,4,0)&" "&VLOOKUP(业绩披露日期!$B13,内容筛选!$D:$J,5,0),"") -> YQ.O 一起教育科技 | H13: =_xlfn.IFNA(VLOOKUP(业绩披露日期!$B13,内容筛选!$E:$J,3,0)&" "&VLOOKUP(业绩披露日期!$B13,内容筛选!$E:$J,4,0),"") | I13: =_xlfn.IFNA(VLOOKUP(业绩披露日期!$B13,内容筛选!$F:$J,2,0)&" "&VLOOKUP(业绩披露日期!$B13,内容筛选!$F:$J,3,0),"")
B14: 6 | D14: =_xlfn.IFNA(VLOOKUP(业绩披露日期!B14,内容筛选!$A:$J,7,0)&" "&VLOOKUP(业绩披露日期!B14,内容筛选!$A:$J,8,0),"") | E14: =_xlfn.IFNA(VLOOKUP(业绩披露日期!$B14,内容筛选!$B:$J,6,0)&" "&VLOOKUP(业绩披露日期!$B14,内容筛选!$B:$J,7,0),"") | F14: =_xlfn.IFNA(VLOOKUP(业绩披露日期!$B14,内容筛选!$C:$J,5,0)&" "&VLOOKUP(业绩披露日期!$B14,内容筛选!$C:$J,6,0),"") | G14: =_xlfn.IFNA(VLOOKUP(业绩披露日期!$B14,内容筛选!$D:$J,4,0)&" "&VLOOKUP(业绩披露日期!$B14,内容筛选!$D:$J,5,0),"") | H14: =_xlfn.IFNA(VLOOKUP(业绩披露日期!$B14,内容筛选!$E:$J,3,0)&" "&VLOOKUP(业绩披露日期!$B14,内容筛选!$E:$J,4,0),"") | I14: =_xlfn.IFNA(VLOOKUP(业绩披露日期!$B14,内容筛选!$F:$J,2,0)&" "&VLOOKUP(业绩披露日期!$B14,内容筛选!$F:$J,3,0),"")
B15: 7 | D15: =_xlfn.IFNA(VLOOKUP(业绩披露日期!B15,内容筛选!$A:$J,7,0)&" "&VLOOKUP(业绩披露日期!B15,内容筛选!$A:$J,8,0),"") | E15: =_xlfn.IFNA(VLOOKUP(业绩披露日期!$B15,内容筛选!$B:$J,6,0)&" "&VLOOKUP(业绩披露日期!$B15,内容筛选!$B:$J,7,0),"") | F15: =_xlfn.IFNA(VLOOKUP(业绩披露日期!$B15,内容筛选!$C:$J,5,0)&" "&VLOOKUP(业绩披露日期!$B15,内容筛选!$C:$J,6,0),"") | G15: =_xlfn.IFNA(VLOOKUP(业绩披露日期!$B15,内容筛选!$D:$J,4,0)&" "&VLOOKUP(业绩披露日期!$B15,内容筛选!$D:$J,5,0),"") | H15: =_xlfn.IFNA(VLOOKUP(业绩披露日期!$B15,内容筛选!$E:$J,3,0)&" "&VLOOKUP(业绩披露日期!$B15,内容筛选!$E:$J,4,0),"") | I15: =_xlfn.IFNA(VLOOKUP(业绩披露日期!$B15,内容筛选!$F:$J,2,0)&" "&VLOOKUP(业绩披露日期!$B15,内容筛选!$F:$J,3,0),"")
B16: 8 | D16: =_xlfn.IFNA(VLOOKUP(业绩披露日期!B16,内容筛选!$A:$J,7,0)&" "&VLOOKUP(业绩披露日期!B16,内容筛选!$A:$J,8,0),"") | E16: =_xlfn.IFNA(VLOOKUP(业绩披露日期!$B16,内容筛选!$B:$J,6,0)&" "&VLOOKUP(业绩披露日期!$B16,内容筛选!$B:$J,7,0),"") | F16: =_xlfn.IFNA(VLOOKUP(业绩披露日期!$B16,内容筛选!$C:$J,5,0)&" "&VLOOKUP(业绩披露日期!$B16,内容筛选!$C:$J,6,0),"") | G16: =_xlfn.IFNA(VLOOKUP(业绩披露日期!$B16,内容筛选!$D:$J,4,0)&" "&VLOOKUP(业绩披露日期!$B16,内容筛选!$D:$J,5,0),"") | H16: =_xlfn.IFNA(VLOOKUP(业绩披露日期!$B16,内容筛选!$E:$J,3,0)&" "&VLOOKUP(业绩披露日期!$B16,内容筛选!$E:$J,4,0),"") | I16: =_xlfn.IFNA(VLOOKUP(业绩披露日期!$B16,内容筛选!$F:$J,2,0)&" "&VLOOKUP(业绩披露日期!$B16,内容筛选!$F:$J,3,0),"")
B17: 9 | D17: =_xlfn.IFNA(VLOOKUP(业绩披露日期!B17,内容筛选!$A:$J,7,0)&" "&VLOOKUP(业绩披露日期!B17,内容筛选!$A:$J,8,0),"") | E17: =_xlfn.IFNA(VLOOKUP(业绩披露日期!$B17,内容筛选!$B:$J,6,0)&" "&VLOOKUP(业绩披露日期!$B17,内容筛选!$B:$J,7,0),"") | F17: =_xlfn.IFNA(VLOOKUP(业绩披露日期!$B17,内容筛选!$C:$J,5,0)&" "&VLOOKUP(业绩披露日期!$B17,内容筛选!$C:$J,6,0),"") | G17: =_xlfn.IFNA(VLOOKUP(业绩披露日期!$B17,内容筛选!$D:$J,4,0)&" "&VLOOKUP(业绩披露日期!$B17,内容筛选!$D:$J,5,0),"") | H17: =_xlfn.IFNA(VLOOKUP(业绩披露日期!$B17,内容筛选!$E:$J,3,0)&" "&VLOOKUP(业绩披露日期!$B17,内容筛选!$E:$J,4,0),"") | I17: =_xlfn.IFNA(VLOOKUP(业绩披露日期!$B17,内容筛选!$F:$J,2,0)&" "&VLOOKUP(业绩披露日期!$B17,内容筛选!$F:$J,3,0),"")
B18: 10 | D18: =_xlfn.IFNA(VLOOKUP(业绩披露日期!B18,内容筛选!$A:$J,7,0)&" "&VLOOKUP(业绩披露日期!B18,内容筛选!$A:$J,8,0),"") | E18: =_xlfn.IFNA(VLOOKUP(业绩披露日期!$B18,内容筛选!$B:$J,6,0)&" "&VLOOKUP(业绩披露日期!$B18,内容筛选!$B:$J,7,0),"") | F18: =_xlfn.IFNA(VLOOKUP(业绩披露日期!$B18,内容筛选!$C:$J,5,0)&" "&VLOOKUP(业绩披露日期!$B18,内容筛选!$C:$J,6,0),"") | G18: =_xlfn.IFNA(VLOOKUP(业绩披露日期!$B18,内容筛选!$D:$J,4,0)&" "&VLOOKUP(业绩披露日期!$B18,内容筛选!$D:$J,5,0),"") | H18: =_xlfn.IFNA(VLOOKUP(业绩披露日期!$B18,内容筛选!$E:$J,3,0)&" "&VLOOKUP(业绩披露日期!$B18,内容筛选!$E:$J,4,0),"") | I18: =_xlfn.IFNA(VLOOKUP(业绩披露日期!$B18,内容筛选!$F:$J,2,0)&" "&VLOOKUP(业绩披露日期!$B18,内容筛选!$F:$J,3,0),"")
B19: 11 | D19: =_xlfn.IFNA(VLOOKUP(业绩披露日期!B19,内容筛选!$A:$J,7,0)&" "&VLOOKUP(业绩披露日期!B19,内容筛选!$A:$J,8,0),"") | E19: =_xlfn.IFNA(VLOOKUP(业绩披露日期!$B19,内容筛选!$B:$J,6,0)&" "&VLOOKUP(业绩披露日期!$B19,内容筛选!$B:$J,7,0),"") | F19: =_xlfn.IFNA(VLOOKUP(业绩披露日期!$B19,内容筛选!$C:$J,5,0)&" "&VLOOKUP(业绩披露日期!$B19,内容筛选!$C:$J,6,0),"") | G19: =_xlfn.IFNA(VLOOKUP(业绩披露日期!$B19,内容筛选!$D:$J,4,0)&" "&VLOOKUP(业绩披露日期!$B19,内容筛选!$D:$J,5,0),"") | H19: =_xlfn.IFNA(VLOOKUP(业绩披露日期!$B19,内容筛选!$E:$J,3,0)&" "&VLOOKUP(业绩披露日期!$B19,内容筛选!$E:$J,4,0),"") | I19: =_xlfn.IFNA(VLOOKUP(业绩披露日期!$B19,内容筛选!$F:$J,2,0)&" "&VLOOKUP(业绩披露日期!$B19,内容筛选!$F:$J,3,0),"")
B20: 12 | D20: =_xlfn.IFNA(VLOOKUP(业绩披露日期!B20,内容筛选!$A:$J,7,0)&" "&VLOOKUP(业绩披露日期!B20,内容筛选!$A:$J,8,0),"") | E20: =_xlfn.IFNA(VLOOKUP(业绩披露日期!$B20,内容筛选!$B:$J,6,0)&" "&VLOOKUP(业绩披露日期!$B20,内容筛选!$B:$J,7,0),"") | F20: =_xlfn.IFNA(VLOOKUP(业绩披露日期!$B20,内容筛选!$C:$J,5,0)&" "&VLOOKUP(业绩披露日期!$B20,内容筛选!$C:$J,6,0),"") | G20: =_xlfn.IFNA(VLOOKUP(业绩披露日期!$B20,内容筛选!$D:$J,4,0)&" "&VLOOKUP(业绩披露日期!$B20,内容筛选!$D:$J,5,0),"") | H20: =_xlfn.IFNA(VLOOKUP(业绩披露日期!$B20,内容筛选!$E:$J,3,0)&" "&VLOOKUP(业绩披露日期!$B20,内容筛选!$E:$J,4,0),"") | I20: =_xlfn.IFNA(VLOOKUP(业绩披露日期!$B20,内容筛选!$F:$J,2,0)&" "&VLOOKUP(业绩披露日期!$B20,内容筛选!$F:$J,3,0),"")
... B27: 19 | D27: =_xlfn.IFNA(VLOOKUP(业绩披露日期!B27,内容筛选!$A:$J,7,0)&" "&VLOOKUP(业绩披露日期!B27,内容筛选!$A:$J,8,0),"") | E27: =_xlfn.IFNA(VLOOKUP(业绩披露日期!$B27,内容筛选!$B:$J,6,0)&" "&VLOOKUP(业绩披露日期!$B27,内容筛选!$B:$J,7,0),"") | F27: =_xlfn.IFNA(VLOOKUP(业绩披露日期!$B27,内容筛选!$C:$J,5,0)&" "&VLOOKUP(业绩披露日期!$B27,内容筛选!$C:$J,6,0),"") | G27: =_xlfn.IFNA(VLOOKUP(业绩披露日期!$B27,内容筛选!$D:$J,4,0)&" "&VLOOKUP(业绩披露日期!$B27,内容筛选!$D:$J,5,0),"") | H27: =_xlfn.IFNA(VLOOKUP(业绩披露日期!$B27,内容筛选!$E:$J,3,0)&" "&VLOOKUP(业绩披露日期!$B27,内容筛选!$E:$J,4,0),"") | I27: =_xlfn.IFNA(VLOOKUP(业绩披露日期!$B27,内容筛选!$F:$J,2,0)&" "&VLOOKUP(业绩披露日期!$B27,内容筛选!$F:$J,3,0),"")

Sheet 证券列表 
A1: 数据集名称 | B1: 板块成分
A2: 日期 | B2: =TEXT(业绩披露日期!I1-1,"YYYYMMDD") -> 20240829
A3: 板块ID | B3: =IF(业绩披露日期!D5="美国中国股","a005010700000000",IF(业绩披露日期!D5="标普500成分股","a005010800000000","")) -> a005010700000000
A4: date | B4: wind_code | C4: sec_name
A5: 最新调整日期 | B5: Wind代码 | C5: 证券名称
A6: =[1]!wset("sectorconstituent","date="&B2,"sectorId="&B3,"field=date,wind_code,sec_name","cols=3;rows=335") -> 45533 | B6: AACG.O | C6: ATA CREATIVITY GLOBAL
A7: 45533 | B7: ABLV.O | C7: ABLE VIEW GLOBAL
A8: 45533 | B8: ABTS.O | C8: ABITS
A9: 45533 | B9: ACMR.O | C9: 盛美半导体
A10: 45533 | B10: ADAG.O | C10: 天演药业
A11: 45533 | B11: ADD.O | C11: 彩色星球科技
A12: 45533 | B12: AEHL.O | C12: ANTELOPE ENTERPRISE
A13: 45533 | B13: AGBA.O | C13: AGBA
A14: 45533 | B14: AGMH.O | C14: 安高盟
A15: 45533 | B15: AHG.O | C15: AKSO HEALTH
A16: 45533 | B16: AIHS.O | C16: 森淼科技
A17: 45533 | B17: AIXI.O | C17: 小I
A18: 45533 | B18: AMBO.A | C18: 安博教育
... A340: 45533 | B340: ZTO.N | C340: 中通快递

Sheet Wind模板
A1: 业绩披露日期

Sheet 内容筛选
G1: 代码 | H1: 名称 | I1: 定期报告预计披露日期 | J1: 总市值1
G2: Code | H2: Name | I2: stm_predict_issuingdate | J2: ev
A3: =IF(K3="",0,RANK(K3,K:K,1)) -> 0 | B3: =IF(L3="",0,RANK(L3,L:L,1)) -> 0 | C3: =IF(M3="",0,RANK(M3,M:M,1)) -> 0 | D3: =IF(N3="",0,RANK(N3,N:N,1)) -> 0 | E3: =IF(O3="",0,RANK(O3,O:O,1)) -> 0 | F3: =IF(P3="",0,RANK(P3,P:P,1)) -> 0 | G3: =IF('证券列表 '!B6="","",'证券列表 '!B6) -> AACG.O | H3: =[1]!WSS($G$3:$G$510,$I$2:$J$2,"rptDate="&TEXT(业绩披露日期!D4,"YYYYMMDD"),"unit=1","tradeDate="&TEXT(业绩披露日期!I1,"YYYYMMDD"), "UnitMask=2","cols=2;rows=335") -> ATA CREATIVITY GLOBAL | I3: 45511 | J3: 19105185 | K3: =IF($I3=业绩披露日期!D$7,ROW(),"") | L3: =IF($I3=业绩披露日期!E$7,ROW(),"") | M3: =IF($I3=业绩披露日期!F$7,ROW(),"") | N3: =IF($I3=业绩披露日期!G$7,ROW(),"") | O3: =IF($I3=业绩披露日期!H$7,ROW(),"") | P3: =IF($I3=业绩披露日期!I$7,ROW(),"")
A4: =IF(K4="",0,RANK(K4,K:K,1)) -> 0 | B4: =IF(L4="",0,RANK(L4,L:L,1)) -> 0 | C4: =IF(M4="",0,RANK(M4,M:M,1)) -> 0 | D4: =IF(N4="",0,RANK(N4,N:N,1)) -> 0 | E4: =IF(O4="",0,RANK(O4,O:O,1)) -> 0 | F4: =IF(P4="",0,RANK(P4,P:P,1)) -> 0 | G4: =IF('证券列表 '!B7="","",'证券列表 '!B7) -> ABLV.O | H4: ABLE VIEW GLOBAL | J4: 70759611 | K4: =IF($I4=业绩披露日期!D$7,ROW(),"") | L4: =IF($I4=业绩披露日期!E$7,ROW(),"") | M4: =IF($I4=业绩披露日期!F$7,ROW(),"") | N4: =IF($I4=业绩披露日期!G$7,ROW(),"") | O4: =IF($I4=业绩披露日期!H$7,ROW(),"") | P4: =IF($I4=业绩披露日期!I$7,ROW(),"")
A5: =IF(K5="",0,RANK(K5,K:K,1)) -> 0 | B5: =IF(L5="",0,RANK(L5,L:L,1)) -> 0 | C5: =IF(M5="",0,RANK(M5,M:M,1)) -> 0 | D5: =IF(N5="",0,RANK(N5,N:N,1)) -> 0 | E5: =IF(O5="",0,RANK(O5,O:O,1)) -> 0 | F5: =IF(P5="",0,RANK(P5,P:P,1)) -> 0 | G5: =IF('证券列表 '!B8="","",'证券列表 '!B8) -> ABTS.O | H5: ABITS | J5: 17119577 | K5: =IF($I5=业绩披露日期!D$7,ROW(),"") | L5: =IF($I5=业绩披露日期!E$7,ROW(),"") | M5: =IF($I5=业绩披露日期!F$7,ROW(),"") | N5: =IF($I5=业绩披露日期!G$7,ROW(),"") | O5: =IF($I5=业绩披露日期!H$7,ROW(),"") | P5: =IF($I5=业绩披露日期!I$7,ROW(),"")
A6: =IF(K6="",0,RANK(K6,K:K,1)) -> 0 | B6: =IF(L6="",0,RANK(L6,L:L,1)) -> 0 | C6: =IF(M6="",0,RANK(M6,M:M,1)) -> 0 | D6: =IF(N6="",0,RANK(N6,N:N,1)) -> 0 | E6: =IF(O6="",0,RANK(O6,O:O,1)) -> 0 | F6: =IF(P6="",0,RANK(P6,P:P,1)) -> 0 | G6: =IF('证券列表 '!B9="","",'证券列表 '!B9) -> ACMR.O | H6: 盛美半导体 | I6: 45511 | J6: 1.1107313e+09 | K6: =IF($I6=业绩披露日期!D$7,ROW(),"") | L6: =IF($I6=业绩披露日期!E$7,ROW(),"") | M6: =IF($I6=业绩披露日期!F$7,ROW(),"") | N6: =IF($I6=业绩披露日期!G$7,ROW(),"") | O6: =IF($I6=业绩披露日期!H$7,ROW(),"") | P6: =IF($I6=业绩披露日期!I$7,ROW(),"")
A7: =IF(K7="",0,RANK(K7,K:K,1)) -> 0 | B7: =IF(L7="",0,RANK(L7,L:L,1)) -> 0 | C7: =IF(M7="",0,RANK(M7,M:M,1)) -> 0 | D7: =IF(N7="",0,RANK(N7,N:N,1)) -> 0 | E7: =IF(O7="",0,RANK(O7,O:O,1)) -> 0 | F7: =IF(P7="",0,RANK(P7,P:P,1)) -> 0 | G7: =IF('证券列表 '!B10="","",'证券列表 '!B10) -> ADAG.O | H7: 天演药业 | J7: 1.2838527e+08 | K7: =IF($I7=业绩披露日期!D$7,ROW(),"") | L7: =IF($I7=业绩披露日期!E$7,ROW(),"") | M7: =IF($I7=业绩披露日期!F$7,ROW(),"") | N7: =IF($I7=业绩披露日期!G$7,ROW(),"") | O7: =IF($I7=业绩披露日期!H$7,ROW(),"") | P7: =IF($I7=业绩披露日期!I$7,ROW(),"")
A8: =IF(K8="",0,RANK(K8,K:K,1)) -> 0 | B8: =IF(L8="",0,RANK(L8,L:L,1)) -> 0 | C8: =IF(M8="",0,RANK(M8,M:M,1)) -> 0 | D8: =IF(N8="",0,RANK(N8,N:N,1)) -> 0 | E8: =IF(O8="",0,RANK(O8,O:O,1)) -> 0 | F8: =IF(P8="",0,RANK(P8,P:P,1)) -> 0 | G8: =IF('证券列表 '!B11="","",'证券列表 '!B11) -> ADD.O | H8: 彩色星球科技 | J8: 32012004 | K8: =IF($I8=业绩披露日期!D$7,ROW(),"") | L8: =IF($I8=业绩披露日期!E$7,ROW(),"") | M8: =IF($I8=业绩披露日期!F$7,ROW(),"") | N8: =IF($I8=业绩披露日期!G$7,ROW(),"") | O8: =IF($I8=业绩披露日期!H$7,ROW(),"") | P8: =IF($I8=业绩披露日期!I$7,ROW(),"")
A9: =IF(K9="",0,RANK(K9,K:K,1)) -> 0 | B9: =IF(L9="",0,RANK(L9,L:L,1)) -> 0 | C9: =IF(M9="",0,RANK(M9,M:M,1)) -> 0 | D9: =IF(N9="",0,RANK(N9,N:N,1)) -> 0 | E9: =IF(O9="",0,RANK(O9,O:O,1)) -> 0 | F9: =IF(P9="",0,RANK(P9,P:P,1)) -> 0 | G9: =IF('证券列表 '!B12="","",'证券列表 '!B12) -> AEHL.O | H9: ANTELOPE ENTERPRISE | J9: 25210246 | K9: =IF($I9=业绩披露日期!D$7,ROW(),"") | L9: =IF($I9=业绩披露日期!E$7,ROW(),"") | M9: =IF($I9=业绩披露日期!F$7,ROW(),"") | N9: =IF($I9=业绩披露日期!G$7,ROW(),"") | O9: =IF($I9=业绩披露日期!H$7,ROW(),"") | P9: =IF($I9=业绩披露日期!I$7,ROW(),"")
A10: =IF(K10="",0,RANK(K10,K:K,1)) -> 0 | B10: =IF(L10="",0,RANK(L10,L:L,1)) -> 0 | C10: =IF(M10="",0,RANK(M10,M:M,1)) -> 0 | D10: =IF(N10="",0,RANK(N10,N:N,1)) -> 0 | E10: =IF(O10="",0,RANK(O10,O:O,1)) -> 0 | F10: =IF(P10="",0,RANK(P10,P:P,1)) -> 0 | G10: =IF('证券列表 '!B13="","",'证券列表 '!B13) -> AGBA.O | H10: AGBA | I10: 45520 | J10: 2.0861659e+08 | K10: =IF($I10=业绩披露日期!D$7,ROW(),"") | L10: =IF($I10=业绩披露日期!E$7,ROW(),"") | M10: =IF($I10=业绩披露日期!F$7,ROW(),"") | N10: =IF($I10=业绩披露日期!G$7,ROW(),"") | O10: =IF($I10=业绩披露日期!H$7,ROW(),"") | P10: =IF($I10=业绩披露日期!I$7,ROW(),"")
A11: =IF(K11="",0,RANK(K11,K:K,1)) -> 0 | B11: =IF(L11="",0,RANK(L11,L:L,1)) -> 0 | C11: =IF(M11="",0,RANK(M11,M:M,1)) -> 0 | D11: =IF(N11="",0,RANK(N11,N:N,1)) -> 0 | E11: =IF(O11="",0,RANK(O11,O:O,1)) -> 0 | F11: =IF(P11="",0,RANK(P11,P:P,1)) -> 0 | G11: =IF('证券列表 '!B14="","",'证券列表 '!B14) -> AGMH.O | H11: 安高盟 | J11: 28990326 | K11: =IF($I11=业绩披露日期!D$7,ROW(),"") | L11: =IF($I11=业绩披露日期!E$7,ROW(),"") | M11: =IF($I11=业绩披露日期!F$7,ROW(),"") | N11: =IF($I11=业绩披露日期!G$7,ROW(),"") | O11: =IF($I11=业绩披露日期!H$7,ROW(),"") | P11: =IF($I11=业绩披露日期!I$7,ROW(),"")
A12: =IF(K12="",0,RANK(K12,K:K,1)) -> 0 | B12: =IF(L12="",0,RANK(L12,L:L,1)) -> 0 | C12: =IF(M12="",0,RANK(M12,M:M,1)) -> 0 | D12: =IF(N12="",0,RANK(N12,N:N,1)) -> 0 | E12: =IF(O12="",0,RANK(O12,O:O,1)) -> 0 | F12: =IF(P12="",0,RANK(P12,P:P,1)) -> 0 | G12: =IF('证券列表 '!B15="","",'证券列表 '!B15) -> AHG.O | H12: AKSO HEALTH | J12: 1.4718089e+08 | K12: =IF($I12=业绩披露日期!D$7,ROW(),"") | L12: =IF($I12=业绩披露日期!E$7,ROW(),"") | M12: =IF($I12=业绩披露日期!F$7,ROW(),"") | N12: =IF($I12=业绩披露日期!G$7,ROW(),"") | O12: =IF($I12=业绩披露日期!H$7,ROW(),"") | P12: =IF($I12=业绩披露日期!I$7,ROW(),"")
A13: =IF(K13="",0,RANK(K13,K:K,1)) -> 0 | B13: =IF(L13="",0,RANK(L13,L:L,1)) -> 0 | C13: =IF(M13="",0,RANK(M13,M:M,1)) -> 0 | D13: =IF(N13="",0,RANK(N13,N:N,1)) -> 0 | E13: =IF(O13="",0,RANK(O13,O:O,1)) -> 0 | F13: =IF(P13="",0,RANK(P13,P:P,1)) -> 0 | G13: =IF('证券列表 '!B16="","",'证券列表 '!B16) -> AIHS.O | H13: 森淼科技 | J13: 12726828 | K13: =IF($I13=业绩披露日期!D$7,ROW(),"") | L13: =IF($I13=业绩披露日期!E$7,ROW(),"") | M13: =IF($I13=业绩披露日期!F$7,ROW(),"") | N13: =IF($I13=业绩披露日期!G$7,ROW(),"") | O13: =IF($I13=业绩披露日期!H$7,ROW(),"") | P13: =IF($I13=业绩披露日期!I$7,ROW(),"")
A14: =IF(K14="",0,RANK(K14,K:K,1)) -> 0 | B14: =IF(L14="",0,RANK(L14,L:L,1)) -> 0 | C14: =IF(M14="",0,RANK(M14,M:M,1)) -> 0 | D14: =IF(N14="",0,RANK(N14,N:N,1)) -> 0 | E14: =IF(O14="",0,RANK(O14,O:O,1)) -> 0 | F14: =IF(P14="",0,RANK(P14,P:P,1)) -> 0 | G14: =IF('证券列表 '!B17="","",'证券列表 '!B17) -> AIXI.O | H14: 小I | J14: 41707078 | K14: =IF($I14=业绩披露日期!D$7,ROW(),"") | L14: =IF($I14=业绩披露日期!E$7,ROW(),"") | M14: =IF($I14=业绩披露日期!F$7,ROW(),"") | N14: =IF($I14=业绩披露日期!G$7,ROW(),"") | O14: =IF($I14=业绩披露日期!H$7,ROW(),"") | P14: =IF($I14=业绩披露日期!I$7,ROW(),"")
A15: =IF(K15="",0,RANK(K15,K:K,1)) -> 0 | B15: =IF(L15="",0,RANK(L15,L:L,1)) -> 0 | C15: =IF(M15="",0,RANK(M15,M:M,1)) -> 0 | D15: =IF(N15="",0,RANK(N15,N:N,1)) -> 0 | E15: =IF(O15="",0,RANK(O15,O:O,1)) -> 0 | F15: =IF(P15="",0,RANK(P15,P:P,1)) -> 0 | G15: =IF('证券列表 '!B18="","",'证券列表 '!B18) -> AMBO.A | H15: 安博教育 | J15: 3545470.2 | K15: =IF($I15=业绩披露日期!D$7,ROW(),"") | L15: =IF($I15=业绩披露日期!E$7,ROW(),"") | M15: =IF($I15=业绩披露日期!F$7,ROW(),"") | N15: =IF($I15=业绩披露日期!G$7,ROW(),"") | O15: =IF($I15=业绩披露日期!H$7,ROW(),"") | P15: =IF($I15=业绩披露日期!I$7,ROW(),"")
A16: =IF(K16="",0,RANK(K16,K:K,1)) -> 0 | B16: =IF(L16="",0,RANK(L16,L:L,1)) -> 0 | C16: =IF(M16="",0,RANK(M16,M:M,1)) -> 0 | D16: =IF(N16="",0,RANK(N16,N:N,1)) -> 0 | E16: =IF(O16="",0,RANK(O16,O:O,1)) -> 0 | F16: =IF(P16="",0,RANK(P16,P:P,1)) -> 0 | G16: =IF('证券列表 '!B19="","",'证券列表 '!B19) -> AMTD.N | H16: 尚乘IDEA集团 | J16: 1.0795968e+08 | K16: =IF($I16=业绩披露日期!D$7,ROW(),"") | L16: =IF($I16=业绩披露日期!E$7,ROW(),"") | M16: =IF($I16=业绩披露日期!F$7,ROW(),"") | N16: =IF($I16=业绩披露日期!G$7,ROW(),"") | O16: =IF($I16=业绩披露日期!H$7,ROW(),"") | P16: =IF($I16=业绩披露日期!I$7,ROW(),"")
A17: =IF(K17="",0,RANK(K17,K:K,1)) -> 0 | B17: =IF(L17="",0,RANK(L17,L:L,1)) -> 0 | C17: =IF(M17="",0,RANK(M17,M:M,1)) -> 0 | D17: =IF(N17="",0,RANK(N17,N:N,1)) -> 0 | E17: =IF(O17="",0,RANK(O17,O:O,1)) -> 0 | F17: =IF(P17="",0,RANK(P17,P:P,1)) -> 0 | G17: =IF('证券列表 '!B20="","",'证券列表 '!B20) -> ANL.O | H17: 阿诺医药 | J17: 1.0147574e+08 | K17: =IF($I17=业绩披露日期!D$7,ROW(),"") | L17: =IF($I17=业绩披露日期!E$7,ROW(),"") | M17: =IF($I17=业绩披露日期!F$7,ROW(),"") | N17: =IF($I17=业绩披露日期!G$7,ROW(),"") | O17: =IF($I17=业绩披露日期!H$7,ROW(),"") | P17: =IF($I17=业绩披露日期!I$7,ROW(),"")
A18: =IF(K18="",0,RANK(K18,K:K,1)) -> 0 | B18: =IF(L18="",0,RANK(L18,L:L,1)) -> 0 | C18: =IF(M18="",0,RANK(M18,M:M,1)) -> 0 | D18: =IF(N18="",0,RANK(N18,N:N,1)) -> 0 | E18: =IF(O18="",0,RANK(O18,O:O,1)) -> 0 | F18: =IF(P18="",0,RANK(P18,P:P,1)) -> 0 | G18: =IF('证券列表 '!B21="","",'证券列表 '!B21) -> ANTE.O | H18: 悦航阳光 | J18: 3501101.4 | K18: =IF($I18=业绩披露日期!D$7,ROW(),"") | L18: =IF($I18=业绩披露日期!E$7,ROW(),"") | M18: =IF($I18=业绩披露日期!F$7,ROW(),"") | N18: =IF($I18=业绩披露日期!G$7,ROW(),"") | O18: =IF($I18=业绩披露日期!H$7,ROW(),"") | P18: =IF($I18=业绩披露日期!I$7,ROW(),"")
A19: =IF(K19="",0,RANK(K19,K:K,1)) -> 0 | B19: =IF(L19="",0,RANK(L19,L:L,1)) -> 0 | C19: =IF(M19="",0,RANK(M19,M:M,1)) -> 0 | D19: =IF(N19="",0,RANK(N19,N:N,1)) -> 0 | E19: =IF(O19="",0,RANK(O19,O:O,1)) -> 0 | F19: =IF(P19="",0,RANK(P19,P:P,1)) -> 0 | G19: =IF('证券列表 '!B22="","",'证券列表 '!B22) -> API.O | H19: 声网 | I19: 45523 | J19: 1.7982571e+08 | K19: =IF($I19=业绩披露日期!D$7,ROW(),"") | L19: =IF($I19=业绩披露日期!E$7,ROW(),"") | M19: =IF($I19=业绩披露日期!F$7,ROW(),"") | N19: =IF($I19=业绩披露日期!G$7,ROW(),"") | O19: =IF($I19=业绩披露日期!H$7,ROW(),"") | P19: =IF($I19=业绩披露日期!I$7,ROW(),"")
A20: =IF(K20="",0,RANK(K20,K:K,1)) -> 0 | B20: =IF(L20="",0,RANK(L20,L:L,1)) -> 0 | C20: =IF(M20="",0,RANK(M20,M:M,1)) -> 0 | D20: =IF(N20="",0,RANK(N20,N:N,1)) -> 0 | E20: =IF(O20="",0,RANK(O20,O:O,1)) -> 0 | F20: =IF(P20="",0,RANK(P20,P:P,1)) -> 0 | G20: =IF('证券列表 '!B23="","",'证券列表 '!B23) -> APLM.O | H20: 冠科美博 | J20: 14043213 | K20: =IF($I20=业绩披露日期!D$7,ROW(),"") | L20: =IF($I20=业绩披露日期!E$7,ROW(),"") | M20: =IF($I20=业绩披露日期!F$7,ROW(),"") | N20: =IF($I20=业绩披露日期!G$7,ROW(),"") | O20: =IF($I20=业绩披露日期!H$7,ROW(),"") | P20: =IF($I20=业绩披露日期!I$7,ROW(),"")
A21: =IF(K21="",0,RANK(K21,K:K,1)) -> 0 | B21: =IF(L21="",0,RANK(L21,L:L,1)) -> 0 | C21: =IF(M21="",0,RANK(M21,M:M,1)) -> 0 | D21: =IF(N21="",0,RANK(N21,N:N,1)) -> 0 | E21: =IF(O21="",0,RANK(O21,O:O,1)) -> 0 | F21: =IF(P21="",0,RANK(P21,P:P,1)) -> 0 | G21: =IF('证券列表 '!B24="","",'证券列表 '!B24) -> APM.O | H21: 知临集团 | J21: 14923287 | K21: =IF($I21=业绩披露日期!D$7,ROW(),"") | L21: =IF($I21=业绩披露日期!E$7,ROW(),"") | M21: =IF($I21=业绩披露日期!F$7,ROW(),"") | N21: =IF($I21=业绩披露日期!G$7,ROW(),"") | O21: =IF($I21=业绩披露日期!H$7,ROW(),"") | P21: =IF($I21=业绩披露日期!I$7,ROW(),"")
A22: =IF(K22="",0,RANK(K22,K:K,1)) -> 0 | B22: =IF(L22="",0,RANK(L22,L:L,1)) -> 0 | C22: =IF(M22="",0,RANK(M22,M:M,1)) -> 0 | D22: =IF(N22="",0,RANK(N22,N:N,1)) -> 0 | E22: =IF(O22="",0,RANK(O22,O:O,1)) -> 0 | F22: =IF(P22="",0,RANK(P22,P:P,1)) -> 0 | G22: =IF('证券列表 '!B25="","",'证券列表 '!B25) -> AS.N | H22: 亚玛芬体育 | I22: 45524 | J22: 6.7795696e+09 | K22: =IF($I22=业绩披露日期!D$7,ROW(),"") | L22: =IF($I22=业绩披露日期!E$7,ROW(),"") | M22: =IF($I22=业绩披露日期!F$7,ROW(),"") | N22: =IF($I22=业绩披露日期!G$7,ROW(),"") | O22: =IF($I22=业绩披露日期!H$7,ROW(),"") | P22: =IF($I22=业绩披露日期!I$7,ROW(),"")
A23: =IF(K23="",0,RANK(K23,K:K,1)) -> 0 | B23: =IF(L23="",0,RANK(L23,L:L,1)) -> 0 | C23: =IF(M23="",0,RANK(M23,M:M,1)) -> 0 | D23: =IF(N23="",0,RANK(N23,N:N,1)) -> 0 | E23: =IF(O23="",0,RANK(O23,O:O,1)) -> 0 | F23: =IF(P23="",0,RANK(P23,P:P,1)) -> 0 | G23: =IF('证券列表 '!B26="","",'证券列表 '!B26) -> ATAT.O | H23: 亚朵 | I23: 45533 | J23: 2.5757828e+09 | K23: =IF($I23=业绩披露日期!D$7,ROW(),"") | L23: =IF($I23=业绩披露日期!E$7,ROW(),"") | M23: =IF($I23=业绩披露日期!F$7,ROW(),"") | N23: =IF($I23=业绩披露日期!G$7,ROW(),"") | O23: =IF($I23=业绩披露日期!H$7,ROW(),"") | P23: =IF($I23=业绩披露日期!I$7,ROW(),"")
A24: =IF(K24="",0,RANK(K24,K:K,1)) -> 0 | B24: =IF(L24="",0,RANK(L24,L:L,1)) -> 0 | C24: =IF(M24="",0,RANK(M24,M:M,1)) -> 0 | D24: =IF(N24="",0,RANK(N24,N:N,1)) -> 0 | E24: =IF(O24="",0,RANK(O24,O:O,1)) -> 0 | F24: =IF(P24="",0,RANK(P24,P:P,1)) -> 0 | G24: =IF('证券列表 '!B27="","",'证券列表 '!B27) -> ATCO.N | H24: ATLAS(退市) | K24: =IF($I24=业绩披露日期!D$7,ROW(),"") | L24: =IF($I24=业绩披露日期!E$7,ROW(),"") | M24: =IF($I24=业绩披露日期!F$7,ROW(),"") | N24: =IF($I24=业绩披露日期!G$7,ROW(),"") | O24: =IF($I24=业绩披露日期!H$7,ROW(),"") | P24: =IF($I24=业绩披露日期!I$7,ROW(),"")
A25: =IF(K25="",0,RANK(K25,K:K,1)) -> 0 | B25: =IF(L25="",0,RANK(L25,L:L,1)) -> 0 | C25: =IF(M25="",0,RANK(M25,M:M,1)) -> 0 | D25: =IF(N25="",0,RANK(N25,N:N,1)) -> 0 | E25: =IF(O25="",0,RANK(O25,O:O,1)) -> 0 | F25: =IF(P25="",0,RANK(P25,P:P,1)) -> 0 | G25: =IF('证券列表 '!B28="","",'证券列表 '!B28) -> ATGL.O | H25: 阿尔法科技 | J25: 32190139 | K25: =IF($I25=业绩披露日期!D$7,ROW(),"") | L25: =IF($I25=业绩披露日期!E$7,ROW(),"") | M25: =IF($I25=业绩披露日期!F$7,ROW(),"") | N25: =IF($I25=业绩披露日期!G$7,ROW(),"") | O25: =IF($I25=业绩披露日期!H$7,ROW(),"") | P25: =IF($I25=业绩披露日期!I$7,ROW(),"")
A26: =IF(K26="",0,RANK(K26,K:K,1)) -> 0 | B26: =IF(L26="",0,RANK(L26,L:L,1)) -> 0 | C26: =IF(M26="",0,RANK(M26,M:M,1)) -> 0 | D26: =IF(N26="",0,RANK(N26,N:N,1)) -> 0 | E26: =IF(O26="",0,RANK(O26,O:O,1)) -> 0 | F26: =IF(P26="",0,RANK(P26,P:P,1)) -> 0 | G26: =IF('证券列表 '!B29="","",'证券列表 '!B29) -> ATHM.N | H26: 汽车之家 | I26: 45504 | J26: 3.1155791e+09 | K26: =IF($I26=业绩披露日期!D$7,ROW(),"") | L26: =IF($I26=业绩披露日期!E$7,ROW(),"") | M26: =IF($I26=业绩披露日期!F$7,ROW(),"") | N26: =IF($I26=业绩披露日期!G$7,ROW(),"") | O26: =IF($I26=业绩披露日期!H$7,ROW(),"") | P26: =IF($I26=业绩披露日期!I$7,ROW(),"")
A27: =IF(K27="",0,RANK(K27,K:K,1)) -> 0 | B27: =IF(L27="",0,RANK(L27,L:L,1)) -> 0 | C27: =IF(M27="",0,RANK(M27,M:M,1)) -> 0 | D27: =IF(N27="",0,RANK(N27,N:N,1)) -> 0 | E27: =IF(O27="",0,RANK(O27,O:O,1)) -> 0 | F27: =IF(P27="",0,RANK(P27,P:P,1)) -> 0 | G27: =IF('证券列表 '!B30="","",'证券列表 '!B30) -> ATIF.O | H27: 亚洲时代 | I27: 45366 | J27: 8354133.9 | K27: =IF($I27=业绩披露日期!D$7,ROW(),"") | L27: =IF($I27=业绩披露日期!E$7,ROW(),"") | M27: =IF($I27=业绩披露日期!F$7,ROW(),"") | N27: =IF($I27=业绩披露日期!G$7,ROW(),"") | O27: =IF($I27=业绩披露日期!H$7,ROW(),"") | P27: =IF($I27=业绩披露日期!I$7,ROW(),"")
A28: =IF(K28="",0,RANK(K28,K:K,1)) -> 0 | B28: =IF(L28="",0,RANK(L28,L:L,1)) -> 0 | C28: =IF(M28="",0,RANK(M28,M:M,1)) -> 0 | D28: =IF(N28="",0,RANK(N28,N:N,1)) -> 0 | E28: =IF(O28="",0,RANK(O28,O:O,1)) -> 0 | F28: =IF(P28="",0,RANK(P28,P:P,1)) -> 0 | G28: =IF('证券列表 '!B31="","",'证券列表 '!B31) -> ATXG.O | H28: 盈喜集团 | J28: 3444948.3 | K28: =IF($I28=业绩披露日期!D$7,ROW(),"") | L28: =IF($I28=业绩披露日期!E$7,ROW(),"") | M28: =IF($I28=业绩披露日期!F$7,ROW(),"") | N28: =IF($I28=业绩披露日期!G$7,ROW(),"") | O28: =IF($I28=业绩披露日期!H$7,ROW(),"") | P28: =IF($I28=业绩披露日期!I$7,ROW(),"")
A29: =IF(K29="",0,RANK(K29,K:K,1)) -> 0 | B29: =IF(L29="",0,RANK(L29,L:L,1)) -> 0 | C29: =IF(M29="",0,RANK(M29,M:M,1)) -> 0 | D29: =IF(N29="",0,RANK(N29,N:N,1)) -> 0 | E29: =IF(O29="",0,RANK(O29,O:O,1)) -> 0 | F29: =IF(P29="",0,RANK(P29,P:P,1)) -> 0 | G29: =IF('证券列表 '!B32="","",'证券列表 '!B32) -> AZI.O | H29: 中驰车福 | J29: 304445480 | K29: =IF($I29=业绩披露日期!D$7,ROW(),"") | L29: =IF($I29=业绩披露日期!E$7,ROW(),"") | M29: =IF($I29=业绩披露日期!F$7,ROW(),"") | N29: =IF($I29=业绩披露日期!G$7,ROW(),"") | O29: =IF($I29=业绩披露日期!H$7,ROW(),"") | P29: =IF($I29=业绩披露日期!I$7,ROW(),"")
A30: =IF(K30="",0,RANK(K30,K:K,1)) -> 0 | B30: =IF(L30="",0,RANK(L30,L:L,1)) -> 0 | C30: =IF(M30="",0,RANK(M30,M:M,1)) -> 0 | D30: =IF(N30="",0,RANK(N30,N:N,1)) -> 0 | E30: =IF(O30="",0,RANK(O30,O:O,1)) -> 0 | F30: =IF(P30="",0,RANK(P30,P:P,1)) -> 0 | G30: =IF('证券列表 '!B33="","",'证券列表 '!B33) -> BABA.N | H30: 阿里巴巴 | I30: 45245 | J30: 1.9608914e+11 | K30: =IF($I30=业绩披露日期!D$7,ROW(),"") | L30: =IF($I30=业绩披露日期!E$7,ROW(),"") | M30: =IF($I30=业绩披露日期!F$7,ROW(),"") | N30: =IF($I30=业绩披露日期!G$7,ROW(),"") | O30: =IF($I30=业绩披露日期!H$7,ROW(),"") | P30: =IF($I30=业绩披露日期!I$7,ROW(),"")
A31: =IF(K31="",0,RANK(K31,K:K,1)) -> 0 | B31: =IF(L31="",0,RANK(L31,L:L,1)) -> 0 | C31: =IF(M31="",0,RANK(M31,M:M,1)) -> 0 | D31: =IF(N31="",0,RANK(N31,N:N,1)) -> 0 | E31: =IF(O31="",0,RANK(O31,O:O,1)) -> 0 | F31: =IF(P31="",0,RANK(P31,P:P,1)) -> 0 | G31: =IF('证券列表 '!B34="","",'证券列表 '!B34) -> BAOS.O | H31: 宝盛 | J31: 3728803.4 | K31: =IF($I31=业绩披露日期!D$7,ROW(),"") | L31: =IF($I31=业绩披露日期!E$7,ROW(),"") | M31: =IF($I31=业绩披露日期!F$7,ROW(),"") | N31: =IF($I31=业绩披露日期!G$7,ROW(),"") | O31: =IF($I31=业绩披露日期!H$7,ROW(),"") | P31: =IF($I31=业绩披露日期!I$7,ROW(),"")
A32: =IF(K32="",0,RANK(K32,K:K,1)) -> 0 | B32: =IF(L32="",0,RANK(L32,L:L,1)) -> 0 | C32: =IF(M32="",0,RANK(M32,M:M,1)) -> 0 | D32: =IF(N32="",0,RANK(N32,N:N,1)) -> 0 | E32: =IF(O32="",0,RANK(O32,O:O,1)) -> 0 | F32: =IF(P32="",0,RANK(P32,P:P,1)) -> 0 | G32: =IF('证券列表 '!B35="","",'证券列表 '!B35) -> BEDU.N | H32: 博实乐 | J32: 54993478 | K32: =IF($I32=业绩披露日期!D$7,ROW(),"") | L32: =IF($I32=业绩披露日期!E$7,ROW(),"") | M32: =IF($I32=业绩披露日期!F$7,ROW(),"") | N32: =IF($I32=业绩披露日期!G$7,ROW(),"") | O32: =IF($I32=业绩披露日期!H$7,ROW(),"") | P32: =IF($I32=业绩披露日期!I$7,ROW(),"")
A33: =IF(K33="",0,RANK(K33,K:K,1)) -> 0 | B33: =IF(L33="",0,RANK(L33,L:L,1)) -> 0 | C33: =IF(M33="",0,RANK(M33,M:M,1)) -> 0 | D33: =IF(N33="",0,RANK(N33,N:N,1)) -> 0 | E33: =IF(O33="",0,RANK(O33,O:O,1)) -> 0 | F33: =IF(P33="",0,RANK(P33,P:P,1)) -> 0 | G33: =IF('证券列表 '!B36="","",'证券列表 '!B36) -> BEKE.N | H33: 贝壳 | I33: 45516 | J33: 1.7212908e+10 | K33: =IF($I33=业绩披露日期!D$7,ROW(),"") | L33: =IF($I33=业绩披露日期!E$7,ROW(),"") | M33: =IF($I33=业绩披露日期!F$7,ROW(),"") | N33: =IF($I33=业绩披露日期!G$7,ROW(),"") | O33: =IF($I33=业绩披露日期!H$7,ROW(),"") | P33: =IF($I33=业绩披露日期!I$7,ROW(),"")
A34: =IF(K34="",0,RANK(K34,K:K,1)) -> 0 | B34: =IF(L34="",0,RANK(L34,L:L,1)) -> 0 | C34: =IF(M34="",0,RANK(M34,M:M,1)) -> 0 | D34: =IF(N34="",0,RANK(N34,N:N,1)) -> 0 | E34: =IF(O34="",0,RANK(O34,O:O,1)) -> 0 | F34: =IF(P34="",0,RANK(P34,P:P,1)) -> 0 | G34: =IF('证券列表 '!B37="","",'证券列表 '!B37) -> BEST.N | H34: 百世集团 | I34: 45532 | J34: 55060300 | K34: =IF($I34=业绩披露日期!D$7,ROW(),"") | L34: =IF($I34=业绩披露日期!E$7,ROW(),"") | M34: =IF($I34=业绩披露日期!F$7,ROW(),"") | N34: =IF($I34=业绩披露日期!G$7,ROW(),"") | O34: =IF($I34=业绩披露日期!H$7,ROW(),"") | P34: =IF($I34=业绩披露日期!I$7,ROW(),"")
A35: =IF(K35="",0,RANK(K35,K:K,1)) -> 0 | B35: =IF(L35="",0,RANK(L35,L:L,1)) -> 0 | C35: =IF(M35="",0,RANK(M35,M:M,1)) -> 0 | D35: =IF(N35="",0,RANK(N35,N:N,1)) -> 0 | E35: =IF(O35="",0,RANK(O35,O:O,1)) -> 0 | F35: =IF(P35="",0,RANK(P35,P:P,1)) -> 0 | G35: =IF('证券列表 '!B38="","",'证券列表 '!B38) -> BGM.O | H35: 祁连国际 | J35: 47547500 | K35: =IF($I35=业绩披露日期!D$7,ROW(),"") | L35: =IF($I35=业绩披露日期!E$7,ROW(),"") | M35: =IF($I35=业绩披露日期!F$7,ROW(),"") | N35: =IF($I35=业绩披露日期!G$7,ROW(),"") | O35: =IF($I35=业绩披露日期!H$7,ROW(),"") | P35: =IF($I35=业绩披露日期!I$7,ROW(),"")
A36: =IF(K36="",0,RANK(K36,K:K,1)) -> 0 | B36: =IF(L36="",0,RANK(L36,L:L,1)) -> 0 | C36: =IF(M36="",0,RANK(M36,M:M,1)) -> 0 | D36: =IF(N36="",0,RANK(N36,N:N,1)) -> 0 | E36: =IF(O36="",0,RANK(O36,O:O,1)) -> 0 | F36: =IF(P36="",0,RANK(P36,P:P,1)) -> 0 | G36: =IF('证券列表 '!B39="","",'证券列表 '!B39) -> BGNE.O | H36: 百济神州 | I36: 45530 | J36: 2.1613697e+10 | K36: =IF($I36=业绩披露日期!D$7,ROW(),"") | L36: =IF($I36=业绩披露日期!E$7,ROW(),"") | M36: =IF($I36=业绩披露日期!F$7,ROW(),"") | N36: =IF($I36=业绩披露日期!G$7,ROW(),"") | O36: =IF($I36=业绩披露日期!H$7,ROW(),"") | P36: =IF($I36=业绩披露日期!I$7,ROW(),"")
A37: =IF(K37="",0,RANK(K37,K:K,1)) -> 0 | B37: =IF(L37="",0,RANK(L37,L:L,1)) -> 0 | C37: =IF(M37="",0,RANK(M37,M:M,1)) -> 0 | D37: =IF(N37="",0,RANK(N37,N:N,1)) -> 0 | E37: =IF(O37="",0,RANK(O37,O:O,1)) -> 0 | F37: =IF(P37="",0,RANK(P37,P:P,1)) -> 0 | G37: =IF('证券列表 '!B40="","",'证券列表 '!B40) -> BHAT.O | H37: 蓝帽子 | J37: 29327617 | K37: =IF($I37=业绩披露日期!D$7,ROW(),"") | L37: =IF($I37=业绩披露日期!E$7,ROW(),"") | M37: =IF($I37=业绩披露日期!F$7,ROW(),"") | N37: =IF($I37=业绩披露日期!G$7,ROW(),"") | O37: =IF($I37=业绩披露日期!H$7,ROW(),"") | P37: =IF($I37=业绩披露日期!I$7,ROW(),"")
A38: =IF(K38="",0,RANK(K38,K:K,1)) -> 0 | B38: =IF(L38="",0,RANK(L38,L:L,1)) -> 0 | C38: =IF(M38="",0,RANK(M38,M:M,1)) -> 0 | D38: =IF(N38="",0,RANK(N38,N:N,1)) -> 0 | E38: =IF(O38="",0,RANK(O38,O:O,1)) -> 0 | F38: =IF(P38="",0,RANK(P38,P:P,1)) -> 0 | G38: =IF('证券列表 '!B41="","",'证券列表 '!B41) -> BIDU.O | H38: 百度 | I38: 45525 | J38: 2.9297462e+10 | K38: =IF($I38=业绩披露日期!D$7,ROW(),"") | L38: =IF($I38=业绩披露日期!E$7,ROW(),"") | M38: =IF($I38=业绩披露日期!F$7,ROW(),"") | N38: =IF($I38=业绩披露日期!G$7,ROW(),"") | O38: =IF($I38=业绩披露日期!H$7,ROW(),"") | P38: =IF($I38=业绩披露日期!I$7,ROW(),"")
A39: =IF(K39="",0,RANK(K39,K:K,1)) -> 0 | B39: =IF(L39="",0,RANK(L39,L:L,1)) -> 0 | C39: =IF(M39="",0,RANK(M39,M:M,1)) -> 0 | D39: =IF(N39="",0,RANK(N39,N:N,1)) -> 0 | E39: =IF(O39="",0,RANK(O39,O:O,1)) -> 0 | F39: =IF(P39="",0,RANK(P39,P:P,1)) -> 0 | G39: =IF('证券列表 '!B42="","",'证券列表 '!B42) -> BILI.O | H39: 哔哩哔哩 | I39: 45526 | J39: 6.0390068e+09 | K39: =IF($I39=业绩披露日期!D$7,ROW(),"") | L39: =IF($I39=业绩披露日期!E$7,ROW(),"") | M39: =IF($I39=业绩披露日期!F$7,ROW(),"") | N39: =IF($I39=业绩披露日期!G$7,ROW(),"") | O39: =IF($I39=业绩披露日期!H$7,ROW(),"") | P39: =IF($I39=业绩披露日期!I$7,ROW(),"")
A40: =IF(K40="",0,RANK(K40,K:K,1)) -> 0 | B40: =IF(L40="",0,RANK(L40,L:L,1)) -> 0 | C40: =IF(M40="",0,RANK(M40,M:M,1)) -> 0 | D40: =IF(N40="",0,RANK(N40,N:N,1)) -> 0 | E40: =IF(O40="",0,RANK(O40,O:O,1)) -> 0 | F40: =IF(P40="",0,RANK(P40,P:P,1)) -> 0 | G40: =IF('证券列表 '!B43="","",'证券列表 '!B43) -> BNR.O | H40: 燃石医学 | I40: 45533 | J40: 57086733 | K40: =IF($I40=业绩披露日期!D$7,ROW(),"") | L40: =IF($I40=业绩披露日期!E$7,ROW(),"") | M40: =IF($I40=业绩披露日期!F$7,ROW(),"") | N40: =IF($I40=业绩披露日期!G$7,ROW(),"") | O40: =IF($I40=业绩披露日期!H$7,ROW(),"") | P40: =IF($I40=业绩披露日期!I$7,ROW(),"")
A41: =IF(K41="",0,RANK(K41,K:K,1)) -> 0 | B41: =IF(L41="",0,RANK(L41,L:L,1)) -> 0 | C41: =IF(M41="",0,RANK(M41,M:M,1)) -> 0 | D41: =IF(N41="",0,RANK(N41,N:N,1)) -> 0 | E41: =IF(O41="",0,RANK(O41,O:O,1)) -> 0 | F41: =IF(P41="",0,RANK(P41,P:P,1)) -> 0 | G41: =IF('证券列表 '!B44="","",'证券列表 '!B44) -> BON.O | H41: 天美生物 | J41: 7146607.3 | K41: =IF($I41=业绩披露日期!D$7,ROW(),"") | L41: =IF($I41=业绩披露日期!E$7,ROW(),"") | M41: =IF($I41=业绩披露日期!F$7,ROW(),"") | N41: =IF($I41=业绩披露日期!G$7,ROW(),"") | O41: =IF($I41=业绩披露日期!H$7,ROW(),"") | P41: =IF($I41=业绩披露日期!I$7,ROW(),"")
A42: =IF(K42="",0,RANK(K42,K:K,1)) -> 0 | B42: =IF(L42="",0,RANK(L42,L:L,1)) -> 0 | C42: =IF(M42="",0,RANK(M42,M:M,1)) -> 0 | D42: =IF(N42="",0,RANK(N42,N:N,1)) -> 0 | E42: =IF(O42="",0,RANK(O42,O:O,1)) -> 0 | F42: =IF(P42="",0,RANK(P42,P:P,1)) -> 0 | G42: =IF('证券列表 '!B45="","",'证券列表 '!B45) -> BQ.A | H42: 波奇网 | I42: 45295 | J42: 1422800.7 | K42: =IF($I42=业绩披露日期!D$7,ROW(),"") | L42: =IF($I42=业绩披露日期!E$7,ROW(),"") | M42: =IF($I42=业绩披露日期!F$7,ROW(),"") | N42: =IF($I42=业绩披露日期!G$7,ROW(),"") | O42: =IF($I42=业绩披露日期!H$7,ROW(),"") | P42: =IF($I42=业绩披露日期!I$7,ROW(),"")
A43: =IF(K43="",0,RANK(K43,K:K,1)) -> 0 | B43: =IF(L43="",0,RANK(L43,L:L,1)) -> 0 | C43: =IF(M43="",0,RANK(M43,M:M,1)) -> 0 | D43: =IF(N43="",0,RANK(N43,N:N,1)) -> 0 | E43: =IF(O43="",0,RANK(O43,O:O,1)) -> 0 | F43: =IF(P43="",0,RANK(P43,P:P,1)) -> 0 | G43: =IF('证券列表 '!B46="","",'证券列表 '!B46) -> BTBT.O | H43: 比特数字 | I43: 45523 | J43: 4.436762e+08 | K43: =IF($I43=业绩披露日期!D$7,ROW(),"") | L43: =IF($I43=业绩披露日期!E$7,ROW(),"") | M43: =IF($I43=业绩披露日期!F$7,ROW(),"") | N43: =IF($I43=业绩披露日期!G$7,ROW(),"") | O43: =IF($I43=业绩披露日期!H$7,ROW(),"") | P43: =IF($I43=业绩披露日期!I$7,ROW(),"")
A44: =IF(K44="",0,RANK(K44,K:K,1)) -> 1 | B44: =IF(L44="",0,RANK(L44,L:L,1)) -> 0 | C44: =IF(M44="",0,RANK(M44,M:M,1)) -> 0 | D44: =IF(N44="",0,RANK(N44,N:N,1)) -> 0 | E44: =IF(O44="",0,RANK(O44,O:O,1)) -> 0 | F44: =IF(P44="",0,RANK(P44,P:P,1)) -> 0 | G44: =IF('证券列表 '!B47="","",'证券列表 '!B47) -> BTCM.N | H44: 比特矿业 | I44: 45534 | J44: 27516383 | K44: =IF($I44=业绩披露日期!D$7,ROW(),"") -> 44 | L44: =IF($I44=业绩披露日期!E$7,ROW(),"") | M44: =IF($I44=业绩披露日期!F$7,ROW(),"") | N44: =IF($I44=业绩披露日期!G$7,ROW(),"") | O44: =IF($I44=业绩披露日期!H$7,ROW(),"") | P44: =IF($I44=业绩披露日期!I$7,ROW(),"")
A45: =IF(K45="",0,RANK(K45,K:K,1)) -> 0 | B45: =IF(L45="",0,RANK(L45,L:L,1)) -> 0 | C45: =IF(M45="",0,RANK(M45,M:M,1)) -> 0 | D45: =IF(N45="",0,RANK(N45,N:N,1)) -> 0 | E45: =IF(O45="",0,RANK(O45,O:O,1)) -> 0 | F45: =IF(P45="",0,RANK(P45,P:P,1)) -> 0 | G45: =IF('证券列表 '!B48="","",'证券列表 '!B48) -> BTCT.O | H45: BTC DIGITAL | I45: 45525 | J45: 4125040.3 | K45: =IF($I45=业绩披露日期!D$7,ROW(),"") | L45: =IF($I45=业绩披露日期!E$7,ROW(),"") | M45: =IF($I45=业绩披露日期!F$7,ROW(),"") | N45: =IF($I45=业绩披露日期!G$7,ROW(),"") | O45: =IF($I45=业绩披露日期!H$7,ROW(),"") | P45: =IF($I45=业绩披露日期!I$7,ROW(),"")
A46: =IF(K46="",0,RANK(K46,K:K,1)) -> 0 | B46: =IF(L46="",0,RANK(L46,L:L,1)) -> 0 | C46: =IF(M46="",0,RANK(M46,M:M,1)) -> 0 | D46: =IF(N46="",0,RANK(N46,N:N,1)) -> 0 | E46: =IF(O46="",0,RANK(O46,O:O,1)) -> 0 | F46: =IF(P46="",0,RANK(P46,P:P,1)) -> 0 | G46: =IF('证券列表 '!B49="","",'证券列表 '!B49) -> BTDR.O | H46: 比特小鹿 | I46: 45513 | J46: 9.4062075e+08 | K46: =IF($I46=业绩披露日期!D$7,ROW(),"") | L46: =IF($I46=业绩披露日期!E$7,ROW(),"") | M46: =IF($I46=业绩披露日期!F$7,ROW(),"") | N46: =IF($I46=业绩披露日期!G$7,ROW(),"") | O46: =IF($I46=业绩披露日期!H$7,ROW(),"") | P46: =IF($I46=业绩披露日期!I$7,ROW(),"")
A47: =IF(K47="",0,RANK(K47,K:K,1)) -> 0 | B47: =IF(L47="",0,RANK(L47,L:L,1)) -> 0 | C47: =IF(M47="",0,RANK(M47,M:M,1)) -> 0 | D47: =IF(N47="",0,RANK(N47,N:N,1)) -> 0 | E47: =IF(O47="",0,RANK(O47,O:O,1)) -> 0 | F47: =IF(P47="",0,RANK(P47,P:P,1)) -> 0 | G47: =IF('证券列表 '!B50="","",'证券列表 '!B50) -> BTOG.O | H47: BIT ORIGIN | J47: 10225791 | K47: =IF($I47=业绩披露日期!D$7,ROW(),"") | L47: =IF($I47=业绩披露日期!E$7,ROW(),"") | M47: =IF($I47=业绩披露日期!F$7,ROW(),"") | N47: =IF($I47=业绩披露日期!G$7,ROW(),"") | O47: =IF($I47=业绩披露日期!H$7,ROW(),"") | P47: =IF($I47=业绩披露日期!I$7,ROW(),"")
A48: =IF(K48="",0,RANK(K48,K:K,1)) -> 0 | B48: =IF(L48="",0,RANK(L48,L:L,1)) -> 0 | C48: =IF(M48="",0,RANK(M48,M:M,1)) -> 0 | D48: =IF(N48="",0,RANK(N48,N:N,1)) -> 0 | E48: =IF(O48="",0,RANK(O48,O:O,1)) -> 0 | F48: =IF(P48="",0,RANK(P48,P:P,1)) -> 0 | G48: =IF('证券列表 '!B51="","",'证券列表 '!B51) -> BYSI.O | H48: 万春医药 | J48: 78585682 | K48: =IF($I48=业绩披露日期!D$7,ROW(),"") | L48: =IF($I48=业绩披露日期!E$7,ROW(),"") | M48: =IF($I48=业绩披露日期!F$7,ROW(),"") | N48: =IF($I48=业绩披露日期!G$7,ROW(),"") | O48: =IF($I48=业绩披露日期!H$7,ROW(),"") | P48: =IF($I48=业绩披露日期!I$7,ROW(),"")
A49: =IF(K49="",0,RANK(K49,K:K,1)) -> 0 | B49: =IF(L49="",0,RANK(L49,L:L,1)) -> 0 | C49: =IF(M49="",0,RANK(M49,M:M,1)) -> 0 | D49: =IF(N49="",0,RANK(N49,N:N,1)) -> 0 | E49: =IF(O49="",0,RANK(O49,O:O,1)) -> 0 | F49: =IF(P49="",0,RANK(P49,P:P,1)) -> 0 | G49: =IF('证券列表 '!B52="","",'证券列表 '!B52) -> BYU.O | H49: 泊谕 | I49: 45513 | J49: 269704269 | K49: =IF($I49=业绩披露日期!D$7,ROW(),"") | L49: =IF($I49=业绩披露日期!E$7,ROW(),"") | M49: =IF($I49=业绩披露日期!F$7,ROW(),"") | N49: =IF($I49=业绩披露日期!G$7,ROW(),"") | O49: =IF($I49=业绩披露日期!H$7,ROW(),"") | P49: =IF($I49=业绩披露日期!I$7,ROW(),"")
A50: =IF(K50="",0,RANK(K50,K:K,1)) -> 0 | B50: =IF(L50="",0,RANK(L50,L:L,1)) -> 0 | C50: =IF(M50="",0,RANK(M50,M:M,1)) -> 0 | D50: =IF(N50="",0,RANK(N50,N:N,1)) -> 0 | E50: =IF(O50="",0,RANK(O50,O:O,1)) -> 0 | F50: =IF(P50="",0,RANK(P50,P:P,1)) -> 0 | G50: =IF('证券列表 '!B53="","",'证券列表 '!B53) -> BZ.O | H50: BOSS直聘 | I50: 45532 | J50: 5.7711001e+09 | K50: =IF($I50=业绩披露日期!D$7,ROW(),"") | L50: =IF($I50=业绩披露日期!E$7,ROW(),"") | M50: =IF($I50=业绩披露日期!F$7,ROW(),"") | N50: =IF($I50=业绩披露日期!G$7,ROW(),"") | O50: =IF($I50=业绩披露日期!H$7,ROW(),"") | P50: =IF($I50=业绩披露日期!I$7,ROW(),"")
A51: =IF(K51="",0,RANK(K51,K:K,1)) -> 0 | B51: =IF(L51="",0,RANK(L51,L:L,1)) -> 0 | C51: =IF(M51="",0,RANK(M51,M:M,1)) -> 0 | D51: =IF(N51="",0,RANK(N51,N:N,1)) -> 0 | E51: =IF(O51="",0,RANK(O51,O:O,1)) -> 0 | F51: =IF(P51="",0,RANK(P51,P:P,1)) -> 0 | G51: =IF('证券列表 '!B54="","",'证券列表 '!B54) -> BZUN.O | H51: 宝尊电商 | I51: 45532 | J51: 1.3469039e+08 | K51: =IF($I51=业绩披露日期!D$7,ROW(),"") | L51: =IF($I51=业绩披露日期!E$7,ROW(),"") | M51: =IF($I51=业绩披露日期!F$7,ROW(),"") | N51: =IF($I51=业绩披露日期!G$7,ROW(),"") | O51: =IF($I51=业绩披露日期!H$7,ROW(),"") | P51: =IF($I51=业绩披露日期!I$7,ROW(),"")
A52: =IF(K52="",0,RANK(K52,K:K,1)) -> 0 | B52: =IF(L52="",0,RANK(L52,L:L,1)) -> 0 | C52: =IF(M52="",0,RANK(M52,M:M,1)) -> 0 | D52: =IF(N52="",0,RANK(N52,N:N,1)) -> 0 | E52: =IF(O52="",0,RANK(O52,O:O,1)) -> 0 | F52: =IF(P52="",0,RANK(P52,P:P,1)) -> 0 | G52: =IF('证券列表 '!B55="","",'证券列表 '!B55) -> CAAS.O | H52: 中汽系统 | I52: 45517 | J52: 1.1047967e+08 | K52: =IF($I52=业绩披露日期!D$7,ROW(),"") | L52: =IF($I52=业绩披露日期!E$7,ROW(),"") | M52: =IF($I52=业绩披露日期!F$7,ROW(),"") | N52: =IF($I52=业绩披露日期!G$7,ROW(),"") | O52: =IF($I52=业绩披露日期!H$7,ROW(),"") | P52: =IF($I52=业绩披露日期!I$7,ROW(),"")
A53: =IF(K53="",0,RANK(K53,K:K,1)) -> 0 | B53: =IF(L53="",0,RANK(L53,L:L,1)) -> 0 | C53: =IF(M53="",0,RANK(M53,M:M,1)) -> 0 | D53: =IF(N53="",0,RANK(N53,N:N,1)) -> 0 | E53: =IF(O53="",0,RANK(O53,O:O,1)) -> 0 | F53: =IF(P53="",0,RANK(P53,P:P,1)) -> 0 | G53: =IF('证券列表 '!B56="","",'证券列表 '!B56) -> CAN.O | H53: 嘉楠科技 | I53: 45519 | J53: 3.0537836e+08 | K53: =IF($I53=业绩披露日期!D$7,ROW(),"") | L53: =IF($I53=业绩披露日期!E$7,ROW(),"") | M53: =IF($I53=业绩披露日期!F$7,ROW(),"") | N53: =IF($I53=业绩披露日期!G$7,ROW(),"") | O53: =IF($I53=业绩披露日期!H$7,ROW(),"") | P53: =IF($I53=业绩披露日期!I$7,ROW(),"")
A54: =IF(K54="",0,RANK(K54,K:K,1)) -> 0 | B54: =IF(L54="",0,RANK(L54,L:L,1)) -> 0 | C54: =IF(M54="",0,RANK(M54,M:M,1)) -> 0 | D54: =IF(N54="",0,RANK(N54,N:N,1)) -> 0 | E54: =IF(O54="",0,RANK(O54,O:O,1)) -> 0 | F54: =IF(P54="",0,RANK(P54,P:P,1)) -> 0 | G54: =IF('证券列表 '!B57="","",'证券列表 '!B57) -> CANG.N | H54: 灿谷 | I54: 45533 | J54: 1.9278469e+08 | K54: =IF($I54=业绩披露日期!D$7,ROW(),"") | L54: =IF($I54=业绩披露日期!E$7,ROW(),"") | M54: =IF($I54=业绩披露日期!F$7,ROW(),"") | N54: =IF($I54=业绩披露日期!G$7,ROW(),"") | O54: =IF($I54=业绩披露日期!H$7,ROW(),"") | P54: =IF($I54=业绩披露日期!I$7,ROW(),"")
A55: =IF(K55="",0,RANK(K55,K:K,1)) -> 0 | B55: =IF(L55="",0,RANK(L55,L:L,1)) -> 0 | C55: =IF(M55="",0,RANK(M55,M:M,1)) -> 0 | D55: =IF(N55="",0,RANK(N55,N:N,1)) -> 0 | E55: =IF(O55="",0,RANK(O55,O:O,1)) -> 0 | F55: =IF(P55="",0,RANK(P55,P:P,1)) -> 0 | G55: =IF('证券列表 '!B58="","",'证券列表 '!B58) -> CASI.O | H55: CASI PHARMACEUTICALS | I55: 45520 | J55: 87122656 | K55: =IF($I55=业绩披露日期!D$7,ROW(),"") | L55: =IF($I55=业绩披露日期!E$7,ROW(),"") | M55: =IF($I55=业绩披露日期!F$7,ROW(),"") | N55: =IF($I55=业绩披露日期!G$7,ROW(),"") | O55: =IF($I55=业绩披露日期!H$7,ROW(),"") | P55: =IF($I55=业绩披露日期!I$7,ROW(),"")
A56: =IF(K56="",0,RANK(K56,K:K,1)) -> 0 | B56: =IF(L56="",0,RANK(L56,L:L,1)) -> 0 | C56: =IF(M56="",0,RANK(M56,M:M,1)) -> 0 | D56: =IF(N56="",0,RANK(N56,N:N,1)) -> 0 | E56: =IF(O56="",0,RANK(O56,O:O,1)) -> 0 | F56: =IF(P56="",0,RANK(P56,P:P,1)) -> 0 | G56: =IF('证券列表 '!B59="","",'证券列表 '!B59) -> CBAT.O | H56: CBAK ENERGY TECHNOLOGY | I56: 45513 | J56: 91728980 | K56: =IF($I56=业绩披露日期!D$7,ROW(),"") | L56: =IF($I56=业绩披露日期!E$7,ROW(),"") | M56: =IF($I56=业绩披露日期!F$7,ROW(),"") | N56: =IF($I56=业绩披露日期!G$7,ROW(),"") | O56: =IF($I56=业绩披露日期!H$7,ROW(),"") | P56: =IF($I56=业绩披露日期!I$7,ROW(),"")
A57: =IF(K57="",0,RANK(K57,K:K,1)) -> 0 | B57: =IF(L57="",0,RANK(L57,L:L,1)) -> 0 | C57: =IF(M57="",0,RANK(M57,M:M,1)) -> 0 | D57: =IF(N57="",0,RANK(N57,N:N,1)) -> 0 | E57: =IF(O57="",0,RANK(O57,O:O,1)) -> 0 | F57: =IF(P57="",0,RANK(P57,P:P,1)) -> 0 | G57: =IF('证券列表 '!B60="","",'证券列表 '!B60) -> CCG.O | H57: 车车科技 | I57: 45533 | J57: 62032869 | K57: =IF($I57=业绩披露日期!D$7,ROW(),"") | L57: =IF($I57=业绩披露日期!E$7,ROW(),"") | M57: =IF($I57=业绩披露日期!F$7,ROW(),"") | N57: =IF($I57=业绩披露日期!G$7,ROW(),"") | O57: =IF($I57=业绩披露日期!H$7,ROW(),"") | P57: =IF($I57=业绩披露日期!I$7,ROW(),"")
A58: =IF(K58="",0,RANK(K58,K:K,1)) -> 0 | B58: =IF(L58="",0,RANK(L58,L:L,1)) -> 0 | C58: =IF(M58="",0,RANK(M58,M:M,1)) -> 0 | D58: =IF(N58="",0,RANK(N58,N:N,1)) -> 0 | E58: =IF(O58="",0,RANK(O58,O:O,1)) -> 0 | F58: =IF(P58="",0,RANK(P58,P:P,1)) -> 0 | G58: =IF('证券列表 '!B61="","",'证券列表 '!B61) -> CCM.N | H58: 泰和诚医疗 | J58: 28394867 | K58: =IF($I58=业绩披露日期!D$7,ROW(),"") | L58: =IF($I58=业绩披露日期!E$7,ROW(),"") | M58: =IF($I58=业绩披露日期!F$7,ROW(),"") | N58: =IF($I58=业绩披露日期!G$7,ROW(),"") | O58: =IF($I58=业绩披露日期!H$7,ROW(),"") | P58: =IF($I58=业绩披露日期!I$7,ROW(),"")
A59: =IF(K59="",0,RANK(K59,K:K,1)) -> 0 | B59: =IF(L59="",0,RANK(L59,L:L,1)) -> 0 | C59: =IF(M59="",0,RANK(M59,M:M,1)) -> 0 | D59: =IF(N59="",0,RANK(N59,N:N,1)) -> 0 | E59: =IF(O59="",0,RANK(O59,O:O,1)) -> 0 | F59: =IF(P59="",0,RANK(P59,P:P,1)) -> 0 | G59: =IF('证券列表 '!B62="","",'证券列表 '!B62) -> CCTG.O | H59: 承创互连 | J59: 15866313 | K59: =IF($I59=业绩披露日期!D$7,ROW(),"") | L59: =IF($I59=业绩披露日期!E$7,ROW(),"") | M59: =IF($I59=业绩披露日期!F$7,ROW(),"") | N59: =IF($I59=业绩披露日期!G$7,ROW(),"") | O59: =IF($I59=业绩披露日期!H$7,ROW(),"") | P59: =IF($I59=业绩披露日期!I$7,ROW(),"")
A60: =IF(K60="",0,RANK(K60,K:K,1)) -> 0 | B60: =IF(L60="",0,RANK(L60,L:L,1)) -> 0 | C60: =IF(M60="",0,RANK(M60,M:M,1)) -> 0 | D60: =IF(N60="",0,RANK(N60,N:N,1)) -> 0 | E60: =IF(O60="",0,RANK(O60,O:O,1)) -> 0 | F60: =IF(P60="",0,RANK(P60,P:P,1)) -> 0 | G60: =IF('证券列表 '!B63="","",'证券列表 '!B63) -> CDTG.O | H60: 城道通 | J60: 35845000 | K60: =IF($I60=业绩披露日期!D$7,ROW(),"") | L60: =IF($I60=业绩披露日期!E$7,ROW(),"") | M60: =IF($I60=业绩披露日期!F$7,ROW(),"") | N60: =IF($I60=业绩披露日期!G$7,ROW(),"") | O60: =IF($I60=业绩披露日期!H$7,ROW(),"") | P60: =IF($I60=业绩披露日期!I$7,ROW(),"")
A61: =IF(K61="",0,RANK(K61,K:K,1)) -> 0 | B61: =IF(L61="",0,RANK(L61,L:L,1)) -> 0 | C61: =IF(M61="",0,RANK(M61,M:M,1)) -> 0 | D61: =IF(N61="",0,RANK(N61,N:N,1)) -> 0 | E61: =IF(O61="",0,RANK(O61,O:O,1)) -> 0 | F61: =IF(P61="",0,RANK(P61,P:P,1)) -> 0 | G61: =IF('证券列表 '!B64="","",'证券列表 '!B64) -> CENN.O | H61: 恒源电动汽车 | I61: 45525 | J61: 40694009 | K61: =IF($I61=业绩披露日期!D$7,ROW(),"") | L61: =IF($I61=业绩披露日期!E$7,ROW(),"") | M61: =IF($I61=业绩披露日期!F$7,ROW(),"") | N61: =IF($I61=业绩披露日期!G$7,ROW(),"") | O61: =IF($I61=业绩披露日期!H$7,ROW(),"") | P61: =IF($I61=业绩披露日期!I$7,ROW(),"")
A62: =IF(K62="",0,RANK(K62,K:K,1)) -> 0 | B62: =IF(L62="",0,RANK(L62,L:L,1)) -> 0 | C62: =IF(M62="",0,RANK(M62,M:M,1)) -> 0 | D62: =IF(N62="",0,RANK(N62,N:N,1)) -> 0 | E62: =IF(O62="",0,RANK(O62,O:O,1)) -> 0 | F62: =IF(P62="",0,RANK(P62,P:P,1)) -> 0 | G62: =IF('证券列表 '!B65="","",'证券列表 '!B65) -> CGA.N | H62: 中国绿色农业 | I62: 45342 | J62: 24853144 | K62: =IF($I62=业绩披露日期!D$7,ROW(),"") | L62: =IF($I62=业绩披露日期!E$7,ROW(),"") | M62: =IF($I62=业绩披露日期!F$7,ROW(),"") | N62: =IF($I62=业绩披露日期!G$7,ROW(),"") | O62: =IF($I62=业绩披露日期!H$7,ROW(),"") | P62: =IF($I62=业绩披露日期!I$7,ROW(),"")
A63: =IF(K63="",0,RANK(K63,K:K,1)) -> 0 | B63: =IF(L63="",0,RANK(L63,L:L,1)) -> 0 | C63: =IF(M63="",0,RANK(M63,M:M,1)) -> 0 | D63: =IF(N63="",0,RANK(N63,N:N,1)) -> 0 | E63: =IF(O63="",0,RANK(O63,O:O,1)) -> 0 | F63: =IF(P63="",0,RANK(P63,P:P,1)) -> 0 | G63: =IF('证券列表 '!B66="","",'证券列表 '!B66) -> CHEB.N | H63: CHENGHE ACQUISITION II | J63: 114827500 | K63: =IF($I63=业绩披露日期!D$7,ROW(),"") | L63: =IF($I63=业绩披露日期!E$7,ROW(),"") | M63: =IF($I63=业绩披露日期!F$7,ROW(),"") | N63: =IF($I63=业绩披露日期!G$7,ROW(),"") | O63: =IF($I63=业绩披露日期!H$7,ROW(),"") | P63: =IF($I63=业绩披露日期!I$7,ROW(),"")
A64: =IF(K64="",0,RANK(K64,K:K,1)) -> 0 | B64: =IF(L64="",0,RANK(L64,L:L,1)) -> 0 | C64: =IF(M64="",0,RANK(M64,M:M,1)) -> 0 | D64: =IF(N64="",0,RANK(N64,N:N,1)) -> 0 | E64: =IF(O64="",0,RANK(O64,O:O,1)) -> 0 | F64: =IF(P64="",0,RANK(P64,P:P,1)) -> 0 | G64: =IF('证券列表 '!B67="","",'证券列表 '!B67) -> CHNR.O | H64: 中国天然资源 | J64: 5728064.3 | K64: =IF($I64=业绩披露日期!D$7,ROW(),"") | L64: =IF($I64=业绩披露日期!E$7,ROW(),"") | M64: =IF($I64=业绩披露日期!F$7,ROW(),"") | N64: =IF($I64=业绩披露日期!G$7,ROW(),"") | O64: =IF($I64=业绩披露日期!H$7,ROW(),"") | P64: =IF($I64=业绩披露日期!I$7,ROW(),"")
A65: =IF(K65="",0,RANK(K65,K:K,1)) -> 0 | B65: =IF(L65="",0,RANK(L65,L:L,1)) -> 0 | C65: =IF(M65="",0,RANK(M65,M:M,1)) -> 0 | D65: =IF(N65="",0,RANK(N65,N:N,1)) -> 0 | E65: =IF(O65="",0,RANK(O65,O:O,1)) -> 0 | F65: =IF(P65="",0,RANK(P65,P:P,1)) -> 0 | G65: =IF('证券列表 '!B68="","",'证券列表 '!B68) -> CHR.O | H65: 悦享控股 | J65: 24788219 | K65: =IF($I65=业绩披露日期!D$7,ROW(),"") | L65: =IF($I65=业绩披露日期!E$7,ROW(),"") | M65: =IF($I65=业绩披露日期!F$7,ROW(),"") | N65: =IF($I65=业绩披露日期!G$7,ROW(),"") | O65: =IF($I65=业绩披露日期!H$7,ROW(),"") | P65: =IF($I65=业绩披露日期!I$7,ROW(),"")
A66: =IF(K66="",0,RANK(K66,K:K,1)) -> 0 | B66: =IF(L66="",0,RANK(L66,L:L,1)) -> 0 | C66: =IF(M66="",0,RANK(M66,M:M,1)) -> 0 | D66: =IF(N66="",0,RANK(N66,N:N,1)) -> 0 | E66: =IF(O66="",0,RANK(O66,O:O,1)) -> 0 | F66: =IF(P66="",0,RANK(P66,P:P,1)) -> 0 | G66: =IF('证券列表 '!B69="","",'证券列表 '!B69) -> CHSN.O | H66: 乔治香颂 | J66: 20066890 | K66: =IF($I66=业绩披露日期!D$7,ROW(),"") | L66: =IF($I66=业绩披露日期!E$7,ROW(),"") | M66: =IF($I66=业绩披露日期!F$7,ROW(),"") | N66: =IF($I66=业绩披露日期!G$7,ROW(),"") | O66: =IF($I66=业绩披露日期!H$7,ROW(),"") | P66: =IF($I66=业绩披露日期!I$7,ROW(),"")
A67: =IF(K67="",0,RANK(K67,K:K,1)) -> 0 | B67: =IF(L67="",0,RANK(L67,L:L,1)) -> 0 | C67: =IF(M67="",0,RANK(M67,M:M,1)) -> 0 | D67: =IF(N67="",0,RANK(N67,N:N,1)) -> 0 | E67: =IF(O67="",0,RANK(O67,O:O,1)) -> 0 | F67: =IF(P67="",0,RANK(P67,P:P,1)) -> 0 | G67: =IF('证券列表 '!B70="","",'证券列表 '!B70) -> CJET.O | H67: 驰捷汽车 | J67: 19927690 | K67: =IF($I67=业绩披露日期!D$7,ROW(),"") | L67: =IF($I67=业绩披露日期!E$7,ROW(),"") | M67: =IF($I67=业绩披露日期!F$7,ROW(),"") | N67: =IF($I67=业绩披露日期!G$7,ROW(),"") | O67: =IF($I67=业绩披露日期!H$7,ROW(),"") | P67: =IF($I67=业绩披露日期!I$7,ROW(),"")
A68: =IF(K68="",0,RANK(K68,K:K,1)) -> 0 | B68: =IF(L68="",0,RANK(L68,L:L,1)) -> 0 | C68: =IF(M68="",0,RANK(M68,M:M,1)) -> 0 | D68: =IF(N68="",0,RANK(N68,N:N,1)) -> 0 | E68: =IF(O68="",0,RANK(O68,O:O,1)) -> 0 | F68: =IF(P68="",0,RANK(P68,P:P,1)) -> 0 | G68: =IF('证券列表 '!B71="","",'证券列表 '!B71) -> CJJD.O | H68: 九洲大药房 | J68: 10047656 | K68: =IF($I68=业绩披露日期!D$7,ROW(),"") | L68: =IF($I68=业绩披露日期!E$7,ROW(),"") | M68: =IF($I68=业绩披露日期!F$7,ROW(),"") | N68: =IF($I68=业绩披露日期!G$7,ROW(),"") | O68: =IF($I68=业绩披露日期!H$7,ROW(),"") | P68: =IF($I68=业绩披露日期!I$7,ROW(),"")
A69: =IF(K69="",0,RANK(K69,K:K,1)) -> 0 | B69: =IF(L69="",0,RANK(L69,L:L,1)) -> 0 | C69: =IF(M69="",0,RANK(M69,M:M,1)) -> 0 | D69: =IF(N69="",0,RANK(N69,N:N,1)) -> 0 | E69: =IF(O69="",0,RANK(O69,O:O,1)) -> 0 | F69: =IF(P69="",0,RANK(P69,P:P,1)) -> 0 | G69: =IF('证券列表 '!B72="","",'证券列表 '!B72) -> CLEU.O | H69: 华夏博雅 | J69: 916590.4 | K69: =IF($I69=业绩披露日期!D$7,ROW(),"") | L69: =IF($I69=业绩披露日期!E$7,ROW(),"") | M69: =IF($I69=业绩披露日期!F$7,ROW(),"") | N69: =IF($I69=业绩披露日期!G$7,ROW(),"") | O69: =IF($I69=业绩披露日期!H$7,ROW(),"") | P69: =IF($I69=业绩披露日期!I$7,ROW(),"")
A70: =IF(K70="",0,RANK(K70,K:K,1)) -> 0 | B70: =IF(L70="",0,RANK(L70,L:L,1)) -> 0 | C70: =IF(M70="",0,RANK(M70,M:M,1)) -> 0 | D70: =IF(N70="",0,RANK(N70,N:N,1)) -> 0 | E70: =IF(O70="",0,RANK(O70,O:O,1)) -> 0 | F70: =IF(P70="",0,RANK(P70,P:P,1)) -> 0 | G70: =IF('证券列表 '!B73="","",'证券列表 '!B73) -> CLPS.O | H70: 华钦科技 | I70: 45356 | J70: 34521669 | K70: =IF($I70=业绩披露日期!D$7,ROW(),"") | L70: =IF($I70=业绩披露日期!E$7,ROW(),"") | M70: =IF($I70=业绩披露日期!F$7,ROW(),"") | N70: =IF($I70=业绩披露日期!G$7,ROW(),"") | O70: =IF($I70=业绩披露日期!H$7,ROW(),"") | P70: =IF($I70=业绩披露日期!I$7,ROW(),"")
A71: =IF(K71="",0,RANK(K71,K:K,1)) -> 0 | B71: =IF(L71="",0,RANK(L71,L:L,1)) -> 0 | C71: =IF(M71="",0,RANK(M71,M:M,1)) -> 0 | D71: =IF(N71="",0,RANK(N71,N:N,1)) -> 0 | E71: =IF(O71="",0,RANK(O71,O:O,1)) -> 0 | F71: =IF(P71="",0,RANK(P71,P:P,1)) -> 0 | G71: =IF('证券列表 '!B74="","",'证券列表 '!B74) -> CLWT.O | H71: 欧陆科仪 | J71: 11728774 | K71: =IF($I71=业绩披露日期!D$7,ROW(),"") | L71: =IF($I71=业绩披露日期!E$7,ROW(),"") | M71: =IF($I71=业绩披露日期!F$7,ROW(),"") | N71: =IF($I71=业绩披露日期!G$7,ROW(),"") | O71: =IF($I71=业绩披露日期!H$7,ROW(),"") | P71: =IF($I71=业绩披露日期!I$7,ROW(),"")
A72: =IF(K72="",0,RANK(K72,K:K,1)) -> 0 | B72: =IF(L72="",0,RANK(L72,L:L,1)) -> 0 | C72: =IF(M72="",0,RANK(M72,M:M,1)) -> 0 | D72: =IF(N72="",0,RANK(N72,N:N,1)) -> 0 | E72: =IF(O72="",0,RANK(O72,O:O,1)) -> 0 | F72: =IF(P72="",0,RANK(P72,P:P,1)) -> 0 | G72: =IF('证券列表 '!B75="","",'证券列表 '!B75) -> CMCM.N | H72: 猎豹移动 | J72: 1.0620437e+08 | K72: =IF($I72=业绩披露日期!D$7,ROW(),"") | L72: =IF($I72=业绩披露日期!E$7,ROW(),"") | M72: =IF($I72=业绩披露日期!F$7,ROW(),"") | N72: =IF($I72=业绩披露日期!G$7,ROW(),"") | O72: =IF($I72=业绩披露日期!H$7,ROW(),"") | P72: =IF($I72=业绩披露日期!I$7,ROW(),"")
A73: =IF(K73="",0,RANK(K73,K:K,1)) -> 0 | B73: =IF(L73="",0,RANK(L73,L:L,1)) -> 0 | C73: =IF(M73="",0,RANK(M73,M:M,1)) -> 0 | D73: =IF(N73="",0,RANK(N73,N:N,1)) -> 0 | E73: =IF(O73="",0,RANK(O73,O:O,1)) -> 0 | F73: =IF(P73="",0,RANK(P73,P:P,1)) -> 0 | G73: =IF('证券列表 '!B76="","",'证券列表 '!B76) -> CNET.O | H73: 中网在线 | I73: 45523 | J73: 4360887.5 | K73: =IF($I73=业绩披露日期!D$7,ROW(),"") | L73: =IF($I73=业绩披露日期!E$7,ROW(),"") | M73: =IF($I73=业绩披露日期!F$7,ROW(),"") | N73: =IF($I73=业绩披露日期!G$7,ROW(),"") | O73: =IF($I73=业绩披露日期!H$7,ROW(),"") | P73: =IF($I73=业绩披露日期!I$7,ROW(),"")
A74: =IF(K74="",0,RANK(K74,K:K,1)) -> 0 | B74: =IF(L74="",0,RANK(L74,L:L,1)) -> 0 | C74: =IF(M74="",0,RANK(M74,M:M,1)) -> 0 | D74: =IF(N74="",0,RANK(N74,N:N,1)) -> 0 | E74: =IF(O74="",0,RANK(O74,O:O,1)) -> 0 | F74: =IF(P74="",0,RANK(P74,P:P,1)) -> 0 | G74: =IF('证券列表 '!B77="","",'证券列表 '!B77) -> CNEY.O | H74: 中北能 | J74: 793132.18 | K74: =IF($I74=业绩披露日期!D$7,ROW(),"") | L74: =IF($I74=业绩披露日期!E$7,ROW(),"") | M74: =IF($I74=业绩披露日期!F$7,ROW(),"") | N74: =IF($I74=业绩披露日期!G$7,ROW(),"") | O74: =IF($I74=业绩披露日期!H$7,ROW(),"") | P74: =IF($I74=业绩披露日期!I$7,ROW(),"")
A75: =IF(K75="",0,RANK(K75,K:K,1)) -> 0 | B75: =IF(L75="",0,RANK(L75,L:L,1)) -> 0 | C75: =IF(M75="",0,RANK(M75,M:M,1)) -> 0 | D75: =IF(N75="",0,RANK(N75,N:N,1)) -> 0 | E75: =IF(O75="",0,RANK(O75,O:O,1)) -> 0 | F75: =IF(P75="",0,RANK(P75,P:P,1)) -> 0 | G75: =IF('证券列表 '!B78="","",'证券列表 '!B78) -> CNF.N | H75: 泛华金融 | I75: 45531 | J75: 88470989 | K75: =IF($I75=业绩披露日期!D$7,ROW(),"") | L75: =IF($I75=业绩披露日期!E$7,ROW(),"") | M75: =IF($I75=业绩披露日期!F$7,ROW(),"") | N75: =IF($I75=业绩披露日期!G$7,ROW(),"") | O75: =IF($I75=业绩披露日期!H$7,ROW(),"") | P75: =IF($I75=业绩披露日期!I$7,ROW(),"")
A76: =IF(K76="",0,RANK(K76,K:K,1)) -> 0 | B76: =IF(L76="",0,RANK(L76,L:L,1)) -> 0 | C76: =IF(M76="",0,RANK(M76,M:M,1)) -> 0 | D76: =IF(N76="",0,RANK(N76,N:N,1)) -> 0 | E76: =IF(O76="",0,RANK(O76,O:O,1)) -> 0 | F76: =IF(P76="",0,RANK(P76,P:P,1)) -> 0 | G76: =IF('证券列表 '!B79="","",'证券列表 '!B79) -> CNTB.O | H76: 康乃德 | J76: 70531781 | K76: =IF($I76=业绩披露日期!D$7,ROW(),"") | L76: =IF($I76=业绩披露日期!E$7,ROW(),"") | M76: =IF($I76=业绩披露日期!F$7,ROW(),"") | N76: =IF($I76=业绩披露日期!G$7,ROW(),"") | O76: =IF($I76=业绩披露日期!H$7,ROW(),"") | P76: =IF($I76=业绩披露日期!I$7,ROW(),"")
A77: =IF(K77="",0,RANK(K77,K:K,1)) -> 0 | B77: =IF(L77="",0,RANK(L77,L:L,1)) -> 0 | C77: =IF(M77="",0,RANK(M77,M:M,1)) -> 0 | D77: =IF(N77="",0,RANK(N77,N:N,1)) -> 0 | E77: =IF(O77="",0,RANK(O77,O:O,1)) -> 0 | F77: =IF(P77="",0,RANK(P77,P:P,1)) -> 0 | G77: =IF('证券列表 '!B80="","",'证券列表 '!B80) -> COE.A | H77: 无忧英语 | I77: 45527 | J77: 78830443 | K77: =IF($I77=业绩披露日期!D$7,ROW(),"") | L77: =IF($I77=业绩披露日期!E$7,ROW(),"") | M77: =IF($I77=业绩披露日期!F$7,ROW(),"") | N77: =IF($I77=业绩披露日期!G$7,ROW(),"") | O77: =IF($I77=业绩披露日期!H$7,ROW(),"") | P77: =IF($I77=业绩披露日期!I$7,ROW(),"")
A78: =IF(K78="",0,RANK(K78,K:K,1)) -> 0 | B78: =IF(L78="",0,RANK(L78,L:L,1)) -> 0 | C78: =IF(M78="",0,RANK(M78,M:M,1)) -> 0 | D78: =IF(N78="",0,RANK(N78,N:N,1)) -> 0 | E78: =IF(O78="",0,RANK(O78,O:O,1)) -> 0 | F78: =IF(P78="",0,RANK(P78,P:P,1)) -> 0 | G78: =IF('证券列表 '!B81="","",'证券列表 '!B81) -> CPHI.A | H78: 惠普森医药 | I78: 45523 | J78: 3587019.1 | K78: =IF($I78=业绩披露日期!D$7,ROW(),"") | L78: =IF($I78=业绩披露日期!E$7,ROW(),"") | M78: =IF($I78=业绩披露日期!F$7,ROW(),"") | N78: =IF($I78=业绩披露日期!G$7,ROW(),"") | O78: =IF($I78=业绩披露日期!H$7,ROW(),"") | P78: =IF($I78=业绩披露日期!I$7,ROW(),"")
A79: =IF(K79="",0,RANK(K79,K:K,1)) -> 0 | B79: =IF(L79="",0,RANK(L79,L:L,1)) -> 0 | C79: =IF(M79="",0,RANK(M79,M:M,1)) -> 0 | D79: =IF(N79="",0,RANK(N79,N:N,1)) -> 0 | E79: =IF(O79="",0,RANK(O79,O:O,1)) -> 0 | F79: =IF(P79="",0,RANK(P79,P:P,1)) -> 0 | G79: =IF('证券列表 '!B82="","",'证券列表 '!B82) -> CPOP.O | H79: 普普文化 | J79: 4332945.1 | K79: =IF($I79=业绩披露日期!D$7,ROW(),"") | L79: =IF($I79=业绩披露日期!E$7,ROW(),"") | M79: =IF($I79=业绩披露日期!F$7,ROW(),"") | N79: =IF($I79=业绩披露日期!G$7,ROW(),"") | O79: =IF($I79=业绩披露日期!H$7,ROW(),"") | P79: =IF($I79=业绩披露日期!I$7,ROW(),"")
A80: =IF(K80="",0,RANK(K80,K:K,1)) -> 0 | B80: =IF(L80="",0,RANK(L80,L:L,1)) -> 0 | C80: =IF(M80="",0,RANK(M80,M:M,1)) -> 0 | D80: =IF(N80="",0,RANK(N80,N:N,1)) -> 0 | E80: =IF(O80="",0,RANK(O80,O:O,1)) -> 0 | F80: =IF(P80="",0,RANK(P80,P:P,1)) -> 0 | G80: =IF('证券列表 '!B83="","",'证券列表 '!B83) -> CREG.O | H80: 中国循环能源 | I80: 45520 | J80: 7538637 | K80: =IF($I80=业绩披露日期!D$7,ROW(),"") | L80: =IF($I80=业绩披露日期!E$7,ROW(),"") | M80: =IF($I80=业绩披露日期!F$7,ROW(),"") | N80: =IF($I80=业绩披露日期!G$7,ROW(),"") | O80: =IF($I80=业绩披露日期!H$7,ROW(),"") | P80: =IF($I80=业绩披露日期!I$7,ROW(),"")
A81: =IF(K81="",0,RANK(K81,K:K,1)) -> 0 | B81: =IF(L81="",0,RANK(L81,L:L,1)) -> 0 | C81: =IF(M81="",0,RANK(M81,M:M,1)) -> 0 | D81: =IF(N81="",0,RANK(N81,N:N,1)) -> 0 | E81: =IF(O81="",0,RANK(O81,O:O,1)) -> 0 | F81: =IF(P81="",0,RANK(P81,P:P,1)) -> 0 | G81: =IF('证券列表 '!B84="","",'证券列表 '!B84) -> CSIQ.O | H81: 阿特斯太阳能 | I81: 45526 | J81: 8.2784827e+08 | K81: =IF($I81=业绩披露日期!D$7,ROW(),"") | L81: =IF($I81=业绩披露日期!E$7,ROW(),"") | M81: =IF($I81=业绩披露日期!F$7,ROW(),"") | N81: =IF($I81=业绩披露日期!G$7,ROW(),"") | O81: =IF($I81=业绩披露日期!H$7,ROW(),"") | P81: =IF($I81=业绩披露日期!I$7,ROW(),"")
A82: =IF(K82="",0,RANK(K82,K:K,1)) -> 0 | B82: =IF(L82="",0,RANK(L82,L:L,1)) -> 0 | C82: =IF(M82="",0,RANK(M82,M:M,1)) -> 0 | D82: =IF(N82="",0,RANK(N82,N:N,1)) -> 0 | E82: =IF(O82="",0,RANK(O82,O:O,1)) -> 0 | F82: =IF(P82="",0,RANK(P82,P:P,1)) -> 0 | G82: =IF('证券列表 '!B85="","",'证券列表 '!B85) -> CYD.N | H82: 玉柴国际 | I82: 45516 | J82: 4.5189269e+08 | K82: =IF($I82=业绩披露日期!D$7,ROW(),"") | L82: =IF($I82=业绩披露日期!E$7,ROW(),"") | M82: =IF($I82=业绩披露日期!F$7,ROW(),"") | N82: =IF($I82=业绩披露日期!G$7,ROW(),"") | O82: =IF($I82=业绩披露日期!H$7,ROW(),"") | P82: =IF($I82=业绩披露日期!I$7,ROW(),"")
A83: =IF(K83="",0,RANK(K83,K:K,1)) -> 0 | B83: =IF(L83="",0,RANK(L83,L:L,1)) -> 0 | C83: =IF(M83="",0,RANK(M83,M:M,1)) -> 0 | D83: =IF(N83="",0,RANK(N83,N:N,1)) -> 0 | E83: =IF(O83="",0,RANK(O83,O:O,1)) -> 0 | F83: =IF(P83="",0,RANK(P83,P:P,1)) -> 0 | G83: =IF('证券列表 '!B86="","",'证券列表 '!B86) -> DADA.O | H83: 达达集团 | I83: 45524 | J83: 2.9363525e+08 | K83: =IF($I83=业绩披露日期!D$7,ROW(),"") | L83: =IF($I83=业绩披露日期!E$7,ROW(),"") | M83: =IF($I83=业绩披露日期!F$7,ROW(),"") | N83: =IF($I83=业绩披露日期!G$7,ROW(),"") | O83: =IF($I83=业绩披露日期!H$7,ROW(),"") | P83: =IF($I83=业绩披露日期!I$7,ROW(),"")
A84: =IF(K84="",0,RANK(K84,K:K,1)) -> 0 | B84: =IF(L84="",0,RANK(L84,L:L,1)) -> 0 | C84: =IF(M84="",0,RANK(M84,M:M,1)) -> 0 | D84: =IF(N84="",0,RANK(N84,N:N,1)) -> 0 | E84: =IF(O84="",0,RANK(O84,O:O,1)) -> 0 | F84: =IF(P84="",0,RANK(P84,P:P,1)) -> 0 | G84: =IF('证券列表 '!B87="","",'证券列表 '!B87) -> DAO.N | H84: 有道 | I84: 45526 | J84: 3.8365581e+08 | K84: =IF($I84=业绩披露日期!D$7,ROW(),"") | L84: =IF($I84=业绩披露日期!E$7,ROW(),"") | M84: =IF($I84=业绩披露日期!F$7,ROW(),"") | N84: =IF($I84=业绩披露日期!G$7,ROW(),"") | O84: =IF($I84=业绩披露日期!H$7,ROW(),"") | P84: =IF($I84=业绩披露日期!I$7,ROW(),"")
A85: =IF(K85="",0,RANK(K85,K:K,1)) -> 0 | B85: =IF(L85="",0,RANK(L85,L:L,1)) -> 0 | C85: =IF(M85="",0,RANK(M85,M:M,1)) -> 0 | D85: =IF(N85="",0,RANK(N85,N:N,1)) -> 0 | E85: =IF(O85="",0,RANK(O85,O:O,1)) -> 0 | F85: =IF(P85="",0,RANK(P85,P:P,1)) -> 0 | G85: =IF('证券列表 '!B88="","",'证券列表 '!B88) -> DDC.A | H85: 日日煮 | J85: 9261332.7 | K85: =IF($I85=业绩披露日期!D$7,ROW(),"") | L85: =IF($I85=业绩披露日期!E$7,ROW(),"") | M85: =IF($I85=业绩披露日期!F$7,ROW(),"") | N85: =IF($I85=业绩披露日期!G$7,ROW(),"") | O85: =IF($I85=业绩披露日期!H$7,ROW(),"") | P85: =IF($I85=业绩披露日期!I$7,ROW(),"")
A86: =IF(K86="",0,RANK(K86,K:K,1)) -> 0 | B86: =IF(L86="",0,RANK(L86,L:L,1)) -> 0 | C86: =IF(M86="",0,RANK(M86,M:M,1)) -> 0 | D86: =IF(N86="",0,RANK(N86,N:N,1)) -> 0 | E86: =IF(O86="",0,RANK(O86,O:O,1)) -> 0 | F86: =IF(P86="",0,RANK(P86,P:P,1)) -> 0 | G86: =IF('证券列表 '!B89="","",'证券列表 '!B89) -> DDL.N | H86: 叮咚买菜 | I86: 45511 | J86: 5.102518e+08 | K86: =IF($I86=业绩披露日期!D$7,ROW(),"") | L86: =IF($I86=业绩披露日期!E$7,ROW(),"") | M86: =IF($I86=业绩披露日期!F$7,ROW(),"") | N86: =IF($I86=业绩披露日期!G$7,ROW(),"") | O86: =IF($I86=业绩披露日期!H$7,ROW(),"") | P86: =IF($I86=业绩披露日期!I$7,ROW(),"")
A87: =IF(K87="",0,RANK(K87,K:K,1)) -> 0 | B87: =IF(L87="",0,RANK(L87,L:L,1)) -> 0 | C87: =IF(M87="",0,RANK(M87,M:M,1)) -> 0 | D87: =IF(N87="",0,RANK(N87,N:N,1)) -> 0 | E87: =IF(O87="",0,RANK(O87,O:O,1)) -> 0 | F87: =IF(P87="",0,RANK(P87,P:P,1)) -> 0 | G87: =IF('证券列表 '!B90="","",'证券列表 '!B90) -> DOGZ.O | H87: 多尼斯 | J87: 2.7225262e+08 | K87: =IF($I87=业绩披露日期!D$7,ROW(),"") | L87: =IF($I87=业绩披露日期!E$7,ROW(),"") | M87: =IF($I87=业绩披露日期!F$7,ROW(),"") | N87: =IF($I87=业绩披露日期!G$7,ROW(),"") | O87: =IF($I87=业绩披露日期!H$7,ROW(),"") | P87: =IF($I87=业绩披露日期!I$7,ROW(),"")
A88: =IF(K88="",0,RANK(K88,K:K,1)) -> 0 | B88: =IF(L88="",0,RANK(L88,L:L,1)) -> 0 | C88: =IF(M88="",0,RANK(M88,M:M,1)) -> 0 | D88: =IF(N88="",0,RANK(N88,N:N,1)) -> 1 | E88: =IF(O88="",0,RANK(O88,O:O,1)) -> 0 | F88: =IF(P88="",0,RANK(P88,P:P,1)) -> 0 | G88: =IF('证券列表 '!B91="","",'证券列表 '!B91) -> DOYU.O | H88: 斗鱼 | I88: 45537 | J88: 5.8810532e+08 | K88: =IF($I88=业绩披露日期!D$7,ROW(),"") | L88: =IF($I88=业绩披露日期!E$7,ROW(),"") | M88: =IF($I88=业绩披露日期!F$7,ROW(),"") | N88: =IF($I88=业绩披露日期!G$7,ROW(),"") -> 88 | O88: =IF($I88=业绩披露日期!H$7,ROW(),"") | P88: =IF($I88=业绩披露日期!I$7,ROW(),"")
A89: =IF(K89="",0,RANK(K89,K:K,1)) -> 0 | B89: =IF(L89="",0,RANK(L89,L:L,1)) -> 0 | C89: =IF(M89="",0,RANK(M89,M:M,1)) -> 0 | D89: =IF(N89="",0,RANK(N89,N:N,1)) -> 0 | E89: =IF(O89="",0,RANK(O89,O:O,1)) -> 0 | F89: =IF(P89="",0,RANK(P89,P:P,1)) -> 0 | G89: =IF('证券列表 '!B92="","",'证券列表 '!B92) -> DQ.N | H89: 大全新能源 | I89: 45530 | J89: 9.6106849e+08 | K89: =IF($I89=业绩披露日期!D$7,ROW(),"") | L89: =IF($I89=业绩披露日期!E$7,ROW(),"") | M89: =IF($I89=业绩披露日期!F$7,ROW(),"") | N89: =IF($I89=业绩披露日期!G$7,ROW(),"") | O89: =IF($I89=业绩披露日期!H$7,ROW(),"") | P89: =IF($I89=业绩披露日期!I$7,ROW(),"")
A90: =IF(K90="",0,RANK(K90,K:K,1)) -> 0 | B90: =IF(L90="",0,RANK(L90,L:L,1)) -> 0 | C90: =IF(M90="",0,RANK(M90,M:M,1)) -> 0 | D90: =IF(N90="",0,RANK(N90,N:N,1)) -> 0 | E90: =IF(O90="",0,RANK(O90,O:O,1)) -> 0 | F90: =IF(P90="",0,RANK(P90,P:P,1)) -> 0 | G90: =IF('证券列表 '!B93="","",'证券列表 '!B93) -> DSWL.O | H90: 德斯维尔工业 | J90: 38403926 | K90: =IF($I90=业绩披露日期!D$7,ROW(),"") | L90: =IF($I90=业绩披露日期!E$7,ROW(),"") | M90: =IF($I90=业绩披露日期!F$7,ROW(),"") | N90: =IF($I90=业绩披露日期!G$7,ROW(),"") | O90: =IF($I90=业绩披露日期!H$7,ROW(),"") | P90: =IF($I90=业绩披露日期!I$7,ROW(),"")
A91: =IF(K91="",0,RANK(K91,K:K,1)) -> 0 | B91: =IF(L91="",0,RANK(L91,L:L,1)) -> 0 | C91: =IF(M91="",0,RANK(M91,M:M,1)) -> 0 | D91: =IF(N91="",0,RANK(N91,N:N,1)) -> 0 | E91: =IF(O91="",0,RANK(O91,O:O,1)) -> 0 | F91: =IF(P91="",0,RANK(P91,P:P,1)) -> 0 | G91: =IF('证券列表 '!B94="","",'证券列表 '!B94) -> DSY.O | H91: 大树云 | J91: 2.8140709e+08 | K91: =IF($I91=业绩披露日期!D$7,ROW(),"") | L91: =IF($I91=业绩披露日期!E$7,ROW(),"") | M91: =IF($I91=业绩披露日期!F$7,ROW(),"") | N91: =IF($I91=业绩披露日期!G$7,ROW(),"") | O91: =IF($I91=业绩披露日期!H$7,ROW(),"") | P91: =IF($I91=业绩披露日期!I$7,ROW(),"")
A92: =IF(K92="",0,RANK(K92,K:K,1)) -> 0 | B92: =IF(L92="",0,RANK(L92,L:L,1)) -> 0 | C92: =IF(M92="",0,RANK(M92,M:M,1)) -> 0 | D92: =IF(N92="",0,RANK(N92,N:N,1)) -> 0 | E92: =IF(O92="",0,RANK(O92,O:O,1)) -> 0 | F92: =IF(P92="",0,RANK(P92,P:P,1)) -> 0 | G92: =IF('证券列表 '!B95="","",'证券列表 '!B95) -> DTSS.O | H92: 数海信息 | J92: 6268785.2 | K92: =IF($I92=业绩披露日期!D$7,ROW(),"") | L92: =IF($I92=业绩披露日期!E$7,ROW(),"") | M92: =IF($I92=业绩披露日期!F$7,ROW(),"") | N92: =IF($I92=业绩披露日期!G$7,ROW(),"") | O92: =IF($I92=业绩披露日期!H$7,ROW(),"") | P92: =IF($I92=业绩披露日期!I$7,ROW(),"")
A93: =IF(K93="",0,RANK(K93,K:K,1)) -> 0 | B93: =IF(L93="",0,RANK(L93,L:L,1)) -> 0 | C93: =IF(M93="",0,RANK(M93,M:M,1)) -> 0 | D93: =IF(N93="",0,RANK(N93,N:N,1)) -> 0 | E93: =IF(O93="",0,RANK(O93,O:O,1)) -> 0 | F93: =IF(P93="",0,RANK(P93,P:P,1)) -> 0 | G93: =IF('证券列表 '!B96="","",'证券列表 '!B96) -> DUO.O | H93: 房多多 | J93: 2798469.3 | K93: =IF($I93=业绩披露日期!D$7,ROW(),"") | L93: =IF($I93=业绩披露日期!E$7,ROW(),"") | M93: =IF($I93=业绩披露日期!F$7,ROW(),"") | N93: =IF($I93=业绩披露日期!G$7,ROW(),"") | O93: =IF($I93=业绩披露日期!H$7,ROW(),"") | P93: =IF($I93=业绩披露日期!I$7,ROW(),"")
A94: =IF(K94="",0,RANK(K94,K:K,1)) -> 0 | B94: =IF(L94="",0,RANK(L94,L:L,1)) -> 0 | C94: =IF(M94="",0,RANK(M94,M:M,1)) -> 0 | D94: =IF(N94="",0,RANK(N94,N:N,1)) -> 0 | E94: =IF(O94="",0,RANK(O94,O:O,1)) -> 0 | F94: =IF(P94="",0,RANK(P94,P:P,1)) -> 0 | G94: =IF('证券列表 '!B97="","",'证券列表 '!B97) -> DXF.A | H94: 敦信金融 | J94: 3609592.6 | K94: =IF($I94=业绩披露日期!D$7,ROW(),"") | L94: =IF($I94=业绩披露日期!E$7,ROW(),"") | M94: =IF($I94=业绩披露日期!F$7,ROW(),"") | N94: =IF($I94=业绩披露日期!G$7,ROW(),"") | O94: =IF($I94=业绩披露日期!H$7,ROW(),"") | P94: =IF($I94=业绩披露日期!I$7,ROW(),"")
A95: =IF(K95="",0,RANK(K95,K:K,1)) -> 0 | B95: =IF(L95="",0,RANK(L95,L:L,1)) -> 0 | C95: =IF(M95="",0,RANK(M95,M:M,1)) -> 0 | D95: =IF(N95="",0,RANK(N95,N:N,1)) -> 0 | E95: =IF(O95="",0,RANK(O95,O:O,1)) -> 0 | F95: =IF(P95="",0,RANK(P95,P:P,1)) -> 0 | G95: =IF('证券列表 '!B98="","",'证券列表 '!B98) -> EBON.O | H95: 亿邦通信 | J95: 35476587 | K95: =IF($I95=业绩披露日期!D$7,ROW(),"") | L95: =IF($I95=业绩披露日期!E$7,ROW(),"") | M95: =IF($I95=业绩披露日期!F$7,ROW(),"") | N95: =IF($I95=业绩披露日期!G$7,ROW(),"") | O95: =IF($I95=业绩披露日期!H$7,ROW(),"") | P95: =IF($I95=业绩披露日期!I$7,ROW(),"")
A96: =IF(K96="",0,RANK(K96,K:K,1)) -> 0 | B96: =IF(L96="",0,RANK(L96,L:L,1)) -> 0 | C96: =IF(M96="",0,RANK(M96,M:M,1)) -> 0 | D96: =IF(N96="",0,RANK(N96,N:N,1)) -> 0 | E96: =IF(O96="",0,RANK(O96,O:O,1)) -> 0 | F96: =IF(P96="",0,RANK(P96,P:P,1)) -> 0 | G96: =IF('证券列表 '!B99="","",'证券列表 '!B99) -> ECX.O | H96: 亿咖通科技 | I96: 45512 | J96: 6.0175964e+08 | K96: =IF($I96=业绩披露日期!D$7,ROW(),"") | L96: =IF($I96=业绩披露日期!E$7,ROW(),"") | M96: =IF($I96=业绩披露日期!F$7,ROW(),"") | N96: =IF($I96=业绩披露日期!G$7,ROW(),"") | O96: =IF($I96=业绩披露日期!H$7,ROW(),"") | P96: =IF($I96=业绩披露日期!I$7,ROW(),"")
A97: =IF(K97="",0,RANK(K97,K:K,1)) -> 0 | B97: =IF(L97="",0,RANK(L97,L:L,1)) -> 0 | C97: =IF(M97="",0,RANK(M97,M:M,1)) -> 0 | D97: =IF(N97="",0,RANK(N97,N:N,1)) -> 0 | E97: =IF(O97="",0,RANK(O97,O:O,1)) -> 0 | F97: =IF(P97="",0,RANK(P97,P:P,1)) -> 0 | G97: =IF('证券列表 '!B100="","",'证券列表 '!B100) -> EDTK.O | H97: 王道科技 | J97: 17522396 | K97: =IF($I97=业绩披露日期!D$7,ROW(),"") | L97: =IF($I97=业绩披露日期!E$7,ROW(),"") | M97: =IF($I97=业绩披露日期!F$7,ROW(),"") | N97: =IF($I97=业绩披露日期!G$7,ROW(),"") | O97: =IF($I97=业绩披露日期!H$7,ROW(),"") | P97: =IF($I97=业绩披露日期!I$7,ROW(),"")
A98: =IF(K98="",0,RANK(K98,K:K,1)) -> 0 | B98: =IF(L98="",0,RANK(L98,L:L,1)) -> 0 | C98: =IF(M98="",0,RANK(M98,M:M,1)) -> 0 | D98: =IF(N98="",0,RANK(N98,N:N,1)) -> 0 | E98: =IF(O98="",0,RANK(O98,O:O,1)) -> 0 | F98: =IF(P98="",0,RANK(P98,P:P,1)) -> 0 | G98: =IF('证券列表 '!B101="","",'证券列表 '!B101) -> EDU.N | H98: 新东方 | I98: 45314 | J98: 1.0144497e+10 | K98: =IF($I98=业绩披露日期!D$7,ROW(),"") | L98: =IF($I98=业绩披露日期!E$7,ROW(),"") | M98: =IF($I98=业绩披露日期!F$7,ROW(),"") | N98: =IF($I98=业绩披露日期!G$7,ROW(),"") | O98: =IF($I98=业绩披露日期!H$7,ROW(),"") | P98: =IF($I98=业绩披露日期!I$7,ROW(),"")
A99: =IF(K99="",0,RANK(K99,K:K,1)) -> 0 | B99: =IF(L99="",0,RANK(L99,L:L,1)) -> 0 | C99: =IF(M99="",0,RANK(M99,M:M,1)) -> 0 | D99: =IF(N99="",0,RANK(N99,N:N,1)) -> 0 | E99: =IF(O99="",0,RANK(O99,O:O,1)) -> 0 | F99: =IF(P99="",0,RANK(P99,P:P,1)) -> 0 | G99: =IF('证券列表 '!B102="","",'证券列表 '!B102) -> EH.O | H99: 亿航智能 | I99: 45526 | J99: 9.355405e+08 | K99: =IF($I99=业绩披露日期!D$7,ROW(),"") | L99: =IF($I99=业绩披露日期!E$7,ROW(),"") | M99: =IF($I99=业绩披露日期!F$7,ROW(),"") | N99: =IF($I99=业绩披露日期!G$7,ROW(),"") | O99: =IF($I99=业绩披露日期!H$7,ROW(),"") | P99: =IF($I99=业绩披露日期!I$7,ROW(),"")
A100: =IF(K100="",0,RANK(K100,K:K,1)) -> 0 | B100: =IF(L100="",0,RANK(L100,L:L,1)) -> 0 | C100: =IF(M100="",0,RANK(M100,M:M,1)) -> 0 | D100: =IF(N100="",0,RANK(N100,N:N,1)) -> 0 | E100: =IF(O100="",0,RANK(O100,O:O,1)) -> 0 | F100: =IF(P100="",0,RANK(P100,P:P,1)) -> 0 | G100: =IF('证券列表 '!B103="","",'证券列表 '!B103) -> EHGO.O | H100: 一修哥 | J100: 46947600 | K100: =IF($I100=业绩披露日期!D$7,ROW(),"") | L100: =IF($I100=业绩披露日期!E$7,ROW(),"") | M100: =IF($I100=业绩披露日期!F$7,ROW(),"") | N100: =IF($I100=业绩披露日期!G$7,ROW(),"") | O100: =IF($I100=业绩披露日期!H$7,ROW(),"") | P100: =IF($I100=业绩披露日期!I$7,ROW(),"")
...
