Workbook

Sheet 基本资料
N1: 可比ETF-基本资料 | AB1: 最近更新： | AC1: =TODAY() -> 45489
C4: 基础信息 | M4: 基本资料
C6: 时间 | D6: 日期 | E6: 月份 | F6: 季度 | G6: 年份 | H6: 年初 | I6: 年底 | M6: Wind代码 | N6: ETF场内简称 | O6: 基金管理人 | P6: 上市日期 | Q6: ETF资产净值 | R6: 行情速览 | U6: 跟踪指数 | V6: 跟踪指数总市值 | W6: 跟踪指数EPS | X6: 跟踪指数P/E(TTM) | Z6: 跟踪指数P/B(MRQ) | AB6: 跟踪指数股息率(近12个月）
C7: 今日 | D7: =TODAY() -> 45489 | E7: =MONTH(D7) -> 7 | F7: =LEN(2^E7) -> 3 | G7: =YEAR(D7) -> 2024 | H7: =DATE(YEAR(D7),1,1) -> 45292 | I7: =DATE(YEAR(D7),12,31) -> 45657 | R7: 最近交易日 | S7: 最新收盘价 | T7: 最新涨跌幅(%) | X7: 最新PE(TTM) | Y7: 分位数 | Z7: 最新PB(MRQ) | AA7: 分位数 | AB7: 股息率(近12个月） | AC7: 分位数
C8: 1年前 | D8: =DATE(YEAR(D7)-1,MONTH(D7),DAY(D7)) -> 45123 | E8: =MONTH(D8) -> 7 | F8: =LEN(2^E8) -> 3 | G8: =YEAR(D8) -> 2023 | H8: =DATE(YEAR(D8),1,1) -> 44927 | I8: =DATE(YEAR(D8),12,31) -> 45291 | M8: 515220.SH | N8: =[1]!f_info_exchangeshortname(M8) -> 煤炭ETF | O8: =[1]!f_info_mgrcomp(M8) -> 国泰基金管理有限公司 | P8: =[1]!f_info_setupdate(M8) -> 2020-01-20 | Q8: =[1]!f_etf_netasset(M8,表1[[#This Row],[列10]]) -> 2.8961726e+09 | R8: =[1]!lastradeday_s(M8,$D$7) -> 2024-07-16 | S8: =[1]!s_dq_close(M8,R8,3) -> 1.177 | T8: =[1]!s_dq_pctchange(M8,R8) -> -0.084889643 | U8: =[1]!f_info_trackindexcode(M8) -> 399998.SZ | V8: =[1]!s_val_mv_ard(表1[[#This Row],[列18]],R8) -> 1927158140997 | W8: =[1]!s_fa_eps_ttm2(表1[[#This Row],[列18]],表1[[#This Row],[列10]]) -> 1.0427596 | X8: =[1]!s_val_pe_ttm(表1[[#This Row],[列18]],R8) -> 12.3405 | Y8: =[1]!i_val_pe_percentile(表1[[#This Row],[列18]],R8,$D$9,R8) -> 90.269151 | Z8: =[1]!i_val_pb_mrqwgt(表1[[#This Row],[列18]],R8) -> 1.6778 | AA8: =[1]!i_val_pb_percentile(表1[[#This Row],[列18]],R8,$D$9,R8) -> 83.022774 | AB8: =[1]!s_val_dividendyield2(表1[[#This Row],[列18]],R8) -> 5.9902 | AC8: =[1]!i_val_dividend_percentile(表1[[#This Row],[列18]],R8,$D$9,R8) -> 8.9026915
C9: 2年前 | D9: =DATE(YEAR(D8)-1,MONTH(D8),DAY(D8)) -> 44758 | E9: =MONTH(D9) -> 7 | F9: =LEN(2^E9) -> 3 | G9: =YEAR(D9) -> 2022 | H9: =DATE(YEAR(D9),1,1) -> 44562 | I9: =DATE(YEAR(D9),12,31) -> 44926 | M9: 510880.SH | N9: =[1]!f_info_exchangeshortname(M9) -> 红利ETF | O9: =[1]!f_info_mgrcomp(M9) -> 华泰柏瑞基金管理有限公司 | P9: =[1]!f_info_setupdate(M9) -> 2006-11-17 | Q9: =[1]!f_etf_netasset(M9,表1[[#This Row],[列10]]) -> 1.8145996e+10 | R9: =[1]!lastradeday_s(M9,$D$7) -> 2024-07-16 | S9: =[1]!s_dq_close(M9,R9,3) -> 3.182 | T9: =[1]!s_dq_pctchange(M9,R9) -> -0.40688576 | U9: =[1]!f_info_trackindexcode(M9) -> 000015.SH | V9: =[1]!s_val_mv_ard(表1[[#This Row],[列18]],R9) -> 11865150431786 | W9: =[1]!s_fa_eps_ttm2(表1[[#This Row],[列18]],表1[[#This Row],[列10]]) -> 0.96797392 | X9: =[1]!s_val_pe_ttm(表1[[#This Row],[列18]],R9) -> 6.8381 | Y9: =[1]!i_val_pe_percentile(表1[[#This Row],[列18]],R9,$D$9,R9) -> 99.792961 | Z9: =[1]!i_val_pb_mrqwgt(表1[[#This Row],[列18]],R9) -> 1.1712 | AA9: =[1]!i_val_pb_percentile(表1[[#This Row],[列18]],R9,$D$9,R9) -> 100 | AB9: =[1]!s_val_dividendyield2(表1[[#This Row],[列18]],R9) -> 6.0611 | AC9: =[1]!i_val_dividend_percentile(表1[[#This Row],[列18]],R9,$D$9,R9) -> 18.84058
C10: 10年前 | D10: =DATE(YEAR(D9)-8,MONTH(D9),DAY(D9)) -> 41836 | E10: =MONTH(D10) -> 7 | F10: =LEN(2^E10) -> 3 | G10: =YEAR(D10) -> 2014 | H10: =DATE(YEAR(D10),1,1) -> 41640 | I10: =DATE(YEAR(D10),12,31) -> 42004 | M10: 512800.SH | N10: =[1]!f_info_exchangeshortname(M10) -> 银行ETF | O10: =[1]!f_info_mgrcomp(M10) -> 华宝基金管理有限公司 | P10: =[1]!f_info_setupdate(M10) -> 2017-07-18 | Q10: =[1]!f_etf_netasset(M10,表1[[#This Row],[列10]]) -> 4955811834 | R10: =[1]!lastradeday_s(M10,$D$7) -> 2024-07-16 | S10: =[1]!s_dq_close(M10,R10,3) -> 1.299 | T10: =[1]!s_dq_pctchange(M10,R10) -> -0.38343558 | U10: =[1]!f_info_trackindexcode(M10) -> 399986.SZ | V10: =[1]!s_val_mv_ard(表1[[#This Row],[列18]],R10) -> 11989828154759 | W10: =[1]!s_fa_eps_ttm2(表1[[#This Row],[列18]],表1[[#This Row],[列10]]) -> 1.1064075 | X10: =[1]!s_val_pe_ttm(表1[[#This Row],[列18]],R10) -> 5.7329998 | Y10: =[1]!i_val_pe_percentile(表1[[#This Row],[列18]],R10,$D$9,R10) -> 100 | Z10: =[1]!i_val_pb_mrqwgt(表1[[#This Row],[列18]],R10) -> 0.6276 | AA10: =[1]!i_val_pb_percentile(表1[[#This Row],[列18]],R10,$D$9,R10) -> 99.792961 | AB10: =[1]!s_val_dividendyield2(表1[[#This Row],[列18]],R10) -> 6.1937 | AC10: =[1]!i_val_dividend_percentile(表1[[#This Row],[列18]],R10,$D$9,R10) -> 95.652174
C11: 1年后 | D11: =DATE(YEAR(D7)+1,MONTH(D7),DAY(D7)) -> 45854 | E11: =MONTH(D11) -> 7 | F11: =LEN(2^E11) -> 3 | G11: =YEAR(D11) -> 2025 | H11: =DATE(YEAR(D11),1,1) -> 45658 | I11: =DATE(YEAR(D11),12,31) -> 46022 | M11: 517090.SH | N11: =[1]!f_info_exchangeshortname(M11) -> 共赢ETF | O11: =[1]!f_info_mgrcomp(M11) -> 国泰基金管理有限公司 | P11: =[1]!f_info_setupdate(M11) -> 2021-12-17 | Q11: =[1]!f_etf_netasset(M11,表1[[#This Row],[列10]]) -> 5.8876341e+08 | R11: =[1]!lastradeday_s(M11,$D$7) -> 2024-07-16 | S11: =[1]!s_dq_close(M11,R11,3) -> 1.514 | T11: =[1]!s_dq_pctchange(M11,R11) -> 0.39787798 | U11: =[1]!f_info_trackindexcode(M11) -> GPCCH003.FI | V11: =[1]!s_val_mv_ard(表1[[#This Row],[列18]],R11) -> 18933778845672 | W11: =[1]!s_fa_eps_ttm2(表1[[#This Row],[列18]],表1[[#This Row],[列10]]) -> 0 | X11: =[1]!s_val_pe_ttm(表1[[#This Row],[列18]],R11) -> 12.1988 | Y11: =[1]!i_val_pe_percentile(表1[[#This Row],[列18]],R11,$D$9,R11) -> 96.618357 | Z11: =[1]!i_val_pb_mrqwgt(表1[[#This Row],[列18]],R11) -> 1.1218 | AA11: =[1]!i_val_pb_percentile(表1[[#This Row],[列18]],R11,$D$9,R11) -> 97.584541 | AB11: =[1]!s_val_dividendyield2(表1[[#This Row],[列18]],R11) -> 3.8162 | AC11: =[1]!i_val_dividend_percentile(表1[[#This Row],[列18]],R11,$D$9,R11) -> 1.4492754
C12: 2年后 | D12: =DATE(YEAR(D11)+1,MONTH(D8),DAY(D8)) -> 46219 | E12: =MONTH(D12) -> 7 | F12: =LEN(2^E12) -> 3 | G12: =YEAR(D12) -> 2026 | H12: =DATE(YEAR(D12),1,1) -> 46023 | I12: =DATE(YEAR(D12),12,31) -> 46387 | M12: 512200.SH | N12: =[1]!f_info_exchangeshortname(M12) -> 地产ETF | O12: =[1]!f_info_mgrcomp(M12) -> 南方基金管理股份有限公司 | P12: =[1]!f_info_setupdate(M12) -> 2017-08-25 | Q12: =[1]!f_etf_netasset(M12,表1[[#This Row],[列10]]) -> 4239605986 | R12: =[1]!lastradeday_s(M12,$D$7) -> 2024-07-16 | S12: =[1]!s_dq_close(M12,R12,3) -> 0.426 | T12: =[1]!s_dq_pctchange(M12,R12) -> 0.47169811 | U12: =[1]!f_info_trackindexcode(M12) -> 931775.CSI | V12: =[1]!s_val_mv_ard(表1[[#This Row],[列18]],R12) -> 9.239764e+11 | W12: =[1]!s_fa_eps_ttm2(表1[[#This Row],[列18]],表1[[#This Row],[列10]]) -> -0.07988471 | X12: =[1]!s_val_pe_ttm(表1[[#This Row],[列18]],R12) -> 0 | Y12: =[1]!i_val_pe_percentile(表1[[#This Row],[列18]],R12,$D$9,R12) -> 0 | Z12: =[1]!i_val_pb_mrqwgt(表1[[#This Row],[列18]],R12) -> 1.022 | AA12: =[1]!i_val_pb_percentile(表1[[#This Row],[列18]],R12,$D$9,R12) -> 3.1055901 | AB12: =[1]!s_val_dividendyield2(表1[[#This Row],[列18]],R12) -> 1.8557 | AC12: =[1]!i_val_dividend_percentile(表1[[#This Row],[列18]],R12,$D$9,R12) -> 3.7267081
M13: 515790.SH | N13: =[1]!f_info_exchangeshortname(M13) -> 光伏ETF | O13: =[1]!f_info_mgrcomp(M13) -> 华泰柏瑞基金管理有限公司 | P13: =[1]!f_info_setupdate(M13) -> 2020-12-07 | Q13: =[1]!f_etf_netasset(M13,表1[[#This Row],[列10]]) -> 7.9400348e+09 | R13: =[1]!lastradeday_s(M13,$D$7) -> 2024-07-16 | S13: =[1]!s_dq_close(M13,R13,3) -> 0.679 | T13: =[1]!s_dq_pctchange(M13,R13) -> 2.413273 | U13: =[1]!f_info_trackindexcode(M13) -> 931151.CSI | V13: =[1]!s_val_mv_ard(表1[[#This Row],[列18]],R13) -> 1326428046182 | W13: =[1]!s_fa_eps_ttm2(表1[[#This Row],[列18]],表1[[#This Row],[列10]]) -> 0.75185594 | X13: =[1]!s_val_pe_ttm(表1[[#This Row],[列18]],R13) -> 14.768 | Y13: =[1]!i_val_pe_percentile(表1[[#This Row],[列18]],R13,$D$9,R13) -> 37.888199 | Z13: =[1]!i_val_pb_mrqwgt(表1[[#This Row],[列18]],R13) -> 2.3243 | AA13: =[1]!i_val_pb_percentile(表1[[#This Row],[列18]],R13,$D$9,R13) -> 1.4492754 | AB13: =[1]!s_val_dividendyield2(表1[[#This Row],[列18]],R13) -> 2.6773 | AC13: =[1]!i_val_dividend_percentile(表1[[#This Row],[列18]],R13,$D$9,R13) -> 93.167702
C14: *注：此excel中所有财务相关数据均采用了GSD标准 | M14: 159996.SZ | N14: =[1]!f_info_exchangeshortname(M14) -> 家电ETF | O14: =[1]!f_info_mgrcomp(M14) -> 国泰基金管理有限公司 | P14: =[1]!f_info_setupdate(M14) -> 2020-02-27 | Q14: =[1]!f_etf_netasset(M14,表1[[#This Row],[列10]]) -> 1.4701967e+09 | R14: =[1]!lastradeday_s(M14,$D$7) -> 2024-07-16 | S14: =[1]!s_dq_close(M14,R14,3) -> 1.076 | T14: =[1]!s_dq_pctchange(M14,R14) -> -0.18552876 | U14: =[1]!f_info_trackindexcode(M14) -> 930697.CSI | V14: =[1]!s_val_mv_ard(表1[[#This Row],[列18]],R14) -> 1621573703464 | W14: =[1]!s_fa_eps_ttm2(表1[[#This Row],[列18]],表1[[#This Row],[列10]]) -> 1.5486841 | X14: =[1]!s_val_pe_ttm(表1[[#This Row],[列18]],R14) -> 13.987 | Y14: =[1]!i_val_pe_percentile(表1[[#This Row],[列18]],R14,$D$9,R14) -> 7.2463768 | Z14: =[1]!i_val_pb_mrqwgt(表1[[#This Row],[列18]],R14) -> 2.7684 | AA14: =[1]!i_val_pb_percentile(表1[[#This Row],[列18]],R14,$D$9,R14) -> 16.356108 | AB14: =[1]!s_val_dividendyield2(表1[[#This Row],[列18]],R14) -> 3.0653 | AC14: =[1]!i_val_dividend_percentile(表1[[#This Row],[列18]],R14,$D$9,R14) -> 42.857143
M15: 159666.SZ | N15: =[1]!f_info_exchangeshortname(M15) -> 交通运输ETF | O15: =[1]!f_info_mgrcomp(M15) -> 华夏基金管理有限公司 | P15: =[1]!f_info_setupdate(M15) -> 2023-01-13 | Q15: =[1]!f_etf_netasset(M15,表1[[#This Row],[列10]]) -> 75063983 | R15: =[1]!lastradeday_s(M15,$D$7) -> 2024-07-16 | S15: =[1]!s_dq_close(M15,R15,3) -> 0.897 | T15: =[1]!s_dq_pctchange(M15,R15) -> 0.33557047 | U15: =[1]!f_info_trackindexcode(M15) -> h30171.CSI | V15: =[1]!s_val_mv_ard(表1[[#This Row],[列18]],R15) -> 2783952443471 | W15: =[1]!s_fa_eps_ttm2(表1[[#This Row],[列18]],表1[[#This Row],[列10]]) -> 0.42529631 | X15: =[1]!s_val_pe_ttm(表1[[#This Row],[列18]],R15) -> 15.9097 | Y15: =[1]!i_val_pe_percentile(表1[[#This Row],[列18]],R15,$D$9,R15) -> 6.6252588 | Z15: =[1]!i_val_pb_mrqwgt(表1[[#This Row],[列18]],R15) -> 1.6556 | AA15: =[1]!i_val_pb_percentile(表1[[#This Row],[列18]],R15,$D$9,R15) -> 28.778468 | AB15: =[1]!s_val_dividendyield2(表1[[#This Row],[列18]],R15) -> 2.4852 | AC15: =[1]!i_val_dividend_percentile(表1[[#This Row],[列18]],R15,$D$9,R15) -> 21.532091
M16: 512690.SH | N16: =[1]!f_info_exchangeshortname(M16) -> 酒ETF | O16: =[1]!f_info_mgrcomp(M16) -> 鹏华基金管理有限公司 | P16: =[1]!f_info_setupdate(M16) -> 2019-04-04 | Q16: =[1]!f_etf_netasset(M16,表1[[#This Row],[列10]]) -> 8.9925719e+09 | R16: =[1]!lastradeday_s(M16,$D$7) -> 2024-07-16 | S16: =[1]!s_dq_close(M16,R16,3) -> 0.585 | T16: =[1]!s_dq_pctchange(M16,R16) -> 0 | U16: =[1]!f_info_trackindexcode(M16) -> 399987.SZ | V16: =[1]!s_val_mv_ard(表1[[#This Row],[列18]],R16) -> 3485751388113 | W16: =[1]!s_fa_eps_ttm2(表1[[#This Row],[列18]],表1[[#This Row],[列10]]) -> 5.8476973 | X16: =[1]!s_val_pe_ttm(表1[[#This Row],[列18]],R16) -> 20.200199 | Y16: =[1]!i_val_pe_percentile(表1[[#This Row],[列18]],R16,$D$9,R16) -> 1.242236 | Z16: =[1]!i_val_pb_mrqwgt(表1[[#This Row],[列18]],R16) -> 5.5962 | AA16: =[1]!i_val_pb_percentile(表1[[#This Row],[列18]],R16,$D$9,R16) -> 4.7619048 | AB16: =[1]!s_val_dividendyield2(表1[[#This Row],[列18]],R16) -> 3.2129 | AC16: =[1]!i_val_dividend_percentile(表1[[#This Row],[列18]],R16,$D$9,R16) -> 97.515528
M17: 159883.SZ | N17: =[1]!f_info_exchangeshortname(M17) -> 医疗器械ETF | O17: =[1]!f_info_mgrcomp(M17) -> 永赢基金管理有限公司 | P17: =[1]!f_info_setupdate(M17) -> 2021-04-22 | Q17: =[1]!f_etf_netasset(M17,表1[[#This Row],[列10]]) -> 1.5937661e+09 | R17: =[1]!lastradeday_s(M17,$D$7) -> 2024-07-16 | S17: =[1]!s_dq_close(M17,R17,3) -> 0.454 | T17: =[1]!s_dq_pctchange(M17,R17) -> -0.43859649 | U17: =[1]!f_info_trackindexcode(M17) -> h30217.CSI | V17: =[1]!s_val_mv_ard(表1[[#This Row],[列18]],R17) -> 1231115533816 | W17: =[1]!s_fa_eps_ttm2(表1[[#This Row],[列18]],表1[[#This Row],[列10]]) -> 0.94187132 | X17: =[1]!s_val_pe_ttm(表1[[#This Row],[列18]],R17) -> 32.644299 | Y17: =[1]!i_val_pe_percentile(表1[[#This Row],[列18]],R17,$D$9,R17) -> 65.838509 | Z17: =[1]!i_val_pb_mrqwgt(表1[[#This Row],[列18]],R17) -> 4.7835 | AA17: =[1]!i_val_pb_percentile(表1[[#This Row],[列18]],R17,$D$9,R17) -> 0.82815735 | AB17: =[1]!s_val_dividendyield2(表1[[#This Row],[列18]],R17) -> 1.4998 | AC17: =[1]!i_val_dividend_percentile(表1[[#This Row],[列18]],R17,$D$9,R17) -> 49.275362
M18: 561560.SH | N18: =[1]!f_info_exchangeshortname(M18) -> 电力ETF | O18: =[1]!f_info_mgrcomp(M18) -> 华泰柏瑞基金管理有限公司 | P18: =[1]!f_info_setupdate(M18) -> 2022-04-26 | Q18: =[1]!f_etf_netasset(M18,表1[[#This Row],[列10]]) -> 2.6173904e+08 | R18: =[1]!lastradeday_s(M18,$D$7) -> 2024-07-16 | S18: =[1]!s_dq_close(M18,R18,3) -> 1.278 | T18: =[1]!s_dq_pctchange(M18,R18) -> 0.31397174 | U18: =[1]!f_info_trackindexcode(M18) -> h30199.CSI | V18: =[1]!s_val_mv_ard(表1[[#This Row],[列18]],R18) -> 3.1294303e+12 | W18: =[1]!s_fa_eps_ttm2(表1[[#This Row],[列18]],表1[[#This Row],[列10]]) -> 0.43770891 | X18: =[1]!s_val_pe_ttm(表1[[#This Row],[列18]],R18) -> 19.851801 | Y18: =[1]!i_val_pe_percentile(表1[[#This Row],[列18]],R18,$D$9,R18) -> 25.879917 | Z18: =[1]!i_val_pb_mrqwgt(表1[[#This Row],[列18]],R18) -> 2.112 | AA18: =[1]!i_val_pb_percentile(表1[[#This Row],[列18]],R18,$D$9,R18) -> 99.378882 | AB18: =[1]!s_val_dividendyield2(表1[[#This Row],[列18]],R18) -> 1.9771 | AC18: =[1]!i_val_dividend_percentile(表1[[#This Row],[列18]],R18,$D$9,R18) -> 48.240166
M19: 512170.SH | N19: =[1]!f_info_exchangeshortname(M19) -> 医疗ETF | O19: =[1]!f_info_mgrcomp(M19) -> 华宝基金管理有限公司 | P19: =[1]!f_info_setupdate(M19) -> 2019-05-20 | Q19: =[1]!f_etf_netasset(M19,表1[[#This Row],[列10]]) -> 2.1702244e+10 | R19: =[1]!lastradeday_s(M19,$D$7) -> 2024-07-16 | S19: =[1]!s_dq_close(M19,R19,3) -> 0.289 | T19: =[1]!s_dq_pctchange(M19,R19) -> 0 | U19: =[1]!f_info_trackindexcode(M19) -> 399989.SZ | V19: =[1]!s_val_mv_ard(表1[[#This Row],[列18]],R19) -> 1404437555909 | W19: =[1]!s_fa_eps_ttm2(表1[[#This Row],[列18]],表1[[#This Row],[列10]]) -> 1.075302 | X19: =[1]!s_val_pe_ttm(表1[[#This Row],[列18]],R19) -> 25.746201 | Y19: =[1]!i_val_pe_percentile(表1[[#This Row],[列18]],R19,$D$9,R19) -> 26.501035 | Z19: =[1]!i_val_pb_mrqwgt(表1[[#This Row],[列18]],R19) -> 4.3717 | AA19: =[1]!i_val_pb_percentile(表1[[#This Row],[列18]],R19,$D$9,R19) -> 1.0351967 | AB19: =[1]!s_val_dividendyield2(表1[[#This Row],[列18]],R19) -> 1.5742 | AC19: =[1]!i_val_dividend_percentile(表1[[#This Row],[列18]],R19,$D$9,R19) -> 72.670807
M20: 512980.SH | N20: =[1]!f_info_exchangeshortname(M20) -> 传媒ETF | O20: =[1]!f_info_mgrcomp(M20) -> 广发基金管理有限公司 | P20: =[1]!f_info_setupdate(M20) -> 2017-12-27 | Q20: =[1]!f_etf_netasset(M20,表1[[#This Row],[列10]]) -> 3.3460453e+09 | R20: =[1]!lastradeday_s(M20,$D$7) -> 2024-07-16 | S20: =[1]!s_dq_close(M20,R20,3) -> 0.589 | T20: =[1]!s_dq_pctchange(M20,R20) -> 0.51194539 | U20: =[1]!f_info_trackindexcode(M20) -> 399971.SZ | V20: =[1]!s_val_mv_ard(表1[[#This Row],[列18]],R20) -> 810192170342 | W20: =[1]!s_fa_eps_ttm2(表1[[#This Row],[列18]],表1[[#This Row],[列10]]) -> 0.37953485 | X20: =[1]!s_val_pe_ttm(表1[[#This Row],[列18]],R20) -> 19.1726 | Y20: =[1]!i_val_pe_percentile(表1[[#This Row],[列18]],R20,$D$9,R20) -> 0 | Z20: =[1]!i_val_pb_mrqwgt(表1[[#This Row],[列18]],R20) -> 2.6938 | AA20: =[1]!i_val_pb_percentile(表1[[#This Row],[列18]],R20,$D$9,R20) -> 6.4182195 | AB20: =[1]!s_val_dividendyield2(表1[[#This Row],[列18]],R20) -> 2.8279 | AC20: =[1]!i_val_dividend_percentile(表1[[#This Row],[列18]],R20,$D$9,R20) -> 95.238095
M21: 159647.SZ | N21: =[1]!f_info_exchangeshortname(M21) -> 中药ETF | O21: =[1]!f_info_mgrcomp(M21) -> 鹏华基金管理有限公司 | P21: =[1]!f_info_setupdate(M21) -> 2022-07-20 | Q21: =[1]!f_etf_netasset(M21,表1[[#This Row],[列10]]) -> 6.8367136e+08 | R21: =[1]!lastradeday_s(M21,$D$7) -> 2024-07-16 | S21: =[1]!s_dq_close(M21,R21,3) -> 0.942 | T21: =[1]!s_dq_pctchange(M21,R21) -> -0.31746032 | U21: =[1]!f_info_trackindexcode(M21) -> 930641.CSI | V21: =[1]!s_val_mv_ard(表1[[#This Row],[列18]],R21) -> 794401570088 | W21: =[1]!s_fa_eps_ttm2(表1[[#This Row],[列18]],表1[[#This Row],[列10]]) -> 0.81527902 | X21: =[1]!s_val_pe_ttm(表1[[#This Row],[列18]],R21) -> 22.8937 | Y21: =[1]!i_val_pe_percentile(表1[[#This Row],[列18]],R21,$D$9,R21) -> 1.863354 | Z21: =[1]!i_val_pb_mrqwgt(表1[[#This Row],[列18]],R21) -> 3.4898 | AA21: =[1]!i_val_pb_percentile(表1[[#This Row],[列18]],R21,$D$9,R21) -> 2.8985507 | AB21: =[1]!s_val_dividendyield2(表1[[#This Row],[列18]],R21) -> 2.694 | AC21: =[1]!i_val_dividend_percentile(表1[[#This Row],[列18]],R21,$D$9,R21) -> 99.378882
M22: 512010.SH | N22: =[1]!f_info_exchangeshortname(M22) -> 医药ETF | O22: =[1]!f_info_mgrcomp(M22) -> 易方达基金管理有限公司 | P22: =[1]!f_info_setupdate(M22) -> 2013-09-23 | Q22: =[1]!f_etf_netasset(M22,表1[[#This Row],[列10]]) -> 1.7136003e+10 | R22: =[1]!lastradeday_s(M22,$D$7) -> 2024-07-16 | S22: =[1]!s_dq_close(M22,R22,3) -> 0.327 | T22: =[1]!s_dq_pctchange(M22,R22) -> 0.30674847 | U22: =[1]!f_info_trackindexcode(M22) -> 000913.SH | V22: =[1]!s_val_mv_ard(表1[[#This Row],[列18]],R22) -> 2065277900574 | W22: =[1]!s_fa_eps_ttm2(表1[[#This Row],[列18]],表1[[#This Row],[列10]]) -> 1.3642845 | X22: =[1]!s_val_pe_ttm(表1[[#This Row],[列18]],R22) -> 24.1654 | Y22: =[1]!i_val_pe_percentile(表1[[#This Row],[列18]],R22,$D$9,R22) -> 2.8985507 | Z22: =[1]!i_val_pb_mrqwgt(表1[[#This Row],[列18]],R22) -> 5.009 | AA22: =[1]!i_val_pb_percentile(表1[[#This Row],[列18]],R22,$D$9,R22) -> 1.4492754 | AB22: =[1]!s_val_dividendyield2(表1[[#This Row],[列18]],R22) -> 1.6649 | AC22: =[1]!i_val_dividend_percentile(表1[[#This Row],[列18]],R22,$D$9,R22) -> 97.101449
M23: 512000.SH | N23: =[1]!f_info_exchangeshortname(M23) -> 券商ETF | O23: =[1]!f_info_mgrcomp(M23) -> 华宝基金管理有限公司 | P23: =[1]!f_info_setupdate(M23) -> 2016-08-30 | Q23: =[1]!f_etf_netasset(M23,表1[[#This Row],[列10]]) -> 1.9763983e+10 | R23: =[1]!lastradeday_s(M23,$D$7) -> 2024-07-16 | S23: =[1]!s_dq_close(M23,R23,3) -> 0.748 | T23: =[1]!s_dq_pctchange(M23,R23) -> 0.80862534 | U23: =[1]!f_info_trackindexcode(M23) -> 399975.SZ | V23: =[1]!s_val_mv_ard(表1[[#This Row],[列18]],R23) -> 2633613971508 | W23: =[1]!s_fa_eps_ttm2(表1[[#This Row],[列18]],表1[[#This Row],[列10]]) -> 0.39338784 | X23: =[1]!s_val_pe_ttm(表1[[#This Row],[列18]],R23) -> 21.0205 | Y23: =[1]!i_val_pe_percentile(表1[[#This Row],[列18]],R23,$D$9,R23) -> 56.3147 | Z23: =[1]!i_val_pb_mrqwgt(表1[[#This Row],[列18]],R23) -> 1.223 | AA23: =[1]!i_val_pb_percentile(表1[[#This Row],[列18]],R23,$D$9,R23) -> 1.0351967 | AB23: =[1]!s_val_dividendyield2(表1[[#This Row],[列18]],R23) -> 1.6906 | AC23: =[1]!i_val_dividend_percentile(表1[[#This Row],[列18]],R23,$D$9,R23) -> 46.376812
M24: 159869.SZ | N24: =[1]!f_info_exchangeshortname(M24) -> 游戏ETF | O24: =[1]!f_info_mgrcomp(M24) -> 华夏基金管理有限公司 | P24: =[1]!f_info_setupdate(M24) -> 2021-02-25 | Q24: =[1]!f_etf_netasset(M24,表1[[#This Row],[列10]]) -> 5.9677581e+09 | R24: =[1]!lastradeday_s(M24,$D$7) -> 2024-07-16 | S24: =[1]!s_dq_close(M24,R24,3) -> 0.746 | T24: =[1]!s_dq_pctchange(M24,R24) -> 0.81081081 | U24: =[1]!f_info_trackindexcode(M24) -> 930901.CSI | V24: =[1]!s_val_mv_ard(表1[[#This Row],[列18]],R24) -> 298494980057 | W24: =[1]!s_fa_eps_ttm2(表1[[#This Row],[列18]],表1[[#This Row],[列10]]) -> 0.27249068 | X24: =[1]!s_val_pe_ttm(表1[[#This Row],[列18]],R24) -> 27.722601 | Y24: =[1]!i_val_pe_percentile(表1[[#This Row],[列18]],R24,$D$9,R24) -> 0 | Z24: =[1]!i_val_pb_mrqwgt(表1[[#This Row],[列18]],R24) -> 2.4036 | AA24: =[1]!i_val_pb_percentile(表1[[#This Row],[列18]],R24,$D$9,R24) -> 8.9026915 | AB24: =[1]!s_val_dividendyield2(表1[[#This Row],[列18]],R24) -> 1.9756 | AC24: =[1]!i_val_dividend_percentile(表1[[#This Row],[列18]],R24,$D$9,R24) -> 73.291925
M25: 159865.SZ | N25: =[1]!f_info_exchangeshortname(M25) -> 养殖ETF | O25: =[1]!f_info_mgrcomp(M25) -> 国泰基金管理有限公司 | P25: =[1]!f_info_setupdate(M25) -> 2021-03-01 | Q25: =[1]!f_etf_netasset(M25,表1[[#This Row],[列10]]) -> 4.672807e+09 | R25: =[1]!lastradeday_s(M25,$D$7) -> 2024-07-16 | S25: =[1]!s_dq_close(M25,R25,3) -> 0.578 | T25: =[1]!s_dq_pctchange(M25,R25) -> 0.69686411 | U25: =[1]!f_info_trackindexcode(M25) -> 930707.CSI | V25: =[1]!s_val_mv_ard(表1[[#This Row],[列18]],R25) -> 687624023010 | W25: =[1]!s_fa_eps_ttm2(表1[[#This Row],[列18]],表1[[#This Row],[列10]]) -> -0.37363534 | X25: =[1]!s_val_pe_ttm(表1[[#This Row],[列18]],R25) -> 0 | Y25: =[1]!i_val_pe_percentile(表1[[#This Row],[列18]],R25,$D$9,R25) -> 0 | Z25: =[1]!i_val_pb_mrqwgt(表1[[#This Row],[列18]],R25) -> 2.73 | AA25: =[1]!i_val_pb_percentile(表1[[#This Row],[列18]],R25,$D$9,R25) -> 51.138716 | AB25: =[1]!s_val_dividendyield2(表1[[#This Row],[列18]],R25) -> 0.7218 | AC25: =[1]!i_val_dividend_percentile(表1[[#This Row],[列18]],R25,$D$9,R25) -> 40.57971
M26: 515030.SH | N26: =[1]!f_info_exchangeshortname(M26) -> 新汽车 | O26: =[1]!f_info_mgrcomp(M26) -> 华夏基金管理有限公司 | P26: =[1]!f_info_setupdate(M26) -> 2020-02-20 | Q26: =[1]!f_etf_netasset(M26,表1[[#This Row],[列10]]) -> 4.9242965e+09 | R26: =[1]!lastradeday_s(M26,$D$7) -> 2024-07-16 | S26: =[1]!s_dq_close(M26,R26,3) -> 0.988 | T26: =[1]!s_dq_pctchange(M26,R26) -> 1.0224949 | U26: =[1]!f_info_trackindexcode(M26) -> 399976.SZ | V26: =[1]!s_val_mv_ard(表1[[#This Row],[列18]],R26) -> 2760626458107 | W26: =[1]!s_fa_eps_ttm2(表1[[#This Row],[列18]],表1[[#This Row],[列10]]) -> 1.5846771 | X26: =[1]!s_val_pe_ttm(表1[[#This Row],[列18]],R26) -> 21.775499 | Y26: =[1]!i_val_pe_percentile(表1[[#This Row],[列18]],R26,$D$9,R26) -> 54.244306 | Z26: =[1]!i_val_pb_mrqwgt(表1[[#This Row],[列18]],R26) -> 2.9305 | AA26: =[1]!i_val_pb_percentile(表1[[#This Row],[列18]],R26,$D$9,R26) -> 3.5196687 | AB26: =[1]!s_val_dividendyield2(表1[[#This Row],[列18]],R26) -> 1.9429 | AC26: =[1]!i_val_dividend_percentile(表1[[#This Row],[列18]],R26,$D$9,R26) -> 94.824017
... M39: 513300.SH | N39: =[1]!f_info_exchangeshortname(M39) -> 纳斯达克 | O39: =[1]!f_info_mgrcomp(M39) -> 华夏基金管理有限公司 | P39: =[1]!f_info_setupdate(M39) -> 2020-10-22 | Q39: =[1]!f_etf_netasset(M39,表1[[#This Row],[列10]]) -> 4.585739e+09 | R39: =[1]!lastradeday_s(M39,$D$7) -> 2024-07-16 | S39: =[1]!s_dq_close(M39,R39,3) -> 1.999 | T39: =[1]!s_dq_pctchange(M39,R39) -> 0 | U39: =[1]!f_info_trackindexcode(M39) -> NDX.GI | V39: =[1]!s_val_mv_ard(表1[[#This Row],[列18]],R39) -> 35480719026266 | W39: =[1]!s_fa_eps_ttm2(表1[[#This Row],[列18]],表1[[#This Row],[列10]]) -> 0 | X39: =[1]!s_val_pe_ttm(表1[[#This Row],[列18]],R39) -> 47.997898 | Y39: =[1]!i_val_pe_percentile(表1[[#This Row],[列18]],R39,$D$9,R39) -> 100.1 | Z39: =[1]!i_val_pb_mrqwgt(表1[[#This Row],[列18]],R39) -> 0 | AA39: =[1]!i_val_pb_percentile(表1[[#This Row],[列18]],R39,$D$9,R39) -> 100.1 | AB39: =[1]!s_val_dividendyield2(表1[[#This Row],[列18]],R39) -> 0.4346 | AC39: =[1]!i_val_dividend_percentile(表1[[#This Row],[列18]],R39,$D$9,R39) -> 0

Sheet 估值分析
D1: 可比ETF-估值分析
C4: 估值分析
C6: Wind代码 | D6: 证券简称 | E6: 最新收盘日 | F6: 跟踪指数 | G6: 跟踪指数总市值(亿元) | K6: 跟踪指数市净率PB | Q6: 跟踪指数股息率(近12个月）
G7: =基本资料!$G$9&"年总市值" -> 2022年总市值 | H7: =基本资料!$G$8&"年总市值" -> 2023年总市值 | I7: 最新收盘日总市值 | J7: 趋势图 | K7: =基本资料!$G$9&"年PB" -> 2022年PB | L7: =基本资料!$G$8&"年PB" -> 2023年PB | M7: 最新收盘日PB(MRQ) | N7: PB(FY1) | O7: PB(FY2) | P7: 分位数 | Q7: 股息率(近12个月） | R7: 分位数
C8: 515220.SH | D8: =[1]!f_info_exchangeshortname(C8) -> 煤炭ETF | E8: =[1]!lastradeday_s(C8,TODAY()) -> 2024-07-16 | F8: =[1]!f_info_trackindexcode(表1_3121314[[#This Row],[列1]]) -> 399998.SZ | G8: =[1]!s_val_mv_ard(表1_3121314[[#This Row],[列6]],基本资料!$I$9,100000000) -> 14959.935 | H8: =[1]!s_val_mv_ard(表1_3121314[[#This Row],[列6]],基本资料!$I$8,100000000) -> 16874.013 | I8: =[1]!s_val_mv_ard(表1_3121314[[#This Row],[列6]],E8,100000000) -> 19271.581 | K8: =[1]!s_val_pb_lf(表1_3121314[[#This Row],[列6]],基本资料!$I$9) -> 1.3497 | L8: =[1]!s_val_pb_lf(表1_3121314[[#This Row],[列6]],基本资料!$I$8) -> 1.4679 | M8: =[1]!i_val_pb_mrqwgt(表1_3121314[[#This Row],[列6]],E8) -> 1.6778 | N8: =[1]!s_val_estpb(表1_3121314[[#This Row],[列6]],E8,基本资料!$G$7) -> 0 | O8: =[1]!s_val_estpb(表1_3121314[[#This Row],[列6]],E8,基本资料!$G$11) -> 0 | P8: =[1]!i_val_pb_percentile(表1_3121314[[#This Row],[列6]],E8,基本资料!$D$9,E8) -> 83.022774 | Q8: =[1]!s_val_dividendyield2(表1_3121314[[#This Row],[列6]],E8) -> 5.9902 | R8: =[1]!i_val_dividend_percentile(表1_3121314[[#This Row],[列6]],E8,基本资料!$D$9,E8) -> 8.9026915
C9: 510880.SH | D9: =[1]!f_info_exchangeshortname(C9) -> 红利ETF | E9: =[1]!lastradeday_s(C9,TODAY()) -> 2024-07-16 | F9: =[1]!f_info_trackindexcode(表1_3121314[[#This Row],[列1]]) -> 000015.SH | G9: =[1]!s_val_mv_ard(表1_3121314[[#This Row],[列6]],基本资料!$I$9,100000000) -> 85159.556 | H9: =[1]!s_val_mv_ard(表1_3121314[[#This Row],[列6]],基本资料!$I$8,100000000) -> 96466.027 | I9: =[1]!s_val_mv_ard(表1_3121314[[#This Row],[列6]],E9,100000000) -> 118651.5 | K9: =[1]!s_val_pb_lf(表1_3121314[[#This Row],[列6]],基本资料!$I$9) -> 0.57980001 | L9: =[1]!s_val_pb_lf(表1_3121314[[#This Row],[列6]],基本资料!$I$8) -> 0.6081 | M9: =[1]!i_val_pb_mrqwgt(表1_3121314[[#This Row],[列6]],E9) -> 1.1712 | N9: =[1]!s_val_estpb(表1_3121314[[#This Row],[列6]],E9,基本资料!$G$7) -> 0 | O9: =[1]!s_val_estpb(表1_3121314[[#This Row],[列6]],E9,基本资料!$G$11) -> 0 | P9: =[1]!i_val_pb_percentile(表1_3121314[[#This Row],[列6]],E9,基本资料!$D$9,E9) -> 100 | Q9: =[1]!s_val_dividendyield2(表1_3121314[[#This Row],[列6]],E9) -> 6.0611 | R9: =[1]!i_val_dividend_percentile(表1_3121314[[#This Row],[列6]],E9,基本资料!$D$9,E9) -> 18.84058
C10: 512800.SH | D10: =[1]!f_info_exchangeshortname(C10) -> 银行ETF | E10: =[1]!lastradeday_s(C10,TODAY()) -> 2024-07-16 | F10: =[1]!f_info_trackindexcode(表1_3121314[[#This Row],[列1]]) -> 399986.SZ | G10: =[1]!s_val_mv_ard(表1_3121314[[#This Row],[列6]],基本资料!$I$9,100000000) -> 92996.651 | H10: =[1]!s_val_mv_ard(表1_3121314[[#This Row],[列6]],基本资料!$I$8,100000000) -> 97985.926 | I10: =[1]!s_val_mv_ard(表1_3121314[[#This Row],[列6]],E10,100000000) -> 119898.28 | K10: =[1]!s_val_pb_lf(表1_3121314[[#This Row],[列6]],基本资料!$I$9) -> 0.53799999 | L10: =[1]!s_val_pb_lf(表1_3121314[[#This Row],[列6]],基本资料!$I$8) -> 0.52139997 | M10: =[1]!i_val_pb_mrqwgt(表1_3121314[[#This Row],[列6]],E10) -> 0.6276 | N10: =[1]!s_val_estpb(表1_3121314[[#This Row],[列6]],E10,基本资料!$G$7) -> 0 | O10: =[1]!s_val_estpb(表1_3121314[[#This Row],[列6]],E10,基本资料!$G$11) -> 0 | P10: =[1]!i_val_pb_percentile(表1_3121314[[#This Row],[列6]],E10,基本资料!$D$9,E10) -> 99.792961 | Q10: =[1]!s_val_dividendyield2(表1_3121314[[#This Row],[列6]],E10) -> 6.1937 | R10: =[1]!i_val_dividend_percentile(表1_3121314[[#This Row],[列6]],E10,基本资料!$D$9,E10) -> 95.652174
C11: 517090.SH | D11: =[1]!f_info_exchangeshortname(C11) -> 共赢ETF | E11: =[1]!lastradeday_s(C11,TODAY()) -> 2024-07-16 | F11: =[1]!f_info_trackindexcode(表1_3121314[[#This Row],[列1]]) -> GPCCH003.FI | G11: =[1]!s_val_mv_ard(表1_3121314[[#This Row],[列6]],基本资料!$I$9,100000000) -> 0 | H11: =[1]!s_val_mv_ard(表1_3121314[[#This Row],[列6]],基本资料!$I$8,100000000) -> 150889.52 | I11: =[1]!s_val_mv_ard(表1_3121314[[#This Row],[列6]],E11,100000000) -> 189337.79 | K11: =[1]!s_val_pb_lf(表1_3121314[[#This Row],[列6]],基本资料!$I$9) -> 0 | L11: =[1]!s_val_pb_lf(表1_3121314[[#This Row],[列6]],基本资料!$I$8) -> 1.0551 | M11: =[1]!i_val_pb_mrqwgt(表1_3121314[[#This Row],[列6]],E11) -> 1.1218 | N11: =[1]!s_val_estpb(表1_3121314[[#This Row],[列6]],E11,基本资料!$G$7) -> 0 | O11: =[1]!s_val_estpb(表1_3121314[[#This Row],[列6]],E11,基本资料!$G$11) -> 0 | P11: =[1]!i_val_pb_percentile(表1_3121314[[#This Row],[列6]],E11,基本资料!$D$9,E11) -> 97.584541 | Q11: =[1]!s_val_dividendyield2(表1_3121314[[#This Row],[列6]],E11) -> 3.8162 | R11: =[1]!i_val_dividend_percentile(表1_3121314[[#This Row],[列6]],E11,基本资料!$D$9,E11) -> 1.4492754
C12: 512200.SH | D12: =[1]!f_info_exchangeshortname(C12) -> 地产ETF | E12: =[1]!lastradeday_s(C12,TODAY()) -> 2024-07-16 | F12: =[1]!f_info_trackindexcode(表1_3121314[[#This Row],[列1]]) -> 931775.CSI | G12: =[1]!s_val_mv_ard(表1_3121314[[#This Row],[列6]],基本资料!$I$9,100000000) -> 14670.817 | H12: =[1]!s_val_mv_ard(表1_3121314[[#This Row],[列6]],基本资料!$I$8,100000000) -> 11193.064 | I12: =[1]!s_val_mv_ard(表1_3121314[[#This Row],[列6]],E12,100000000) -> 9239.764 | K12: =[1]!s_val_pb_lf(表1_3121314[[#This Row],[列6]],基本资料!$I$9) -> 0.91710001 | L12: =[1]!s_val_pb_lf(表1_3121314[[#This Row],[列6]],基本资料!$I$8) -> 0.7227 | M12: =[1]!i_val_pb_mrqwgt(表1_3121314[[#This Row],[列6]],E12) -> 1.022 | N12: =[1]!s_val_estpb(表1_3121314[[#This Row],[列6]],E12,基本资料!$G$7) -> 0 | O12: =[1]!s_val_estpb(表1_3121314[[#This Row],[列6]],E12,基本资料!$G$11) -> 0 | P12: =[1]!i_val_pb_percentile(表1_3121314[[#This Row],[列6]],E12,基本资料!$D$9,E12) -> 3.1055901 | Q12: =[1]!s_val_dividendyield2(表1_3121314[[#This Row],[列6]],E12) -> 1.8557 | R12: =[1]!i_val_dividend_percentile(表1_3121314[[#This Row],[列6]],E12,基本资料!$D$9,E12) -> 3.7267081
C13: 515790.SH | D13: =[1]!f_info_exchangeshortname(C13) -> 光伏ETF | E13: =[1]!lastradeday_s(C13,TODAY()) -> 2024-07-16 | F13: =[1]!f_info_trackindexcode(表1_3121314[[#This Row],[列1]]) -> 931151.CSI | G13: =[1]!s_val_mv_ard(表1_3121314[[#This Row],[列6]],基本资料!$I$9,100000000) -> 25931.107 | H13: =[1]!s_val_mv_ard(表1_3121314[[#This Row],[列6]],基本资料!$I$8,100000000) -> 17962.854 | I13: =[1]!s_val_mv_ard(表1_3121314[[#This Row],[列6]],E13,100000000) -> 13264.28 | K13: =[1]!s_val_pb_lf(表1_3121314[[#This Row],[列6]],基本资料!$I$9) -> 4.2272 | L13: =[1]!s_val_pb_lf(表1_3121314[[#This Row],[列6]],基本资料!$I$8) -> 2.2058001 | M13: =[1]!i_val_pb_mrqwgt(表1_3121314[[#This Row],[列6]],E13) -> 2.3243 | N13: =[1]!s_val_estpb(表1_3121314[[#This Row],[列6]],E13,基本资料!$G$7) -> 0 | O13: =[1]!s_val_estpb(表1_3121314[[#This Row],[列6]],E13,基本资料!$G$11) -> 0 | P13: =[1]!i_val_pb_percentile(表1_3121314[[#This Row],[列6]],E13,基本资料!$D$9,E13) -> 1.4492754 | Q13: =[1]!s_val_dividendyield2(表1_3121314[[#This Row],[列6]],E13) -> 2.6773 | R13: =[1]!i_val_dividend_percentile(表1_3121314[[#This Row],[列6]],E13,基本资料!$D$9,E13) -> 93.167702
C14: 159996.SZ | D14: =[1]!f_info_exchangeshortname(C14) -> 家电ETF | E14: =[1]!lastradeday_s(C14,TODAY()) -> 2024-07-16 | F14: =[1]!f_info_trackindexcode(表1_3121314[[#This Row],[列1]]) -> 930697.CSI | G14: =[1]!s_val_mv_ard(表1_3121314[[#This Row],[列6]],基本资料!$I$9,100000000) -> 15194.791 | H14: =[1]!s_val_mv_ard(表1_3121314[[#This Row],[列6]],基本资料!$I$8,100000000) -> 15732.42 | I14: =[1]!s_val_mv_ard(表1_3121314[[#This Row],[列6]],E14,100000000) -> 16215.737 | K14: =[1]!s_val_pb_lf(表1_3121314[[#This Row],[列6]],基本资料!$I$9) -> 2.6958001 | L14: =[1]!s_val_pb_lf(表1_3121314[[#This Row],[列6]],基本资料!$I$8) -> 2.4379001 | M14: =[1]!i_val_pb_mrqwgt(表1_3121314[[#This Row],[列6]],E14) -> 2.7684 | N14: =[1]!s_val_estpb(表1_3121314[[#This Row],[列6]],E14,基本资料!$G$7) -> 0 | O14: =[1]!s_val_estpb(表1_3121314[[#This Row],[列6]],E14,基本资料!$G$11) -> 0 | P14: =[1]!i_val_pb_percentile(表1_3121314[[#This Row],[列6]],E14,基本资料!$D$9,E14) -> 16.356108 | Q14: =[1]!s_val_dividendyield2(表1_3121314[[#This Row],[列6]],E14) -> 3.0653 | R14: =[1]!i_val_dividend_percentile(表1_3121314[[#This Row],[列6]],E14,基本资料!$D$9,E14) -> 42.857143
C15: 159666.SZ | D15: =[1]!f_info_exchangeshortname(C15) -> 交通运输ETF | E15: =[1]!lastradeday_s(C15,TODAY()) -> 2024-07-16 | F15: =[1]!f_info_trackindexcode(表1_3121314[[#This Row],[列1]]) -> h30171.CSI | G15: =[1]!s_val_mv_ard(表1_3121314[[#This Row],[列6]],基本资料!$I$9,100000000) -> 29232.966 | H15: =[1]!s_val_mv_ard(表1_3121314[[#This Row],[列6]],基本资料!$I$8,100000000) -> 25620.919 | I15: =[1]!s_val_mv_ard(表1_3121314[[#This Row],[列6]],E15,100000000) -> 27839.524 | K15: =[1]!s_val_pb_lf(表1_3121314[[#This Row],[列6]],基本资料!$I$9) -> 1.4704 | L15: =[1]!s_val_pb_lf(表1_3121314[[#This Row],[列6]],基本资料!$I$8) -> 1.24 | M15: =[1]!i_val_pb_mrqwgt(表1_3121314[[#This Row],[列6]],E15) -> 1.6556 | N15: =[1]!s_val_estpb(表1_3121314[[#This Row],[列6]],E15,基本资料!$G$7) -> 0 | O15: =[1]!s_val_estpb(表1_3121314[[#This Row],[列6]],E15,基本资料!$G$11) -> 0 | P15: =[1]!i_val_pb_percentile(表1_3121314[[#This Row],[列6]],E15,基本资料!$D$9,E15) -> 28.778468 | Q15: =[1]!s_val_dividendyield2(表1_3121314[[#This Row],[列6]],E15) -> 2.4852 | R15: =[1]!i_val_dividend_percentile(表1_3121314[[#This Row],[列6]],E15,基本资料!$D$9,E15) -> 21.532091
C16: 512690.SH | D16: =[1]!f_info_exchangeshortname(C16) -> 酒ETF | E16: =[1]!lastradeday_s(C16,TODAY()) -> 2024-07-16 | F16: =[1]!f_info_trackindexcode(表1_3121314[[#This Row],[列1]]) -> 399987.SZ | G16: =[1]!s_val_mv_ard(表1_3121314[[#This Row],[列6]],基本资料!$I$9,100000000) -> 46735.213 | H16: =[1]!s_val_mv_ard(表1_3121314[[#This Row],[列6]],基本资料!$I$8,100000000) -> 41023.275 | I16: =[1]!s_val_mv_ard(表1_3121314[[#This Row],[列6]],E16,100000000) -> 34857.514 | K16: =[1]!s_val_pb_lf(表1_3121314[[#This Row],[列6]],基本资料!$I$9) -> 8.5615997 | L16: =[1]!s_val_pb_lf(表1_3121314[[#This Row],[列6]],基本资料!$I$8) -> 6.7413001 | M16: =[1]!i_val_pb_mrqwgt(表1_3121314[[#This Row],[列6]],E16) -> 5.5962 | N16: =[1]!s_val_estpb(表1_3121314[[#This Row],[列6]],E16,基本资料!$G$7) -> 0 | O16: =[1]!s_val_estpb(表1_3121314[[#This Row],[列6]],E16,基本资料!$G$11) -> 0 | P16: =[1]!i_val_pb_percentile(表1_3121314[[#This Row],[列6]],E16,基本资料!$D$9,E16) -> 4.7619048 | Q16: =[1]!s_val_dividendyield2(表1_3121314[[#This Row],[列6]],E16) -> 3.2129 | R16: =[1]!i_val_dividend_percentile(表1_3121314[[#This Row],[列6]],E16,基本资料!$D$9,E16) -> 97.515528
C17: 159883.SZ | D17: =[1]!f_info_exchangeshortname(C17) -> 医疗器械ETF | E17: =[1]!lastradeday_s(C17,TODAY()) -> 2024-07-16 | F17: =[1]!f_info_trackindexcode(表1_3121314[[#This Row],[列1]]) -> h30217.CSI | G17: =[1]!s_val_mv_ard(表1_3121314[[#This Row],[列6]],基本资料!$I$9,100000000) -> 16112.62 | H17: =[1]!s_val_mv_ard(表1_3121314[[#This Row],[列6]],基本资料!$I$8,100000000) -> 15060.312 | I17: =[1]!s_val_mv_ard(表1_3121314[[#This Row],[列6]],E17,100000000) -> 12311.155 | K17: =[1]!s_val_pb_lf(表1_3121314[[#This Row],[列6]],基本资料!$I$9) -> 4.3182998 | L17: =[1]!s_val_pb_lf(表1_3121314[[#This Row],[列6]],基本资料!$I$8) -> 3.6041 | M17: =[1]!i_val_pb_mrqwgt(表1_3121314[[#This Row],[列6]],E17) -> 4.7835 | N17: =[1]!s_val_estpb(表1_3121314[[#This Row],[列6]],E17,基本资料!$G$7) -> 0 | O17: =[1]!s_val_estpb(表1_3121314[[#This Row],[列6]],E17,基本资料!$G$11) -> 0 | P17: =[1]!i_val_pb_percentile(表1_3121314[[#This Row],[列6]],E17,基本资料!$D$9,E17) -> 0.82815735 | Q17: =[1]!s_val_dividendyield2(表1_3121314[[#This Row],[列6]],E17) -> 1.4998 | R17: =[1]!i_val_dividend_percentile(表1_3121314[[#This Row],[列6]],E17,基本资料!$D$9,E17) -> 49.275362
C18: 561560.SH | D18: =[1]!f_info_exchangeshortname(C18) -> 电力ETF | E18: =[1]!lastradeday_s(C18,TODAY()) -> 2024-07-16 | F18: =[1]!f_info_trackindexcode(表1_3121314[[#This Row],[列1]]) -> h30199.CSI | G18: =[1]!s_val_mv_ard(表1_3121314[[#This Row],[列6]],基本资料!$I$9,100000000) -> 22974.004 | H18: =[1]!s_val_mv_ard(表1_3121314[[#This Row],[列6]],基本资料!$I$8,100000000) -> 25102.266 | I18: =[1]!s_val_mv_ard(表1_3121314[[#This Row],[列6]],E18,100000000) -> 31294.303 | K18: =[1]!s_val_pb_lf(表1_3121314[[#This Row],[列6]],基本资料!$I$9) -> 1.7288001 | L18: =[1]!s_val_pb_lf(表1_3121314[[#This Row],[列6]],基本资料!$I$8) -> 1.6751 | M18: =[1]!i_val_pb_mrqwgt(表1_3121314[[#This Row],[列6]],E18) -> 2.112 | N18: =[1]!s_val_estpb(表1_3121314[[#This Row],[列6]],E18,基本资料!$G$7) -> 0 | O18: =[1]!s_val_estpb(表1_3121314[[#This Row],[列6]],E18,基本资料!$G$11) -> 0 | P18: =[1]!i_val_pb_percentile(表1_3121314[[#This Row],[列6]],E18,基本资料!$D$9,E18) -> 99.378882 | Q18: =[1]!s_val_dividendyield2(表1_3121314[[#This Row],[列6]],E18) -> 1.9771 | R18: =[1]!i_val_dividend_percentile(表1_3121314[[#This Row],[列6]],E18,基本资料!$D$9,E18) -> 48.240166
C19: 512170.SH | D19: =[1]!f_info_exchangeshortname(C19) -> 医疗ETF | E19: =[1]!lastradeday_s(C19,TODAY()) -> 2024-07-16 | F19: =[1]!f_info_trackindexcode(表1_3121314[[#This Row],[列1]]) -> 399989.SZ | G19: =[1]!s_val_mv_ard(表1_3121314[[#This Row],[列6]],基本资料!$I$9,100000000) -> 22801.759 | H19: =[1]!s_val_mv_ard(表1_3121314[[#This Row],[列6]],基本资料!$I$8,100000000) -> 18692.985 | I19: =[1]!s_val_mv_ard(表1_3121314[[#This Row],[列6]],E19,100000000) -> 14044.376 | K19: =[1]!s_val_pb_lf(表1_3121314[[#This Row],[列6]],基本资料!$I$9) -> 5.7044001 | L19: =[1]!s_val_pb_lf(表1_3121314[[#This Row],[列6]],基本资料!$I$8) -> 4.3112998 | M19: =[1]!i_val_pb_mrqwgt(表1_3121314[[#This Row],[列6]],E19) -> 4.3717 | N19: =[1]!s_val_estpb(表1_3121314[[#This Row],[列6]],E19,基本资料!$G$7) -> 0 | O19: =[1]!s_val_estpb(表1_3121314[[#This Row],[列6]],E19,基本资料!$G$11) -> 0 | P19: =[1]!i_val_pb_percentile(表1_3121314[[#This Row],[列6]],E19,基本资料!$D$9,E19) -> 1.0351967 | Q19: =[1]!s_val_dividendyield2(表1_3121314[[#This Row],[列6]],E19) -> 1.5742 | R19: =[1]!i_val_dividend_percentile(表1_3121314[[#This Row],[列6]],E19,基本资料!$D$9,E19) -> 72.670807
... C36: 159766.SZ | D36: =[1]!f_info_exchangeshortname(C36) -> 旅游ETF | E36: =[1]!lastradeday_s(C36,TODAY()) -> 2024-07-16 | F36: =[1]!f_info_trackindexcode(表1_3121314[[#This Row],[列1]]) -> 930633.CSI | G36: =[1]!s_val_mv_ard(表1_3121314[[#This Row],[列6]],基本资料!$I$9,100000000) -> 14505.289 | H36: =[1]!s_val_mv_ard(表1_3121314[[#This Row],[列6]],基本资料!$I$8,100000000) -> 9329.3586 | I36: =[1]!s_val_mv_ard(表1_3121314[[#This Row],[列6]],E36,100000000) -> 8662.1537 | K36: =[1]!s_val_pb_lf(表1_3121314[[#This Row],[列6]],基本资料!$I$9) -> 3.5743001 | L36: =[1]!s_val_pb_lf(表1_3121314[[#This Row],[列6]],基本资料!$I$8) -> 2.2249 | M36: =[1]!i_val_pb_mrqwgt(表1_3121314[[#This Row],[列6]],E36) -> 2.7845 | N36: =[1]!s_val_estpb(表1_3121314[[#This Row],[列6]],E36,基本资料!$G$7) -> 0 | O36: =[1]!s_val_estpb(表1_3121314[[#This Row],[列6]],E36,基本资料!$G$11) -> 0 | P36: =[1]!i_val_pb_percentile(表1_3121314[[#This Row],[列6]],E36,基本资料!$D$9,E36) -> 3.1055901 | Q36: =[1]!s_val_dividendyield2(表1_3121314[[#This Row],[列6]],E36) -> 0.899 | R36: =[1]!i_val_dividend_percentile(表1_3121314[[#This Row],[列6]],E36,基本资料!$D$9,E36) -> 99.792961

Sheet Wind模板
A1: 可比指数
