Workbook
Name Date1: OFFSET(港股通成交统计!$A$1,1,0,LastRow-1,1)
Name LastRow: MATCH(MAX(港股通成交统计!$A:$A),港股通成交统计!$A:$A)

Sheet 南向资金流入流出
E1: 南向资金流入流出 V1.2 | K1: 最近更新： | L1: =IF(HOUR(NOW())<15,TODAY()-1,TODAY()) -> 45713
D4: 实时净买入额（每分钟刷新）
D5: 南向资金 | E5: 净买入额 | F5: =Sheet1!A2 -> 22032579645 | G5: 买入金额 | H5: =Sheet1!C2 -> 91222943750 | I5: 卖出金额 | J5: =Sheet1!E2 -> 69190364105 | K5: 合计 | L5: =Sheet1!G2 -> 160413307855
D8: 开始日期: | E8: =L1-180 -> 45533
D9: 统计周期: | E9: 日
D11: ="历史净买入额"&E9&"线图(亿元）" -> 历史净买入额日线图(亿元）

Sheet Sheet1
A2: =RTD("wdf.rtq", ,"GGTATOH.WI", "rt_net_buy_amount","RT_Price") -> 22032579645 | C2: =RTD("wdf.rtq", ,"GGTATOH.WI", "rt_buy_order","RT_Price") -> 91222943750 | E2: =RTD("wdf.rtq", ,"GGTATOH.WI", "rt_sell_order","RT_Price") -> 69190364105 | G2: =RTD("wdf.rtq", ,"GGTATOH.WI", "rt_total_vol","RT_Price") -> 160413307855

Sheet 港股通成交统计
B1: 深股通-总成交金额(亿元,人民币) | C1: 深股通-买入成交金额(亿元,人民币) | D1: 深股通-卖出成交金额(亿元,人民币) | E1: 深股通-成交净买入(亿元,人民币) | F1: 深股通-累计净买入(亿元,人民币) | G1: 港股通-总成交金额(亿元) | H1: 港股通-买入成交金额(亿元) | I1: 港股通-卖出成交金额(亿元) | J1: 港股通-成交净买入(亿元) | K1: 港股通-累计净买入(亿元)
A2: =IF('港股通（深）成交统计'!A8="","",'港股通（深）成交统计'!A8) -> 45713 | B2: =IF('港股通（深）成交统计'!B8+'沪港通（沪）成交统计'!B8=0,"",'港股通（深）成交统计'!B8+'沪港通（沪）成交统计'!B8) -> 2252.0816 | C2: =IF('港股通（深）成交统计'!C8+'沪港通（沪）成交统计'!C8=0,"",'港股通（深）成交统计'!C8+'沪港通（沪）成交统计'!C8) | D2: =IF('港股通（深）成交统计'!D8+'沪港通（沪）成交统计'!D8=0,"",'港股通（深）成交统计'!D8+'沪港通（沪）成交统计'!D8) | E2: =IF('港股通（深）成交统计'!E8+'沪港通（沪）成交统计'!E8=0,"",'港股通（深）成交统计'!E8+'沪港通（沪）成交统计'!E8) | F2: =IF('港股通（深）成交统计'!F8+'沪港通（沪）成交统计'!F8=0,"",'港股通（深）成交统计'!F8+'沪港通（沪）成交统计'!F8) -> 17615.225 | G2: =IF('港股通（深）成交统计'!G8+'沪港通（沪）成交统计'!G8=0,"",'港股通（深）成交统计'!G8+'沪港通（沪）成交统计'!G8) -> 1604.1346 | H2: =IF('港股通（深）成交统计'!H8+'沪港通（沪）成交统计'!H8=0,"",'港股通（深）成交统计'!H8+'沪港通（沪）成交统计'!H8) -> 912.2302 | I2: =IF('港股通（深）成交统计'!I8+'沪港通（沪）成交统计'!I8=0,"",'港股通（深）成交统计'!I8+'沪港通（沪）成交统计'!I8) -> 691.9044 | ... K2: =IF('港股通（深）成交统计'!K8+'沪港通（沪）成交统计'!K8=0,"",'港股通（深）成交统计'!K8+'沪港通（沪）成交统计'!K8) -> 39369.635
A3: =IF('港股通（深）成交统计'!A9="","",'港股通（深）成交统计'!A9) -> 45712 | B3: =IF('港股通（深）成交统计'!B9+'沪港通（沪）成交统计'!B9=0,"",'港股通（深）成交统计'!B9+'沪港通（沪）成交统计'!B9) -> 2426.5833 | C3: =IF('港股通（深）成交统计'!C9+'沪港通（沪）成交统计'!C9=0,"",'港股通（深）成交统计'!C9+'沪港通（沪）成交统计'!C9) | D3: =IF('港股通（深）成交统计'!D9+'沪港通（沪）成交统计'!D9=0,"",'港股通（深）成交统计'!D9+'沪港通（沪）成交统计'!D9) | E3: =IF('港股通（深）成交统计'!E9+'沪港通（沪）成交统计'!E9=0,"",'港股通（深）成交统计'!E9+'沪港通（沪）成交统计'!E9) | F3: =IF('港股通（深）成交统计'!F9+'沪港通（沪）成交统计'!F9=0,"",'港股通（深）成交统计'!F9+'沪港通（沪）成交统计'!F9) -> 17615.225 | G3: =IF('港股通（深）成交统计'!G9+'沪港通（沪）成交统计'!G9=0,"",'港股通（深）成交统计'!G9+'沪港通（沪）成交统计'!G9) -> 1603.8073 | H3: =IF('港股通（深）成交统计'!H9+'沪港通（沪）成交统计'!H9=0,"",'港股通（深）成交统计'!H9+'沪港通（沪）成交统计'!H9) -> 870.5872 | I3: =IF('港股通（深）成交统计'!I9+'沪港通（沪）成交统计'!I9=0,"",'港股通（深）成交统计'!I9+'沪港通（沪）成交统计'!I9) -> 733.2201 | ... K3: =IF('港股通（深）成交统计'!K9+'沪港通（沪）成交统计'!K9=0,"",'港股通（深）成交统计'!K9+'沪港通（沪）成交统计'!K9) -> 39149.309
A4: =IF('港股通（深）成交统计'!A10="","",'港股通（深）成交统计'!A10) -> 45709 | B4: =IF('港股通（深）成交统计'!B10+'沪港通（沪）成交统计'!B10=0,"",'港股通（深）成交统计'!B10+'沪港通（沪）成交统计'!B10) -> 2424.0771 | C4: =IF('港股通（深）成交统计'!C10+'沪港通（沪）成交统计'!C10=0,"",'港股通（深）成交统计'!C10+'沪港通（沪）成交统计'!C10) | D4: =IF('港股通（深）成交统计'!D10+'沪港通（沪）成交统计'!D10=0,"",'港股通（深）成交统计'!D10+'沪港通（沪）成交统计'!D10) | E4: =IF('港股通（深）成交统计'!E10+'沪港通（沪）成交统计'!E10=0,"",'港股通（深）成交统计'!E10+'沪港通（沪）成交统计'!E10) | F4: =IF('港股通（深）成交统计'!F10+'沪港通（沪）成交统计'!F10=0,"",'港股通（深）成交统计'!F10+'沪港通（沪）成交统计'!F10) -> 17615.225 | G4: =IF('港股通（深）成交统计'!G10+'沪港通（沪）成交统计'!G10=0,"",'港股通（深）成交统计'!G10+'沪港通（沪）成交统计'!G10) -> 1813.3701 | H4: =IF('港股通（深）成交统计'!H10+'沪港通（沪）成交统计'!H10=0,"",'港股通（深）成交统计'!H10+'沪港通（沪）成交统计'!H10) -> 976.8586 | I4: =IF('港股通（深）成交统计'!I10+'沪港通（沪）成交统计'!I10=0,"",'港股通（深）成交统计'!I10+'沪港通（沪）成交统计'!I10) -> 836.5115 | ... K4: =IF('港股通（深）成交统计'!K10+'沪港通（沪）成交统计'!K10=0,"",'港股通（深）成交统计'!K10+'沪港通（沪）成交统计'!K10) -> 39011.942
A5: =IF('港股通（深）成交统计'!A11="","",'港股通（深）成交统计'!A11) -> 45708 | B5: =IF('港股通（深）成交统计'!B11+'沪港通（沪）成交统计'!B11=0,"",'港股通（深）成交统计'!B11+'沪港通（沪）成交统计'!B11) -> 2016.6521 | C5: =IF('港股通（深）成交统计'!C11+'沪港通（沪）成交统计'!C11=0,"",'港股通（深）成交统计'!C11+'沪港通（沪）成交统计'!C11) | D5: =IF('港股通（深）成交统计'!D11+'沪港通（沪）成交统计'!D11=0,"",'港股通（深）成交统计'!D11+'沪港通（沪）成交统计'!D11) | E5: =IF('港股通（深）成交统计'!E11+'沪港通（沪）成交统计'!E11=0,"",'港股通（深）成交统计'!E11+'沪港通（沪）成交统计'!E11) | F5: =IF('港股通（深）成交统计'!F11+'沪港通（沪）成交统计'!F11=0,"",'港股通（深）成交统计'!F11+'沪港通（沪）成交统计'!F11) -> 17615.225 | G5: =IF('港股通（深）成交统计'!G11+'沪港通（沪）成交统计'!G11=0,"",'港股通（深）成交统计'!G11+'沪港通（沪）成交统计'!G11) -> 1463.1236 | H5: =IF('港股通（深）成交统计'!H11+'沪港通（沪）成交统计'!H11=0,"",'港股通（深）成交统计'!H11+'沪港通（沪）成交统计'!H11) -> 699.853 | I5: =IF('港股通（深）成交统计'!I11+'沪港通（沪）成交统计'!I11=0,"",'港股通（深）成交统计'!I11+'沪港通（沪）成交统计'!I11) -> 763.2706 | ... K5: =IF('港股通（深）成交统计'!K11+'沪港通（沪）成交统计'!K11=0,"",'港股通（深）成交统计'!K11+'沪港通（沪）成交统计'!K11) -> 38871.595
A6: =IF('港股通（深）成交统计'!A12="","",'港股通（深）成交统计'!A12) -> 45707 | B6: =IF('港股通（深）成交统计'!B12+'沪港通（沪）成交统计'!B12=0,"",'港股通（深）成交统计'!B12+'沪港通（沪）成交统计'!B12) -> 2074.4342 | C6: =IF('港股通（深）成交统计'!C12+'沪港通（沪）成交统计'!C12=0,"",'港股通（深）成交统计'!C12+'沪港通（沪）成交统计'!C12) | D6: =IF('港股通（深）成交统计'!D12+'沪港通（沪）成交统计'!D12=0,"",'港股通（深）成交统计'!D12+'沪港通（沪）成交统计'!D12) | E6: =IF('港股通（深）成交统计'!E12+'沪港通（沪）成交统计'!E12=0,"",'港股通（深）成交统计'!E12+'沪港通（沪）成交统计'!E12) | F6: =IF('港股通（深）成交统计'!F12+'沪港通（沪）成交统计'!F12=0,"",'港股通（深）成交统计'!F12+'沪港通（沪）成交统计'!F12) -> 17615.225 | G6: =IF('港股通（深）成交统计'!G12+'沪港通（沪）成交统计'!G12=0,"",'港股通（深）成交统计'!G12+'沪港通（沪）成交统计'!G12) -> 1279.7638 | H6: =IF('港股通（深）成交统计'!H12+'沪港通（沪）成交统计'!H12=0,"",'港股通（深）成交统计'!H12+'沪港通（沪）成交统计'!H12) -> 691.5042 | I6: =IF('港股通（深）成交统计'!I12+'沪港通（沪）成交统计'!I12=0,"",'港股通（深）成交统计'!I12+'沪港通（沪）成交统计'!I12) -> 588.2596 | ... K6: =IF('港股通（深）成交统计'!K12+'沪港通（沪）成交统计'!K12=0,"",'港股通（深）成交统计'!K12+'沪港通（沪）成交统计'!K12) -> 38935.013
A7: =IF('港股通（深）成交统计'!A13="","",'港股通（深）成交统计'!A13) -> 45706 | B7: =IF('港股通（深）成交统计'!B13+'沪港通（沪）成交统计'!B13=0,"",'港股通（深）成交统计'!B13+'沪港通（沪）成交统计'!B13) -> 2157.7395 | C7: =IF('港股通（深）成交统计'!C13+'沪港通（沪）成交统计'!C13=0,"",'港股通（深）成交统计'!C13+'沪港通（沪）成交统计'!C13) | D7: =IF('港股通（深）成交统计'!D13+'沪港通（沪）成交统计'!D13=0,"",'港股通（深）成交统计'!D13+'沪港通（沪）成交统计'!D13) | E7: =IF('港股通（深）成交统计'!E13+'沪港通（沪）成交统计'!E13=0,"",'港股通（深）成交统计'!E13+'沪港通（沪）成交统计'!E13) | F7: =IF('港股通（深）成交统计'!F13+'沪港通（沪）成交统计'!F13=0,"",'港股通（深）成交统计'!F13+'沪港通（沪）成交统计'!F13) -> 17615.225 | G7: =IF('港股通（深）成交统计'!G13+'沪港通（沪）成交统计'!G13=0,"",'港股通（深）成交统计'!G13+'沪港通（沪）成交统计'!G13) -> 1533.9835 | H7: =IF('港股通（深）成交统计'!H13+'沪港通（沪）成交统计'!H13=0,"",'港股通（深）成交统计'!H13+'沪港通（沪）成交统计'!H13) -> 879.1044 | I7: =IF('港股通（深）成交统计'!I13+'沪港通（沪）成交统计'!I13=0,"",'港股通（深）成交统计'!I13+'沪港通（沪）成交统计'!I13) -> 654.8791 | ... K7: =IF('港股通（深）成交统计'!K13+'沪港通（沪）成交统计'!K13=0,"",'港股通（深）成交统计'!K13+'沪港通（沪）成交统计'!K13) -> 38831.768
A8: =IF('港股通（深）成交统计'!A14="","",'港股通（深）成交统计'!A14) -> 45705 | B8: =IF('港股通（深）成交统计'!B14+'沪港通（沪）成交统计'!B14=0,"",'港股通（深）成交统计'!B14+'沪港通（沪）成交统计'!B14) -> 2235.0402 | C8: =IF('港股通（深）成交统计'!C14+'沪港通（沪）成交统计'!C14=0,"",'港股通（深）成交统计'!C14+'沪港通（沪）成交统计'!C14) | D8: =IF('港股通（深）成交统计'!D14+'沪港通（沪）成交统计'!D14=0,"",'港股通（深）成交统计'!D14+'沪港通（沪）成交统计'!D14) | E8: =IF('港股通（深）成交统计'!E14+'沪港通（沪）成交统计'!E14=0,"",'港股通（深）成交统计'!E14+'沪港通（沪）成交统计'!E14) | F8: =IF('港股通（深）成交统计'!F14+'沪港通（沪）成交统计'!F14=0,"",'港股通（深）成交统计'!F14+'沪港通（沪）成交统计'!F14) -> 17615.225 | G8: =IF('港股通（深）成交统计'!G14+'沪港通（沪）成交统计'!G14=0,"",'港股通（深）成交统计'!G14+'沪港通（沪）成交统计'!G14) -> 2006.7094 | H8: =IF('港股通（深）成交统计'!H14+'沪港通（沪）成交统计'!H14=0,"",'港股通（深）成交统计'!H14+'沪港通（沪）成交统计'!H14) -> 1057.2151 | I8: =IF('港股通（深）成交统计'!I14+'沪港通（沪）成交统计'!I14=0,"",'港股通（深）成交统计'!I14+'沪港通（沪）成交统计'!I14) -> 949.4943 | ... K8: =IF('港股通（深）成交统计'!K14+'沪港通（沪）成交统计'!K14=0,"",'港股通（深）成交统计'!K14+'沪港通（沪）成交统计'!K14) -> 38607.543
A9: =IF('港股通（深）成交统计'!A15="","",'港股通（深）成交统计'!A15) -> 45702 | B9: =IF('港股通（深）成交统计'!B15+'沪港通（沪）成交统计'!B15=0,"",'港股通（深）成交统计'!B15+'沪港通（沪）成交统计'!B15) -> 2051.5146 | C9: =IF('港股通（深）成交统计'!C15+'沪港通（沪）成交统计'!C15=0,"",'港股通（深）成交统计'!C15+'沪港通（沪）成交统计'!C15) | D9: =IF('港股通（深）成交统计'!D15+'沪港通（沪）成交统计'!D15=0,"",'港股通（深）成交统计'!D15+'沪港通（沪）成交统计'!D15) | E9: =IF('港股通（深）成交统计'!E15+'沪港通（沪）成交统计'!E15=0,"",'港股通（深）成交统计'!E15+'沪港通（沪）成交统计'!E15) | F9: =IF('港股通（深）成交统计'!F15+'沪港通（沪）成交统计'!F15=0,"",'港股通（深）成交统计'!F15+'沪港通（沪）成交统计'!F15) -> 17615.225 | G9: =IF('港股通（深）成交统计'!G15+'沪港通（沪）成交统计'!G15=0,"",'港股通（深）成交统计'!G15+'沪港通（沪）成交统计'!G15) -> 1557.1498 | H9: =IF('港股通（深）成交统计'!H15+'沪港通（沪）成交统计'!H15=0,"",'港股通（深）成交统计'!H15+'沪港通（沪）成交统计'!H15) -> 817.1397 | I9: =IF('港股通（深）成交统计'!I15+'沪港通（沪）成交统计'!I15=0,"",'港股通（深）成交统计'!I15+'沪港通（沪）成交统计'!I15) -> 740.0101 | ... K9: =IF('港股通（深）成交统计'!K15+'沪港通（沪）成交统计'!K15=0,"",'港股通（深）成交统计'!K15+'沪港通（沪）成交统计'!K15) -> 38499.822
A10: =IF('港股通（深）成交统计'!A16="","",'港股通（深）成交统计'!A16) -> 45701 | B10: =IF('港股通（深）成交统计'!B16+'沪港通（沪）成交统计'!B16=0,"",'港股通（深）成交统计'!B16+'沪港通（沪）成交统计'!B16) -> 2121.365 | C10: =IF('港股通（深）成交统计'!C16+'沪港通（沪）成交统计'!C16=0,"",'港股通（深）成交统计'!C16+'沪港通（沪）成交统计'!C16) | D10: =IF('港股通（深）成交统计'!D16+'沪港通（沪）成交统计'!D16=0,"",'港股通（深）成交统计'!D16+'沪港通（沪）成交统计'!D16) | E10: =IF('港股通（深）成交统计'!E16+'沪港通（沪）成交统计'!E16=0,"",'港股通（深）成交统计'!E16+'沪港通（沪）成交统计'!E16) | F10: =IF('港股通（深）成交统计'!F16+'沪港通（沪）成交统计'!F16=0,"",'港股通（深）成交统计'!F16+'沪港通（沪）成交统计'!F16) -> 17615.225 | G10: =IF('港股通（深）成交统计'!G16+'沪港通（沪）成交统计'!G16=0,"",'港股通（深）成交统计'!G16+'沪港通（沪）成交统计'!G16) -> 1591.3432 | H10: =IF('港股通（深）成交统计'!H16+'沪港通（沪）成交统计'!H16=0,"",'港股通（深）成交统计'!H16+'沪港通（沪）成交统计'!H16) -> 790.5533 | I10: =IF('港股通（深）成交统计'!I16+'沪港通（沪）成交统计'!I16=0,"",'港股通（深）成交统计'!I16+'沪港通（沪）成交统计'!I16) -> 800.7899 | ... K10: =IF('港股通（深）成交统计'!K16+'沪港通（沪）成交统计'!K16=0,"",'港股通（深）成交统计'!K16+'沪港通（沪）成交统计'!K16) -> 38422.693
A11: =IF('港股通（深）成交统计'!A17="","",'港股通（深）成交统计'!A17) -> 45700 | B11: =IF('港股通（深）成交统计'!B17+'沪港通（沪）成交统计'!B17=0,"",'港股通（深）成交统计'!B17+'沪港通（沪）成交统计'!B17) -> 1948.6741 | C11: =IF('港股通（深）成交统计'!C17+'沪港通（沪）成交统计'!C17=0,"",'港股通（深）成交统计'!C17+'沪港通（沪）成交统计'!C17) | D11: =IF('港股通（深）成交统计'!D17+'沪港通（沪）成交统计'!D17=0,"",'港股通（深）成交统计'!D17+'沪港通（沪）成交统计'!D17) | E11: =IF('港股通（深）成交统计'!E17+'沪港通（沪）成交统计'!E17=0,"",'港股通（深）成交统计'!E17+'沪港通（沪）成交统计'!E17) | F11: =IF('港股通（深）成交统计'!F17+'沪港通（沪）成交统计'!F17=0,"",'港股通（深）成交统计'!F17+'沪港通（沪）成交统计'!F17) -> 17615.225 | G11: =IF('港股通（深）成交统计'!G17+'沪港通（沪）成交统计'!G17=0,"",'港股通（深）成交统计'!G17+'沪港通（沪）成交统计'!G17) -> 1200.2754 | H11: =IF('港股通（深）成交统计'!H17+'沪港通（沪）成交统计'!H17=0,"",'港股通（深）成交统计'!H17+'沪港通（沪）成交统计'!H17) -> 637.6956 | I11: =IF('港股通（深）成交统计'!I17+'沪港通（沪）成交统计'!I17=0,"",'港股通（深）成交统计'!I17+'沪港通（沪）成交统计'!I17) -> 562.5798 | ... K11: =IF('港股通（深）成交统计'!K17+'沪港通（沪）成交统计'!K17=0,"",'港股通（深）成交统计'!K17+'沪港通（沪）成交统计'!K17) -> 38432.929
A12: =IF('港股通（深）成交统计'!A18="","",'港股通（深）成交统计'!A18) -> 45699 | B12: =IF('港股通（深）成交统计'!B18+'沪港通（沪）成交统计'!B18=0,"",'港股通（深）成交统计'!B18+'沪港通（沪）成交统计'!B18) -> 1899.6478 | C12: =IF('港股通（深）成交统计'!C18+'沪港通（沪）成交统计'!C18=0,"",'港股通（深）成交统计'!C18+'沪港通（沪）成交统计'!C18) | D12: =IF('港股通（深）成交统计'!D18+'沪港通（沪）成交统计'!D18=0,"",'港股通（深）成交统计'!D18+'沪港通（沪）成交统计'!D18) | E12: =IF('港股通（深）成交统计'!E18+'沪港通（沪）成交统计'!E18=0,"",'港股通（深）成交统计'!E18+'沪港通（沪）成交统计'!E18) | F12: =IF('港股通（深）成交统计'!F18+'沪港通（沪）成交统计'!F18=0,"",'港股通（深）成交统计'!F18+'沪港通（沪）成交统计'!F18) -> 17615.225 | G12: =IF('港股通（深）成交统计'!G18+'沪港通（沪）成交统计'!G18=0,"",'港股通（深）成交统计'!G18+'沪港通（沪）成交统计'!G18) -> 1049.4999 | H12: =IF('港股通（深）成交统计'!H18+'沪港通（沪）成交统计'!H18=0,"",'港股通（深）成交统计'!H18+'沪港通（沪）成交统计'!H18) -> 480.2594 | I12: =IF('港股通（深）成交统计'!I18+'沪港通（沪）成交统计'!I18=0,"",'港股通（深）成交统计'!I18+'沪港通（沪）成交统计'!I18) -> 569.2405 | ... K12: =IF('港股通（深）成交统计'!K18+'沪港通（沪）成交统计'!K18=0,"",'港股通（深）成交统计'!K18+'沪港通（沪）成交统计'!K18) -> 38357.813
A13: =IF('港股通（深）成交统计'!A19="","",'港股通（深）成交统计'!A19) -> 45698 | B13: =IF('港股通（深）成交统计'!B19+'沪港通（沪）成交统计'!B19=0,"",'港股通（深）成交统计'!B19+'沪港通（沪）成交统计'!B19) -> 2056.9094 | C13: =IF('港股通（深）成交统计'!C19+'沪港通（沪）成交统计'!C19=0,"",'港股通（深）成交统计'!C19+'沪港通（沪）成交统计'!C19) | D13: =IF('港股通（深）成交统计'!D19+'沪港通（沪）成交统计'!D19=0,"",'港股通（深）成交统计'!D19+'沪港通（沪）成交统计'!D19) | E13: =IF('港股通（深）成交统计'!E19+'沪港通（沪）成交统计'!E19=0,"",'港股通（深）成交统计'!E19+'沪港通（沪）成交统计'!E19) | F13: =IF('港股通（深）成交统计'!F19+'沪港通（沪）成交统计'!F19=0,"",'港股通（深）成交统计'!F19+'沪港通（沪）成交统计'!F19) -> 17615.225 | G13: =IF('港股通（深）成交统计'!G19+'沪港通（沪）成交统计'!G19=0,"",'港股通（深）成交统计'!G19+'沪港通（沪）成交统计'!G19) -> 1156.1515 | H13: =IF('港股通（深）成交统计'!H19+'沪港通（沪）成交统计'!H19=0,"",'港股通（深）成交统计'!H19+'沪港通（沪）成交统计'!H19) -> 660.4149 | I13: =IF('港股通（深）成交统计'!I19+'沪港通（沪）成交统计'!I19=0,"",'港股通（深）成交统计'!I19+'沪港通（沪）成交统计'!I19) -> 495.7366 | ... K13: =IF('港股通（深）成交统计'!K19+'沪港通（沪）成交统计'!K19=0,"",'港股通（深）成交统计'!K19+'沪港通（沪）成交统计'!K19) -> 38446.794
... A1000: =IF('港股通（深）成交统计'!A1006="","",'港股通（深）成交统计'!A1006) | B1000: =IF('港股通（深）成交统计'!B1006+'沪港通（沪）成交统计'!B1006=0,"",'港股通（深）成交统计'!B1006+'沪港通（沪）成交统计'!B1006) | C1000: =IF('港股通（深）成交统计'!C1006+'沪港通（沪）成交统计'!C1006=0,"",'港股通（深）成交统计'!C1006+'沪港通（沪）成交统计'!C1006) | D1000: =IF('港股通（深）成交统计'!D1006+'沪港通（沪）成交统计'!D1006=0,"",'港股通（深）成交统计'!D1006+'沪港通（沪）成交统计'!D1006) | E1000: =IF('港股通（深）成交统计'!E1006+'沪港通（沪）成交统计'!E1006=0,"",'港股通（深）成交统计'!E1006+'沪港通（沪）成交统计'!E1006) | F1000: =IF('港股通（深）成交统计'!F1006+'沪港通（沪）成交统计'!F1006=0,"",'港股通（深）成交统计'!F1006+'沪港通（沪）成交统计'!F1006) | G1000: =IF('港股通（深）成交统计'!G1006+'沪港通（沪）成交统计'!G1006=0,"",'港股通（深）成交统计'!G1006+'沪港通（沪）成交统计'!G1006) | H1000: =IF('港股通（深）成交统计'!H1006+'沪港通（沪）成交统计'!H1006=0,"",'港股通（深）成交统计'!H1006+'沪港通（沪）成交统计'!H1006) | I1000: =IF('港股通（深）成交统计'!I1006+'沪港通（沪）成交统计'!I1006=0,"",'港股通（深）成交统计'!I1006+'沪港通（沪）成交统计'!I1006) | ... K1000: =IF('港股通（深）成交统计'!K1006+'沪港通（沪）成交统计'!K1006=0,"",'港股通（深）成交统计'!K1006+'沪港通（沪）成交统计'!K1006)

Sheet 港股通（深）成交统计
A1: 数据集名称 | B1: 深港通成交统计
A2: 开始日期 | B2: =TEXT(南向资金流入流出!E8,"YYYY/MM/DD") -> 2024/08/29
A3: 结束日期 | B3: =TEXT(南向资金流入流出!L1,"YYYY/MM/DD") -> 2025/02/25
A4: 统计周期 | B4: =南向资金流入流出!E9 -> 日
A5: 深港通币种 | B5: 港币
A6: date | B6: sz_total_amount | C6: sz_buy_amount | D6: sz_sell_amount | E6: sz_net_purchases | F6: sz_cumulative_net_bought | G6: hk_total_amount | H6: hk_buy_amount | I6: hk_sell_amount | J6: hk_net_purchases | K6: hk_cumulative_net_bought
A7: 日期 | B7: 深股通-总成交金额(亿元,人民币) | C7: 深股通-买入成交金额(亿元,人民币) | D7: 深股通-卖出成交金额(亿元,人民币) | E7: 深股通-成交净买入(亿元,人民币) | F7: 深股通-累计净买入(亿元,人民币) | G7: 港股通-总成交金额(亿元) | H7: 港股通-买入成交金额(亿元) | I7: 港股通-卖出成交金额(亿元) | J7: 港股通-成交净买入(亿元) | K7: 港股通-累计净买入(亿元)
A8: =[1]!wset("szhktransactionstatistics","startdate="&B2,"enddate="&B3,"cycle="&B4,"currency="&B5,"field=date,sz_total_amount,sz_buy_amount,sz_sell_amount,sz_net_purchases,sz_cumulative_net_bought,hk_total_amount,hk_buy_amount,hk_sell_amount,hk_net_purchases,hk_cumulative_net_bought","cols=11;rows=110") -> 45713 | B8: 1255.0841 | F8: 7534.0185 | G8: 590.9053 | H8: 341.1647 | I8: 249.7406 | J8: 91.4241 | K8: 17309.268
A9: 45712 | B9: 1366.2779 | F9: 7534.0185 | G9: 617.0719 | H9: 323.356 | I9: 293.7159 | J9: 29.6401 | K9: 17217.844
A10: 45709 | B10: 1363.203 | F10: 7534.0185 | G10: 713.8249 | H10: 383.8437 | I10: 329.9812 | J10: 53.8625 | K10: 17188.204
A11: 45708 | B11: 1137.6023 | F11: 7534.0185 | G11: 561.5344 | H11: 250.1115 | I11: 311.4229 | J11: -61.3114 | K11: 17134.341
A12: 45707 | B12: 1143.7002 | F12: 7534.0185 | G12: 469.384 | H12: 242.6663 | I12: 226.7177 | J12: 15.9486 | K12: 17195.653
A13: 45706 | B13: 1206.7842 | F13: 7534.0185 | G13: 606.7291 | H13: 347.9104 | I13: 258.8187 | J13: 89.0917 | K13: 17179.704
A14: 45705 | B14: 1231.2411 | F14: 7534.0185 | G14: 779.4373 | H14: 405.227 | I14: 374.2103 | J14: 31.0167 | K14: 17090.612
A15: 45702 | B15: 1142.9183 | F15: 7534.0185 | G15: 613.4463 | H15: 325.0707 | I15: 288.3756 | J15: 36.6951 | K15: 17059.596
A16: 45701 | B16: 1175.3693 | F16: 7534.0185 | G16: 596.5248 | H16: 281.4686 | I16: 315.0562 | J16: -33.5876 | K16: 17022.901
A17: 45700 | B17: 1084.9412 | F17: 7534.0185 | G17: 457.4039 | H17: 236.6626 | I17: 220.7413 | J17: 15.9213 | K17: 17056.488
A18: 45699 | B18: 1054.2121 | F18: 7534.0185 | G18: 419.1989 | H18: 173.592 | I18: 245.6069 | J18: -72.0149 | K18: 17040.567
A19: 45698 | B19: 1145.5693 | F19: 7534.0185 | G19: 451.0342 | H19: 255.282 | I19: 195.7522 | J19: 59.5298 | K19: 17112.582
A20: 45695 | B20: 1281.024 | F20: 7534.0185 | G20: 489.5065 | H20: 238.5903 | I20: 250.9162 | J20: -12.3259 | K20: 17053.052
... A117: 45533 | B117: 478.6375 | F117: 7534.0185 | G117: 136.2213 | H117: 64.8375 | I117: 71.3838 | J117: -6.5463 | K117: 15423.73

Sheet 沪港通（沪）成交统计
A1: 数据集名称 | B1: 沪港通成交统计
A2: 开始日期 | B2: =TEXT(南向资金流入流出!E8,"YYYY/MM/DD") -> 2024/08/29
A3: 结束日期 | B3: =TEXT(南向资金流入流出!L1,"YYYY/MM/DD") -> 2025/02/25
A4: 统计周期 | B4: =南向资金流入流出!E9 -> 日
A5: 沪港通币种 | B5: 港币
A6: date | B6: sh_total_amount | C6: sh_buy_amount | D6: sh_sell_amount | E6: sh_net_purchases | F6: sh_cumulative_net_bought | G6: hk_total_amount | H6: hk_buy_amount | I6: hk_sell_amount | J6: hk_net_purchases | K6: hk_cumulative_net_bought
A7: 日期 | B7: 沪股通-总成交金额(亿元,人民币) | C7: 沪股通-买入成交金额(亿元,人民币) | D7: 沪股通-卖出成交金额(亿元,人民币) | E7: 沪股通-成交净买入(亿元,人民币) | F7: 沪股通-累计净买入(亿元,人民币) | G7: 港股通-总成交金额(亿元) | H7: 港股通-买入成交金额(亿元) | I7: 港股通-卖出成交金额(亿元) | J7: 港股通-成交净买入(亿元) | K7: 港股通-累计净买入(亿元)
A8: =[1]!wset("shhktransactionstatistics","startdate="&B2,"enddate="&B3,"cycle="&B4,"currency="&B5,"field=date,sh_total_amount,sh_buy_amount,sh_sell_amount,sh_net_purchases,sh_cumulative_net_bought,hk_total_amount,hk_buy_amount,hk_sell_amount,hk_net_purchases,hk_cumulative_net_bought","cols=11;rows=110") -> 45713 | B8: 996.9975 | F8: 10081.206 | G8: 1013.2293 | H8: 571.0655 | I8: 442.1638 | J8: 128.9017 | K8: 22060.367
A9: 45712 | B9: 1060.3054 | F9: 10081.206 | G9: 986.7354 | H9: 547.2312 | I9: 439.5042 | J9: 107.727 | K9: 21931.466
A10: 45709 | B10: 1060.8741 | F10: 10081.206 | G10: 1099.5452 | H10: 593.0149 | I10: 506.5303 | J10: 86.4846 | K10: 21823.739
A11: 45708 | B11: 879.0498 | F11: 10081.206 | G11: 901.5892 | H11: 449.7415 | I11: 451.8477 | J11: -2.1062 | K11: 21737.254
A12: 45707 | B12: 930.734 | F12: 10081.206 | G12: 810.3798 | H12: 448.8379 | I12: 361.5419 | J12: 87.296 | K12: 21739.36
A13: 45706 | B13: 950.9553 | F13: 10081.206 | G13: 927.2544 | H13: 531.194 | I13: 396.0604 | J13: 135.1336 | K13: 21652.064
A14: 45705 | B14: 1003.7991 | F14: 10081.206 | G14: 1227.2721 | H14: 651.9881 | I14: 575.284 | J14: 76.7041 | K14: 21516.931
A15: 45702 | B15: 908.5963 | F15: 10081.206 | G15: 943.7035 | H15: 492.069 | I15: 451.6345 | J15: 40.4345 | K15: 21440.226
A16: 45701 | B16: 945.9957 | F16: 10081.206 | G16: 994.8184 | H16: 509.0847 | I16: 485.7337 | J16: 23.351 | K16: 21399.792
A17: 45700 | B17: 863.7329 | F17: 10081.206 | G17: 742.8715 | H17: 401.033 | I17: 341.8385 | J17: 59.1945 | K17: 21376.441
A18: 45699 | B18: 845.4357 | F18: 10081.206 | G18: 630.301 | H18: 306.6674 | I18: 323.6336 | J18: -16.9662 | K18: 21317.246
A19: 45698 | B19: 911.3401 | F19: 10081.206 | G19: 705.1173 | H19: 405.1329 | I19: 299.9844 | J19: 105.1485 | K19: 21334.213
A20: 45695 | B20: 1025.5625 | F20: 10081.206 | G20: 717.1836 | H20: 370.09 | I20: 347.0936 | J20: 22.9964 | K20: 21229.064
... A117: 45533 | B117: 512.3472 | F117: 10081.206 | G117: 196.8651 | H117: 92.5162 | I117: 104.3489 | J117: -11.8327 | K117: 18074.403
