Workbook

Sheet 月度收益
E1: 月度收益 V1.2 | N1: 最新更新： | O1: =data!B5 -> 46105
C4: Wind代码： | D4: SPX.GI | E4: 证券简称： | F4: =[1]!s_info_name(D4) -> 标普500 | H4: 前推周期： | I4: 1000 | K4: 观测周期： | L4: M(月)
C5: 自定义代码： | F5: =IF(D5="","",[1]!s_info_name(D5))
C7: 年份 | D7: 01月 | E7: 02月 | F7: 03月 | G7: 04月 | H7: 05月 | I7: 06月 | J7: 07月 | K7: 08月 | L7: 09月 | M7: 10月 | N7: 11月 | O7: 12月
C8: =YEAR($O$1)&"年" -> 2026年 | D8: =_xlfn.IFNA(VLOOKUP(LEFT($C8,4)&"/"&LEFT(D$7,2),data!$A:$C,3,0)/100,"") -> 0.01366299 | E8: =_xlfn.IFNA(VLOOKUP(LEFT($C8,4)&"/"&LEFT(E$7,2),data!$A:$C,3,0)/100,"") -> -0.0086683585 | F8: =_xlfn.IFNA(VLOOKUP(LEFT($C8,4)&"/"&LEFT(F$7,2),data!$A:$C,3,0)/100,"") -> -0.043303561 | G8: =_xlfn.IFNA(VLOOKUP(LEFT($C8,4)&"/"&LEFT(G$7,2),data!$A:$C,3,0)/100,"") | H8: =_xlfn.IFNA(VLOOKUP(LEFT($C8,4)&"/"&LEFT(H$7,2),data!$A:$C,3,0)/100,"") | I8: =_xlfn.IFNA(VLOOKUP(LEFT($C8,4)&"/"&LEFT(I$7,2),data!$A:$C,3,0)/100,"") | J8: =_xlfn.IFNA(VLOOKUP(LEFT($C8,4)&"/"&LEFT(J$7,2),data!$A:$C,3,0)/100,"") | K8: =_xlfn.IFNA(VLOOKUP(LEFT($C8,4)&"/"&LEFT(K$7,2),data!$A:$C,3,0)/100,"") | ... O8: =_xlfn.IFNA(VLOOKUP(LEFT($C8,4)&"/"&LEFT(O$7,2),data!$A:$C,3,0)/100,"")
C9: =IF(LEFT($L$4,1)="M",IF(ROW(C9)-ROW(C$8)<=TRUNC(I$4/12,0),(YEAR($O$1)-(ROW(C9)-ROW(C$8)))&"年",""),IF(ROW(C9)-ROW(C$8)<I$4,(YEAR($O$1)-(ROW(C9)-ROW(C$8)))&"年","")) -> 2025年 | D9: =_xlfn.IFNA(VLOOKUP(LEFT($C9,4)&"/"&LEFT(D$7,2),data!$A:$C,3,0)/100,"") -> 0.02701632 | E9: =_xlfn.IFNA(VLOOKUP(LEFT($C9,4)&"/"&LEFT(E$7,2),data!$A:$C,3,0)/100,"") -> -0.014242128 | F9: =_xlfn.IFNA(VLOOKUP(LEFT($C9,4)&"/"&LEFT(F$7,2),data!$A:$C,3,0)/100,"") -> -0.057544714 | G9: =_xlfn.IFNA(VLOOKUP(LEFT($C9,4)&"/"&LEFT(G$7,2),data!$A:$C,3,0)/100,"") -> -0.0076249365 | H9: =_xlfn.IFNA(VLOOKUP(LEFT($C9,4)&"/"&LEFT(H$7,2),data!$A:$C,3,0)/100,"") -> 0.061523848 | I9: =_xlfn.IFNA(VLOOKUP(LEFT($C9,4)&"/"&LEFT(I$7,2),data!$A:$C,3,0)/100,"") -> 0.049606796 | J9: =_xlfn.IFNA(VLOOKUP(LEFT($C9,4)&"/"&LEFT(J$7,2),data!$A:$C,3,0)/100,"") -> 0.021666573 | K9: =_xlfn.IFNA(VLOOKUP(LEFT($C9,4)&"/"&LEFT(K$7,2),data!$A:$C,3,0)/100,"") -> 0.019066503 | ... O9: =_xlfn.IFNA(VLOOKUP(LEFT($C9,4)&"/"&LEFT(O$7,2),data!$A:$C,3,0)/100,"") -> -0.00052415722
C10: =IF(LEFT($L$4,1)="M",IF(ROW(C10)-ROW(C$8)<=TRUNC(I$4/12,0),(YEAR($O$1)-(ROW(C10)-ROW(C$8)))&"年",""),IF(ROW(C10)-ROW(C$8)<I$4,(YEAR($O$1)-(ROW(C10)-ROW(C$8)))&"年","")) -> 2024年 | D10: =_xlfn.IFNA(VLOOKUP(LEFT($C10,4)&"/"&LEFT(D$7,2),data!$A:$C,3,0)/100,"") -> 0.015895745 | E10: =_xlfn.IFNA(VLOOKUP(LEFT($C10,4)&"/"&LEFT(E$7,2),data!$A:$C,3,0)/100,"") -> 0.051720615 | F10: =_xlfn.IFNA(VLOOKUP(LEFT($C10,4)&"/"&LEFT(F$7,2),data!$A:$C,3,0)/100,"") -> 0.031018765 | G10: =_xlfn.IFNA(VLOOKUP(LEFT($C10,4)&"/"&LEFT(G$7,2),data!$A:$C,3,0)/100,"") -> -0.041615043 | H10: =_xlfn.IFNA(VLOOKUP(LEFT($C10,4)&"/"&LEFT(H$7,2),data!$A:$C,3,0)/100,"") -> 0.048021224 | I10: =_xlfn.IFNA(VLOOKUP(LEFT($C10,4)&"/"&LEFT(I$7,2),data!$A:$C,3,0)/100,"") -> 0.034669759 | J10: =_xlfn.IFNA(VLOOKUP(LEFT($C10,4)&"/"&LEFT(J$7,2),data!$A:$C,3,0)/100,"") -> 0.011321349 | K10: =_xlfn.IFNA(VLOOKUP(LEFT($C10,4)&"/"&LEFT(K$7,2),data!$A:$C,3,0)/100,"") -> 0.022834688 | ... O10: =_xlfn.IFNA(VLOOKUP(LEFT($C10,4)&"/"&LEFT(O$7,2),data!$A:$C,3,0)/100,"") -> -0.024990137
C11: =IF(LEFT($L$4,1)="M",IF(ROW(C11)-ROW(C$8)<=TRUNC(I$4/12,0),(YEAR($O$1)-(ROW(C11)-ROW(C$8)))&"年",""),IF(ROW(C11)-ROW(C$8)<I$4,(YEAR($O$1)-(ROW(C11)-ROW(C$8)))&"年","")) -> 2023年 | D11: =_xlfn.IFNA(VLOOKUP(LEFT($C11,4)&"/"&LEFT(D$7,2),data!$A:$C,3,0)/100,"") -> 0.061752832 | E11: =_xlfn.IFNA(VLOOKUP(LEFT($C11,4)&"/"&LEFT(E$7,2),data!$A:$C,3,0)/100,"") -> -0.026112447 | F11: =_xlfn.IFNA(VLOOKUP(LEFT($C11,4)&"/"&LEFT(F$7,2),data!$A:$C,3,0)/100,"") -> 0.035051572 | G11: =_xlfn.IFNA(VLOOKUP(LEFT($C11,4)&"/"&LEFT(G$7,2),data!$A:$C,3,0)/100,"") -> 0.014642361 | H11: =_xlfn.IFNA(VLOOKUP(LEFT($C11,4)&"/"&LEFT(H$7,2),data!$A:$C,3,0)/100,"") -> 0.0024823239 | I11: =_xlfn.IFNA(VLOOKUP(LEFT($C11,4)&"/"&LEFT(I$7,2),data!$A:$C,3,0)/100,"") -> 0.064727513 | J11: =_xlfn.IFNA(VLOOKUP(LEFT($C11,4)&"/"&LEFT(J$7,2),data!$A:$C,3,0)/100,"") -> 0.031138914 | K11: =_xlfn.IFNA(VLOOKUP(LEFT($C11,4)&"/"&LEFT(K$7,2),data!$A:$C,3,0)/100,"") -> -0.017716432 | ... O11: =_xlfn.IFNA(VLOOKUP(LEFT($C11,4)&"/"&LEFT(O$7,2),data!$A:$C,3,0)/100,"") -> 0.044229169
C12: =IF(LEFT($L$4,1)="M",IF(ROW(C12)-ROW(C$8)<=TRUNC(I$4/12,0),(YEAR($O$1)-(ROW(C12)-ROW(C$8)))&"年",""),IF(ROW(C12)-ROW(C$8)<I$4,(YEAR($O$1)-(ROW(C12)-ROW(C$8)))&"年","")) -> 2022年 | D12: =_xlfn.IFNA(VLOOKUP(LEFT($C12,4)&"/"&LEFT(D$7,2),data!$A:$C,3,0)/100,"") -> -0.052585089 | E12: =_xlfn.IFNA(VLOOKUP(LEFT($C12,4)&"/"&LEFT(E$7,2),data!$A:$C,3,0)/100,"") -> -0.031360521 | F12: =_xlfn.IFNA(VLOOKUP(LEFT($C12,4)&"/"&LEFT(F$7,2),data!$A:$C,3,0)/100,"") -> 0.035773239 | G12: =_xlfn.IFNA(VLOOKUP(LEFT($C12,4)&"/"&LEFT(G$7,2),data!$A:$C,3,0)/100,"") -> -0.087956719 | H12: =_xlfn.IFNA(VLOOKUP(LEFT($C12,4)&"/"&LEFT(H$7,2),data!$A:$C,3,0)/100,"") -> 5.3243884e-05 | I12: =_xlfn.IFNA(VLOOKUP(LEFT($C12,4)&"/"&LEFT(I$7,2),data!$A:$C,3,0)/100,"") -> -0.083919993 | J12: =_xlfn.IFNA(VLOOKUP(LEFT($C12,4)&"/"&LEFT(J$7,2),data!$A:$C,3,0)/100,"") -> 0.091116348 | K12: =_xlfn.IFNA(VLOOKUP(LEFT($C12,4)&"/"&LEFT(K$7,2),data!$A:$C,3,0)/100,"") -> -0.042440119 | ... O12: =_xlfn.IFNA(VLOOKUP(LEFT($C12,4)&"/"&LEFT(O$7,2),data!$A:$C,3,0)/100,"") -> -0.058971449
C13: =IF(LEFT($L$4,1)="M",IF(ROW(C13)-ROW(C$8)<=TRUNC(I$4/12,0),(YEAR($O$1)-(ROW(C13)-ROW(C$8)))&"年",""),IF(ROW(C13)-ROW(C$8)<I$4,(YEAR($O$1)-(ROW(C13)-ROW(C$8)))&"年","")) -> 2021年 | D13: =_xlfn.IFNA(VLOOKUP(LEFT($C13,4)&"/"&LEFT(D$7,2),data!$A:$C,3,0)/100,"") -> -0.01113664 | E13: =_xlfn.IFNA(VLOOKUP(LEFT($C13,4)&"/"&LEFT(E$7,2),data!$A:$C,3,0)/100,"") -> 0.026091475 | F13: =_xlfn.IFNA(VLOOKUP(LEFT($C13,4)&"/"&LEFT(F$7,2),data!$A:$C,3,0)/100,"") -> 0.042438634 | G13: =_xlfn.IFNA(VLOOKUP(LEFT($C13,4)&"/"&LEFT(G$7,2),data!$A:$C,3,0)/100,"") -> 0.052425313 | H13: =_xlfn.IFNA(VLOOKUP(LEFT($C13,4)&"/"&LEFT(H$7,2),data!$A:$C,3,0)/100,"") -> 0.0054865026 | I13: =_xlfn.IFNA(VLOOKUP(LEFT($C13,4)&"/"&LEFT(I$7,2),data!$A:$C,3,0)/100,"") -> 0.022213976 | J13: =_xlfn.IFNA(VLOOKUP(LEFT($C13,4)&"/"&LEFT(J$7,2),data!$A:$C,3,0)/100,"") -> 0.022748109 | K13: =_xlfn.IFNA(VLOOKUP(LEFT($C13,4)&"/"&LEFT(K$7,2),data!$A:$C,3,0)/100,"") -> 0.028990321 | ... O13: =_xlfn.IFNA(VLOOKUP(LEFT($C13,4)&"/"&LEFT(O$7,2),data!$A:$C,3,0)/100,"") -> 0.043612875
C14: =IF(LEFT($L$4,1)="M",IF(ROW(C14)-ROW(C$8)<=TRUNC(I$4/12,0),(YEAR($O$1)-(ROW(C14)-ROW(C$8)))&"年",""),IF(ROW(C14)-ROW(C$8)<I$4,(YEAR($O$1)-(ROW(C14)-ROW(C$8)))&"年","")) -> 2020年 | D14: =_xlfn.IFNA(VLOOKUP(LEFT($C14,4)&"/"&LEFT(D$7,2),data!$A:$C,3,0)/100,"") -> -0.0016280898 | E14: =_xlfn.IFNA(VLOOKUP(LEFT($C14,4)&"/"&LEFT(E$7,2),data!$A:$C,3,0)/100,"") -> -0.084110469 | F14: =_xlfn.IFNA(VLOOKUP(LEFT($C14,4)&"/"&LEFT(F$7,2),data!$A:$C,3,0)/100,"") -> -0.12511932 | G14: =_xlfn.IFNA(VLOOKUP(LEFT($C14,4)&"/"&LEFT(G$7,2),data!$A:$C,3,0)/100,"") -> 0.1268441 | H14: =_xlfn.IFNA(VLOOKUP(LEFT($C14,4)&"/"&LEFT(H$7,2),data!$A:$C,3,0)/100,"") -> 0.045281775 | I14: =_xlfn.IFNA(VLOOKUP(LEFT($C14,4)&"/"&LEFT(I$7,2),data!$A:$C,3,0)/100,"") -> 0.018388403 | J14: =_xlfn.IFNA(VLOOKUP(LEFT($C14,4)&"/"&LEFT(J$7,2),data!$A:$C,3,0)/100,"") -> 0.055101297 | K14: =_xlfn.IFNA(VLOOKUP(LEFT($C14,4)&"/"&LEFT(K$7,2),data!$A:$C,3,0)/100,"") -> 0.070064687 | ... O14: =_xlfn.IFNA(VLOOKUP(LEFT($C14,4)&"/"&LEFT(O$7,2),data!$A:$C,3,0)/100,"") -> 0.037121407
C15: =IF(LEFT($L$4,1)="M",IF(ROW(C15)-ROW(C$8)<=TRUNC(I$4/12,0),(YEAR($O$1)-(ROW(C15)-ROW(C$8)))&"年",""),IF(ROW(C15)-ROW(C$8)<I$4,(YEAR($O$1)-(ROW(C15)-ROW(C$8)))&"年","")) -> 2019年 | D15: =_xlfn.IFNA(VLOOKUP(LEFT($C15,4)&"/"&LEFT(D$7,2),data!$A:$C,3,0)/100,"") -> 0.078684405 | E15: =_xlfn.IFNA(VLOOKUP(LEFT($C15,4)&"/"&LEFT(E$7,2),data!$A:$C,3,0)/100,"") -> 0.02972893 | F15: =_xlfn.IFNA(VLOOKUP(LEFT($C15,4)&"/"&LEFT(F$7,2),data!$A:$C,3,0)/100,"") -> 0.017924288 | G15: =_xlfn.IFNA(VLOOKUP(LEFT($C15,4)&"/"&LEFT(G$7,2),data!$A:$C,3,0)/100,"") -> 0.039313435 | H15: =_xlfn.IFNA(VLOOKUP(LEFT($C15,4)&"/"&LEFT(H$7,2),data!$A:$C,3,0)/100,"") -> -0.065777726 | I15: =_xlfn.IFNA(VLOOKUP(LEFT($C15,4)&"/"&LEFT(I$7,2),data!$A:$C,3,0)/100,"") -> 0.068930183 | J15: =_xlfn.IFNA(VLOOKUP(LEFT($C15,4)&"/"&LEFT(J$7,2),data!$A:$C,3,0)/100,"") -> 0.013128195 | K15: =_xlfn.IFNA(VLOOKUP(LEFT($C15,4)&"/"&LEFT(K$7,2),data!$A:$C,3,0)/100,"") -> -0.018091653 | ... O15: =_xlfn.IFNA(VLOOKUP(LEFT($C15,4)&"/"&LEFT(O$7,2),data!$A:$C,3,0)/100,"") -> 0.028589803
C16: =IF(LEFT($L$4,1)="M",IF(ROW(C16)-ROW(C$8)<=TRUNC(I$4/12,0),(YEAR($O$1)-(ROW(C16)-ROW(C$8)))&"年",""),IF(ROW(C16)-ROW(C$8)<I$4,(YEAR($O$1)-(ROW(C16)-ROW(C$8)))&"年","")) -> 2018年 | D16: =_xlfn.IFNA(VLOOKUP(LEFT($C16,4)&"/"&LEFT(D$7,2),data!$A:$C,3,0)/100,"") -> 0.056178725 | E16: =_xlfn.IFNA(VLOOKUP(LEFT($C16,4)&"/"&LEFT(E$7,2),data!$A:$C,3,0)/100,"") -> -0.03894738 | F16: =_xlfn.IFNA(VLOOKUP(LEFT($C16,4)&"/"&LEFT(F$7,2),data!$A:$C,3,0)/100,"") -> -0.026884514 | G16: =_xlfn.IFNA(VLOOKUP(LEFT($C16,4)&"/"&LEFT(G$7,2),data!$A:$C,3,0)/100,"") -> 0.002718801 | H16: =_xlfn.IFNA(VLOOKUP(LEFT($C16,4)&"/"&LEFT(H$7,2),data!$A:$C,3,0)/100,"") -> 0.021608353 | I16: =_xlfn.IFNA(VLOOKUP(LEFT($C16,4)&"/"&LEFT(I$7,2),data!$A:$C,3,0)/100,"") -> 0.0048424002 | J16: =_xlfn.IFNA(VLOOKUP(LEFT($C16,4)&"/"&LEFT(J$7,2),data!$A:$C,3,0)/100,"") -> 0.036021586 | K16: =_xlfn.IFNA(VLOOKUP(LEFT($C16,4)&"/"&LEFT(K$7,2),data!$A:$C,3,0)/100,"") -> 0.030263219 | ... O16: =_xlfn.IFNA(VLOOKUP(LEFT($C16,4)&"/"&LEFT(O$7,2),data!$A:$C,3,0)/100,"") -> -0.091776956
C17: =IF(LEFT($L$4,1)="M",IF(ROW(C17)-ROW(C$8)<=TRUNC(I$4/12,0),(YEAR($O$1)-(ROW(C17)-ROW(C$8)))&"年",""),IF(ROW(C17)-ROW(C$8)<I$4,(YEAR($O$1)-(ROW(C17)-ROW(C$8)))&"年","")) -> 2017年 | D17: =_xlfn.IFNA(VLOOKUP(LEFT($C17,4)&"/"&LEFT(D$7,2),data!$A:$C,3,0)/100,"") -> 0.017884341 | E17: =_xlfn.IFNA(VLOOKUP(LEFT($C17,4)&"/"&LEFT(E$7,2),data!$A:$C,3,0)/100,"") -> 0.037198261 | F17: =_xlfn.IFNA(VLOOKUP(LEFT($C17,4)&"/"&LEFT(F$7,2),data!$A:$C,3,0)/100,"") -> -0.00038923017 | G17: =_xlfn.IFNA(VLOOKUP(LEFT($C17,4)&"/"&LEFT(G$7,2),data!$A:$C,3,0)/100,"") -> 0.0090912169 | H17: =_xlfn.IFNA(VLOOKUP(LEFT($C17,4)&"/"&LEFT(H$7,2),data!$A:$C,3,0)/100,"") -> 0.01157621 | I17: =_xlfn.IFNA(VLOOKUP(LEFT($C17,4)&"/"&LEFT(I$7,2),data!$A:$C,3,0)/100,"") -> 0.004813832 | J17: =_xlfn.IFNA(VLOOKUP(LEFT($C17,4)&"/"&LEFT(J$7,2),data!$A:$C,3,0)/100,"") -> 0.019348769 | K17: =_xlfn.IFNA(VLOOKUP(LEFT($C17,4)&"/"&LEFT(K$7,2),data!$A:$C,3,0)/100,"") -> 0.00054649233 | ... O17: =_xlfn.IFNA(VLOOKUP(LEFT($C17,4)&"/"&LEFT(O$7,2),data!$A:$C,3,0)/100,"") -> 0.0098316198
C18: =IF(LEFT($L$4,1)="M",IF(ROW(C18)-ROW(C$8)<=TRUNC(I$4/12,0),(YEAR($O$1)-(ROW(C18)-ROW(C$8)))&"年",""),IF(ROW(C18)-ROW(C$8)<I$4,(YEAR($O$1)-(ROW(C18)-ROW(C$8)))&"年","")) -> 2016年 | D18: =_xlfn.IFNA(VLOOKUP(LEFT($C18,4)&"/"&LEFT(D$7,2),data!$A:$C,3,0)/100,"") -> -0.050735344 | E18: =_xlfn.IFNA(VLOOKUP(LEFT($C18,4)&"/"&LEFT(E$7,2),data!$A:$C,3,0)/100,"") -> -0.0041283553 | F18: =_xlfn.IFNA(VLOOKUP(LEFT($C18,4)&"/"&LEFT(F$7,2),data!$A:$C,3,0)/100,"") -> 0.065991109 | G18: =_xlfn.IFNA(VLOOKUP(LEFT($C18,4)&"/"&LEFT(G$7,2),data!$A:$C,3,0)/100,"") -> 0.0026993698 | H18: =_xlfn.IFNA(VLOOKUP(LEFT($C18,4)&"/"&LEFT(H$7,2),data!$A:$C,3,0)/100,"") -> 0.015329492 | I18: =_xlfn.IFNA(VLOOKUP(LEFT($C18,4)&"/"&LEFT(I$7,2),data!$A:$C,3,0)/100,"") -> 0.00090607355 | J18: =_xlfn.IFNA(VLOOKUP(LEFT($C18,4)&"/"&LEFT(J$7,2),data!$A:$C,3,0)/100,"") -> 0.035609807 | K18: =_xlfn.IFNA(VLOOKUP(LEFT($C18,4)&"/"&LEFT(K$7,2),data!$A:$C,3,0)/100,"") -> -0.0012191756 | ... O18: =_xlfn.IFNA(VLOOKUP(LEFT($C18,4)&"/"&LEFT(O$7,2),data!$A:$C,3,0)/100,"") -> 0.018200754
C19: =IF(LEFT($L$4,1)="M",IF(ROW(C19)-ROW(C$8)<=TRUNC(I$4/12,0),(YEAR($O$1)-(ROW(C19)-ROW(C$8)))&"年",""),IF(ROW(C19)-ROW(C$8)<I$4,(YEAR($O$1)-(ROW(C19)-ROW(C$8)))&"年","")) -> 2015年 | D19: =_xlfn.IFNA(VLOOKUP(LEFT($C19,4)&"/"&LEFT(D$7,2),data!$A:$C,3,0)/100,"") -> -0.031040847 | E19: =_xlfn.IFNA(VLOOKUP(LEFT($C19,4)&"/"&LEFT(E$7,2),data!$A:$C,3,0)/100,"") -> 0.054892506 | F19: =_xlfn.IFNA(VLOOKUP(LEFT($C19,4)&"/"&LEFT(F$7,2),data!$A:$C,3,0)/100,"") -> -0.017396056 | G19: =_xlfn.IFNA(VLOOKUP(LEFT($C19,4)&"/"&LEFT(G$7,2),data!$A:$C,3,0)/100,"") -> 0.0085207627 | H19: =_xlfn.IFNA(VLOOKUP(LEFT($C19,4)&"/"&LEFT(H$7,2),data!$A:$C,3,0)/100,"") -> 0.010491439 | I19: =_xlfn.IFNA(VLOOKUP(LEFT($C19,4)&"/"&LEFT(I$7,2),data!$A:$C,3,0)/100,"") -> -0.021011773 | J19: =_xlfn.IFNA(VLOOKUP(LEFT($C19,4)&"/"&LEFT(J$7,2),data!$A:$C,3,0)/100,"") -> 0.01974204 | K19: =_xlfn.IFNA(VLOOKUP(LEFT($C19,4)&"/"&LEFT(K$7,2),data!$A:$C,3,0)/100,"") -> -0.062580805 | ... O19: =_xlfn.IFNA(VLOOKUP(LEFT($C19,4)&"/"&LEFT(O$7,2),data!$A:$C,3,0)/100,"") -> -0.017530198
C20: =IF(LEFT($L$4,1)="M",IF(ROW(C20)-ROW(C$8)<=TRUNC(I$4/12,0),(YEAR($O$1)-(ROW(C20)-ROW(C$8)))&"年",""),IF(ROW(C20)-ROW(C$8)<I$4,(YEAR($O$1)-(ROW(C20)-ROW(C$8)))&"年","")) -> 2014年 | D20: =_xlfn.IFNA(VLOOKUP(LEFT($C20,4)&"/"&LEFT(D$7,2),data!$A:$C,3,0)/100,"") -> -0.035582895 | E20: =_xlfn.IFNA(VLOOKUP(LEFT($C20,4)&"/"&LEFT(E$7,2),data!$A:$C,3,0)/100,"") -> 0.043117038 | F20: =_xlfn.IFNA(VLOOKUP(LEFT($C20,4)&"/"&LEFT(F$7,2),data!$A:$C,3,0)/100,"") -> 0.0069321574 | G20: =_xlfn.IFNA(VLOOKUP(LEFT($C20,4)&"/"&LEFT(G$7,2),data!$A:$C,3,0)/100,"") -> 0.0062007969 | H20: =_xlfn.IFNA(VLOOKUP(LEFT($C20,4)&"/"&LEFT(H$7,2),data!$A:$C,3,0)/100,"") -> 0.021030282 | I20: =_xlfn.IFNA(VLOOKUP(LEFT($C20,4)&"/"&LEFT(I$7,2),data!$A:$C,3,0)/100,"") -> 0.019058313 | J20: =_xlfn.IFNA(VLOOKUP(LEFT($C20,4)&"/"&LEFT(J$7,2),data!$A:$C,3,0)/100,"") -> -0.015079863 | K20: =_xlfn.IFNA(VLOOKUP(LEFT($C20,4)&"/"&LEFT(K$7,2),data!$A:$C,3,0)/100,"") -> 0.037655322 | ... O20: =_xlfn.IFNA(VLOOKUP(LEFT($C20,4)&"/"&LEFT(O$7,2),data!$A:$C,3,0)/100,"") -> -0.0041885121
... C43: =IF(LEFT($L$4,1)="M",IF(ROW(C43)-ROW(C$8)<=TRUNC(I$4/12,0),(YEAR($O$1)-(ROW(C43)-ROW(C$8)))&"年",""),IF(ROW(C43)-ROW(C$8)<I$4,(YEAR($O$1)-(ROW(C43)-ROW(C$8)))&"年","")) -> 1991年 | D43: =_xlfn.IFNA(VLOOKUP(LEFT($C43,4)&"/"&LEFT(D$7,2),data!$A:$C,3,0)/100,"") | E43: =_xlfn.IFNA(VLOOKUP(LEFT($C43,4)&"/"&LEFT(E$7,2),data!$A:$C,3,0)/100,"") | F43: =_xlfn.IFNA(VLOOKUP(LEFT($C43,4)&"/"&LEFT(F$7,2),data!$A:$C,3,0)/100,"") | G43: =_xlfn.IFNA(VLOOKUP(LEFT($C43,4)&"/"&LEFT(G$7,2),data!$A:$C,3,0)/100,"") | H43: =_xlfn.IFNA(VLOOKUP(LEFT($C43,4)&"/"&LEFT(H$7,2),data!$A:$C,3,0)/100,"") | I43: =_xlfn.IFNA(VLOOKUP(LEFT($C43,4)&"/"&LEFT(I$7,2),data!$A:$C,3,0)/100,"") | J43: =_xlfn.IFNA(VLOOKUP(LEFT($C43,4)&"/"&LEFT(J$7,2),data!$A:$C,3,0)/100,"") | K43: =_xlfn.IFNA(VLOOKUP(LEFT($C43,4)&"/"&LEFT(K$7,2),data!$A:$C,3,0)/100,"") | ... O43: =_xlfn.IFNA(VLOOKUP(LEFT($C43,4)&"/"&LEFT(O$7,2),data!$A:$C,3,0)/100,"")

Sheet Sheet3
I8: 前收盘价 | J8: 交易日 | K8: 今收盘价
I9: 4162.88 | K9: 3813.28 | L9: =(K9-I9)/I9 -> -0.083980321 | M9: -0.0955
M11: =I9*(1+M9) -> 3765.325

Sheet Wind模板
A1: 月度收益

Sheet data
C1: =[1]!s_info_name(C2) -> 标普500
C2: =IF(月度收益!D5="",月度收益!D4,月度收益!D5) -> SPX.GI
B3: 日期 | C3: 涨跌幅
B4: Date | C4: pct_chg
A5: =IF(C5="","",TEXT(B5,"YYYY/MM")) -> 2026/03 | B5: 46105 | C5: =[1]!WSD(C2,C4:C4,"-"&月度收益!I4&LEFT(月度收益!L4,1),"","Per="&LEFT(月度收益!L4,1),"TradingCalendar=SSE","Sort=D","rptType=1","ShowParams=Y","cols=1;rows=424") -> -4.3303561
A6: =IF(C6="","",TEXT(B6,"YYYY/MM")) -> 2026/02 | B6: 46080 | C6: -0.86683585
A7: =IF(C7="","",TEXT(B7,"YYYY/MM")) -> 2026/01 | B7: 46052 | C7: 1.366299
A8: =IF(C8="","",TEXT(B8,"YYYY/MM")) -> 2025/12 | B8: 46022 | C8: -0.052415722
A9: =IF(C9="","",TEXT(B9,"YYYY/MM")) -> 2025/11 | B9: 45989 | C9: 0.12996696
A10: =IF(C10="","",TEXT(B10,"YYYY/MM")) -> 2025/10 | B10: 45961 | C10: 2.2686837
A11: =IF(C11="","",TEXT(B11,"YYYY/MM")) -> 2025/09 | B11: 45930 | C11: 3.5323656
A12: =IF(C12="","",TEXT(B12,"YYYY/MM")) -> 2025/08 | B12: 45898 | C12: 1.9066503
A13: =IF(C13="","",TEXT(B13,"YYYY/MM")) -> 2025/07 | B13: 45869 | C13: 2.1666573
A14: =IF(C14="","",TEXT(B14,"YYYY/MM")) -> 2025/06 | B14: 45838 | C14: 4.9606796
A15: =IF(C15="","",TEXT(B15,"YYYY/MM")) -> 2025/05 | B15: 45807 | C15: 6.1523848
A16: =IF(C16="","",TEXT(B16,"YYYY/MM")) -> 2025/04 | B16: 45777 | C16: -0.76249365
A17: =IF(C17="","",TEXT(B17,"YYYY/MM")) -> 2025/03 | B17: 45747 | C17: -5.7544714
... A401: =IF(C401="","",TEXT(B401,"YYYY/MM")) -> 1993/03 | B401: 34059 | C401: 1.869728
B402: 34026 | C402: 1.0483614
B403: 33998 | C403: 0.70459709
B404: 33969 | C404: 1.0107801
B405: 33938 | C405: 3.0261775
B406: 33907 | C406: 0.21062709
B407: 33877 | C407: 0.91056204
B408: 33847 | C408: -2.3997548
B409: 33816 | C409: 3.9373744
B410: 33785 | C410: -1.7358854
B411: 33753 | C411: 0.096397156
B412: 33724 | C412: 2.789269
B413: 33694 | C413: -2.1831839
... B428: 33238 | C428: 2.4827757
