Workbook

Sheet 股指期货基差分析
D1: 股指期货基差分析
C4: 参数设定
C5: 指数标的选择： | D5: 中证500 | E5: =VLOOKUP(D5,合约信息!A:F,2,0) -> 000905.SH | G5: 开始日期: | H5: 43466
C6: 连续合约选择 | D6: 当月连续00 | E6: =VLOOKUP(D5,合约信息!A:F,RIGHT(D6,1)+3,0) -> IC00.CFE | G6: 截止日期: | H6: =[1]!TDaysOffset(TODAY(),"Offset=-1") -> 45398
C7: 置信水平: | D7: 0.9
C9: 统计结果
C10: 计数 | D10: 均值 | E10: 标准差 | F10: 中位数位数 | G10: 中位数位值 | H10: 百分比计数位数 | J10: 百分比计数位值 | K10: 下水平位数 | L10: 下水平位值 | M10: 上水平位数 | N10: 下水平位值
C11: =COUNT(历史数据!B2:B9997) -> 1282 | D11: =AVERAGE(历史数据!F:F) -> -19.923978 | E11: =STDEV(历史数据!F:F) -> 27.222855 | F11: =ROUND(C11/2,0) -> 641 | G11: =VLOOKUP(F11,历史数据!E:F,2,0) -> -14.0518 | H11: =ROUND(C11*D7,0) -> 1154 | J11: =VLOOKUP(H11,历史数据!E:F,2,0) -> -58.436 | K11: =F11-ROUND(H11/2,0) -> 64 | L11: =VLOOKUP(K11,历史数据!E:F,2,0) -> 15.7379 | M11: =F11+ROUND((H11/2),0)-1 -> 1217 | N11: =VLOOKUP(M11,历史数据!E:F,2,0) -> -71.4085
C13: 基差分布 | J13: 基差历史数据

Sheet 历史数据
B1: 日期 | C1: 收盘价 | D1: 收盘价 | E1: 排序 | F1: 基差 | G1: 置信区间上限 | H1: 置信区间下限 | I1: 均值
B2: =[1]!TDays(股指期货基差分析!H5,股指期货基差分析!H6,"TradingCalendar=CFFEX","cols=1;rows=1282") -> 43467 | C2: =IF(B2="","",[1]!s_dq_close(股指期货基差分析!$E$5,$B2)) -> 4131.9567 | D2: =IF(B2="","",[1]!s_dq_close(股指期货基差分析!$E$6,$B2)) -> 4096.8 | E2: =RANK(F2,F:F)+COUNTIF(F$2:F2,F2)-1 -> 960 | F2: =IF(B2="","",D2-C2) -> -35.1567 | G2: =IF(B2="","",股指期货基差分析!$N$11) -> -71.4085 | H2: =IF(B2="","",股指期货基差分析!$L$11) -> 15.7379 | I2: =IF(B2="","",股指期货基差分析!$D$11) -> -19.923978 | L2: 区间平分 | M2: 频数范围 | N2: 频数个数
B3: 43468 | C3: =IF(B3="","",[1]!s_dq_close(股指期货基差分析!$E$5,$B3)) -> 4112.807 | D3: =IF(B3="","",[1]!s_dq_close(股指期货基差分析!$E$6,$B3)) -> 4086.6 | E3: =RANK(F3,F:F)+COUNTIF(F$2:F3,F3)-1 -> 832 | F3: =IF(B3="","",D3-C3) -> -26.207 | G3: =IF(B3="","",股指期货基差分析!$N$11) -> -71.4085 | H3: =IF(B3="","",股指期货基差分析!$L$11) -> 15.7379 | I3: =IF(B3="","",股指期货基差分析!$D$11) -> -19.923978 | L3: =ROUND(MIN(历史数据!F$2:F$1048576),0) -> -146 | M3: =" <= "&L3 -> <= -146 | N3: {=FREQUENCY(历史数据!F:F,L3:L11)} -> 0
B4: 43469 | C4: =IF(B4="","",[1]!s_dq_close(股指期货基差分析!$E$5,$B4)) -> 4210.8786 | D4: =IF(B4="","",[1]!s_dq_close(股指期货基差分析!$E$6,$B4)) -> 4207.8 | E4: =RANK(F4,F:F)+COUNTIF(F$2:F4,F4)-1 -> 373 | F4: =IF(B4="","",D4-C4) -> -3.0786 | G4: =IF(B4="","",股指期货基差分析!$N$11) -> -71.4085 | H4: =IF(B4="","",股指期货基差分析!$L$11) -> 15.7379 | I4: =IF(B4="","",股指期货基差分析!$D$11) -> -19.923978 | L4: =ROUND(L3+(L11-L3)/9,0) -> -121 | M4: ="<="&L4 -> <=-121 | N4: 3
B5: 43472 | C5: =IF(B5="","",[1]!s_dq_close(股指期货基差分析!$E$5,$B5)) -> 4288.3234 | D5: =IF(B5="","",[1]!s_dq_close(股指期货基差分析!$E$6,$B5)) -> 4268.6 | E5: =RANK(F5,F:F)+COUNTIF(F$2:F5,F5)-1 -> 746 | F5: =IF(B5="","",D5-C5) -> -19.7234 | G5: =IF(B5="","",股指期货基差分析!$N$11) -> -71.4085 | H5: =IF(B5="","",股指期货基差分析!$L$11) -> 15.7379 | I5: =IF(B5="","",股指期货基差分析!$D$11) -> -19.923978 | L5: =ROUND(L3+2*(L11-L3)/9,0) -> -96 | M5: ="<="&L5 -> <=-96 | N5: 10
B6: 43473 | C6: =IF(B6="","",[1]!s_dq_close(股指期货基差分析!$E$5,$B6)) -> 4277.2967 | D6: =IF(B6="","",[1]!s_dq_close(股指期货基差分析!$E$6,$B6)) -> 4270.8 | E6: =RANK(F6,F:F)+COUNTIF(F$2:F6,F6)-1 -> 458 | F6: =IF(B6="","",D6-C6) -> -6.4967 | G6: =IF(B6="","",股指期货基差分析!$N$11) -> -71.4085 | H6: =IF(B6="","",股指期货基差分析!$L$11) -> 15.7379 | I6: =IF(B6="","",股指期货基差分析!$D$11) -> -19.923978 | L6: =ROUND(L3+3*(L11-L3)/9,0) -> -71 | M6: ="<="&L6 -> <=-71 | N6: 54
B7: 43474 | C7: =IF(B7="","",[1]!s_dq_close(股指期货基差分析!$E$5,$B7)) -> 4288.7717 | D7: =IF(B7="","",[1]!s_dq_close(股指期货基差分析!$E$6,$B7)) -> 4273.8 | E7: =RANK(F7,F:F)+COUNTIF(F$2:F7,F7)-1 -> 658 | F7: =IF(B7="","",D7-C7) -> -14.9717 | G7: =IF(B7="","",股指期货基差分析!$N$11) -> -71.4085 | H7: =IF(B7="","",股指期货基差分析!$L$11) -> 15.7379 | I7: =IF(B7="","",股指期货基差分析!$D$11) -> -19.923978 | L7: =ROUND(L3+4*(L11-L3)/9,0) -> -46 | M7: ="<="&L7 -> <=-46 | N7: 145
B8: 43475 | C8: =IF(B8="","",[1]!s_dq_close(股指期货基差分析!$E$5,$B8)) -> 4281.8606 | D8: =IF(B8="","",[1]!s_dq_close(股指期货基差分析!$E$6,$B8)) -> 4277.4 | E8: =RANK(F8,F:F)+COUNTIF(F$2:F8,F8)-1 -> 397 | F8: =IF(B8="","",D8-C8) -> -4.4606 | G8: =IF(B8="","",股指期货基差分析!$N$11) -> -71.4085 | H8: =IF(B8="","",股指期货基差分析!$L$11) -> 15.7379 | I8: =IF(B8="","",股指期货基差分析!$D$11) -> -19.923978 | L8: =ROUND(L3+5*(L11-L3)/9,0) -> -21 | M8: ="<="&L8 -> <=-21 | N8: 305
B9: 43476 | C9: =IF(B9="","",[1]!s_dq_close(股指期货基差分析!$E$5,$B9)) -> 4314.8757 | D9: =IF(B9="","",[1]!s_dq_close(股指期货基差分析!$E$6,$B9)) -> 4312 | E9: =RANK(F9,F:F)+COUNTIF(F$2:F9,F9)-1 -> 367 | F9: =IF(B9="","",D9-C9) -> -2.8757 | G9: =IF(B9="","",股指期货基差分析!$N$11) -> -71.4085 | H9: =IF(B9="","",股指期货基差分析!$L$11) -> 15.7379 | I9: =IF(B9="","",股指期货基差分析!$D$11) -> -19.923978 | L9: =ROUND(L3+6*(L11-L3)/9,0) -> 4 | M9: ="<="&L9 -> <=4 | N9: 558
B10: 43479 | C10: =IF(B10="","",[1]!s_dq_close(股指期货基差分析!$E$5,$B10)) -> 4286.5474 | D10: =IF(B10="","",[1]!s_dq_close(股指期货基差分析!$E$6,$B10)) -> 4290.2 | E10: =RANK(F10,F:F)+COUNTIF(F$2:F10,F10)-1 -> 216 | F10: =IF(B10="","",D10-C10) -> 3.6526 | G10: =IF(B10="","",股指期货基差分析!$N$11) -> -71.4085 | H10: =IF(B10="","",股指期货基差分析!$L$11) -> 15.7379 | I10: =IF(B10="","",股指期货基差分析!$D$11) -> -19.923978 | L10: =ROUND(L3+7*(L11-L3)/9,0) -> 29 | M10: ="<="&L10 -> <=29 | N10: 190
B11: 43480 | C11: =IF(B11="","",[1]!s_dq_close(股指期货基差分析!$E$5,$B11)) -> 4347.3555 | D11: =IF(B11="","",[1]!s_dq_close(股指期货基差分析!$E$6,$B11)) -> 4351.4 | E11: =RANK(F11,F:F)+COUNTIF(F$2:F11,F11)-1 -> 204 | F11: =IF(B11="","",D11-C11) -> 4.0445 | G11: =IF(B11="","",股指期货基差分析!$N$11) -> -71.4085 | H11: =IF(B11="","",股指期货基差分析!$L$11) -> 15.7379 | I11: =IF(B11="","",股指期货基差分析!$D$11) -> -19.923978 | L11: =ROUND(MAX(历史数据!F$2:F$1048576),0) -> 79 | M11: ="<="&L11 -> <=79 | N11: 17
B12: 43481 | C12: =IF(B12="","",[1]!s_dq_close(股指期货基差分析!$E$5,$B12)) -> 4336.8779 | D12: =IF(B12="","",[1]!s_dq_close(股指期货基差分析!$E$6,$B12)) -> 4341 | E12: =RANK(F12,F:F)+COUNTIF(F$2:F12,F12)-1 -> 201 | F12: =IF(B12="","",D12-C12) -> 4.1221 | G12: =IF(B12="","",股指期货基差分析!$N$11) -> -71.4085 | H12: =IF(B12="","",股指期货基差分析!$L$11) -> 15.7379 | I12: =IF(B12="","",股指期货基差分析!$D$11) -> -19.923978 | M12: =">"&L11 -> >79 | N12: 0
B13: 43482 | C13: =IF(B13="","",[1]!s_dq_close(股指期货基差分析!$E$5,$B13)) -> 4303.7308 | D13: =IF(B13="","",[1]!s_dq_close(股指期货基差分析!$E$6,$B13)) -> 4307.4 | E13: =RANK(F13,F:F)+COUNTIF(F$2:F13,F13)-1 -> 215 | F13: =IF(B13="","",D13-C13) -> 3.6692 | G13: =IF(B13="","",股指期货基差分析!$N$11) -> -71.4085 | H13: =IF(B13="","",股指期货基差分析!$L$11) -> 15.7379 | I13: =IF(B13="","",股指期货基差分析!$D$11) -> -19.923978
B14: 43483 | C14: =IF(B14="","",[1]!s_dq_close(股指期货基差分析!$E$5,$B14)) -> 4347.8112 | D14: =IF(B14="","",[1]!s_dq_close(股指期货基差分析!$E$6,$B14)) -> 4330 | E14: =RANK(F14,F:F)+COUNTIF(F$2:F14,F14)-1 -> 715 | F14: =IF(B14="","",D14-C14) -> -17.8112 | G14: =IF(B14="","",股指期货基差分析!$N$11) -> -71.4085 | H14: =IF(B14="","",股指期货基差分析!$L$11) -> 15.7379 | I14: =IF(B14="","",股指期货基差分析!$D$11) -> -19.923978
B15: 43486 | C15: =IF(B15="","",[1]!s_dq_close(股指期货基差分析!$E$5,$B15)) -> 4373.6333 | D15: =IF(B15="","",[1]!s_dq_close(股指期货基差分析!$E$6,$B15)) -> 4360 | E15: =RANK(F15,F:F)+COUNTIF(F$2:F15,F15)-1 -> 630 | F15: =IF(B15="","",D15-C15) -> -13.6333 | G15: =IF(B15="","",股指期货基差分析!$N$11) -> -71.4085 | H15: =IF(B15="","",股指期货基差分析!$L$11) -> 15.7379 | I15: =IF(B15="","",股指期货基差分析!$D$11) -> -19.923978
B16: 43487 | C16: =IF(B16="","",[1]!s_dq_close(股指期货基差分析!$E$5,$B16)) -> 4308.2518 | D16: =IF(B16="","",[1]!s_dq_close(股指期货基差分析!$E$6,$B16)) -> 4294.2 | E16: =RANK(F16,F:F)+COUNTIF(F$2:F16,F16)-1 -> 641 | F16: =IF(B16="","",D16-C16) -> -14.0518 | G16: =IF(B16="","",股指期货基差分析!$N$11) -> -71.4085 | H16: =IF(B16="","",股指期货基差分析!$L$11) -> 15.7379 | I16: =IF(B16="","",股指期货基差分析!$D$11) -> -19.923978
B17: 43488 | C17: =IF(B17="","",[1]!s_dq_close(股指期货基差分析!$E$5,$B17)) -> 4315.6846 | D17: =IF(B17="","",[1]!s_dq_close(股指期货基差分析!$E$6,$B17)) -> 4302.6 | E17: =RANK(F17,F:F)+COUNTIF(F$2:F17,F17)-1 -> 617 | F17: =IF(B17="","",D17-C17) -> -13.0846 | G17: =IF(B17="","",股指期货基差分析!$N$11) -> -71.4085 | H17: =IF(B17="","",股指期货基差分析!$L$11) -> 15.7379 | I17: =IF(B17="","",股指期货基差分析!$D$11) -> -19.923978
B18: 43489 | C18: =IF(B18="","",[1]!s_dq_close(股指期货基差分析!$E$5,$B18)) -> 4338.17 | D18: =IF(B18="","",[1]!s_dq_close(股指期货基差分析!$E$6,$B18)) -> 4330.8 | E18: =RANK(F18,F:F)+COUNTIF(F$2:F18,F18)-1 -> 482 | F18: =IF(B18="","",D18-C18) -> -7.37 | G18: =IF(B18="","",股指期货基差分析!$N$11) -> -71.4085 | H18: =IF(B18="","",股指期货基差分析!$L$11) -> 15.7379 | I18: =IF(B18="","",股指期货基差分析!$D$11) -> -19.923978
B19: 43490 | C19: =IF(B19="","",[1]!s_dq_close(股指期货基差分析!$E$5,$B19)) -> 4318.4417 | D19: =IF(B19="","",[1]!s_dq_close(股指期货基差分析!$E$6,$B19)) -> 4310 | E19: =RANK(F19,F:F)+COUNTIF(F$2:F19,F19)-1 -> 511 | F19: =IF(B19="","",D19-C19) -> -8.4417 | G19: =IF(B19="","",股指期货基差分析!$N$11) -> -71.4085 | H19: =IF(B19="","",股指期货基差分析!$L$11) -> 15.7379 | I19: =IF(B19="","",股指期货基差分析!$D$11) -> -19.923978
B20: 43493 | C20: =IF(B20="","",[1]!s_dq_close(股指期货基差分析!$E$5,$B20)) -> 4307.2196 | D20: =IF(B20="","",[1]!s_dq_close(股指期货基差分析!$E$6,$B20)) -> 4291.6 | E20: =RANK(F20,F:F)+COUNTIF(F$2:F20,F20)-1 -> 673 | F20: =IF(B20="","",D20-C20) -> -15.6196 | G20: =IF(B20="","",股指期货基差分析!$N$11) -> -71.4085 | H20: =IF(B20="","",股指期货基差分析!$L$11) -> 15.7379 | I20: =IF(B20="","",股指期货基差分析!$D$11) -> -19.923978
B21: 43494 | C21: =IF(B21="","",[1]!s_dq_close(股指期货基差分析!$E$5,$B21)) -> 4254.2875 | D21: =IF(B21="","",[1]!s_dq_close(股指期货基差分析!$E$6,$B21)) -> 4242.4 | E21: =RANK(F21,F:F)+COUNTIF(F$2:F21,F21)-1 -> 593 | F21: =IF(B21="","",D21-C21) -> -11.8875 | G21: =IF(B21="","",股指期货基差分析!$N$11) -> -71.4085 | H21: =IF(B21="","",股指期货基差分析!$L$11) -> 15.7379 | I21: =IF(B21="","",股指期货基差分析!$D$11) -> -19.923978
B22: 43495 | C22: =IF(B22="","",[1]!s_dq_close(股指期货基差分析!$E$5,$B22)) -> 4211.6235 | D22: =IF(B22="","",[1]!s_dq_close(股指期货基差分析!$E$6,$B22)) -> 4201.8 | E22: =RANK(F22,F:F)+COUNTIF(F$2:F22,F22)-1 -> 549 | F22: =IF(B22="","",D22-C22) -> -9.8235 | G22: =IF(B22="","",股指期货基差分析!$N$11) -> -71.4085 | H22: =IF(B22="","",股指期货基差分析!$L$11) -> 15.7379 | I22: =IF(B22="","",股指期货基差分析!$D$11) -> -19.923978
B23: 43496 | C23: =IF(B23="","",[1]!s_dq_close(股指期货基差分析!$E$5,$B23)) -> 4176.4739 | D23: =IF(B23="","",[1]!s_dq_close(股指期货基差分析!$E$6,$B23)) -> 4183.6 | E23: =RANK(F23,F:F)+COUNTIF(F$2:F23,F23)-1 -> 151 | F23: =IF(B23="","",D23-C23) -> 7.1261 | G23: =IF(B23="","",股指期货基差分析!$N$11) -> -71.4085 | H23: =IF(B23="","",股指期货基差分析!$L$11) -> 15.7379 | I23: =IF(B23="","",股指期货基差分析!$D$11) -> -19.923978
B24: 43497 | C24: =IF(B24="","",[1]!s_dq_close(股指期货基差分析!$E$5,$B24)) -> 4294.2696 | D24: =IF(B24="","",[1]!s_dq_close(股指期货基差分析!$E$6,$B24)) -> 4313.2 | E24: =RANK(F24,F:F)+COUNTIF(F$2:F24,F24)-1 -> 47 | F24: =IF(B24="","",D24-C24) -> 18.9304 | G24: =IF(B24="","",股指期货基差分析!$N$11) -> -71.4085 | H24: =IF(B24="","",股指期货基差分析!$L$11) -> 15.7379 | I24: =IF(B24="","",股指期货基差分析!$D$11) -> -19.923978
... B1283: 45398 | C1283: =IF(B1283="","",[1]!s_dq_close(股指期货基差分析!$E$5,$B1283)) -> 5191.554 | D1283: =IF(B1283="","",[1]!s_dq_close(股指期货基差分析!$E$6,$B1283)) -> 5198 | E1283: =RANK(F1283,F:F)+COUNTIF(F$2:F1283,F1283)-1 -> 161 | F1283: =IF(B1283="","",D1283-C1283) -> 6.446 | G1283: =IF(B1283="","",股指期货基差分析!$N$11) -> -71.4085 | H1283: =IF(B1283="","",股指期货基差分析!$L$11) -> 15.7379 | I1283: =IF(B1283="","",股指期货基差分析!$D$11) -> -19.923978
C1284: =IF(B1284="","",[1]!s_dq_close(股指期货基差分析!$E$5,$B1284)) | D1284: =IF(B1284="","",[1]!s_dq_close(股指期货基差分析!$E$6,$B1284)) | E1284: =RANK(F1284,F:F)+COUNTIF(F$2:F1284,F1284)-1 -> #VALUE! | F1284: =IF(B1284="","",D1284-C1284) | G1284: =IF(B1284="","",股指期货基差分析!$N$11) | H1284: =IF(B1284="","",股指期货基差分析!$L$11) | I1284: =IF(B1284="","",股指期货基差分析!$D$11)
C1285: =IF(B1285="","",[1]!s_dq_close(股指期货基差分析!$E$5,$B1285)) | D1285: =IF(B1285="","",[1]!s_dq_close(股指期货基差分析!$E$6,$B1285)) | E1285: =RANK(F1285,F:F)+COUNTIF(F$2:F1285,F1285)-1 -> #VALUE! | F1285: =IF(B1285="","",D1285-C1285) | G1285: =IF(B1285="","",股指期货基差分析!$N$11) | H1285: =IF(B1285="","",股指期货基差分析!$L$11) | I1285: =IF(B1285="","",股指期货基差分析!$D$11)
C1286: =IF(B1286="","",[1]!s_dq_close(股指期货基差分析!$E$5,$B1286)) | D1286: =IF(B1286="","",[1]!s_dq_close(股指期货基差分析!$E$6,$B1286)) | E1286: =RANK(F1286,F:F)+COUNTIF(F$2:F1286,F1286)-1 -> #VALUE! | F1286: =IF(B1286="","",D1286-C1286) | G1286: =IF(B1286="","",股指期货基差分析!$N$11) | H1286: =IF(B1286="","",股指期货基差分析!$L$11) | I1286: =IF(B1286="","",股指期货基差分析!$D$11)
C1287: =IF(B1287="","",[1]!s_dq_close(股指期货基差分析!$E$5,$B1287)) | D1287: =IF(B1287="","",[1]!s_dq_close(股指期货基差分析!$E$6,$B1287)) | E1287: =RANK(F1287,F:F)+COUNTIF(F$2:F1287,F1287)-1 -> #VALUE! | F1287: =IF(B1287="","",D1287-C1287) | G1287: =IF(B1287="","",股指期货基差分析!$N$11) | H1287: =IF(B1287="","",股指期货基差分析!$L$11) | I1287: =IF(B1287="","",股指期货基差分析!$D$11)
C1288: =IF(B1288="","",[1]!s_dq_close(股指期货基差分析!$E$5,$B1288)) | D1288: =IF(B1288="","",[1]!s_dq_close(股指期货基差分析!$E$6,$B1288)) | E1288: =RANK(F1288,F:F)+COUNTIF(F$2:F1288,F1288)-1 -> #VALUE! | F1288: =IF(B1288="","",D1288-C1288) | G1288: =IF(B1288="","",股指期货基差分析!$N$11) | H1288: =IF(B1288="","",股指期货基差分析!$L$11) | I1288: =IF(B1288="","",股指期货基差分析!$D$11)
C1289: =IF(B1289="","",[1]!s_dq_close(股指期货基差分析!$E$5,$B1289)) | D1289: =IF(B1289="","",[1]!s_dq_close(股指期货基差分析!$E$6,$B1289)) | E1289: =RANK(F1289,F:F)+COUNTIF(F$2:F1289,F1289)-1 -> #VALUE! | F1289: =IF(B1289="","",D1289-C1289) | G1289: =IF(B1289="","",股指期货基差分析!$N$11) | H1289: =IF(B1289="","",股指期货基差分析!$L$11) | I1289: =IF(B1289="","",股指期货基差分析!$D$11)
C1290: =IF(B1290="","",[1]!s_dq_close(股指期货基差分析!$E$5,$B1290)) | D1290: =IF(B1290="","",[1]!s_dq_close(股指期货基差分析!$E$6,$B1290)) | E1290: =RANK(F1290,F:F)+COUNTIF(F$2:F1290,F1290)-1 -> #VALUE! | F1290: =IF(B1290="","",D1290-C1290) | G1290: =IF(B1290="","",股指期货基差分析!$N$11) | H1290: =IF(B1290="","",股指期货基差分析!$L$11) | I1290: =IF(B1290="","",股指期货基差分析!$D$11)
C1291: =IF(B1291="","",[1]!s_dq_close(股指期货基差分析!$E$5,$B1291)) | D1291: =IF(B1291="","",[1]!s_dq_close(股指期货基差分析!$E$6,$B1291)) | E1291: =RANK(F1291,F:F)+COUNTIF(F$2:F1291,F1291)-1 -> #VALUE! | F1291: =IF(B1291="","",D1291-C1291) | G1291: =IF(B1291="","",股指期货基差分析!$N$11) | H1291: =IF(B1291="","",股指期货基差分析!$L$11) | I1291: =IF(B1291="","",股指期货基差分析!$D$11)
C1292: =IF(B1292="","",[1]!s_dq_close(股指期货基差分析!$E$5,$B1292)) | D1292: =IF(B1292="","",[1]!s_dq_close(股指期货基差分析!$E$6,$B1292)) | E1292: =RANK(F1292,F:F)+COUNTIF(F$2:F1292,F1292)-1 -> #VALUE! | F1292: =IF(B1292="","",D1292-C1292) | G1292: =IF(B1292="","",股指期货基差分析!$N$11) | H1292: =IF(B1292="","",股指期货基差分析!$L$11) | I1292: =IF(B1292="","",股指期货基差分析!$D$11)
C1293: =IF(B1293="","",[1]!s_dq_close(股指期货基差分析!$E$5,$B1293)) | D1293: =IF(B1293="","",[1]!s_dq_close(股指期货基差分析!$E$6,$B1293)) | E1293: =RANK(F1293,F:F)+COUNTIF(F$2:F1293,F1293)-1 -> #VALUE! | F1293: =IF(B1293="","",D1293-C1293) | G1293: =IF(B1293="","",股指期货基差分析!$N$11) | H1293: =IF(B1293="","",股指期货基差分析!$L$11) | I1293: =IF(B1293="","",股指期货基差分析!$D$11)
C1294: =IF(B1294="","",[1]!s_dq_close(股指期货基差分析!$E$5,$B1294)) | D1294: =IF(B1294="","",[1]!s_dq_close(股指期货基差分析!$E$6,$B1294)) | E1294: =RANK(F1294,F:F)+COUNTIF(F$2:F1294,F1294)-1 -> #VALUE! | F1294: =IF(B1294="","",D1294-C1294) | G1294: =IF(B1294="","",股指期货基差分析!$N$11) | H1294: =IF(B1294="","",股指期货基差分析!$L$11) | I1294: =IF(B1294="","",股指期货基差分析!$D$11)
C1295: =IF(B1295="","",[1]!s_dq_close(股指期货基差分析!$E$5,$B1295)) | D1295: =IF(B1295="","",[1]!s_dq_close(股指期货基差分析!$E$6,$B1295)) | E1295: =RANK(F1295,F:F)+COUNTIF(F$2:F1295,F1295)-1 -> #VALUE! | F1295: =IF(B1295="","",D1295-C1295) | G1295: =IF(B1295="","",股指期货基差分析!$N$11) | H1295: =IF(B1295="","",股指期货基差分析!$L$11) | I1295: =IF(B1295="","",股指期货基差分析!$D$11)
... C3998: =IF(B3998="","",[1]!s_dq_close(股指期货基差分析!$E$5,$B3998)) | D3998: =IF(B3998="","",[1]!s_dq_close(股指期货基差分析!$E$6,$B3998)) | E3998: =RANK(F3998,F:F)+COUNTIF(F$2:F3998,F3998)-1 -> #VALUE! | F3998: =IF(B3998="","",D3998-C3998) | G3998: =IF(B3998="","",股指期货基差分析!$N$11) | H3998: =IF(B3998="","",股指期货基差分析!$L$11) | I3998: =IF(B3998="","",股指期货基差分析!$D$11)

Sheet 合约信息
A1: 证券简称 | B1: 指数标的 | C1: 当月连续00 | D1: 下月连续01 | E1: 当季连续02 | F1: 下季连续03
A2: =[1]!S_INFO_NAME(B2) -> 上证50 | B2: 000016.SH | C2: IH00.CFE | D2: IH01.CFE | E2: IH02.CFE | F2: IH03.CFE
A3: =[1]!S_INFO_NAME(B3) -> 沪深300 | B3: 000300.SH | C3: IF00.CFE | D3: IF01.CFE | E3: IF02.CFE | F3: IF03.CFE
A4: =[1]!S_INFO_NAME(B4) -> 中证500 | B4: 000905.SH | C4: IC00.CFE | D4: IC01.CFE | E4: IC02.CFE | F4: IC03.CFE
A5: =[1]!S_INFO_NAME(B5) -> 中证1000 | B5: 000852.SH | C5: IM00.CFE | D5: IM01.CFE | E5: IM02.CFE | F5: IM03.CFE

Sheet Wind模板
A1: 股指期货基差分析
