Workbook
Name Date1: OFFSET(数据!$A$1,8,0,LastRow-8,1)
Name LastRow: MATCH(MAX(数据!$A:$A),数据!$A:$A)

Sheet 融资融券资金动向
E1: 融资融券资金动向 V1.1 | L1: 最近更新： | M1: =[1]!TDaysOffset(TODAY(),"Offset=-1") -> 45398
D4: 开始日期: | E4: =M1-360 -> 45038
D5: 统计周期: | E5: 日
D7: 最新两融余额: | E7: =VLOOKUP(M1,数据!A:B,2,0) -> 1524906429169 | G7: 较前一期变化： | H7: =VLOOKUP(融资融券资金动向!M1,数据!A:F,6,0) -> -7410795150 | I7: =IF(H7>0,1,IF(H7=0,0,-1)) -> -1
D9: 历史两融余额（亿元）
D23: 融资净买入额（亿元）

Sheet 数据
A1: 数据集名称 | B1: 市场交易统计(数值)
A2: 市场类型 | B2: 全部市场
A3: 开始日期 | B3: =TEXT(融资融券资金动向!E4,"YYYYMMDD") -> 20230422
A4: 结束日期 | B4: =TEXT(融资融券资金动向!M1,"YYYYMMDD") -> 20240416
A5: 频率 | B5: =融资融券资金动向!E5 -> 日
A6: 日期排序 | B6: 升序
A7: end_date | B7: shsz_total_balance | C7: sh_total_balance | D7: sz_total_balance | E7: margin_balance | F7: period_bought_amount
A8: 截止日 | B8: 沪深两融余额 | C8: 沪市两融余额 | D8: 深市两融余额 | E8: 融资余额 | F8: 期间买入额 | G8: 万得全A
A9: =[1]!wset("markettradingstatistics(value)","exchange="&B2,"startdate="&B3,"enddate="&B4,"frequency="&B5,"sort="&B6,"field=end_date,shsz_total_balance,sh_total_balance,sz_total_balance,margin_balance,period_net_purchases","cols=6;rows=237") -> 45040 | B9: 1639114824001 | C9: 866123249034 | D9: 772849382651 | E9: 1544509570484 | F9: 2816309370 | G9: =IF(A9="","",[1]!s_dq_close("881001.wi",A9)) -> 5015.5239
A10: 45041 | B10: 1629860082803 | C10: 861182966321 | D10: 768531318199 | E10: 1536976805338 | F10: -7532765146 | G10: =IF(A10="","",[1]!s_dq_close("881001.wi",A10)) -> 4957.2275
A11: 45042 | B11: 1624762686323 | C11: 858163837010 | D11: 766448138415 | E11: 1532127259523 | F11: -4849545815 | G11: =IF(A11="","",[1]!s_dq_close("881001.wi",A11)) -> 4969.5352
A12: 45043 | B12: 1617063875864 | C12: 856717566573 | D12: 760191331024 | E12: 1524156060824 | F12: -7971198699 | G12: =IF(A12="","",[1]!s_dq_close("881001.wi",A12)) -> 4986.0073
A13: 45044 | B13: 1607206635208 | C13: 851955976985 | D13: 755089698929 | E13: 1513916988627 | F13: -10239072197 | G13: =IF(A13="","",[1]!s_dq_close("881001.wi",A13)) -> 5052.5781
A14: 45050 | B14: 1617537044961 | C14: 856677501623 | D14: 760701608415 | E14: 1524529118219 | F14: 10612129592 | G14: =IF(A14="","",[1]!s_dq_close("881001.wi",A14)) -> 5062.9556
A15: 45051 | B15: 1612641642075 | C15: 854266076187 | D15: 758212971099 | E15: 1520708752614 | F15: -3820365605 | G15: =IF(A15="","",[1]!s_dq_close("881001.wi",A15)) -> 5028.9648
A16: 45054 | B16: 1619724680226 | C16: 860245549794 | D16: 759308442459 | E16: 1526390636383 | F16: 5681883769 | G16: =IF(A16="","",[1]!s_dq_close("881001.wi",A16)) -> 5075.4214
A17: 45055 | B17: 1620629798141 | C17: 862134440106 | D17: 758313885290 | E17: 1527848901983 | F17: 1458265600 | G17: =IF(A17="","",[1]!s_dq_close("881001.wi",A17)) -> 5016.6982
A18: 45056 | B18: 1621217068955 | C18: 863513498821 | D18: 757523224018 | E18: 1528306394810 | F18: 457492827 | G18: =IF(A18="","",[1]!s_dq_close("881001.wi",A18)) -> 5001.6328
A19: 45057 | B19: 1620383188284 | C19: 863087109135 | D19: 757108561687 | E19: 1527419389873 | F19: -887004937 | G19: =IF(A19="","",[1]!s_dq_close("881001.wi",A19)) -> 5001.771
A20: 45058 | B20: 1613820347019 | C20: 859550286049 | D20: 754086204783 | E20: 1521436588250 | F20: -5982801623 | G20: =IF(A20="","",[1]!s_dq_close("881001.wi",A20)) -> 4940.9409
A21: 45061 | B21: 1617313320031 | C21: 861960611521 | D21: 755167534701 | E21: 1523557466870 | F21: 2120878620 | G21: =IF(A21="","",[1]!s_dq_close("881001.wi",A21)) -> 5000.9639
... A245: 45398 | B245: 1524906429169 | C245: 811152920404 | D245: 712569791816 | E245: 1485854873154 | F245: -7410795150 | G245: =IF(A245="","",[1]!s_dq_close("881001.wi",A245)) -> 4239.2136
G246: =IF(A246="","",[1]!s_dq_close("881001.wi",A246))
G247: =IF(A247="","",[1]!s_dq_close("881001.wi",A247))
G248: =IF(A248="","",[1]!s_dq_close("881001.wi",A248))
G249: =IF(A249="","",[1]!s_dq_close("881001.wi",A249))
G250: =IF(A250="","",[1]!s_dq_close("881001.wi",A250))
G251: =IF(A251="","",[1]!s_dq_close("881001.wi",A251))
G252: =IF(A252="","",[1]!s_dq_close("881001.wi",A252))
G253: =IF(A253="","",[1]!s_dq_close("881001.wi",A253))
G254: =IF(A254="","",[1]!s_dq_close("881001.wi",A254))
G255: =IF(A255="","",[1]!s_dq_close("881001.wi",A255))
G256: =IF(A256="","",[1]!s_dq_close("881001.wi",A256))
G257: =IF(A257="","",[1]!s_dq_close("881001.wi",A257))
... G500: =IF(A500="","",[1]!s_dq_close("881001.wi",A500))

Sheet Wind模板
A1: 融资融券资金动向
