Workbook

Sheet 全球市场指数表现
D1: 全球市场指数表现 | M1: 最新更新： | N1: =TODAY()-1 -> 45470
C4: 指数分类： | D4: 全球市场指数
F6: =N1-7 -> 45463 | G6: =DATE(YEAR($N$1),MONTH($N$1)-1,DAY($N$1)) -> 45439 | H6: =DATE(YEAR($N$1),MONTH($N$1)-3,DAY($N$1)) -> 45378 | I6: =DATE(YEAR($N$1),MONTH($N$1)-6,DAY($N$1)) -> 45287 | J6: =DATE(YEAR($N$1),MONTH($N$1)-9,DAY($N$1)) -> 45196 | K6: =DATE(YEAR($N$1),MONTH($N$1)-12,DAY($N$1)) -> 45104
C8: 指数代码 | D8: 指数名称 | E8: 最新价 | F8: 近1周 | G8: 近1月 | H8: 近3月 | I8: 近6月 | J8: 近9月 | K8: 近1年 | L8: 本周至今 | M8: 本月至今 | N8: 本年至今 | R8: 百分比(%) | S8: 颜色区间定义
C9: =IF(指数列表!B6="","",指数列表!B6) -> 000001.SH | D9: =IF(C9="","",[1]!s_info_name(C9)) -> 上证指数 | E9: =IF(C9="","",[1]!s_dq_close(C9,$N$1)) -> 2945.8524 | F9: =IF($C9=""," ",[1]!i_pq_pctchange($C9,F$6,$N$1)) -> -2.3921645 | G9: =IF($C9=""," ",[1]!i_pq_pctchange($C9,G$6,$N$1)) -> -4.6301099 | H9: =IF($C9=""," ",[1]!i_pq_pctchange($C9,H$6,$N$1)) -> -2.8246426 | I9: =IF($C9=""," ",[1]!i_pq_pctchange($C9,I$6,$N$1)) -> 1.6204093 | J9: =IF($C9=""," ",[1]!i_pq_pctchange($C9,J$6,$N$1)) -> -5.0421165 | K9: =IF($C9=""," ",[1]!i_pq_pctchange($C9,K$6,$N$1)) -> -6.4992469 | L9: =IF(C9=""," ",[1]!s_wq_pctchange($C9,$N$1)) -> -1.025133 | M9: =IF(C9=""," ",[1]!s_mq_pctchange($C9,$N$1)) -> -3.8684101 | N9: =IF(C9=""," ",[1]!s_yq_pctchange($C9,$N$1)) -> -0.25318202 | R9: =QUARTILE(F9:N2402,0) -> -44.266572 | S9: =ROUND(R9,2)&" 至 "&ROUND(R10,2)&"" -> -44.27 至 -1.62
C10: =IF(指数列表!B7="","",指数列表!B7) -> 399001.SZ | D10: =IF(C10="","",[1]!s_info_name(C10)) -> 深证成指 | E10: =IF(C10="","",[1]!s_dq_close(C10,$N$1)) -> 8849.6973 | F10: =IF($C10=""," ",[1]!i_pq_pctchange($C10,F$6,$N$1)) -> -4.0066052 | G10: =IF($C10=""," ",[1]!i_pq_pctchange($C10,G$6,$N$1)) -> -6.0997941 | H10: =IF($C10=""," ",[1]!i_pq_pctchange($C10,H$6,$N$1)) -> -6.3467527 | I10: =IF($C10=""," ",[1]!i_pq_pctchange($C10,I$6,$N$1)) -> -3.3585663 | J10: =IF($C10=""," ",[1]!i_pq_pctchange($C10,J$6,$N$1)) -> -12.032164 | K10: =IF($C10=""," ",[1]!i_pq_pctchange($C10,K$6,$N$1)) -> -18.603264 | L10: =IF(C10=""," ",[1]!s_wq_pctchange($C10,$N$1)) -> -2.3844369 | M10: =IF(C10=""," ",[1]!s_mq_pctchange($C10,$N$1)) -> -5.5067849 | N10: =IF(C10=""," ",[1]!s_yq_pctchange($C10,$N$1)) -> -7.0972424 | R10: =PERCENTILE(F9:N2402,0.2) -> -1.6230089 | S10: =ROUND(R10,2)&" 至 "&ROUND(R11,2)&"" -> -1.62 至 0
C11: =IF(指数列表!B8="","",指数列表!B8) -> ADX.GI | D11: =IF(C11="","",[1]!s_info_name(C11)) -> 阿联酋ADX综指 | E11: =IF(C11="","",[1]!s_dq_close(C11,$N$1)) -> 9004.09 | F11: =IF($C11=""," ",[1]!i_pq_pctchange($C11,F$6,$N$1)) -> 0.38631174 | G11: =IF($C11=""," ",[1]!i_pq_pctchange($C11,G$6,$N$1)) -> 1.9311711 | H11: =IF($C11=""," ",[1]!i_pq_pctchange($C11,H$6,$N$1)) -> -3.3736261 | I11: =IF($C11=""," ",[1]!i_pq_pctchange($C11,I$6,$N$1)) -> -5.3887125 | J11: =IF($C11=""," ",[1]!i_pq_pctchange($C11,J$6,$N$1)) -> -8.2461473 | K11: =IF($C11=""," ",[1]!i_pq_pctchange($C11,K$6,$N$1)) -> -5.720284 | L11: =IF(C11=""," ",[1]!s_wq_pctchange($C11,$N$1)) -> -0.099633088 | M11: =IF(C11=""," ",[1]!s_mq_pctchange($C11,$N$1)) -> 1.5967134 | N11: =IF(C11=""," ",[1]!s_yq_pctchange($C11,$N$1)) -> -5.9904885 | R11: =PERCENTILE(F9:N2402,0.4) -> 0 | S11: =ROUND(R11,2)&" 至 "&ROUND(R12,2)&"" -> 0 至 2.07
C12: =IF(指数列表!B9="","",指数列表!B9) -> AEX.GI | D12: =IF(C12="","",[1]!s_info_name(C12)) -> 荷兰AEX | E12: =IF(C12="","",[1]!s_dq_close(C12,$N$1)) -> 925.11 | F12: =IF($C12=""," ",[1]!i_pq_pctchange($C12,F$6,$N$1)) -> 0.035684163 | G12: =IF($C12=""," ",[1]!i_pq_pctchange($C12,G$6,$N$1)) -> 1.0817189 | H12: =IF($C12=""," ",[1]!i_pq_pctchange($C12,H$6,$N$1)) -> 5.317623 | I12: =IF($C12=""," ",[1]!i_pq_pctchange($C12,I$6,$N$1)) -> 17.78089 | J12: =IF($C12=""," ",[1]!i_pq_pctchange($C12,J$6,$N$1)) -> 28.232815 | K12: =IF($C12=""," ",[1]!i_pq_pctchange($C12,K$6,$N$1)) -> 22.126733 | L12: =IF(C12=""," ",[1]!s_wq_pctchange($C12,$N$1)) -> -0.012969748 | M12: =IF(C12=""," ",[1]!s_mq_pctchange($C12,$N$1)) -> 2.3793451 | N12: =IF(C12=""," ",[1]!s_yq_pctchange($C12,$N$1)) -> 17.575811 | R12: =PERCENTILE(F9:N2402,0.6) -> 2.0722655 | S12: =ROUND(R12,2)&" 至 "&ROUND(R13,2)&"" -> 2.07 至 8.58
C13: =IF(指数列表!B10="","",指数列表!B10) -> AMX.GI | D13: =IF(C13="","",[1]!s_info_name(C13)) -> 荷兰中盘股 | E13: =IF(C13="","",[1]!s_dq_close(C13,$N$1)) -> 864.23 | F13: =IF($C13=""," ",[1]!i_pq_pctchange($C13,F$6,$N$1)) -> -1.9780644 | G13: =IF($C13=""," ",[1]!i_pq_pctchange($C13,G$6,$N$1)) -> -7.8813008 | H13: =IF($C13=""," ",[1]!i_pq_pctchange($C13,H$6,$N$1)) -> -7.0050466 | I13: =IF($C13=""," ",[1]!i_pq_pctchange($C13,I$6,$N$1)) -> -6.0813528 | J13: =IF($C13=""," ",[1]!i_pq_pctchange($C13,J$6,$N$1)) -> 4.6777534 | K13: =IF($C13=""," ",[1]!i_pq_pctchange($C13,K$6,$N$1)) -> -1.7261573 | L13: =IF(C13=""," ",[1]!s_wq_pctchange($C13,$N$1)) -> -1.846699 | M13: =IF(C13=""," ",[1]!s_mq_pctchange($C13,$N$1)) -> -6.3256701 | N13: =IF(C13=""," ",[1]!s_yq_pctchange($C13,$N$1)) -> -6.6786887 | R13: =PERCENTILE(F9:N2402,0.8) -> 8.5841862 | S13: =ROUND(R13,2)&" 以上" -> 8.58 以上
C14: =IF(指数列表!B11="","",指数列表!B11) -> AORD.GI | D14: =IF(C14="","",[1]!s_info_name(C14)) -> 澳大利亚普通股指数 | E14: =IF(C14="","",[1]!s_dq_close(C14,$N$1)) -> 8002.8 | F14: =IF($C14=""," ",[1]!i_pq_pctchange($C14,F$6,$N$1)) -> -0.096123837 | G14: =IF($C14=""," ",[1]!i_pq_pctchange($C14,G$6,$N$1)) -> 0.0450045 | H14: =IF($C14=""," ",[1]!i_pq_pctchange($C14,H$6,$N$1)) -> -0.42181492 | I14: =IF($C14=""," ",[1]!i_pq_pctchange($C14,I$6,$N$1)) -> 3.5264288 | J14: =IF($C14=""," ",[1]!i_pq_pctchange($C14,J$6,$N$1)) -> 10.500808 | K14: =IF($C14=""," ",[1]!i_pq_pctchange($C14,K$6,$N$1)) -> 10.169188 | L14: =IF(C14=""," ",[1]!s_wq_pctchange($C14,$N$1)) -> -0.3246309 | M14: =IF(C14=""," ",[1]!s_mq_pctchange($C14,$N$1)) -> 0.53946906 | N14: =IF(C14=""," ",[1]!s_yq_pctchange($C14,$N$1)) -> 2.3539179
C15: =IF(指数列表!B12="","",指数列表!B12) -> AS51.GI | D15: =IF(C15="","",[1]!s_info_name(C15)) -> 澳洲标普200 | E15: =IF(C15="","",[1]!s_dq_close(C15,$N$1)) -> 7759.6 | F15: =IF($C15=""," ",[1]!i_pq_pctchange($C15,F$6,$N$1)) -> -0.12999215 | G15: =IF($C15=""," ",[1]!i_pq_pctchange($C15,G$6,$N$1)) -> 0.41410011 | H15: =IF($C15=""," ",[1]!i_pq_pctchange($C15,H$6,$N$1)) -> -0.26477468 | I15: =IF($C15=""," ",[1]!i_pq_pctchange($C15,I$6,$N$1)) -> 3.4392663 | J15: =IF($C15=""," ",[1]!i_pq_pctchange($C15,J$6,$N$1)) -> 10.24978 | K15: =IF($C15=""," ",[1]!i_pq_pctchange($C15,K$6,$N$1)) -> 9.6189978 | L15: =IF(C15=""," ",[1]!s_wq_pctchange($C15,$N$1)) -> -0.36557209 | M15: =IF(C15=""," ",[1]!s_mq_pctchange($C15,$N$1)) -> 0.85435683 | N15: =IF(C15=""," ",[1]!s_yq_pctchange($C15,$N$1)) -> 2.3278179
C16: =IF(指数列表!B13="","",指数列表!B13) -> AS52.GI | D16: =IF(C16="","",[1]!s_info_name(C16)) -> 澳大利亚S&P300 | E16: =IF(C16="","",[1]!s_dq_close(C16,$N$1)) -> 7700.6 | F16: =IF($C16=""," ",[1]!i_pq_pctchange($C16,F$6,$N$1)) -> -0.13875741 | G16: =IF($C16=""," ",[1]!i_pq_pctchange($C16,G$6,$N$1)) -> 0.30741175 | H16: =IF($C16=""," ",[1]!i_pq_pctchange($C16,H$6,$N$1)) -> -0.4151202 | I16: =IF($C16=""," ",[1]!i_pq_pctchange($C16,I$6,$N$1)) -> 3.4123414 | J16: =IF($C16=""," ",[1]!i_pq_pctchange($C16,J$6,$N$1)) -> 10.18802 | K16: =IF($C16=""," ",[1]!i_pq_pctchange($C16,K$6,$N$1)) -> 9.5001777 | L16: =IF(C16=""," ",[1]!s_wq_pctchange($C16,$N$1)) -> -0.49104489 | M16: =IF(C16=""," ",[1]!s_mq_pctchange($C16,$N$1)) -> 0.65354351 | N16: =IF(C16=""," ",[1]!s_yq_pctchange($C16,$N$1)) -> 2.1855386
C17: =IF(指数列表!B14="","",指数列表!B14) -> ASE.GI | D17: =IF(C17="","",[1]!s_info_name(C17)) -> 希腊ASE综指 | E17: =IF(C17="","",[1]!s_dq_close(C17,$N$1)) -> 1400.43 | F17: =IF($C17=""," ",[1]!i_pq_pctchange($C17,F$6,$N$1)) -> -1.8068995 | G17: =IF($C17=""," ",[1]!i_pq_pctchange($C17,G$6,$N$1)) -> -5.2284309 | H17: =IF($C17=""," ",[1]!i_pq_pctchange($C17,H$6,$N$1)) -> -1.5521859 | I17: =IF($C17=""," ",[1]!i_pq_pctchange($C17,I$6,$N$1)) -> 8.4856184 | J17: =IF($C17=""," ",[1]!i_pq_pctchange($C17,J$6,$N$1)) -> 14.829817 | K17: =IF($C17=""," ",[1]!i_pq_pctchange($C17,K$6,$N$1)) -> 13.51095 | L17: =IF(C17=""," ",[1]!s_wq_pctchange($C17,$N$1)) -> -1.657959 | M17: =IF(C17=""," ",[1]!s_mq_pctchange($C17,$N$1)) -> -2.1936809 | N17: =IF(C17=""," ",[1]!s_yq_pctchange($C17,$N$1)) -> 8.2968588
C18: =IF(指数列表!B15="","",指数列表!B15) -> ATX.GI | D18: =IF(C18="","",[1]!s_info_name(C18)) -> 奥地利ATX | E18: =IF(C18="","",[1]!s_dq_close(C18,$N$1)) -> 3601.18 | F18: =IF($C18=""," ",[1]!i_pq_pctchange($C18,F$6,$N$1)) -> 0.14683389 | G18: =IF($C18=""," ",[1]!i_pq_pctchange($C18,G$6,$N$1)) -> -3.8947245 | H18: =IF($C18=""," ",[1]!i_pq_pctchange($C18,H$6,$N$1)) -> 2.9167334 | I18: =IF($C18=""," ",[1]!i_pq_pctchange($C18,I$6,$N$1)) -> 5.6789703 | J18: =IF($C18=""," ",[1]!i_pq_pctchange($C18,J$6,$N$1)) -> 15.553545 | K18: =IF($C18=""," ",[1]!i_pq_pctchange($C18,K$6,$N$1)) -> 17.047597 | L18: =IF(C18=""," ",[1]!s_wq_pctchange($C18,$N$1)) -> 0.26673349 | M18: =IF(C18=""," ",[1]!s_mq_pctchange($C18,$N$1)) -> -2.3639169 | N18: =IF(C18=""," ",[1]!s_yq_pctchange($C18,$N$1)) -> 4.8387613
C19: =IF(指数列表!B16="","",指数列表!B16) -> ATXPRIME.GI | D19: =IF(C19="","",[1]!s_info_name(C19)) -> 奥地利ATX主板 | E19: =IF(C19="","",[1]!s_dq_close(C19,$N$1)) -> 1804.92 | F19: =IF($C19=""," ",[1]!i_pq_pctchange($C19,F$6,$N$1)) -> 0.22990038 | G19: =IF($C19=""," ",[1]!i_pq_pctchange($C19,G$6,$N$1)) -> -3.7724985 | H19: =IF($C19=""," ",[1]!i_pq_pctchange($C19,H$6,$N$1)) -> 2.6245764 | I19: =IF($C19=""," ",[1]!i_pq_pctchange($C19,I$6,$N$1)) -> 5.6064595 | J19: =IF($C19=""," ",[1]!i_pq_pctchange($C19,J$6,$N$1)) -> 14.710985 | K19: =IF($C19=""," ",[1]!i_pq_pctchange($C19,K$6,$N$1)) -> 15.606625 | L19: =IF(C19=""," ",[1]!s_wq_pctchange($C19,$N$1)) -> 0.23490995 | M19: =IF(C19=""," ",[1]!s_mq_pctchange($C19,$N$1)) -> -2.2650602 | N19: =IF(C19=""," ",[1]!s_yq_pctchange($C19,$N$1)) -> 4.7137793
C20: =IF(指数列表!B17="","",指数列表!B17) -> BELSTK.GI | D20: =IF(C20="","",[1]!s_info_name(C20)) -> 比利时NR综指 | E20: =IF(C20="","",[1]!s_dq_close(C20,$N$1)) -> 56601.56 | F20: =IF($C20=""," ",[1]!i_pq_pctchange($C20,F$6,$N$1)) -> 0.5878898 | G20: =IF($C20=""," ",[1]!i_pq_pctchange($C20,G$6,$N$1)) -> -4.3371593 | H20: =IF($C20=""," ",[1]!i_pq_pctchange($C20,H$6,$N$1)) -> 2.2933686 | I20: =IF($C20=""," ",[1]!i_pq_pctchange($C20,I$6,$N$1)) -> 5.0380307 | J20: =IF($C20=""," ",[1]!i_pq_pctchange($C20,J$6,$N$1)) -> 10.945773 | K20: =IF($C20=""," ",[1]!i_pq_pctchange($C20,K$6,$N$1)) -> 16.213085 | L20: =IF(C20=""," ",[1]!s_wq_pctchange($C20,$N$1)) -> 0.29142183 | M20: =IF(C20=""," ",[1]!s_mq_pctchange($C20,$N$1)) -> -3.8227043 | N20: =IF(C20=""," ",[1]!s_yq_pctchange($C20,$N$1)) -> 5.1864015
C21: =IF(指数列表!B18="","",指数列表!B18) -> BFX.GI | D21: =IF(C21="","",[1]!s_info_name(C21)) -> 比利时BFX | E21: =IF(C21="","",[1]!s_dq_close(C21,$N$1)) -> 3919.21 | F21: =IF($C21=""," ",[1]!i_pq_pctchange($C21,F$6,$N$1)) -> 1.4976511 | G21: =IF($C21=""," ",[1]!i_pq_pctchange($C21,G$6,$N$1)) -> -1.2773557 | H21: =IF($C21=""," ",[1]!i_pq_pctchange($C21,H$6,$N$1)) -> 2.9347572 | I21: =IF($C21=""," ",[1]!i_pq_pctchange($C21,I$6,$N$1)) -> 6.509244 | J21: =IF($C21=""," ",[1]!i_pq_pctchange($C21,J$6,$N$1)) -> 10.718089 | K21: =IF($C21=""," ",[1]!i_pq_pctchange($C21,K$6,$N$1)) -> 11.77655 | L21: =IF(C21=""," ",[1]!s_wq_pctchange($C21,$N$1)) -> 0.64611394 | M21: =IF(C21=""," ",[1]!s_mq_pctchange($C21,$N$1)) -> 0.028585357 | N21: =IF(C21=""," ",[1]!s_yq_pctchange($C21,$N$1)) -> 5.7026191
C22: =IF(指数列表!B19="","",指数列表!B19) -> BLOM.GI | D22: =IF(C22="","",[1]!s_info_name(C22)) -> 贝鲁特BLOM | E22: =IF(C22="","",[1]!s_dq_close(C22,$N$1)) -> 1742.2691 | F22: =IF($C22=""," ",[1]!i_pq_pctchange($C22,F$6,$N$1)) -> 0 | G22: =IF($C22=""," ",[1]!i_pq_pctchange($C22,G$6,$N$1)) -> 0 | H22: =IF($C22=""," ",[1]!i_pq_pctchange($C22,H$6,$N$1)) -> 2.0033717 | I22: =IF($C22=""," ",[1]!i_pq_pctchange($C22,I$6,$N$1)) -> -12.515835 | J22: =IF($C22=""," ",[1]!i_pq_pctchange($C22,J$6,$N$1)) -> -2.3753803 | K22: =IF($C22=""," ",[1]!i_pq_pctchange($C22,K$6,$N$1)) -> 2.3753464 | L22: =IF(C22=""," ",[1]!s_wq_pctchange($C22,$N$1)) -> 0 | M22: =IF(C22=""," ",[1]!s_mq_pctchange($C22,$N$1)) -> 0 | N22: =IF(C22=""," ",[1]!s_yq_pctchange($C22,$N$1)) -> -12.678405
C23: =IF(指数列表!B20="","",指数列表!B20) -> BTK.GI | D23: =IF(C23="","",[1]!s_info_name(C23)) -> AMEXBTK制药指数 | E23: =IF(C23="","",[1]!s_dq_close(C23,$N$1)) -> 5321.12 | F23: =IF($C23=""," ",[1]!i_pq_pctchange($C23,F$6,$N$1)) -> 3.4100648 | G23: =IF($C23=""," ",[1]!i_pq_pctchange($C23,G$6,$N$1)) -> 2.1104787 | H23: =IF($C23=""," ",[1]!i_pq_pctchange($C23,H$6,$N$1)) -> 1.3455938 | I23: =IF($C23=""," ",[1]!i_pq_pctchange($C23,I$6,$N$1)) -> -1.238894 | J23: =IF($C23=""," ",[1]!i_pq_pctchange($C23,J$6,$N$1)) -> 5.7832576 | K23: =IF($C23=""," ",[1]!i_pq_pctchange($C23,K$6,$N$1)) -> 1.8936355 | L23: =IF(C23=""," ",[1]!s_wq_pctchange($C23,$N$1)) -> 1.380736 | M23: =IF(C23=""," ",[1]!s_mq_pctchange($C23,$N$1)) -> 3.7010764 | N23: =IF(C23=""," ",[1]!s_yq_pctchange($C23,$N$1)) -> -1.8026131
C24: =IF(指数列表!B21="","",指数列表!B21) -> BURCAP.GI | D24: =IF(C24="","",[1]!s_info_name(C24)) -> 阿根廷BURCAP | E24: =IF(C24="","",[1]!s_dq_close(C24,$N$1)) -> 98469.13 | F24: =IF($C24=""," ",[1]!i_pq_pctchange($C24,F$6,$N$1)) -> 0 | G24: =IF($C24=""," ",[1]!i_pq_pctchange($C24,G$6,$N$1)) -> 0 | H24: =IF($C24=""," ",[1]!i_pq_pctchange($C24,H$6,$N$1)) -> 0 | I24: =IF($C24=""," ",[1]!i_pq_pctchange($C24,I$6,$N$1)) -> 0 | J24: =IF($C24=""," ",[1]!i_pq_pctchange($C24,J$6,$N$1)) -> 0 | K24: =IF($C24=""," ",[1]!i_pq_pctchange($C24,K$6,$N$1)) -> 0 | L24: =IF(C24=""," ",[1]!s_wq_pctchange($C24,$N$1)) -> 0 | M24: =IF(C24=""," ",[1]!s_mq_pctchange($C24,$N$1)) -> 0 | N24: =IF(C24=""," ",[1]!s_yq_pctchange($C24,$N$1)) -> 0
C25: =IF(指数列表!B22="","",指数列表!B22) -> BUX.GI | D25: =IF(C25="","",[1]!s_info_name(C25)) -> 布达佩斯股市指数 | E25: =IF(C25="","",[1]!s_dq_close(C25,$N$1)) -> 71492.81 | F25: =IF($C25=""," ",[1]!i_pq_pctchange($C25,F$6,$N$1)) -> 2.6292968 | G25: =IF($C25=""," ",[1]!i_pq_pctchange($C25,G$6,$N$1)) -> 3.844341 | H25: =IF($C25=""," ",[1]!i_pq_pctchange($C25,H$6,$N$1)) -> 9.9798355 | I25: =IF($C25=""," ",[1]!i_pq_pctchange($C25,I$6,$N$1)) -> 18.572886 | J25: =IF($C25=""," ",[1]!i_pq_pctchange($C25,J$6,$N$1)) -> 28.64958 | K25: =IF($C25=""," ",[1]!i_pq_pctchange($C25,K$6,$N$1)) -> 42.736089 | L25: =IF(C25=""," ",[1]!s_wq_pctchange($C25,$N$1)) -> 1.582704 | M25: =IF(C25=""," ",[1]!s_mq_pctchange($C25,$N$1)) -> 5.2812315 | N25: =IF(C25=""," ",[1]!s_yq_pctchange($C25,$N$1)) -> 17.935992
... C2402: =IF(指数列表!B2399="","",指数列表!B2399) | D2402: =IF(C2402="","",[1]!s_info_name(C2402)) | E2402: =IF(C2402="","",[1]!s_dq_close(C2402,$N$1)) | F2402: =IF($C2402=""," ",[1]!i_pq_pctchange($C2402,F$6,$N$1)) | G2402: =IF($C2402=""," ",[1]!i_pq_pctchange($C2402,G$6,$N$1)) | H2402: =IF($C2402=""," ",[1]!i_pq_pctchange($C2402,H$6,$N$1)) | I2402: =IF($C2402=""," ",[1]!i_pq_pctchange($C2402,I$6,$N$1)) | J2402: =IF($C2402=""," ",[1]!i_pq_pctchange($C2402,J$6,$N$1)) | K2402: =IF($C2402=""," ",[1]!i_pq_pctchange($C2402,K$6,$N$1)) | L2402: =IF(C2402=""," ",[1]!s_wq_pctchange($C2402,$N$1)) | M2402: =IF(C2402=""," ",[1]!s_mq_pctchange($C2402,$N$1)) | N2402: =IF(C2402=""," ",[1]!s_yq_pctchange($C2402,$N$1))

Sheet Wind模板
A1: 全球市场指数表现

Sheet 指数列表
A1: 数据集名称 | B1: 板块成分 | E1: 全球重要指数 | F1: a399010108000000
A2: 日期 | B2: =TEXT(全球市场指数表现!N1,"YYYYMMDD") -> 20240627 | E2: 全球市场指数 | F2: a399010109000000
A3: 板块ID | B3: =VLOOKUP(全球市场指数表现!D4,指数列表!E:F,2,0) -> a399010109000000 | E3: 亚太市场重要指数 | F3: a39901010a000000
A4: date | B4: wind_code | C4: sec_name | E4: 欧非中东重要指数 | F4: a39901010b000000
A5: 最新调整日期 | B5: Wind代码 | C5: 证券名称 | E5: 美洲市场重要指数 | F5: a39901010c000000
A6: =[1]!wset("sectorconstituent","date="&B2,"sectorId="&B3,"field=date,wind_code,sec_name","cols=3;rows=127") -> 45470 | B6: 000001.SH | C6: 上证指数 | E6: 美国市场指数 | F6: 1000044466000000
A7: 45470 | B7: 399001.SZ | C7: 深证成指 | E7: 英国市场指数 | F7: 1000033763000000
A8: 45470 | B8: ADX.GI | C8: 阿联酋ADX综指
A9: 45470 | B9: AEX.GI | C9: 荷兰AEX
A10: 45470 | B10: AMX.GI | C10: 荷兰中盘股
A11: 45470 | B11: AORD.GI | C11: 澳大利亚普通股指数
A12: 45470 | B12: AS51.GI | C12: 澳洲标普200
A13: 45470 | B13: AS52.GI | C13: 澳大利亚S&P300
A14: 45470 | B14: ASE.GI | C14: 希腊ASE综指
A15: 45470 | B15: ATX.GI | C15: 奥地利ATX
A16: 45470 | B16: ATXPRIME.GI | C16: 奥地利ATX主板
A17: 45470 | B17: BELSTK.GI | C17: 比利时NR综指
A18: 45470 | B18: BFX.GI | C18: 比利时BFX
A19: 45470 | B19: BLOM.GI | C19: 贝鲁特BLOM
... A132: 45470 | B132: XU100.GI | C132: 伊斯坦堡ISE100
