Workbook
Name A股列表: [1]证券列表!$A$1:$A$1898
Name Index: [1]证券列表!$B$1:$B$7

Sheet 情景分析
B5: 分析基准日 | D5: =[2]!td(TODAY()-2) -> 2025-10-24 | J5: 中债估值
B6: 基准日YTM | D6: 1 | E6: =IF(D6=3,"请至-持仓数据-页F列输入分析基准日收益率","") | I6: 净价 | J6: 加权平均YTM
B7: 分析价格 | D7: 1 | I7: 全价 | J7: 自定义
J8: 银行间中债交易所中证
B9: 持有期收益率
B10: 单位:% | D10: 20 | E10: 15 | F10: 10 | G10: 0 | H10: -10 | I10: -15 | J10: -20
D11: BP | E11: BP | F11: BP | G11: BP | H11: BP | I11: BP | J11: BP
B12: 1W | C12: =TODAY()+7 -> 45965 | D12: =((持仓数据!O$3/IF($D$6=1,持仓数据!$I$3,IF($D$6=2,持仓数据!$D$3,IF($D$6=4,持仓数据!$M$3,持仓数据!$F$3))))-1)*365/($C12-$D$5)*100 -> 10.437467 | E12: =((持仓数据!P$3/IF($D$6=1,持仓数据!$I$3,IF($D$6=2,持仓数据!$D$3,IF($D$6=4,持仓数据!$M$3,持仓数据!$F$3))))-1)*365/($C12-$D$5)*100 -> 18.290186 | F12: =((持仓数据!Q$3/IF($D$6=1,持仓数据!$I$3,IF($D$6=2,持仓数据!$D$3,IF($D$6=4,持仓数据!$M$3,持仓数据!$F$3))))-1)*365/($C12-$D$5)*100 -> 26.167456 | G12: =((持仓数据!R$3/IF($D$6=1,持仓数据!$I$3,IF($D$6=2,持仓数据!$D$3,IF($D$6=4,持仓数据!$M$3,持仓数据!$F$3))))-1)*365/($C12-$D$5)*100 -> 41.996014 | H12: =((持仓数据!S$3/IF($D$6=1,持仓数据!$I$3,IF($D$6=2,持仓数据!$D$3,IF($D$6=4,持仓数据!$M$3,持仓数据!$F$3))))-1)*365/($C12-$D$5)*100 -> 57.923867 | I12: =((持仓数据!T$3/IF($D$6=1,持仓数据!$I$3,IF($D$6=2,持仓数据!$D$3,IF($D$6=4,持仓数据!$M$3,持仓数据!$F$3))))-1)*365/($C12-$D$5)*100 -> 65.925258 | J12: =((持仓数据!U$3/IF($D$6=1,持仓数据!$I$3,IF($D$6=2,持仓数据!$D$3,IF($D$6=4,持仓数据!$M$3,持仓数据!$F$3))))-1)*365/($C12-$D$5)*100 -> 73.951747
B13: 1M | C13: =DATE(YEAR(TODAY()),MONTH(TODAY())+1,DAY(TODAY())) -> 45989 | D13: =((持仓数据!V$3/IF($D$6=1,持仓数据!$I$3,IF($D$6=2,持仓数据!$D$3,IF($D$6=4,持仓数据!$M$3,持仓数据!$F$3))))-1)*365/($C13-$D$5)*100 -> 2.5539096 | E13: =((持仓数据!W$3/IF($D$6=1,持仓数据!$I$3,IF($D$6=2,持仓数据!$D$3,IF($D$6=4,持仓数据!$M$3,持仓数据!$F$3))))-1)*365/($C13-$D$5)*100 -> 4.9906997 | F13: =((持仓数据!X$3/IF($D$6=1,持仓数据!$I$3,IF($D$6=2,持仓数据!$D$3,IF($D$6=4,持仓数据!$M$3,持仓数据!$F$3))))-1)*365/($C13-$D$5)*100 -> 7.4350426 | G13: =((持仓数据!Y$3/IF($D$6=1,持仓数据!$I$3,IF($D$6=2,持仓数据!$D$3,IF($D$6=4,持仓数据!$M$3,持仓数据!$F$3))))-1)*365/($C13-$D$5)*100 -> 12.346498 | H13: =((持仓数据!Z$3/IF($D$6=1,持仓数据!$I$3,IF($D$6=2,持仓数据!$D$3,IF($D$6=4,持仓数据!$M$3,持仓数据!$F$3))))-1)*365/($C13-$D$5)*100 -> 17.288496 | I13: =((持仓数据!AA$3/IF($D$6=1,持仓数据!$I$3,IF($D$6=2,持仓数据!$D$3,IF($D$6=4,持仓数据!$M$3,持仓数据!$F$3))))-1)*365/($C13-$D$5)*100 -> 19.771019 | J13: =((持仓数据!AB$3/IF($D$6=1,持仓数据!$I$3,IF($D$6=2,持仓数据!$D$3,IF($D$6=4,持仓数据!$M$3,持仓数据!$F$3))))-1)*365/($C13-$D$5)*100 -> 22.261261
B14: 3M | C14: =DATE(YEAR(TODAY()),MONTH(TODAY())+3,DAY(TODAY())) -> 46050 | D14: =((持仓数据!AC$3/IF($D$6=1,持仓数据!$I$3,IF($D$6=2,持仓数据!$D$3,IF($D$6=4,持仓数据!$M$3,持仓数据!$F$3))))-1)*365/($C14-$D$5)*100 -> 0.25511837 | E14: =((持仓数据!AD$3/IF($D$6=1,持仓数据!$I$3,IF($D$6=2,持仓数据!$D$3,IF($D$6=4,持仓数据!$M$3,持仓数据!$F$3))))-1)*365/($C14-$D$5)*100 -> 1.1145194 | F14: =((持仓数据!AE$3/IF($D$6=1,持仓数据!$I$3,IF($D$6=2,持仓数据!$D$3,IF($D$6=4,持仓数据!$M$3,持仓数据!$F$3))))-1)*365/($C14-$D$5)*100 -> 1.9765252 | G14: =((持仓数据!AF$3/IF($D$6=1,持仓数据!$I$3,IF($D$6=2,持仓数据!$D$3,IF($D$6=4,持仓数据!$M$3,持仓数据!$F$3))))-1)*365/($C14-$D$5)*100 -> 3.7083884 | H14: =((持仓数据!AG$3/IF($D$6=1,持仓数据!$I$3,IF($D$6=2,持仓数据!$D$3,IF($D$6=4,持仓数据!$M$3,持仓数据!$F$3))))-1)*365/($C14-$D$5)*100 -> 5.4507828 | I14: =((持仓数据!AH$3/IF($D$6=1,持仓数据!$I$3,IF($D$6=2,持仓数据!$D$3,IF($D$6=4,持仓数据!$M$3,持仓数据!$F$3))))-1)*365/($C14-$D$5)*100 -> 6.3259528 | J14: =((持仓数据!AI$3/IF($D$6=1,持仓数据!$I$3,IF($D$6=2,持仓数据!$D$3,IF($D$6=4,持仓数据!$M$3,持仓数据!$F$3))))-1)*365/($C14-$D$5)*100 -> 7.203784
B15: 6M | C15: =DATE(YEAR(TODAY()),MONTH(TODAY())+6,DAY(TODAY())) -> 46140 | D15: =((持仓数据!AJ$3/IF($D$6=1,持仓数据!$I$3,IF($D$6=2,持仓数据!$D$3,IF($D$6=4,持仓数据!$M$3,持仓数据!$F$3))))-1)*365/($C15-$D$5)*100 -> 0.131674 | E15: =((持仓数据!AK$3/IF($D$6=1,持仓数据!$I$3,IF($D$6=2,持仓数据!$D$3,IF($D$6=4,持仓数据!$M$3,持仓数据!$F$3))))-1)*365/($C15-$D$5)*100 -> 0.57523581 | F15: =((持仓数据!AL$3/IF($D$6=1,持仓数据!$I$3,IF($D$6=2,持仓数据!$D$3,IF($D$6=4,持仓数据!$M$3,持仓数据!$F$3))))-1)*365/($C15-$D$5)*100 -> 1.020142 | G15: =((持仓数据!AM$3/IF($D$6=1,持仓数据!$I$3,IF($D$6=2,持仓数据!$D$3,IF($D$6=4,持仓数据!$M$3,持仓数据!$F$3))))-1)*365/($C15-$D$5)*100 -> 1.9140069 | H15: =((持仓数据!AN$3/IF($D$6=1,持仓数据!$I$3,IF($D$6=2,持仓数据!$D$3,IF($D$6=4,持仓数据!$M$3,持仓数据!$F$3))))-1)*365/($C15-$D$5)*100 -> 2.8133072 | I15: =((持仓数据!AO$3/IF($D$6=1,持仓数据!$I$3,IF($D$6=2,持仓数据!$D$3,IF($D$6=4,持仓数据!$M$3,持仓数据!$F$3))))-1)*365/($C15-$D$5)*100 -> 3.2650079 | J15: =((持仓数据!AP$3/IF($D$6=1,持仓数据!$I$3,IF($D$6=2,持仓数据!$D$3,IF($D$6=4,持仓数据!$M$3,持仓数据!$F$3))))-1)*365/($C15-$D$5)*100 -> 3.7180821
B16: 1Y | C16: =DATE(YEAR(TODAY())+1,MONTH(TODAY()),DAY(TODAY())) -> 46323 | D16: =((持仓数据!AQ$3/IF($D$6=1,持仓数据!$I$3,IF($D$6=2,持仓数据!$D$3,IF($D$6=4,持仓数据!$M$3,持仓数据!$F$3))))-1)*365/($C16-$D$5)*100 -> -0.72997647 | E16: =((持仓数据!AR$3/IF($D$6=1,持仓数据!$I$3,IF($D$6=2,持仓数据!$D$3,IF($D$6=4,持仓数据!$M$3,持仓数据!$F$3))))-1)*365/($C16-$D$5)*100 -> -0.54009833 | F16: =((持仓数据!AS$3/IF($D$6=1,持仓数据!$I$3,IF($D$6=2,持仓数据!$D$3,IF($D$6=4,持仓数据!$M$3,持仓数据!$F$3))))-1)*365/($C16-$D$5)*100 -> -0.3497013 | G16: =((持仓数据!AT$3/IF($D$6=1,持仓数据!$I$3,IF($D$6=2,持仓数据!$D$3,IF($D$6=4,持仓数据!$M$3,持仓数据!$F$3))))-1)*365/($C16-$D$5)*100 -> 0.032656165 | H16: =((持仓数据!AU$3/IF($D$6=1,持仓数据!$I$3,IF($D$6=2,持仓数据!$D$3,IF($D$6=4,持仓数据!$M$3,持仓数据!$F$3))))-1)*365/($C16-$D$5)*100 -> 0.41710952 | I16: =((持仓数据!AV$3/IF($D$6=1,持仓数据!$I$3,IF($D$6=2,持仓数据!$D$3,IF($D$6=4,持仓数据!$M$3,持仓数据!$F$3))))-1)*365/($C16-$D$5)*100 -> 0.61012643 | J16: =((持仓数据!AW$3/IF($D$6=1,持仓数据!$I$3,IF($D$6=2,持仓数据!$D$3,IF($D$6=4,持仓数据!$M$3,持仓数据!$F$3))))-1)*365/($C16-$D$5)*100 -> 0.80367246
B18: 持有期损益
B19: 持仓总额 | D19: =IF(持仓数据!H3=0,持仓数据!B3*100,持仓数据!H3) -> 300
B20: 单位:万元 | D20: =D10 -> 20 | E20: =E10 -> 15 | F20: =F10 -> 10 | G20: =G10 -> 0 | H20: =H10 -> -10 | I20: =I10 -> -15 | J20: =J10 -> -20
D21: BP | E21: BP | F21: BP | G21: BP | H21: BP | I21: BP | J21: BP
B22: =B12 -> 1W | C22: =C12 -> 45965 | D22: =(持仓数据!O$3-IF($D$6=1,持仓数据!$I$3,IF($D$6=2,持仓数据!$D$3,IF($D$6=4,持仓数据!$M$3,持仓数据!$F$3)))) -> 0.98840798 | E22: =(持仓数据!P$3-IF($D$6=1,持仓数据!$I$3,IF($D$6=2,持仓数据!$D$3,IF($D$6=4,持仓数据!$M$3,持仓数据!$F$3)))) -> 1.7320452 | F22: =(持仓数据!Q$3-IF($D$6=1,持仓数据!$I$3,IF($D$6=2,持仓数据!$D$3,IF($D$6=4,持仓数据!$M$3,持仓数据!$F$3)))) -> 2.4780075 | G22: =(持仓数据!R$3-IF($D$6=1,持仓数据!$I$3,IF($D$6=2,持仓数据!$D$3,IF($D$6=4,持仓数据!$M$3,持仓数据!$F$3)))) -> 3.9769413 | H22: =(持仓数据!S$3-IF($D$6=1,持仓数据!$I$3,IF($D$6=2,持仓数据!$D$3,IF($D$6=4,持仓数据!$M$3,持仓数据!$F$3)))) -> 5.4852782 | I22: =(持仓数据!T$3-IF($D$6=1,持仓数据!$I$3,IF($D$6=2,持仓数据!$D$3,IF($D$6=4,持仓数据!$M$3,持仓数据!$F$3)))) -> 6.2429944 | J22: =(持仓数据!U$3-IF($D$6=1,持仓数据!$I$3,IF($D$6=2,持仓数据!$D$3,IF($D$6=4,持仓数据!$M$3,持仓数据!$F$3)))) -> 7.0030874
B23: =B13 -> 1M | C23: =C13 -> 45989 | D23: =(持仓数据!V$3-IF($D$6=1,持仓数据!$I$3,IF($D$6=2,持仓数据!$D$3,IF($D$6=4,持仓数据!$M$3,持仓数据!$F$3)))) -> 0.76952368 | E23: =(持仓数据!W$3-IF($D$6=1,持仓数据!$I$3,IF($D$6=2,持仓数据!$D$3,IF($D$6=4,持仓数据!$M$3,持仓数据!$F$3)))) -> 1.5037578 | F23: =(持仓数据!X$3-IF($D$6=1,持仓数据!$I$3,IF($D$6=2,持仓数据!$D$3,IF($D$6=4,持仓数据!$M$3,持仓数据!$F$3)))) -> 2.2402678 | G23: =(持仓数据!Y$3-IF($D$6=1,持仓数据!$I$3,IF($D$6=2,持仓数据!$D$3,IF($D$6=4,持仓数据!$M$3,持仓数据!$F$3)))) -> 3.7201482 | H23: =(持仓数据!Z$3-IF($D$6=1,持仓数据!$I$3,IF($D$6=2,持仓数据!$D$3,IF($D$6=4,持仓数据!$M$3,持仓数据!$F$3)))) -> 5.2092318 | I23: =(持仓数据!AA$3-IF($D$6=1,持仓数据!$I$3,IF($D$6=2,持仓数据!$D$3,IF($D$6=4,持仓数据!$M$3,持仓数据!$F$3)))) -> 5.9572457 | J23: =(持仓数据!AB$3-IF($D$6=1,持仓数据!$I$3,IF($D$6=2,持仓数据!$D$3,IF($D$6=4,持仓数据!$M$3,持仓数据!$F$3)))) -> 6.7075857
B24: =B14 -> 3M | C24: =C14 -> 46050 | D24: =(持仓数据!AC$3-IF($D$6=1,持仓数据!$I$3,IF($D$6=2,持仓数据!$D$3,IF($D$6=4,持仓数据!$M$3,持仓数据!$F$3)))) -> 0.21084406 | E24: =(持仓数据!AD$3-IF($D$6=1,持仓数据!$I$3,IF($D$6=2,持仓数据!$D$3,IF($D$6=4,持仓数据!$M$3,持仓数据!$F$3)))) -> 0.92110106 | F24: =(持仓数据!AE$3-IF($D$6=1,持仓数据!$I$3,IF($D$6=2,持仓数据!$D$3,IF($D$6=4,持仓数据!$M$3,持仓数据!$F$3)))) -> 1.6335108 | G24: =(持仓数据!AF$3-IF($D$6=1,持仓数据!$I$3,IF($D$6=2,持仓数据!$D$3,IF($D$6=4,持仓数据!$M$3,持仓数据!$F$3)))) -> 3.0648192 | H24: =(持仓数据!AG$3-IF($D$6=1,持仓数据!$I$3,IF($D$6=2,持仓数据!$D$3,IF($D$6=4,持仓数据!$M$3,持仓数据!$F$3)))) -> 4.5048313 | I24: =(持仓数据!AH$3-IF($D$6=1,持仓数据!$I$3,IF($D$6=2,持仓数据!$D$3,IF($D$6=4,持仓数据!$M$3,持仓数据!$F$3)))) -> 5.2281207 | J24: =(持仓数据!AI$3-IF($D$6=1,持仓数据!$I$3,IF($D$6=2,持仓数据!$D$3,IF($D$6=4,持仓数据!$M$3,持仓数据!$F$3)))) -> 5.9536094
B25: =B15 -> 6M | C25: =C15 -> 46140 | D25: =(持仓数据!AJ$3-IF($D$6=1,持仓数据!$I$3,IF($D$6=2,持仓数据!$D$3,IF($D$6=4,持仓数据!$M$3,持仓数据!$F$3)))) -> 0.21084406 | E25: =(持仓数据!AK$3-IF($D$6=1,持仓数据!$I$3,IF($D$6=2,持仓数据!$D$3,IF($D$6=4,持仓数据!$M$3,持仓数据!$F$3)))) -> 0.92110106 | F25: =(持仓数据!AL$3-IF($D$6=1,持仓数据!$I$3,IF($D$6=2,持仓数据!$D$3,IF($D$6=4,持仓数据!$M$3,持仓数据!$F$3)))) -> 1.6335108 | G25: =(持仓数据!AM$3-IF($D$6=1,持仓数据!$I$3,IF($D$6=2,持仓数据!$D$3,IF($D$6=4,持仓数据!$M$3,持仓数据!$F$3)))) -> 3.0648192 | H25: =(持仓数据!AN$3-IF($D$6=1,持仓数据!$I$3,IF($D$6=2,持仓数据!$D$3,IF($D$6=4,持仓数据!$M$3,持仓数据!$F$3)))) -> 4.5048313 | I25: =(持仓数据!AO$3-IF($D$6=1,持仓数据!$I$3,IF($D$6=2,持仓数据!$D$3,IF($D$6=4,持仓数据!$M$3,持仓数据!$F$3)))) -> 5.2281207 | J25: =(持仓数据!AP$3-IF($D$6=1,持仓数据!$I$3,IF($D$6=2,持仓数据!$D$3,IF($D$6=4,持仓数据!$M$3,持仓数据!$F$3)))) -> 5.9536094
B26: =B16 -> 1Y | C26: =C16 -> 46323 | D26: =(持仓数据!AQ$3-IF($D$6=1,持仓数据!$I$3,IF($D$6=2,持仓数据!$D$3,IF($D$6=4,持仓数据!$M$3,持仓数据!$F$3)))) -> -2.3189087 | E26: =(持仓数据!AR$3-IF($D$6=1,持仓数据!$I$3,IF($D$6=2,持仓数据!$D$3,IF($D$6=4,持仓数据!$M$3,持仓数据!$F$3)))) -> -1.7157248 | F26: =(持仓数据!AS$3-IF($D$6=1,持仓数据!$I$3,IF($D$6=2,持仓数据!$D$3,IF($D$6=4,持仓数据!$M$3,持仓数据!$F$3)))) -> -1.1108925 | G26: =(持仓数据!AT$3-IF($D$6=1,持仓数据!$I$3,IF($D$6=2,持仓数据!$D$3,IF($D$6=4,持仓数据!$M$3,持仓数据!$F$3)))) -> 0.1037385 | H26: =(持仓数据!AU$3-IF($D$6=1,持仓数据!$I$3,IF($D$6=2,持仓数据!$D$3,IF($D$6=4,持仓数据!$M$3,持仓数据!$F$3)))) -> 1.3250275 | I26: =(持仓数据!AV$3-IF($D$6=1,持仓数据!$I$3,IF($D$6=2,持仓数据!$D$3,IF($D$6=4,持仓数据!$M$3,持仓数据!$F$3)))) -> 1.9381823 | J26: =(持仓数据!AW$3-IF($D$6=1,持仓数据!$I$3,IF($D$6=2,持仓数据!$D$3,IF($D$6=4,持仓数据!$M$3,持仓数据!$F$3)))) -> 2.553018

Sheet 持仓数据
O1: =情景分析!C12 -> 45965 | V1: =情景分析!C13 -> 45989 | AC1: =[3]情景分析!C14 -> 46050 | AJ1: =情景分析!C14 -> 46050 | AQ1: =情景分析!C16 -> 46323
B2: 活跃城投债 | C2: 交易场所 | D2: 前日加权均价/YTM | F2: 自定义输入 | H2: 持仓(百万) | I2: 中债估价/YTM | K2: 中证估价/YTM | M2: 混合估值/YTM | O2: =[3]情景分析!D10 -> 20 | P2: =[3]情景分析!E10 -> 15 | Q2: =[3]情景分析!F10 -> 10 | R2: =[3]情景分析!G10 -> 0 | S2: =[3]情景分析!H10 -> -10 | T2: =[3]情景分析!I10 -> -15 | U2: =[3]情景分析!J10 -> -20 | V2: =O2 -> 20 | W2: =P2 -> 15 | X2: =Q2 -> 10 | Y2: =R2 -> 0 | Z2: =S2 -> -10 | AA2: =T2 -> -15 | AB2: =U2 -> -20 | AC2: =O2 -> 20 | AD2: =P2 -> 15 | AE2: =Q2 -> 10 | AF2: =R2 -> 0 | AG2: =S2 -> -10 | AH2: =T2 -> -15 | AI2: =U2 -> -20 | AJ2: =O2 -> 20 | AK2: =P2 -> 15 | AL2: =Q2 -> 10 | AM2: =R2 -> 0 | AN2: =S2 -> -10 | AO2: =T2 -> -15 | AP2: =U2 -> -20 | AQ2: =O2 -> 20 | AR2: =P2 -> 15 | AS2: =Q2 -> 10 | AT2: =R2 -> 0 | AU2: =S2 -> -10 | AV2: =T2 -> -15 | AW2: =U2 -> -20
B3: =COUNTA(A:A) -> 3 | D3: =SUM(D4:OFFSET(D4,$B$3,0)) -> 212.9216 | E3: =AVERAGE(E4:E24) -> 1.2013667 | F3: =SUM(F4:OFFSET(F4,$B$3,0)) -> 0 | G3: 输入YTM | H3: =SUM(H4:OFFSET(H4,$B$3,0)) -> 0 | I3: =SUM(I4:OFFSET(I4,$B$3,0)) -> 314.2254 | J3: =AVERAGE(J4:J24) -> 1.8084667 | K3: =SUM(K4:OFFSET(K4,$B$3,0)) -> 314.2072 | L3: =AVERAGE(L4:L24) -> 1.8073333 | M3: =SUM(M4:OFFSET(M4,$B$3,0)) -> 314.232 | N3: =AVERAGE(N4:N24) -> 1.8073333 | O3: =SUM(O4:OFFSET(O4,$B$3,0)) -> 315.21381 | P3: =SUM(P4:OFFSET(P4,$B$3,0)) -> 315.95745 | Q3: =SUM(Q4:OFFSET(Q4,$B$3,0)) -> 316.70341 | R3: =SUM(R4:OFFSET(R4,$B$3,0)) -> 318.20234 | S3: =SUM(S4:OFFSET(S4,$B$3,0)) -> 319.71068 | T3: =SUM(T4:OFFSET(T4,$B$3,0)) -> 320.46839 | U3: =SUM(U4:OFFSET(U4,$B$3,0)) -> 321.22849 | V3: =SUM(V4:OFFSET(V4,$B$3,0)) -> 314.99492 | ... AW3: =SUM(AW4:OFFSET(AW4,$B$3,0)) -> 316.77842
A4: 220010.IB | B4: =IF(A4="","",[2]!b_info_name(A4)) -> 22附息国债10 | C4: =[2]!b_info_listedmkt(A4) -> 银行间 | D4: =IFERROR(IF(A4="","", [2]!b_dq_avgprice(A4, 情景分析!$D$5, 情景分析!$D$7) * IF($H4="",1,$H4)),0) -> 106.5166 | E4: =IF(A4="","", N([2]!b_dq_avgprice(A4,情景分析!$D$5,3))) -> 1.7052 | F4: =IF($G4 = "", "", IFERROR( [2]!b_calc_pv(A4, 情景分析!$D$5,$G4, "1", 情景分析!$D$7), [2]!b_calc_pv(A4, 情景分析!$D$5,$G4, "2", 情景分析!$D$7) ) ) | I4: =IF(A4="","",IF(情景分析!$D$7=1,[2]!b_anal_net_cnbd(A4,情景分析!$D$5,1),[2]!b_anal_dirty_cnbd(A4,情景分析!$D$5,1))*IF($H4="",1,$H4)) -> 106.4947 | J4: =IF(A4="","",[2]!b_anal_yield_cnbd(A4,情景分析!$D$5,1)) -> 1.71 | K4: =IF(A4="","",IF(情景分析!$D$7=1,[2]!b_anal_net_csi1(A4,情景分析!$D$5,1),[2]!b_anal_dirty_csi1(A4,情景分析!$D$5,1))*IF($H4="",1,$H4)) -> 106.4778 | L4: =IF(A4="","",[2]!b_anal_yield_csi1(A4,情景分析!$D$5,1)) -> 1.71 | M4: =IF($C4="银行间",$I4,$K4) -> 106.4947 | N4: =IF($C4="银行间",$J4,$L4) -> 1.71 | O4: =IF($A4="","",[2]!B_CALC_PRICE($A4,$O$1,IF(情景分析!$D$6=1,$J4,IF(情景分析!$D$6=2,$E4,IF(情景分析!$D$6=4,IF($C4="银行间",$J4,$L4),$G4)))+O$2/100,情景分析!$D$7,"",,,,"",)*IF($H4="",1,$H4)) -> 105.19461 | P4: =IF($A4="","",[2]!B_CALC_PRICE($A4,$O$1,IF(情景分析!$D$6=1,$J4,IF(情景分析!$D$6=2,$E4,IF(情景分析!$D$6=4,IF($C4="银行间",$J4,$L4),$G4)))+P$2/100,情景分析!$D$7,"",,,,"",)*IF($H4="",1,$H4)) -> 105.50961 | Q4: =IF($A4="","",[2]!B_CALC_PRICE($A4,$O$1,IF(情景分析!$D$6=1,$J4,IF(情景分析!$D$6=2,$E4,IF(情景分析!$D$6=4,IF($C4="银行间",$J4,$L4),$G4)))+Q$2/100,情景分析!$D$7,"",,,,"",)*IF($H4="",1,$H4)) -> 105.82568 | R4: =IF($A4="","",[2]!B_CALC_PRICE($A4,$O$1,IF(情景分析!$D$6=1,$J4,IF(情景分析!$D$6=2,$E4,IF(情景分析!$D$6=4,IF($C4="银行间",$J4,$L4),$G4)))+R$2/100,情景分析!$D$7,"",,,,"",)*IF($H4="",1,$H4)) -> 106.46105 | S4: =IF($A4="","",[2]!B_CALC_PRICE($A4,$O$1,IF(情景分析!$D$6=1,$J4,IF(情景分析!$D$6=2,$E4,IF(情景分析!$D$6=4,IF($C4="银行间",$J4,$L4),$G4)))+S$2/100,情景分析!$D$7,"",,,,"",)*IF($H4="",1,$H4)) -> 107.10074 | T4: =IF($A4="","",[2]!B_CALC_PRICE($A4,$O$1,IF(情景分析!$D$6=1,$J4,IF(情景分析!$D$6=2,$E4,IF(情景分析!$D$6=4,IF($C4="银行间",$J4,$L4),$G4)))+T$2/100,情景分析!$D$7,"",,,,"",)*IF($H4="",1,$H4)) -> 107.42221 | U4: =IF($A4="","",[2]!B_CALC_PRICE($A4,$O$1,IF(情景分析!$D$6=1,$J4,IF(情景分析!$D$6=2,$E4,IF(情景分析!$D$6=4,IF($C4="银行间",$J4,$L4),$G4)))+U$2/100,情景分析!$D$7,"",,,,"",)*IF($H4="",1,$H4)) -> 107.74478 | V4: =IF($A4="","",[2]!B_CALC_PRICE($A4,$V$1,IF(情景分析!$D$6=1,$J4,IF(情景分析!$D$6=2,$E4,IF(情景分析!$D$6=4,IF($C4="银行间",$J4,$L4),$G4)))+V$2/100,情景分析!$D$7,"",,,,"",)*IF($H4="",1,$H4)) -> 105.14534 | W4: =IF($A4="","",[2]!B_CALC_PRICE($A4,$V$1,IF(情景分析!$D$6=1,$J4,IF(情景分析!$D$6=2,$E4,IF(情景分析!$D$6=4,IF($C4="银行间",$J4,$L4),$G4)))+W$2/100,情景分析!$D$7,"",,,,"",)*IF($H4="",1,$H4)) -> 105.45728 | X4: =IF($A4="","",[2]!B_CALC_PRICE($A4,$V$1,IF(情景分析!$D$6=1,$J4,IF(情景分析!$D$6=2,$E4,IF(情景分析!$D$6=4,IF($C4="银行间",$J4,$L4),$G4)))+X$2/100,情景分析!$D$7,"",,,,"",)*IF($H4="",1,$H4)) -> 105.77026 | Y4: =IF($A4="","",[2]!B_CALC_PRICE($A4,$V$1,IF(情景分析!$D$6=1,$J4,IF(情景分析!$D$6=2,$E4,IF(情景分析!$D$6=4,IF($C4="银行间",$J4,$L4),$G4)))+Y$2/100,情景分析!$D$7,"",,,,"",)*IF($H4="",1,$H4)) -> 106.39939 | Z4: =IF($A4="","",[2]!B_CALC_PRICE($A4,$V$1,IF(情景分析!$D$6=1,$J4,IF(情景分析!$D$6=2,$E4,IF(情景分析!$D$6=4,IF($C4="银行间",$J4,$L4),$G4)))+Z$2/100,情景分析!$D$7,"",,,,"",)*IF($H4="",1,$H4)) -> 107.03277 | AA4: =IF($A4="","",[2]!B_CALC_PRICE($A4,$V$1,IF(情景分析!$D$6=1,$J4,IF(情景分析!$D$6=2,$E4,IF(情景分析!$D$6=4,IF($C4="银行间",$J4,$L4),$G4)))+AA$2/100,情景分析!$D$7,"",,,,"",)*IF($H4="",1,$H4)) -> 107.35105 | AB4: =IF($A4="","",[2]!B_CALC_PRICE($A4,$V$1,IF(情景分析!$D$6=1,$J4,IF(情景分析!$D$6=2,$E4,IF(情景分析!$D$6=4,IF($C4="银行间",$J4,$L4),$G4)))+AB$2/100,情景分析!$D$7,"",,,,"",)*IF($H4="",1,$H4)) -> 107.67041 | AC4: =IF($A4="","",[2]!B_CALC_PRICE($A4,$AC$1,IF(情景分析!$D$6=1,$J4,IF(情景分析!$D$6=2,$E4,IF(情景分析!$D$6=4,IF($C4="银行间",$J4,$L4),$G4)))+AC$2/100,情景分析!$D$7,"",,,,"",)*IF($H4="",1,$H4)) -> 105.01792 | AD4: =IF($A4="","",[2]!B_CALC_PRICE($A4,$AC$1,IF(情景分析!$D$6=1,$J4,IF(情景分析!$D$6=2,$E4,IF(情景分析!$D$6=4,IF($C4="银行间",$J4,$L4),$G4)))+AD$2/100,情景分析!$D$7,"",,,,"",)*IF($H4="",1,$H4)) -> 105.32202 | AE4: =IF($A4="","",[2]!B_CALC_PRICE($A4,$AC$1,IF(情景分析!$D$6=1,$J4,IF(情景分析!$D$6=2,$E4,IF(情景分析!$D$6=4,IF($C4="银行间",$J4,$L4),$G4)))+AE$2/100,情景分析!$D$7,"",,,,"",)*IF($H4="",1,$H4)) -> 105.62712 | AF4: =IF($A4="","",[2]!B_CALC_PRICE($A4,$AC$1,IF(情景分析!$D$6=1,$J4,IF(情景分析!$D$6=2,$E4,IF(情景分析!$D$6=4,IF($C4="银行间",$J4,$L4),$G4)))+AF$2/100,情景分析!$D$7,"",,,,"",)*IF($H4="",1,$H4)) -> 106.24032 | AG4: =IF($A4="","",[2]!B_CALC_PRICE($A4,$AC$1,IF(情景分析!$D$6=1,$J4,IF(情景分析!$D$6=2,$E4,IF(情景分析!$D$6=4,IF($C4="银行间",$J4,$L4),$G4)))+AG$2/100,情景分析!$D$7,"",,,,"",)*IF($H4="",1,$H4)) -> 106.85756 | AH4: =IF($A4="","",[2]!B_CALC_PRICE($A4,$AC$1,IF(情景分析!$D$6=1,$J4,IF(情景分析!$D$6=2,$E4,IF(情景分析!$D$6=4,IF($C4="银行间",$J4,$L4),$G4)))+AH$2/100,情景分析!$D$7,"",,,,"",)*IF($H4="",1,$H4)) -> 107.1677 | AI4: =IF($A4="","",[2]!B_CALC_PRICE($A4,$AC$1,IF(情景分析!$D$6=1,$J4,IF(情景分析!$D$6=2,$E4,IF(情景分析!$D$6=4,IF($C4="银行间",$J4,$L4),$G4)))+AI$2/100,情景分析!$D$7,"",,,,"",)*IF($H4="",1,$H4)) -> 107.47887 | AJ4: =IF($A4="","",[2]!B_CALC_PRICE($A4,$AJ$1,IF(情景分析!$D$6=1,$J4,IF(情景分析!$D$6=2,$E4,IF(情景分析!$D$6=4,IF($C4="银行间",$J4,$L4),$G4)))+AJ$2/100,情景分析!$D$7,"",,,,"",)*IF($H4="",1,$H4)) -> 105.01792 | AK4: =IF($A4="","",[2]!B_CALC_PRICE($A4,$AJ$1,IF(情景分析!$D$6=1,$J4,IF(情景分析!$D$6=2,$E4,IF(情景分析!$D$6=4,IF($C4="银行间",$J4,$L4),$G4)))+AK$2/100,情景分析!$D$7,"",,,,"",)*IF($H4="",1,$H4)) -> 105.32202 | AL4: =IF($A4="","",[2]!B_CALC_PRICE($A4,$AJ$1,IF(情景分析!$D$6=1,$J4,IF(情景分析!$D$6=2,$E4,IF(情景分析!$D$6=4,IF($C4="银行间",$J4,$L4),$G4)))+AL$2/100,情景分析!$D$7,"",,,,"",)*IF($H4="",1,$H4)) -> 105.62712 | AM4: =IF($A4="","",[2]!B_CALC_PRICE($A4,$AJ$1,IF(情景分析!$D$6=1,$J4,IF(情景分析!$D$6=2,$E4,IF(情景分析!$D$6=4,IF($C4="银行间",$J4,$L4),$G4)))+AM$2/100,情景分析!$D$7,"",,,,"",)*IF($H4="",1,$H4)) -> 106.24032 | AN4: =IF($A4="","",[2]!B_CALC_PRICE($A4,$AJ$1,IF(情景分析!$D$6=1,$J4,IF(情景分析!$D$6=2,$E4,IF(情景分析!$D$6=4,IF($C4="银行间",$J4,$L4),$G4)))+AN$2/100,情景分析!$D$7,"",,,,"",)*IF($H4="",1,$H4)) -> 106.85756 | AO4: =IF($A4="","",[2]!B_CALC_PRICE($A4,$AJ$1,IF(情景分析!$D$6=1,$J4,IF(情景分析!$D$6=2,$E4,IF(情景分析!$D$6=4,IF($C4="银行间",$J4,$L4),$G4)))+AO$2/100,情景分析!$D$7,"",,,,"",)*IF($H4="",1,$H4)) -> 107.1677 | AP4: =IF($A4="","",[2]!B_CALC_PRICE($A4,$AJ$1,IF(情景分析!$D$6=1,$J4,IF(情景分析!$D$6=2,$E4,IF(情景分析!$D$6=4,IF($C4="银行间",$J4,$L4),$G4)))+AP$2/100,情景分析!$D$7,"",,,,"",)*IF($H4="",1,$H4)) -> 107.47887 | AQ4: =IF($A4="","",[2]!B_CALC_PRICE($A4,$AQ$1,IF(情景分析!$D$6=1,$J4,IF(情景分析!$D$6=2,$E4,IF(情景分析!$D$6=4,IF($C4="银行间",$J4,$L4),$G4)))+AQ$2/100,情景分析!$D$7,"",,,,"",)*IF($H4="",1,$H4)) -> 104.45452 | AR4: =IF($A4="","",[2]!B_CALC_PRICE($A4,$AQ$1,IF(情景分析!$D$6=1,$J4,IF(情景分析!$D$6=2,$E4,IF(情景分析!$D$6=4,IF($C4="银行间",$J4,$L4),$G4)))+AR$2/100,情景分析!$D$7,"",,,,"",)*IF($H4="",1,$H4)) -> 104.72356 | AS4: =IF($A4="","",[2]!B_CALC_PRICE($A4,$AQ$1,IF(情景分析!$D$6=1,$J4,IF(情景分析!$D$6=2,$E4,IF(情景分析!$D$6=4,IF($C4="银行间",$J4,$L4),$G4)))+AS$2/100,情景分析!$D$7,"",,,,"",)*IF($H4="",1,$H4)) -> 104.99339 | AT4: =IF($A4="","",[2]!B_CALC_PRICE($A4,$AQ$1,IF(情景分析!$D$6=1,$J4,IF(情景分析!$D$6=2,$E4,IF(情景分析!$D$6=4,IF($C4="银行间",$J4,$L4),$G4)))+AT$2/100,情景分析!$D$7,"",,,,"",)*IF($H4="",1,$H4)) -> 105.53543 | AU4: =IF($A4="","",[2]!B_CALC_PRICE($A4,$AQ$1,IF(情景分析!$D$6=1,$J4,IF(情景分析!$D$6=2,$E4,IF(情景分析!$D$6=4,IF($C4="银行间",$J4,$L4),$G4)))+AU$2/100,情景分析!$D$7,"",,,,"",)*IF($H4="",1,$H4)) -> 106.08065 | AV4: =IF($A4="","",[2]!B_CALC_PRICE($A4,$AQ$1,IF(情景分析!$D$6=1,$J4,IF(情景分析!$D$6=2,$E4,IF(情景分析!$D$6=4,IF($C4="银行间",$J4,$L4),$G4)))+AV$2/100,情景分析!$D$7,"",,,,"",)*IF($H4="",1,$H4)) -> 106.35447 | AW4: =IF($A4="","",[2]!B_CALC_PRICE($A4,$AQ$1,IF(情景分析!$D$6=1,$J4,IF(情景分析!$D$6=2,$E4,IF(情景分析!$D$6=4,IF($C4="银行间",$J4,$L4),$G4)))+AW$2/100,情景分析!$D$7,"",,,,"",)*IF($H4="",1,$H4)) -> 106.62908
A5: 220205.IB | B5: =IF(A5="","",[2]!b_info_name(A5)) -> 22国开05 | C5: =[2]!b_info_listedmkt(A5) -> 银行间 | D5: =IFERROR(IF(A5="","", [2]!b_dq_avgprice(A5, 情景分析!$D$5, 情景分析!$D$7) * IF($H5="",1,$H5)),0) -> 106.405 | E5: =IF(A5="","", N([2]!b_dq_avgprice(A5,情景分析!$D$5,3))) -> 1.8989 | F5: =IF($G5 = "", "", IFERROR( [2]!b_calc_pv(A5, 情景分析!$D$5,$G5, "1", 情景分析!$D$7), [2]!b_calc_pv(A5, 情景分析!$D$5,$G5, "2", 情景分析!$D$7) ) ) | I5: =IF(A5="","",IF(情景分析!$D$7=1,[2]!b_anal_net_cnbd(A5,情景分析!$D$5,1),[2]!b_anal_dirty_cnbd(A5,情景分析!$D$5,1))*IF($H5="",1,$H5)) -> 106.3914 | J5: =IF(A5="","",[2]!b_anal_yield_cnbd(A5,情景分析!$D$5,1)) -> 1.902 | K5: =IF(A5="","",IF(情景分析!$D$7=1,[2]!b_anal_net_csi1(A5,情景分析!$D$5,1),[2]!b_anal_dirty_csi1(A5,情景分析!$D$5,1))*IF($H5="",1,$H5)) -> 106.3835 | L5: =IF(A5="","",[2]!b_anal_yield_csi1(A5,情景分析!$D$5,1)) -> 1.902 | M5: =IF($C5="银行间",$I5,$K5) -> 106.3914 | N5: =IF($C5="银行间",$J5,$L5) -> 1.902 | O5: =IF($A5="","",[2]!B_CALC_PRICE($A5,$O$1,IF(情景分析!$D$6=1,$J5,IF(情景分析!$D$6=2,$E5,IF(情景分析!$D$6=4,IF($C5="银行间",$J5,$L5),$G5)))+O$2/100,情景分析!$D$7,"",,,,"",)*IF($H5="",1,$H5)) -> 105.16646 | P5: =IF($A5="","",[2]!B_CALC_PRICE($A5,$O$1,IF(情景分析!$D$6=1,$J5,IF(情景分析!$D$6=2,$E5,IF(情景分析!$D$6=4,IF($C5="银行间",$J5,$L5),$G5)))+P$2/100,情景分析!$D$7,"",,,,"",)*IF($H5="",1,$H5)) -> 105.46399 | Q5: =IF($A5="","",[2]!B_CALC_PRICE($A5,$O$1,IF(情景分析!$D$6=1,$J5,IF(情景分析!$D$6=2,$E5,IF(情景分析!$D$6=4,IF($C5="银行间",$J5,$L5),$G5)))+Q$2/100,情景分析!$D$7,"",,,,"",)*IF($H5="",1,$H5)) -> 105.76255 | R5: =IF($A5="","",[2]!B_CALC_PRICE($A5,$O$1,IF(情景分析!$D$6=1,$J5,IF(情景分析!$D$6=2,$E5,IF(情景分析!$D$6=4,IF($C5="银行间",$J5,$L5),$G5)))+R$2/100,情景分析!$D$7,"",,,,"",)*IF($H5="",1,$H5)) -> 106.36276 | S5: =IF($A5="","",[2]!B_CALC_PRICE($A5,$O$1,IF(情景分析!$D$6=1,$J5,IF(情景分析!$D$6=2,$E5,IF(情景分析!$D$6=4,IF($C5="银行间",$J5,$L5),$G5)))+S$2/100,情景分析!$D$7,"",,,,"",)*IF($H5="",1,$H5)) -> 106.96712 | T5: =IF($A5="","",[2]!B_CALC_PRICE($A5,$O$1,IF(情景分析!$D$6=1,$J5,IF(情景分析!$D$6=2,$E5,IF(情景分析!$D$6=4,IF($C5="银行间",$J5,$L5),$G5)))+T$2/100,情景分析!$D$7,"",,,,"",)*IF($H5="",1,$H5)) -> 107.27086 | U5: =IF($A5="","",[2]!B_CALC_PRICE($A5,$O$1,IF(情景分析!$D$6=1,$J5,IF(情景分析!$D$6=2,$E5,IF(情景分析!$D$6=4,IF($C5="银行间",$J5,$L5),$G5)))+U$2/100,情景分析!$D$7,"",,,,"",)*IF($H5="",1,$H5)) -> 107.57566 | V5: =IF($A5="","",[2]!B_CALC_PRICE($A5,$V$1,IF(情景分析!$D$6=1,$J5,IF(情景分析!$D$6=2,$E5,IF(情景分析!$D$6=4,IF($C5="银行间",$J5,$L5),$G5)))+V$2/100,情景分析!$D$7,"",,,,"",)*IF($H5="",1,$H5)) -> 105.11642 | W5: =IF($A5="","",[2]!B_CALC_PRICE($A5,$V$1,IF(情景分析!$D$6=1,$J5,IF(情景分析!$D$6=2,$E5,IF(情景分析!$D$6=4,IF($C5="银行间",$J5,$L5),$G5)))+W$2/100,情景分析!$D$7,"",,,,"",)*IF($H5="",1,$H5)) -> 105.41088 | X5: =IF($A5="","",[2]!B_CALC_PRICE($A5,$V$1,IF(情景分析!$D$6=1,$J5,IF(情景分析!$D$6=2,$E5,IF(情景分析!$D$6=4,IF($C5="银行间",$J5,$L5),$G5)))+X$2/100,情景分析!$D$7,"",,,,"",)*IF($H5="",1,$H5)) -> 105.70635 | Y5: =IF($A5="","",[2]!B_CALC_PRICE($A5,$V$1,IF(情景分析!$D$6=1,$J5,IF(情景分析!$D$6=2,$E5,IF(情景分析!$D$6=4,IF($C5="银行间",$J5,$L5),$G5)))+Y$2/100,情景分析!$D$7,"",,,,"",)*IF($H5="",1,$H5)) -> 106.30032 | Z5: =IF($A5="","",[2]!B_CALC_PRICE($A5,$V$1,IF(情景分析!$D$6=1,$J5,IF(情景分析!$D$6=2,$E5,IF(情景分析!$D$6=4,IF($C5="银行间",$J5,$L5),$G5)))+Z$2/100,情景分析!$D$7,"",,,,"",)*IF($H5="",1,$H5)) -> 106.89835 | AA5: =IF($A5="","",[2]!B_CALC_PRICE($A5,$V$1,IF(情景分析!$D$6=1,$J5,IF(情景分析!$D$6=2,$E5,IF(情景分析!$D$6=4,IF($C5="银行间",$J5,$L5),$G5)))+AA$2/100,情景分析!$D$7,"",,,,"",)*IF($H5="",1,$H5)) -> 107.19891 | AB5: =IF($A5="","",[2]!B_CALC_PRICE($A5,$V$1,IF(情景分析!$D$6=1,$J5,IF(情景分析!$D$6=2,$E5,IF(情景分析!$D$6=4,IF($C5="银行间",$J5,$L5),$G5)))+AB$2/100,情景分析!$D$7,"",,,,"",)*IF($H5="",1,$H5)) -> 107.5005 | AC5: =IF($A5="","",[2]!B_CALC_PRICE($A5,$AC$1,IF(情景分析!$D$6=1,$J5,IF(情景分析!$D$6=2,$E5,IF(情景分析!$D$6=4,IF($C5="银行间",$J5,$L5),$G5)))+AC$2/100,情景分析!$D$7,"",,,,"",)*IF($H5="",1,$H5)) -> 104.98826 | AD5: =IF($A5="","",[2]!B_CALC_PRICE($A5,$AC$1,IF(情景分析!$D$6=1,$J5,IF(情景分析!$D$6=2,$E5,IF(情景分析!$D$6=4,IF($C5="银行间",$J5,$L5),$G5)))+AD$2/100,情景分析!$D$7,"",,,,"",)*IF($H5="",1,$H5)) -> 105.27492 | AE5: =IF($A5="","",[2]!B_CALC_PRICE($A5,$AC$1,IF(情景分析!$D$6=1,$J5,IF(情景分析!$D$6=2,$E5,IF(情景分析!$D$6=4,IF($C5="银行间",$J5,$L5),$G5)))+AE$2/100,情景分析!$D$7,"",,,,"",)*IF($H5="",1,$H5)) -> 105.56254 | AF5: =IF($A5="","",[2]!B_CALC_PRICE($A5,$AC$1,IF(情景分析!$D$6=1,$J5,IF(情景分析!$D$6=2,$E5,IF(情景分析!$D$6=4,IF($C5="银行间",$J5,$L5),$G5)))+AF$2/100,情景分析!$D$7,"",,,,"",)*IF($H5="",1,$H5)) -> 106.14066 | AG5: =IF($A5="","",[2]!B_CALC_PRICE($A5,$AC$1,IF(情景分析!$D$6=1,$J5,IF(情景分析!$D$6=2,$E5,IF(情景分析!$D$6=4,IF($C5="银行间",$J5,$L5),$G5)))+AG$2/100,情景分析!$D$7,"",,,,"",)*IF($H5="",1,$H5)) -> 106.72265 | AH5: =IF($A5="","",[2]!B_CALC_PRICE($A5,$AC$1,IF(情景分析!$D$6=1,$J5,IF(情景分析!$D$6=2,$E5,IF(情景分析!$D$6=4,IF($C5="银行间",$J5,$L5),$G5)))+AH$2/100,情景分析!$D$7,"",,,,"",)*IF($H5="",1,$H5)) -> 107.01511 | AI5: =IF($A5="","",[2]!B_CALC_PRICE($A5,$AC$1,IF(情景分析!$D$6=1,$J5,IF(情景分析!$D$6=2,$E5,IF(情景分析!$D$6=4,IF($C5="银行间",$J5,$L5),$G5)))+AI$2/100,情景分析!$D$7,"",,,,"",)*IF($H5="",1,$H5)) -> 107.30855 | AJ5: =IF($A5="","",[2]!B_CALC_PRICE($A5,$AJ$1,IF(情景分析!$D$6=1,$J5,IF(情景分析!$D$6=2,$E5,IF(情景分析!$D$6=4,IF($C5="银行间",$J5,$L5),$G5)))+AJ$2/100,情景分析!$D$7,"",,,,"",)*IF($H5="",1,$H5)) -> 104.98826 | AK5: =IF($A5="","",[2]!B_CALC_PRICE($A5,$AJ$1,IF(情景分析!$D$6=1,$J5,IF(情景分析!$D$6=2,$E5,IF(情景分析!$D$6=4,IF($C5="银行间",$J5,$L5),$G5)))+AK$2/100,情景分析!$D$7,"",,,,"",)*IF($H5="",1,$H5)) -> 105.27492 | AL5: =IF($A5="","",[2]!B_CALC_PRICE($A5,$AJ$1,IF(情景分析!$D$6=1,$J5,IF(情景分析!$D$6=2,$E5,IF(情景分析!$D$6=4,IF($C5="银行间",$J5,$L5),$G5)))+AL$2/100,情景分析!$D$7,"",,,,"",)*IF($H5="",1,$H5)) -> 105.56254 | AM5: =IF($A5="","",[2]!B_CALC_PRICE($A5,$AJ$1,IF(情景分析!$D$6=1,$J5,IF(情景分析!$D$6=2,$E5,IF(情景分析!$D$6=4,IF($C5="银行间",$J5,$L5),$G5)))+AM$2/100,情景分析!$D$7,"",,,,"",)*IF($H5="",1,$H5)) -> 106.14066 | AN5: =IF($A5="","",[2]!B_CALC_PRICE($A5,$AJ$1,IF(情景分析!$D$6=1,$J5,IF(情景分析!$D$6=2,$E5,IF(情景分析!$D$6=4,IF($C5="银行间",$J5,$L5),$G5)))+AN$2/100,情景分析!$D$7,"",,,,"",)*IF($H5="",1,$H5)) -> 106.72265 | AO5: =IF($A5="","",[2]!B_CALC_PRICE($A5,$AJ$1,IF(情景分析!$D$6=1,$J5,IF(情景分析!$D$6=2,$E5,IF(情景分析!$D$6=4,IF($C5="银行间",$J5,$L5),$G5)))+AO$2/100,情景分析!$D$7,"",,,,"",)*IF($H5="",1,$H5)) -> 107.01511 | AP5: =IF($A5="","",[2]!B_CALC_PRICE($A5,$AJ$1,IF(情景分析!$D$6=1,$J5,IF(情景分析!$D$6=2,$E5,IF(情景分析!$D$6=4,IF($C5="银行间",$J5,$L5),$G5)))+AP$2/100,情景分析!$D$7,"",,,,"",)*IF($H5="",1,$H5)) -> 107.30855 | AQ5: =IF($A5="","",[2]!B_CALC_PRICE($A5,$AQ$1,IF(情景分析!$D$6=1,$J5,IF(情景分析!$D$6=2,$E5,IF(情景分析!$D$6=4,IF($C5="银行间",$J5,$L5),$G5)))+AQ$2/100,情景分析!$D$7,"",,,,"",)*IF($H5="",1,$H5)) -> 104.39211 | AR5: =IF($A5="","",[2]!B_CALC_PRICE($A5,$AQ$1,IF(情景分析!$D$6=1,$J5,IF(情景分析!$D$6=2,$E5,IF(情景分析!$D$6=4,IF($C5="银行间",$J5,$L5),$G5)))+AR$2/100,情景分析!$D$7,"",,,,"",)*IF($H5="",1,$H5)) -> 104.64407 | AS5: =IF($A5="","",[2]!B_CALC_PRICE($A5,$AQ$1,IF(情景分析!$D$6=1,$J5,IF(情景分析!$D$6=2,$E5,IF(情景分析!$D$6=4,IF($C5="银行间",$J5,$L5),$G5)))+AS$2/100,情景分析!$D$7,"",,,,"",)*IF($H5="",1,$H5)) -> 104.89677 | AT5: =IF($A5="","",[2]!B_CALC_PRICE($A5,$AQ$1,IF(情景分析!$D$6=1,$J5,IF(情景分析!$D$6=2,$E5,IF(情景分析!$D$6=4,IF($C5="银行间",$J5,$L5),$G5)))+AT$2/100,情景分析!$D$7,"",,,,"",)*IF($H5="",1,$H5)) -> 105.40446 | AU5: =IF($A5="","",[2]!B_CALC_PRICE($A5,$AQ$1,IF(情景分析!$D$6=1,$J5,IF(情景分析!$D$6=2,$E5,IF(情景分析!$D$6=4,IF($C5="银行间",$J5,$L5),$G5)))+AU$2/100,情景分析!$D$7,"",,,,"",)*IF($H5="",1,$H5)) -> 105.91519 | AV5: =IF($A5="","",[2]!B_CALC_PRICE($A5,$AQ$1,IF(情景分析!$D$6=1,$J5,IF(情景分析!$D$6=2,$E5,IF(情景分析!$D$6=4,IF($C5="银行间",$J5,$L5),$G5)))+AV$2/100,情景分析!$D$7,"",,,,"",)*IF($H5="",1,$H5)) -> 106.17171 | AW5: =IF($A5="","",[2]!B_CALC_PRICE($A5,$AQ$1,IF(情景分析!$D$6=1,$J5,IF(情景分析!$D$6=2,$E5,IF(情景分析!$D$6=4,IF($C5="银行间",$J5,$L5),$G5)))+AW$2/100,情景分析!$D$7,"",,,,"",)*IF($H5="",1,$H5)) -> 106.42899
A6: 251245.SH | B6: =IF(A6="","",[2]!b_info_name(A6)) -> 23津港01 | C6: =[2]!b_info_listedmkt(A6) -> 上海 | D6: =IFERROR(IF(A6="","", [2]!b_dq_avgprice(A6, 情景分析!$D$5, 情景分析!$D$7) * IF($H6="",1,$H6)),0) -> 0 | E6: =IF(A6="","", N([2]!b_dq_avgprice(A6,情景分析!$D$5,3))) -> 0 | F6: =IF($G6 = "", "", IFERROR( [2]!b_calc_pv(A6, 情景分析!$D$5,$G6, "1", 情景分析!$D$7), [2]!b_calc_pv(A6, 情景分析!$D$5,$G6, "2", 情景分析!$D$7) ) ) | I6: =IF(A6="","",IF(情景分析!$D$7=1,[2]!b_anal_net_cnbd(A6,情景分析!$D$5,1),[2]!b_anal_dirty_cnbd(A6,情景分析!$D$5,1))*IF($H6="",1,$H6)) -> 101.3393 | J6: =IF(A6="","",[2]!b_anal_yield_cnbd(A6,情景分析!$D$5,1)) -> 1.8134 | K6: =IF(A6="","",IF(情景分析!$D$7=1,[2]!b_anal_net_csi1(A6,情景分析!$D$5,1),[2]!b_anal_dirty_csi1(A6,情景分析!$D$5,1))*IF($H6="",1,$H6)) -> 101.3459 | L6: =IF(A6="","",[2]!b_anal_yield_csi1(A6,情景分析!$D$5,1)) -> 1.81 | M6: =IF($C6="银行间",$I6,$K6) -> 101.3459 | N6: =IF($C6="银行间",$J6,$L6) -> 1.81 | O6: =IF($A6="","",[2]!B_CALC_PRICE($A6,$O$1,IF(情景分析!$D$6=1,$J6,IF(情景分析!$D$6=2,$E6,IF(情景分析!$D$6=4,IF($C6="银行间",$J6,$L6),$G6)))+O$2/100,情景分析!$D$7,"",,,,"",)*IF($H6="",1,$H6)) -> 104.85274 | P6: =IF($A6="","",[2]!B_CALC_PRICE($A6,$O$1,IF(情景分析!$D$6=1,$J6,IF(情景分析!$D$6=2,$E6,IF(情景分析!$D$6=4,IF($C6="银行间",$J6,$L6),$G6)))+P$2/100,情景分析!$D$7,"",,,,"",)*IF($H6="",1,$H6)) -> 104.98384 | Q6: =IF($A6="","",[2]!B_CALC_PRICE($A6,$O$1,IF(情景分析!$D$6=1,$J6,IF(情景分析!$D$6=2,$E6,IF(情景分析!$D$6=4,IF($C6="银行间",$J6,$L6),$G6)))+Q$2/100,情景分析!$D$7,"",,,,"",)*IF($H6="",1,$H6)) -> 105.11518 | R6: =IF($A6="","",[2]!B_CALC_PRICE($A6,$O$1,IF(情景分析!$D$6=1,$J6,IF(情景分析!$D$6=2,$E6,IF(情景分析!$D$6=4,IF($C6="银行间",$J6,$L6),$G6)))+R$2/100,情景分析!$D$7,"",,,,"",)*IF($H6="",1,$H6)) -> 105.37854 | S6: =IF($A6="","",[2]!B_CALC_PRICE($A6,$O$1,IF(情景分析!$D$6=1,$J6,IF(情景分析!$D$6=2,$E6,IF(情景分析!$D$6=4,IF($C6="银行间",$J6,$L6),$G6)))+S$2/100,情景分析!$D$7,"",,,,"",)*IF($H6="",1,$H6)) -> 105.64283 | T6: =IF($A6="","",[2]!B_CALC_PRICE($A6,$O$1,IF(情景分析!$D$6=1,$J6,IF(情景分析!$D$6=2,$E6,IF(情景分析!$D$6=4,IF($C6="银行间",$J6,$L6),$G6)))+T$2/100,情景分析!$D$7,"",,,,"",)*IF($H6="",1,$H6)) -> 105.77532 | U6: =IF($A6="","",[2]!B_CALC_PRICE($A6,$O$1,IF(情景分析!$D$6=1,$J6,IF(情景分析!$D$6=2,$E6,IF(情景分析!$D$6=4,IF($C6="银行间",$J6,$L6),$G6)))+U$2/100,情景分析!$D$7,"",,,,"",)*IF($H6="",1,$H6)) -> 105.90805 | V6: =IF($A6="","",[2]!B_CALC_PRICE($A6,$V$1,IF(情景分析!$D$6=1,$J6,IF(情景分析!$D$6=2,$E6,IF(情景分析!$D$6=4,IF($C6="银行间",$J6,$L6),$G6)))+V$2/100,情景分析!$D$7,"",,,,"",)*IF($H6="",1,$H6)) -> 104.73316 | W6: =IF($A6="","",[2]!B_CALC_PRICE($A6,$V$1,IF(情景分析!$D$6=1,$J6,IF(情景分析!$D$6=2,$E6,IF(情景分析!$D$6=4,IF($C6="银行间",$J6,$L6),$G6)))+W$2/100,情景分析!$D$7,"",,,,"",)*IF($H6="",1,$H6)) -> 104.861 | X6: =IF($A6="","",[2]!B_CALC_PRICE($A6,$V$1,IF(情景分析!$D$6=1,$J6,IF(情景分析!$D$6=2,$E6,IF(情景分析!$D$6=4,IF($C6="银行间",$J6,$L6),$G6)))+X$2/100,情景分析!$D$7,"",,,,"",)*IF($H6="",1,$H6)) -> 104.98906 | Y6: =IF($A6="","",[2]!B_CALC_PRICE($A6,$V$1,IF(情景分析!$D$6=1,$J6,IF(情景分析!$D$6=2,$E6,IF(情景分析!$D$6=4,IF($C6="银行间",$J6,$L6),$G6)))+Y$2/100,情景分析!$D$7,"",,,,"",)*IF($H6="",1,$H6)) -> 105.24584 | Z6: =IF($A6="","",[2]!B_CALC_PRICE($A6,$V$1,IF(情景分析!$D$6=1,$J6,IF(情景分析!$D$6=2,$E6,IF(情景分析!$D$6=4,IF($C6="银行间",$J6,$L6),$G6)))+Z$2/100,情景分析!$D$7,"",,,,"",)*IF($H6="",1,$H6)) -> 105.50351 | AA6: =IF($A6="","",[2]!B_CALC_PRICE($A6,$V$1,IF(情景分析!$D$6=1,$J6,IF(情景分析!$D$6=2,$E6,IF(情景分析!$D$6=4,IF($C6="银行间",$J6,$L6),$G6)))+AA$2/100,情景分析!$D$7,"",,,,"",)*IF($H6="",1,$H6)) -> 105.63268 | AB6: =IF($A6="","",[2]!B_CALC_PRICE($A6,$V$1,IF(情景分析!$D$6=1,$J6,IF(情景分析!$D$6=2,$E6,IF(情景分析!$D$6=4,IF($C6="银行间",$J6,$L6),$G6)))+AB$2/100,情景分析!$D$7,"",,,,"",)*IF($H6="",1,$H6)) -> 105.76208 | AC6: =IF($A6="","",[2]!B_CALC_PRICE($A6,$AC$1,IF(情景分析!$D$6=1,$J6,IF(情景分析!$D$6=2,$E6,IF(情景分析!$D$6=4,IF($C6="银行间",$J6,$L6),$G6)))+AC$2/100,情景分析!$D$7,"",,,,"",)*IF($H6="",1,$H6)) -> 104.43006 | AD6: =IF($A6="","",[2]!B_CALC_PRICE($A6,$AC$1,IF(情景分析!$D$6=1,$J6,IF(情景分析!$D$6=2,$E6,IF(情景分析!$D$6=4,IF($C6="银行间",$J6,$L6),$G6)))+AD$2/100,情景分析!$D$7,"",,,,"",)*IF($H6="",1,$H6)) -> 104.54956 | AE6: =IF($A6="","",[2]!B_CALC_PRICE($A6,$AC$1,IF(情景分析!$D$6=1,$J6,IF(情景分析!$D$6=2,$E6,IF(情景分析!$D$6=4,IF($C6="银行间",$J6,$L6),$G6)))+AE$2/100,情景分析!$D$7,"",,,,"",)*IF($H6="",1,$H6)) -> 104.66926 | AF6: =IF($A6="","",[2]!B_CALC_PRICE($A6,$AC$1,IF(情景分析!$D$6=1,$J6,IF(情景分析!$D$6=2,$E6,IF(情景分析!$D$6=4,IF($C6="银行间",$J6,$L6),$G6)))+AF$2/100,情景分析!$D$7,"",,,,"",)*IF($H6="",1,$H6)) -> 104.90925 | AG6: =IF($A6="","",[2]!B_CALC_PRICE($A6,$AC$1,IF(情景分析!$D$6=1,$J6,IF(情景分析!$D$6=2,$E6,IF(情景分析!$D$6=4,IF($C6="银行间",$J6,$L6),$G6)))+AG$2/100,情景分析!$D$7,"",,,,"",)*IF($H6="",1,$H6)) -> 105.15002 | AH6: =IF($A6="","",[2]!B_CALC_PRICE($A6,$AC$1,IF(情景分析!$D$6=1,$J6,IF(情景分析!$D$6=2,$E6,IF(情景分析!$D$6=4,IF($C6="银行间",$J6,$L6),$G6)))+AH$2/100,情景分析!$D$7,"",,,,"",)*IF($H6="",1,$H6)) -> 105.27071 | AI6: =IF($A6="","",[2]!B_CALC_PRICE($A6,$AC$1,IF(情景分析!$D$6=1,$J6,IF(情景分析!$D$6=2,$E6,IF(情景分析!$D$6=4,IF($C6="银行间",$J6,$L6),$G6)))+AI$2/100,情景分析!$D$7,"",,,,"",)*IF($H6="",1,$H6)) -> 105.3916 | AJ6: =IF($A6="","",[2]!B_CALC_PRICE($A6,$AJ$1,IF(情景分析!$D$6=1,$J6,IF(情景分析!$D$6=2,$E6,IF(情景分析!$D$6=4,IF($C6="银行间",$J6,$L6),$G6)))+AJ$2/100,情景分析!$D$7,"",,,,"",)*IF($H6="",1,$H6)) -> 104.43006 | AK6: =IF($A6="","",[2]!B_CALC_PRICE($A6,$AJ$1,IF(情景分析!$D$6=1,$J6,IF(情景分析!$D$6=2,$E6,IF(情景分析!$D$6=4,IF($C6="银行间",$J6,$L6),$G6)))+AK$2/100,情景分析!$D$7,"",,,,"",)*IF($H6="",1,$H6)) -> 104.54956 | AL6: =IF($A6="","",[2]!B_CALC_PRICE($A6,$AJ$1,IF(情景分析!$D$6=1,$J6,IF(情景分析!$D$6=2,$E6,IF(情景分析!$D$6=4,IF($C6="银行间",$J6,$L6),$G6)))+AL$2/100,情景分析!$D$7,"",,,,"",)*IF($H6="",1,$H6)) -> 104.66926 | AM6: =IF($A6="","",[2]!B_CALC_PRICE($A6,$AJ$1,IF(情景分析!$D$6=1,$J6,IF(情景分析!$D$6=2,$E6,IF(情景分析!$D$6=4,IF($C6="银行间",$J6,$L6),$G6)))+AM$2/100,情景分析!$D$7,"",,,,"",)*IF($H6="",1,$H6)) -> 104.90925 | AN6: =IF($A6="","",[2]!B_CALC_PRICE($A6,$AJ$1,IF(情景分析!$D$6=1,$J6,IF(情景分析!$D$6=2,$E6,IF(情景分析!$D$6=4,IF($C6="银行间",$J6,$L6),$G6)))+AN$2/100,情景分析!$D$7,"",,,,"",)*IF($H6="",1,$H6)) -> 105.15002 | AO6: =IF($A6="","",[2]!B_CALC_PRICE($A6,$AJ$1,IF(情景分析!$D$6=1,$J6,IF(情景分析!$D$6=2,$E6,IF(情景分析!$D$6=4,IF($C6="银行间",$J6,$L6),$G6)))+AO$2/100,情景分析!$D$7,"",,,,"",)*IF($H6="",1,$H6)) -> 105.27071 | AP6: =IF($A6="","",[2]!B_CALC_PRICE($A6,$AJ$1,IF(情景分析!$D$6=1,$J6,IF(情景分析!$D$6=2,$E6,IF(情景分析!$D$6=4,IF($C6="银行间",$J6,$L6),$G6)))+AP$2/100,情景分析!$D$7,"",,,,"",)*IF($H6="",1,$H6)) -> 105.3916 | AQ6: =IF($A6="","",[2]!B_CALC_PRICE($A6,$AQ$1,IF(情景分析!$D$6=1,$J6,IF(情景分析!$D$6=2,$E6,IF(情景分析!$D$6=4,IF($C6="银行间",$J6,$L6),$G6)))+AQ$2/100,情景分析!$D$7,"",,,,"",)*IF($H6="",1,$H6)) -> 103.05986 | AR6: =IF($A6="","",[2]!B_CALC_PRICE($A6,$AQ$1,IF(情景分析!$D$6=1,$J6,IF(情景分析!$D$6=2,$E6,IF(情景分析!$D$6=4,IF($C6="银行间",$J6,$L6),$G6)))+AR$2/100,情景分析!$D$7,"",,,,"",)*IF($H6="",1,$H6)) -> 103.14205 | AS6: =IF($A6="","",[2]!B_CALC_PRICE($A6,$AQ$1,IF(情景分析!$D$6=1,$J6,IF(情景分析!$D$6=2,$E6,IF(情景分析!$D$6=4,IF($C6="银行间",$J6,$L6),$G6)))+AS$2/100,情景分析!$D$7,"",,,,"",)*IF($H6="",1,$H6)) -> 103.22434 | AT6: =IF($A6="","",[2]!B_CALC_PRICE($A6,$AQ$1,IF(情景分析!$D$6=1,$J6,IF(情景分析!$D$6=2,$E6,IF(情景分析!$D$6=4,IF($C6="银行间",$J6,$L6),$G6)))+AT$2/100,情景分析!$D$7,"",,,,"",)*IF($H6="",1,$H6)) -> 103.38925 | AU6: =IF($A6="","",[2]!B_CALC_PRICE($A6,$AQ$1,IF(情景分析!$D$6=1,$J6,IF(情景分析!$D$6=2,$E6,IF(情景分析!$D$6=4,IF($C6="银行间",$J6,$L6),$G6)))+AU$2/100,情景分析!$D$7,"",,,,"",)*IF($H6="",1,$H6)) -> 103.55458 | AV6: =IF($A6="","",[2]!B_CALC_PRICE($A6,$AQ$1,IF(情景分析!$D$6=1,$J6,IF(情景分析!$D$6=2,$E6,IF(情景分析!$D$6=4,IF($C6="银行间",$J6,$L6),$G6)))+AV$2/100,情景分析!$D$7,"",,,,"",)*IF($H6="",1,$H6)) -> 103.63741 | AW6: =IF($A6="","",[2]!B_CALC_PRICE($A6,$AQ$1,IF(情景分析!$D$6=1,$J6,IF(情景分析!$D$6=2,$E6,IF(情景分析!$D$6=4,IF($C6="银行间",$J6,$L6),$G6)))+AW$2/100,情景分析!$D$7,"",,,,"",)*IF($H6="",1,$H6)) -> 103.72034
B7: =IF(A7="","",[2]!b_info_name(A7)) | C7: =[2]!b_info_listedmkt(A7) -> #N/A | D7: =IFERROR(IF(A7="","", [2]!b_dq_avgprice(A7, 情景分析!$D$5, 情景分析!$D$7) * IF($H7="",1,$H7)),0) | E7: =IF(A7="","", N([2]!b_dq_avgprice(A7,情景分析!$D$5,3))) | F7: =IF($G7 = "", "", IFERROR( [2]!b_calc_pv(A7, 情景分析!$D$5,$G7, "1", 情景分析!$D$7), [2]!b_calc_pv(A7, 情景分析!$D$5,$G7, "2", 情景分析!$D$7) ) ) | I7: =IF(A7="","",IF(情景分析!$D$7=1,[2]!b_anal_net_cnbd(A7,情景分析!$D$5,1),[2]!b_anal_dirty_cnbd(A7,情景分析!$D$5,1))*IF($H7="",1,$H7)) | J7: =IF(A7="","",[2]!b_anal_yield_cnbd(A7,情景分析!$D$5,1)) | K7: =IF(A7="","",IF(情景分析!$D$7=1,[2]!b_anal_net_csi1(A7,情景分析!$D$5,1),[2]!b_anal_dirty_csi1(A7,情景分析!$D$5,1))*IF($H7="",1,$H7)) | L7: =IF(A7="","",[2]!b_anal_yield_csi1(A7,情景分析!$D$5,1)) | M7: =IF($C7="银行间",$I7,$K7) | N7: =IF($C7="银行间",$J7,$L7) | O7: =IF($A7="","",[2]!B_CALC_PRICE($A7,$O$1,IF(情景分析!$D$6=1,$J7,IF(情景分析!$D$6=2,$E7,IF(情景分析!$D$6=4,IF($C7="银行间",$J7,$L7),$G7)))+O$2/100,情景分析!$D$7,"",,,,"",)*IF($H7="",1,$H7)) | P7: =IF($A7="","",[2]!B_CALC_PRICE($A7,$O$1,IF(情景分析!$D$6=1,$J7,IF(情景分析!$D$6=2,$E7,IF(情景分析!$D$6=4,IF($C7="银行间",$J7,$L7),$G7)))+P$2/100,情景分析!$D$7,"",,,,"",)*IF($H7="",1,$H7)) | Q7: =IF($A7="","",[2]!B_CALC_PRICE($A7,$O$1,IF(情景分析!$D$6=1,$J7,IF(情景分析!$D$6=2,$E7,IF(情景分析!$D$6=4,IF($C7="银行间",$J7,$L7),$G7)))+Q$2/100,情景分析!$D$7,"",,,,"",)*IF($H7="",1,$H7)) | R7: =IF($A7="","",[2]!B_CALC_PRICE($A7,$O$1,IF(情景分析!$D$6=1,$J7,IF(情景分析!$D$6=2,$E7,IF(情景分析!$D$6=4,IF($C7="银行间",$J7,$L7),$G7)))+R$2/100,情景分析!$D$7,"",,,,"",)*IF($H7="",1,$H7)) | S7: =IF($A7="","",[2]!B_CALC_PRICE($A7,$O$1,IF(情景分析!$D$6=1,$J7,IF(情景分析!$D$6=2,$E7,IF(情景分析!$D$6=4,IF($C7="银行间",$J7,$L7),$G7)))+S$2/100,情景分析!$D$7,"",,,,"",)*IF($H7="",1,$H7)) | T7: =IF($A7="","",[2]!B_CALC_PRICE($A7,$O$1,IF(情景分析!$D$6=1,$J7,IF(情景分析!$D$6=2,$E7,IF(情景分析!$D$6=4,IF($C7="银行间",$J7,$L7),$G7)))+T$2/100,情景分析!$D$7,"",,,,"",)*IF($H7="",1,$H7)) | U7: =IF($A7="","",[2]!B_CALC_PRICE($A7,$O$1,IF(情景分析!$D$6=1,$J7,IF(情景分析!$D$6=2,$E7,IF(情景分析!$D$6=4,IF($C7="银行间",$J7,$L7),$G7)))+U$2/100,情景分析!$D$7,"",,,,"",)*IF($H7="",1,$H7)) | V7: =IF($A7="","",[2]!B_CALC_PRICE($A7,$V$1,IF(情景分析!$D$6=1,$J7,IF(情景分析!$D$6=2,$E7,IF(情景分析!$D$6=4,IF($C7="银行间",$J7,$L7),$G7)))+V$2/100,情景分析!$D$7,"",,,,"",)*IF($H7="",1,$H7)) | W7: =IF($A7="","",[2]!B_CALC_PRICE($A7,$V$1,IF(情景分析!$D$6=1,$J7,IF(情景分析!$D$6=2,$E7,IF(情景分析!$D$6=4,IF($C7="银行间",$J7,$L7),$G7)))+W$2/100,情景分析!$D$7,"",,,,"",)*IF($H7="",1,$H7)) | X7: =IF($A7="","",[2]!B_CALC_PRICE($A7,$V$1,IF(情景分析!$D$6=1,$J7,IF(情景分析!$D$6=2,$E7,IF(情景分析!$D$6=4,IF($C7="银行间",$J7,$L7),$G7)))+X$2/100,情景分析!$D$7,"",,,,"",)*IF($H7="",1,$H7)) | Y7: =IF($A7="","",[2]!B_CALC_PRICE($A7,$V$1,IF(情景分析!$D$6=1,$J7,IF(情景分析!$D$6=2,$E7,IF(情景分析!$D$6=4,IF($C7="银行间",$J7,$L7),$G7)))+Y$2/100,情景分析!$D$7,"",,,,"",)*IF($H7="",1,$H7)) | Z7: =IF($A7="","",[2]!B_CALC_PRICE($A7,$V$1,IF(情景分析!$D$6=1,$J7,IF(情景分析!$D$6=2,$E7,IF(情景分析!$D$6=4,IF($C7="银行间",$J7,$L7),$G7)))+Z$2/100,情景分析!$D$7,"",,,,"",)*IF($H7="",1,$H7)) | AA7: =IF($A7="","",[2]!B_CALC_PRICE($A7,$V$1,IF(情景分析!$D$6=1,$J7,IF(情景分析!$D$6=2,$E7,IF(情景分析!$D$6=4,IF($C7="银行间",$J7,$L7),$G7)))+AA$2/100,情景分析!$D$7,"",,,,"",)*IF($H7="",1,$H7)) | AB7: =IF($A7="","",[2]!B_CALC_PRICE($A7,$V$1,IF(情景分析!$D$6=1,$J7,IF(情景分析!$D$6=2,$E7,IF(情景分析!$D$6=4,IF($C7="银行间",$J7,$L7),$G7)))+AB$2/100,情景分析!$D$7,"",,,,"",)*IF($H7="",1,$H7)) | AC7: =IF($A7="","",[2]!B_CALC_PRICE($A7,$AC$1,IF(情景分析!$D$6=1,$J7,IF(情景分析!$D$6=2,$E7,IF(情景分析!$D$6=4,IF($C7="银行间",$J7,$L7),$G7)))+AC$2/100,情景分析!$D$7,"",,,,"",)*IF($H7="",1,$H7)) | AD7: =IF($A7="","",[2]!B_CALC_PRICE($A7,$AC$1,IF(情景分析!$D$6=1,$J7,IF(情景分析!$D$6=2,$E7,IF(情景分析!$D$6=4,IF($C7="银行间",$J7,$L7),$G7)))+AD$2/100,情景分析!$D$7,"",,,,"",)*IF($H7="",1,$H7)) | AE7: =IF($A7="","",[2]!B_CALC_PRICE($A7,$AC$1,IF(情景分析!$D$6=1,$J7,IF(情景分析!$D$6=2,$E7,IF(情景分析!$D$6=4,IF($C7="银行间",$J7,$L7),$G7)))+AE$2/100,情景分析!$D$7,"",,,,"",)*IF($H7="",1,$H7)) | AF7: =IF($A7="","",[2]!B_CALC_PRICE($A7,$AC$1,IF(情景分析!$D$6=1,$J7,IF(情景分析!$D$6=2,$E7,IF(情景分析!$D$6=4,IF($C7="银行间",$J7,$L7),$G7)))+AF$2/100,情景分析!$D$7,"",,,,"",)*IF($H7="",1,$H7)) | AG7: =IF($A7="","",[2]!B_CALC_PRICE($A7,$AC$1,IF(情景分析!$D$6=1,$J7,IF(情景分析!$D$6=2,$E7,IF(情景分析!$D$6=4,IF($C7="银行间",$J7,$L7),$G7)))+AG$2/100,情景分析!$D$7,"",,,,"",)*IF($H7="",1,$H7)) | AH7: =IF($A7="","",[2]!B_CALC_PRICE($A7,$AC$1,IF(情景分析!$D$6=1,$J7,IF(情景分析!$D$6=2,$E7,IF(情景分析!$D$6=4,IF($C7="银行间",$J7,$L7),$G7)))+AH$2/100,情景分析!$D$7,"",,,,"",)*IF($H7="",1,$H7)) | AI7: =IF($A7="","",[2]!B_CALC_PRICE($A7,$AC$1,IF(情景分析!$D$6=1,$J7,IF(情景分析!$D$6=2,$E7,IF(情景分析!$D$6=4,IF($C7="银行间",$J7,$L7),$G7)))+AI$2/100,情景分析!$D$7,"",,,,"",)*IF($H7="",1,$H7)) | AJ7: =IF($A7="","",[2]!B_CALC_PRICE($A7,$AJ$1,IF(情景分析!$D$6=1,$J7,IF(情景分析!$D$6=2,$E7,IF(情景分析!$D$6=4,IF($C7="银行间",$J7,$L7),$G7)))+AJ$2/100,情景分析!$D$7,"",,,,"",)*IF($H7="",1,$H7)) | AK7: =IF($A7="","",[2]!B_CALC_PRICE($A7,$AJ$1,IF(情景分析!$D$6=1,$J7,IF(情景分析!$D$6=2,$E7,IF(情景分析!$D$6=4,IF($C7="银行间",$J7,$L7),$G7)))+AK$2/100,情景分析!$D$7,"",,,,"",)*IF($H7="",1,$H7)) | AL7: =IF($A7="","",[2]!B_CALC_PRICE($A7,$AJ$1,IF(情景分析!$D$6=1,$J7,IF(情景分析!$D$6=2,$E7,IF(情景分析!$D$6=4,IF($C7="银行间",$J7,$L7),$G7)))+AL$2/100,情景分析!$D$7,"",,,,"",)*IF($H7="",1,$H7)) | AM7: =IF($A7="","",[2]!B_CALC_PRICE($A7,$AJ$1,IF(情景分析!$D$6=1,$J7,IF(情景分析!$D$6=2,$E7,IF(情景分析!$D$6=4,IF($C7="银行间",$J7,$L7),$G7)))+AM$2/100,情景分析!$D$7,"",,,,"",)*IF($H7="",1,$H7)) | AN7: =IF($A7="","",[2]!B_CALC_PRICE($A7,$AJ$1,IF(情景分析!$D$6=1,$J7,IF(情景分析!$D$6=2,$E7,IF(情景分析!$D$6=4,IF($C7="银行间",$J7,$L7),$G7)))+AN$2/100,情景分析!$D$7,"",,,,"",)*IF($H7="",1,$H7)) | AO7: =IF($A7="","",[2]!B_CALC_PRICE($A7,$AJ$1,IF(情景分析!$D$6=1,$J7,IF(情景分析!$D$6=2,$E7,IF(情景分析!$D$6=4,IF($C7="银行间",$J7,$L7),$G7)))+AO$2/100,情景分析!$D$7,"",,,,"",)*IF($H7="",1,$H7)) | AP7: =IF($A7="","",[2]!B_CALC_PRICE($A7,$AJ$1,IF(情景分析!$D$6=1,$J7,IF(情景分析!$D$6=2,$E7,IF(情景分析!$D$6=4,IF($C7="银行间",$J7,$L7),$G7)))+AP$2/100,情景分析!$D$7,"",,,,"",)*IF($H7="",1,$H7)) | AQ7: =IF($A7="","",[2]!B_CALC_PRICE($A7,$AQ$1,IF(情景分析!$D$6=1,$J7,IF(情景分析!$D$6=2,$E7,IF(情景分析!$D$6=4,IF($C7="银行间",$J7,$L7),$G7)))+AQ$2/100,情景分析!$D$7,"",,,,"",)*IF($H7="",1,$H7)) | AR7: =IF($A7="","",[2]!B_CALC_PRICE($A7,$AQ$1,IF(情景分析!$D$6=1,$J7,IF(情景分析!$D$6=2,$E7,IF(情景分析!$D$6=4,IF($C7="银行间",$J7,$L7),$G7)))+AR$2/100,情景分析!$D$7,"",,,,"",)*IF($H7="",1,$H7)) | AS7: =IF($A7="","",[2]!B_CALC_PRICE($A7,$AQ$1,IF(情景分析!$D$6=1,$J7,IF(情景分析!$D$6=2,$E7,IF(情景分析!$D$6=4,IF($C7="银行间",$J7,$L7),$G7)))+AS$2/100,情景分析!$D$7,"",,,,"",)*IF($H7="",1,$H7)) | AT7: =IF($A7="","",[2]!B_CALC_PRICE($A7,$AQ$1,IF(情景分析!$D$6=1,$J7,IF(情景分析!$D$6=2,$E7,IF(情景分析!$D$6=4,IF($C7="银行间",$J7,$L7),$G7)))+AT$2/100,情景分析!$D$7,"",,,,"",)*IF($H7="",1,$H7)) | AU7: =IF($A7="","",[2]!B_CALC_PRICE($A7,$AQ$1,IF(情景分析!$D$6=1,$J7,IF(情景分析!$D$6=2,$E7,IF(情景分析!$D$6=4,IF($C7="银行间",$J7,$L7),$G7)))+AU$2/100,情景分析!$D$7,"",,,,"",)*IF($H7="",1,$H7)) | AV7: =IF($A7="","",[2]!B_CALC_PRICE($A7,$AQ$1,IF(情景分析!$D$6=1,$J7,IF(情景分析!$D$6=2,$E7,IF(情景分析!$D$6=4,IF($C7="银行间",$J7,$L7),$G7)))+AV$2/100,情景分析!$D$7,"",,,,"",)*IF($H7="",1,$H7)) | AW7: =IF($A7="","",[2]!B_CALC_PRICE($A7,$AQ$1,IF(情景分析!$D$6=1,$J7,IF(情景分析!$D$6=2,$E7,IF(情景分析!$D$6=4,IF($C7="银行间",$J7,$L7),$G7)))+AW$2/100,情景分析!$D$7,"",,,,"",)*IF($H7="",1,$H7))
B8: =IF(A8="","",[2]!b_info_name(A8)) | C8: =[2]!b_info_listedmkt(A8) -> #N/A | D8: =IFERROR(IF(A8="","", [2]!b_dq_avgprice(A8, 情景分析!$D$5, 情景分析!$D$7) * IF($H8="",1,$H8)),0) | E8: =IF(A8="","", N([2]!b_dq_avgprice(A8,情景分析!$D$5,3))) | F8: =IF($G8 = "", "", IFERROR( [2]!b_calc_pv(A8, 情景分析!$D$5,$G8, "1", 情景分析!$D$7), [2]!b_calc_pv(A8, 情景分析!$D$5,$G8, "2", 情景分析!$D$7) ) ) | I8: =IF(A8="","",IF(情景分析!$D$7=1,[2]!b_anal_net_cnbd(A8,情景分析!$D$5,1),[2]!b_anal_dirty_cnbd(A8,情景分析!$D$5,1))*IF($H8="",1,$H8)) | J8: =IF(A8="","",[2]!b_anal_yield_cnbd(A8,情景分析!$D$5,1)) | K8: =IF(A8="","",IF(情景分析!$D$7=1,[2]!b_anal_net_csi1(A8,情景分析!$D$5,1),[2]!b_anal_dirty_csi1(A8,情景分析!$D$5,1))*IF($H8="",1,$H8)) | L8: =IF(A8="","",[2]!b_anal_yield_csi1(A8,情景分析!$D$5,1)) | M8: =IF($C8="银行间",$I8,$K8) | N8: =IF($C8="银行间",$J8,$L8) | O8: =IF($A8="","",[2]!B_CALC_PRICE($A8,$O$1,IF(情景分析!$D$6=1,$J8,IF(情景分析!$D$6=2,$E8,IF(情景分析!$D$6=4,IF($C8="银行间",$J8,$L8),$G8)))+O$2/100,情景分析!$D$7,"",,,,"",)*IF($H8="",1,$H8)) | P8: =IF($A8="","",[2]!B_CALC_PRICE($A8,$O$1,IF(情景分析!$D$6=1,$J8,IF(情景分析!$D$6=2,$E8,IF(情景分析!$D$6=4,IF($C8="银行间",$J8,$L8),$G8)))+P$2/100,情景分析!$D$7,"",,,,"",)*IF($H8="",1,$H8)) | Q8: =IF($A8="","",[2]!B_CALC_PRICE($A8,$O$1,IF(情景分析!$D$6=1,$J8,IF(情景分析!$D$6=2,$E8,IF(情景分析!$D$6=4,IF($C8="银行间",$J8,$L8),$G8)))+Q$2/100,情景分析!$D$7,"",,,,"",)*IF($H8="",1,$H8)) | R8: =IF($A8="","",[2]!B_CALC_PRICE($A8,$O$1,IF(情景分析!$D$6=1,$J8,IF(情景分析!$D$6=2,$E8,IF(情景分析!$D$6=4,IF($C8="银行间",$J8,$L8),$G8)))+R$2/100,情景分析!$D$7,"",,,,"",)*IF($H8="",1,$H8)) | S8: =IF($A8="","",[2]!B_CALC_PRICE($A8,$O$1,IF(情景分析!$D$6=1,$J8,IF(情景分析!$D$6=2,$E8,IF(情景分析!$D$6=4,IF($C8="银行间",$J8,$L8),$G8)))+S$2/100,情景分析!$D$7,"",,,,"",)*IF($H8="",1,$H8)) | T8: =IF($A8="","",[2]!B_CALC_PRICE($A8,$O$1,IF(情景分析!$D$6=1,$J8,IF(情景分析!$D$6=2,$E8,IF(情景分析!$D$6=4,IF($C8="银行间",$J8,$L8),$G8)))+T$2/100,情景分析!$D$7,"",,,,"",)*IF($H8="",1,$H8)) | U8: =IF($A8="","",[2]!B_CALC_PRICE($A8,$O$1,IF(情景分析!$D$6=1,$J8,IF(情景分析!$D$6=2,$E8,IF(情景分析!$D$6=4,IF($C8="银行间",$J8,$L8),$G8)))+U$2/100,情景分析!$D$7,"",,,,"",)*IF($H8="",1,$H8)) | V8: =IF($A8="","",[2]!B_CALC_PRICE($A8,$V$1,IF(情景分析!$D$6=1,$J8,IF(情景分析!$D$6=2,$E8,IF(情景分析!$D$6=4,IF($C8="银行间",$J8,$L8),$G8)))+V$2/100,情景分析!$D$7,"",,,,"",)*IF($H8="",1,$H8)) | W8: =IF($A8="","",[2]!B_CALC_PRICE($A8,$V$1,IF(情景分析!$D$6=1,$J8,IF(情景分析!$D$6=2,$E8,IF(情景分析!$D$6=4,IF($C8="银行间",$J8,$L8),$G8)))+W$2/100,情景分析!$D$7,"",,,,"",)*IF($H8="",1,$H8)) | X8: =IF($A8="","",[2]!B_CALC_PRICE($A8,$V$1,IF(情景分析!$D$6=1,$J8,IF(情景分析!$D$6=2,$E8,IF(情景分析!$D$6=4,IF($C8="银行间",$J8,$L8),$G8)))+X$2/100,情景分析!$D$7,"",,,,"",)*IF($H8="",1,$H8)) | Y8: =IF($A8="","",[2]!B_CALC_PRICE($A8,$V$1,IF(情景分析!$D$6=1,$J8,IF(情景分析!$D$6=2,$E8,IF(情景分析!$D$6=4,IF($C8="银行间",$J8,$L8),$G8)))+Y$2/100,情景分析!$D$7,"",,,,"",)*IF($H8="",1,$H8)) | Z8: =IF($A8="","",[2]!B_CALC_PRICE($A8,$V$1,IF(情景分析!$D$6=1,$J8,IF(情景分析!$D$6=2,$E8,IF(情景分析!$D$6=4,IF($C8="银行间",$J8,$L8),$G8)))+Z$2/100,情景分析!$D$7,"",,,,"",)*IF($H8="",1,$H8)) | AA8: =IF($A8="","",[2]!B_CALC_PRICE($A8,$V$1,IF(情景分析!$D$6=1,$J8,IF(情景分析!$D$6=2,$E8,IF(情景分析!$D$6=4,IF($C8="银行间",$J8,$L8),$G8)))+AA$2/100,情景分析!$D$7,"",,,,"",)*IF($H8="",1,$H8)) | AB8: =IF($A8="","",[2]!B_CALC_PRICE($A8,$V$1,IF(情景分析!$D$6=1,$J8,IF(情景分析!$D$6=2,$E8,IF(情景分析!$D$6=4,IF($C8="银行间",$J8,$L8),$G8)))+AB$2/100,情景分析!$D$7,"",,,,"",)*IF($H8="",1,$H8)) | AC8: =IF($A8="","",[2]!B_CALC_PRICE($A8,$AC$1,IF(情景分析!$D$6=1,$J8,IF(情景分析!$D$6=2,$E8,IF(情景分析!$D$6=4,IF($C8="银行间",$J8,$L8),$G8)))+AC$2/100,情景分析!$D$7,"",,,,"",)*IF($H8="",1,$H8)) | AD8: =IF($A8="","",[2]!B_CALC_PRICE($A8,$AC$1,IF(情景分析!$D$6=1,$J8,IF(情景分析!$D$6=2,$E8,IF(情景分析!$D$6=4,IF($C8="银行间",$J8,$L8),$G8)))+AD$2/100,情景分析!$D$7,"",,,,"",)*IF($H8="",1,$H8)) | AE8: =IF($A8="","",[2]!B_CALC_PRICE($A8,$AC$1,IF(情景分析!$D$6=1,$J8,IF(情景分析!$D$6=2,$E8,IF(情景分析!$D$6=4,IF($C8="银行间",$J8,$L8),$G8)))+AE$2/100,情景分析!$D$7,"",,,,"",)*IF($H8="",1,$H8)) | AF8: =IF($A8="","",[2]!B_CALC_PRICE($A8,$AC$1,IF(情景分析!$D$6=1,$J8,IF(情景分析!$D$6=2,$E8,IF(情景分析!$D$6=4,IF($C8="银行间",$J8,$L8),$G8)))+AF$2/100,情景分析!$D$7,"",,,,"",)*IF($H8="",1,$H8)) | AG8: =IF($A8="","",[2]!B_CALC_PRICE($A8,$AC$1,IF(情景分析!$D$6=1,$J8,IF(情景分析!$D$6=2,$E8,IF(情景分析!$D$6=4,IF($C8="银行间",$J8,$L8),$G8)))+AG$2/100,情景分析!$D$7,"",,,,"",)*IF($H8="",1,$H8)) | AH8: =IF($A8="","",[2]!B_CALC_PRICE($A8,$AC$1,IF(情景分析!$D$6=1,$J8,IF(情景分析!$D$6=2,$E8,IF(情景分析!$D$6=4,IF($C8="银行间",$J8,$L8),$G8)))+AH$2/100,情景分析!$D$7,"",,,,"",)*IF($H8="",1,$H8)) | AI8: =IF($A8="","",[2]!B_CALC_PRICE($A8,$AC$1,IF(情景分析!$D$6=1,$J8,IF(情景分析!$D$6=2,$E8,IF(情景分析!$D$6=4,IF($C8="银行间",$J8,$L8),$G8)))+AI$2/100,情景分析!$D$7,"",,,,"",)*IF($H8="",1,$H8)) | AJ8: =IF($A8="","",[2]!B_CALC_PRICE($A8,$AJ$1,IF(情景分析!$D$6=1,$J8,IF(情景分析!$D$6=2,$E8,IF(情景分析!$D$6=4,IF($C8="银行间",$J8,$L8),$G8)))+AJ$2/100,情景分析!$D$7,"",,,,"",)*IF($H8="",1,$H8)) | AK8: =IF($A8="","",[2]!B_CALC_PRICE($A8,$AJ$1,IF(情景分析!$D$6=1,$J8,IF(情景分析!$D$6=2,$E8,IF(情景分析!$D$6=4,IF($C8="银行间",$J8,$L8),$G8)))+AK$2/100,情景分析!$D$7,"",,,,"",)*IF($H8="",1,$H8)) | AL8: =IF($A8="","",[2]!B_CALC_PRICE($A8,$AJ$1,IF(情景分析!$D$6=1,$J8,IF(情景分析!$D$6=2,$E8,IF(情景分析!$D$6=4,IF($C8="银行间",$J8,$L8),$G8)))+AL$2/100,情景分析!$D$7,"",,,,"",)*IF($H8="",1,$H8)) | AM8: =IF($A8="","",[2]!B_CALC_PRICE($A8,$AJ$1,IF(情景分析!$D$6=1,$J8,IF(情景分析!$D$6=2,$E8,IF(情景分析!$D$6=4,IF($C8="银行间",$J8,$L8),$G8)))+AM$2/100,情景分析!$D$7,"",,,,"",)*IF($H8="",1,$H8)) | AN8: =IF($A8="","",[2]!B_CALC_PRICE($A8,$AJ$1,IF(情景分析!$D$6=1,$J8,IF(情景分析!$D$6=2,$E8,IF(情景分析!$D$6=4,IF($C8="银行间",$J8,$L8),$G8)))+AN$2/100,情景分析!$D$7,"",,,,"",)*IF($H8="",1,$H8)) | AO8: =IF($A8="","",[2]!B_CALC_PRICE($A8,$AJ$1,IF(情景分析!$D$6=1,$J8,IF(情景分析!$D$6=2,$E8,IF(情景分析!$D$6=4,IF($C8="银行间",$J8,$L8),$G8)))+AO$2/100,情景分析!$D$7,"",,,,"",)*IF($H8="",1,$H8)) | AP8: =IF($A8="","",[2]!B_CALC_PRICE($A8,$AJ$1,IF(情景分析!$D$6=1,$J8,IF(情景分析!$D$6=2,$E8,IF(情景分析!$D$6=4,IF($C8="银行间",$J8,$L8),$G8)))+AP$2/100,情景分析!$D$7,"",,,,"",)*IF($H8="",1,$H8)) | AQ8: =IF($A8="","",[2]!B_CALC_PRICE($A8,$AQ$1,IF(情景分析!$D$6=1,$J8,IF(情景分析!$D$6=2,$E8,IF(情景分析!$D$6=4,IF($C8="银行间",$J8,$L8),$G8)))+AQ$2/100,情景分析!$D$7,"",,,,"",)*IF($H8="",1,$H8)) | AR8: =IF($A8="","",[2]!B_CALC_PRICE($A8,$AQ$1,IF(情景分析!$D$6=1,$J8,IF(情景分析!$D$6=2,$E8,IF(情景分析!$D$6=4,IF($C8="银行间",$J8,$L8),$G8)))+AR$2/100,情景分析!$D$7,"",,,,"",)*IF($H8="",1,$H8)) | AS8: =IF($A8="","",[2]!B_CALC_PRICE($A8,$AQ$1,IF(情景分析!$D$6=1,$J8,IF(情景分析!$D$6=2,$E8,IF(情景分析!$D$6=4,IF($C8="银行间",$J8,$L8),$G8)))+AS$2/100,情景分析!$D$7,"",,,,"",)*IF($H8="",1,$H8)) | AT8: =IF($A8="","",[2]!B_CALC_PRICE($A8,$AQ$1,IF(情景分析!$D$6=1,$J8,IF(情景分析!$D$6=2,$E8,IF(情景分析!$D$6=4,IF($C8="银行间",$J8,$L8),$G8)))+AT$2/100,情景分析!$D$7,"",,,,"",)*IF($H8="",1,$H8)) | AU8: =IF($A8="","",[2]!B_CALC_PRICE($A8,$AQ$1,IF(情景分析!$D$6=1,$J8,IF(情景分析!$D$6=2,$E8,IF(情景分析!$D$6=4,IF($C8="银行间",$J8,$L8),$G8)))+AU$2/100,情景分析!$D$7,"",,,,"",)*IF($H8="",1,$H8)) | AV8: =IF($A8="","",[2]!B_CALC_PRICE($A8,$AQ$1,IF(情景分析!$D$6=1,$J8,IF(情景分析!$D$6=2,$E8,IF(情景分析!$D$6=4,IF($C8="银行间",$J8,$L8),$G8)))+AV$2/100,情景分析!$D$7,"",,,,"",)*IF($H8="",1,$H8)) | AW8: =IF($A8="","",[2]!B_CALC_PRICE($A8,$AQ$1,IF(情景分析!$D$6=1,$J8,IF(情景分析!$D$6=2,$E8,IF(情景分析!$D$6=4,IF($C8="银行间",$J8,$L8),$G8)))+AW$2/100,情景分析!$D$7,"",,,,"",)*IF($H8="",1,$H8))
B9: =IF(A9="","",[2]!b_info_name(A9)) | C9: =[2]!b_info_listedmkt(A9) -> #N/A | D9: =IFERROR(IF(A9="","", [2]!b_dq_avgprice(A9, 情景分析!$D$5, 情景分析!$D$7) * IF($H9="",1,$H9)),0) | E9: =IF(A9="","", N([2]!b_dq_avgprice(A9,情景分析!$D$5,3))) | F9: =IF($G9 = "", "", IFERROR( [2]!b_calc_pv(A9, 情景分析!$D$5,$G9, "1", 情景分析!$D$7), [2]!b_calc_pv(A9, 情景分析!$D$5,$G9, "2", 情景分析!$D$7) ) ) | I9: =IF(A9="","",IF(情景分析!$D$7=1,[2]!b_anal_net_cnbd(A9,情景分析!$D$5,1),[2]!b_anal_dirty_cnbd(A9,情景分析!$D$5,1))*IF($H9="",1,$H9)) | J9: =IF(A9="","",[2]!b_anal_yield_cnbd(A9,情景分析!$D$5,1)) | K9: =IF(A9="","",IF(情景分析!$D$7=1,[2]!b_anal_net_csi1(A9,情景分析!$D$5,1),[2]!b_anal_dirty_csi1(A9,情景分析!$D$5,1))*IF($H9="",1,$H9)) | L9: =IF(A9="","",[2]!b_anal_yield_csi1(A9,情景分析!$D$5,1)) | M9: =IF($C9="银行间",$I9,$K9) | N9: =IF($C9="银行间",$J9,$L9) | O9: =IF($A9="","",[2]!B_CALC_PRICE($A9,$O$1,IF(情景分析!$D$6=1,$J9,IF(情景分析!$D$6=2,$E9,IF(情景分析!$D$6=4,IF($C9="银行间",$J9,$L9),$G9)))+O$2/100,情景分析!$D$7,"",,,,"",)*IF($H9="",1,$H9)) | P9: =IF($A9="","",[2]!B_CALC_PRICE($A9,$O$1,IF(情景分析!$D$6=1,$J9,IF(情景分析!$D$6=2,$E9,IF(情景分析!$D$6=4,IF($C9="银行间",$J9,$L9),$G9)))+P$2/100,情景分析!$D$7,"",,,,"",)*IF($H9="",1,$H9)) | Q9: =IF($A9="","",[2]!B_CALC_PRICE($A9,$O$1,IF(情景分析!$D$6=1,$J9,IF(情景分析!$D$6=2,$E9,IF(情景分析!$D$6=4,IF($C9="银行间",$J9,$L9),$G9)))+Q$2/100,情景分析!$D$7,"",,,,"",)*IF($H9="",1,$H9)) | R9: =IF($A9="","",[2]!B_CALC_PRICE($A9,$O$1,IF(情景分析!$D$6=1,$J9,IF(情景分析!$D$6=2,$E9,IF(情景分析!$D$6=4,IF($C9="银行间",$J9,$L9),$G9)))+R$2/100,情景分析!$D$7,"",,,,"",)*IF($H9="",1,$H9)) | S9: =IF($A9="","",[2]!B_CALC_PRICE($A9,$O$1,IF(情景分析!$D$6=1,$J9,IF(情景分析!$D$6=2,$E9,IF(情景分析!$D$6=4,IF($C9="银行间",$J9,$L9),$G9)))+S$2/100,情景分析!$D$7,"",,,,"",)*IF($H9="",1,$H9)) | T9: =IF($A9="","",[2]!B_CALC_PRICE($A9,$O$1,IF(情景分析!$D$6=1,$J9,IF(情景分析!$D$6=2,$E9,IF(情景分析!$D$6=4,IF($C9="银行间",$J9,$L9),$G9)))+T$2/100,情景分析!$D$7,"",,,,"",)*IF($H9="",1,$H9)) | U9: =IF($A9="","",[2]!B_CALC_PRICE($A9,$O$1,IF(情景分析!$D$6=1,$J9,IF(情景分析!$D$6=2,$E9,IF(情景分析!$D$6=4,IF($C9="银行间",$J9,$L9),$G9)))+U$2/100,情景分析!$D$7,"",,,,"",)*IF($H9="",1,$H9)) | V9: =IF($A9="","",[2]!B_CALC_PRICE($A9,$V$1,IF(情景分析!$D$6=1,$J9,IF(情景分析!$D$6=2,$E9,IF(情景分析!$D$6=4,IF($C9="银行间",$J9,$L9),$G9)))+V$2/100,情景分析!$D$7,"",,,,"",)*IF($H9="",1,$H9)) | W9: =IF($A9="","",[2]!B_CALC_PRICE($A9,$V$1,IF(情景分析!$D$6=1,$J9,IF(情景分析!$D$6=2,$E9,IF(情景分析!$D$6=4,IF($C9="银行间",$J9,$L9),$G9)))+W$2/100,情景分析!$D$7,"",,,,"",)*IF($H9="",1,$H9)) | X9: =IF($A9="","",[2]!B_CALC_PRICE($A9,$V$1,IF(情景分析!$D$6=1,$J9,IF(情景分析!$D$6=2,$E9,IF(情景分析!$D$6=4,IF($C9="银行间",$J9,$L9),$G9)))+X$2/100,情景分析!$D$7,"",,,,"",)*IF($H9="",1,$H9)) | Y9: =IF($A9="","",[2]!B_CALC_PRICE($A9,$V$1,IF(情景分析!$D$6=1,$J9,IF(情景分析!$D$6=2,$E9,IF(情景分析!$D$6=4,IF($C9="银行间",$J9,$L9),$G9)))+Y$2/100,情景分析!$D$7,"",,,,"",)*IF($H9="",1,$H9)) | Z9: =IF($A9="","",[2]!B_CALC_PRICE($A9,$V$1,IF(情景分析!$D$6=1,$J9,IF(情景分析!$D$6=2,$E9,IF(情景分析!$D$6=4,IF($C9="银行间",$J9,$L9),$G9)))+Z$2/100,情景分析!$D$7,"",,,,"",)*IF($H9="",1,$H9)) | AA9: =IF($A9="","",[2]!B_CALC_PRICE($A9,$V$1,IF(情景分析!$D$6=1,$J9,IF(情景分析!$D$6=2,$E9,IF(情景分析!$D$6=4,IF($C9="银行间",$J9,$L9),$G9)))+AA$2/100,情景分析!$D$7,"",,,,"",)*IF($H9="",1,$H9)) | AB9: =IF($A9="","",[2]!B_CALC_PRICE($A9,$V$1,IF(情景分析!$D$6=1,$J9,IF(情景分析!$D$6=2,$E9,IF(情景分析!$D$6=4,IF($C9="银行间",$J9,$L9),$G9)))+AB$2/100,情景分析!$D$7,"",,,,"",)*IF($H9="",1,$H9)) | AC9: =IF($A9="","",[2]!B_CALC_PRICE($A9,$AC$1,IF(情景分析!$D$6=1,$J9,IF(情景分析!$D$6=2,$E9,IF(情景分析!$D$6=4,IF($C9="银行间",$J9,$L9),$G9)))+AC$2/100,情景分析!$D$7,"",,,,"",)*IF($H9="",1,$H9)) | AD9: =IF($A9="","",[2]!B_CALC_PRICE($A9,$AC$1,IF(情景分析!$D$6=1,$J9,IF(情景分析!$D$6=2,$E9,IF(情景分析!$D$6=4,IF($C9="银行间",$J9,$L9),$G9)))+AD$2/100,情景分析!$D$7,"",,,,"",)*IF($H9="",1,$H9)) | AE9: =IF($A9="","",[2]!B_CALC_PRICE($A9,$AC$1,IF(情景分析!$D$6=1,$J9,IF(情景分析!$D$6=2,$E9,IF(情景分析!$D$6=4,IF($C9="银行间",$J9,$L9),$G9)))+AE$2/100,情景分析!$D$7,"",,,,"",)*IF($H9="",1,$H9)) | AF9: =IF($A9="","",[2]!B_CALC_PRICE($A9,$AC$1,IF(情景分析!$D$6=1,$J9,IF(情景分析!$D$6=2,$E9,IF(情景分析!$D$6=4,IF($C9="银行间",$J9,$L9),$G9)))+AF$2/100,情景分析!$D$7,"",,,,"",)*IF($H9="",1,$H9)) | AG9: =IF($A9="","",[2]!B_CALC_PRICE($A9,$AC$1,IF(情景分析!$D$6=1,$J9,IF(情景分析!$D$6=2,$E9,IF(情景分析!$D$6=4,IF($C9="银行间",$J9,$L9),$G9)))+AG$2/100,情景分析!$D$7,"",,,,"",)*IF($H9="",1,$H9)) | AH9: =IF($A9="","",[2]!B_CALC_PRICE($A9,$AC$1,IF(情景分析!$D$6=1,$J9,IF(情景分析!$D$6=2,$E9,IF(情景分析!$D$6=4,IF($C9="银行间",$J9,$L9),$G9)))+AH$2/100,情景分析!$D$7,"",,,,"",)*IF($H9="",1,$H9)) | AI9: =IF($A9="","",[2]!B_CALC_PRICE($A9,$AC$1,IF(情景分析!$D$6=1,$J9,IF(情景分析!$D$6=2,$E9,IF(情景分析!$D$6=4,IF($C9="银行间",$J9,$L9),$G9)))+AI$2/100,情景分析!$D$7,"",,,,"",)*IF($H9="",1,$H9)) | AJ9: =IF($A9="","",[2]!B_CALC_PRICE($A9,$AJ$1,IF(情景分析!$D$6=1,$J9,IF(情景分析!$D$6=2,$E9,IF(情景分析!$D$6=4,IF($C9="银行间",$J9,$L9),$G9)))+AJ$2/100,情景分析!$D$7,"",,,,"",)*IF($H9="",1,$H9)) | AK9: =IF($A9="","",[2]!B_CALC_PRICE($A9,$AJ$1,IF(情景分析!$D$6=1,$J9,IF(情景分析!$D$6=2,$E9,IF(情景分析!$D$6=4,IF($C9="银行间",$J9,$L9),$G9)))+AK$2/100,情景分析!$D$7,"",,,,"",)*IF($H9="",1,$H9)) | AL9: =IF($A9="","",[2]!B_CALC_PRICE($A9,$AJ$1,IF(情景分析!$D$6=1,$J9,IF(情景分析!$D$6=2,$E9,IF(情景分析!$D$6=4,IF($C9="银行间",$J9,$L9),$G9)))+AL$2/100,情景分析!$D$7,"",,,,"",)*IF($H9="",1,$H9)) | AM9: =IF($A9="","",[2]!B_CALC_PRICE($A9,$AJ$1,IF(情景分析!$D$6=1,$J9,IF(情景分析!$D$6=2,$E9,IF(情景分析!$D$6=4,IF($C9="银行间",$J9,$L9),$G9)))+AM$2/100,情景分析!$D$7,"",,,,"",)*IF($H9="",1,$H9)) | AN9: =IF($A9="","",[2]!B_CALC_PRICE($A9,$AJ$1,IF(情景分析!$D$6=1,$J9,IF(情景分析!$D$6=2,$E9,IF(情景分析!$D$6=4,IF($C9="银行间",$J9,$L9),$G9)))+AN$2/100,情景分析!$D$7,"",,,,"",)*IF($H9="",1,$H9)) | AO9: =IF($A9="","",[2]!B_CALC_PRICE($A9,$AJ$1,IF(情景分析!$D$6=1,$J9,IF(情景分析!$D$6=2,$E9,IF(情景分析!$D$6=4,IF($C9="银行间",$J9,$L9),$G9)))+AO$2/100,情景分析!$D$7,"",,,,"",)*IF($H9="",1,$H9)) | AP9: =IF($A9="","",[2]!B_CALC_PRICE($A9,$AJ$1,IF(情景分析!$D$6=1,$J9,IF(情景分析!$D$6=2,$E9,IF(情景分析!$D$6=4,IF($C9="银行间",$J9,$L9),$G9)))+AP$2/100,情景分析!$D$7,"",,,,"",)*IF($H9="",1,$H9)) | AQ9: =IF($A9="","",[2]!B_CALC_PRICE($A9,$AQ$1,IF(情景分析!$D$6=1,$J9,IF(情景分析!$D$6=2,$E9,IF(情景分析!$D$6=4,IF($C9="银行间",$J9,$L9),$G9)))+AQ$2/100,情景分析!$D$7,"",,,,"",)*IF($H9="",1,$H9)) | AR9: =IF($A9="","",[2]!B_CALC_PRICE($A9,$AQ$1,IF(情景分析!$D$6=1,$J9,IF(情景分析!$D$6=2,$E9,IF(情景分析!$D$6=4,IF($C9="银行间",$J9,$L9),$G9)))+AR$2/100,情景分析!$D$7,"",,,,"",)*IF($H9="",1,$H9)) | AS9: =IF($A9="","",[2]!B_CALC_PRICE($A9,$AQ$1,IF(情景分析!$D$6=1,$J9,IF(情景分析!$D$6=2,$E9,IF(情景分析!$D$6=4,IF($C9="银行间",$J9,$L9),$G9)))+AS$2/100,情景分析!$D$7,"",,,,"",)*IF($H9="",1,$H9)) | AT9: =IF($A9="","",[2]!B_CALC_PRICE($A9,$AQ$1,IF(情景分析!$D$6=1,$J9,IF(情景分析!$D$6=2,$E9,IF(情景分析!$D$6=4,IF($C9="银行间",$J9,$L9),$G9)))+AT$2/100,情景分析!$D$7,"",,,,"",)*IF($H9="",1,$H9)) | AU9: =IF($A9="","",[2]!B_CALC_PRICE($A9,$AQ$1,IF(情景分析!$D$6=1,$J9,IF(情景分析!$D$6=2,$E9,IF(情景分析!$D$6=4,IF($C9="银行间",$J9,$L9),$G9)))+AU$2/100,情景分析!$D$7,"",,,,"",)*IF($H9="",1,$H9)) | AV9: =IF($A9="","",[2]!B_CALC_PRICE($A9,$AQ$1,IF(情景分析!$D$6=1,$J9,IF(情景分析!$D$6=2,$E9,IF(情景分析!$D$6=4,IF($C9="银行间",$J9,$L9),$G9)))+AV$2/100,情景分析!$D$7,"",,,,"",)*IF($H9="",1,$H9)) | AW9: =IF($A9="","",[2]!B_CALC_PRICE($A9,$AQ$1,IF(情景分析!$D$6=1,$J9,IF(情景分析!$D$6=2,$E9,IF(情景分析!$D$6=4,IF($C9="银行间",$J9,$L9),$G9)))+AW$2/100,情景分析!$D$7,"",,,,"",)*IF($H9="",1,$H9))
B10: =IF(A10="","",[2]!b_info_name(A10)) | C10: =[2]!b_info_listedmkt(A10) -> #N/A | D10: =IFERROR(IF(A10="","", [2]!b_dq_avgprice(A10, 情景分析!$D$5, 情景分析!$D$7) * IF($H10="",1,$H10)),0) | E10: =IF(A10="","", N([2]!b_dq_avgprice(A10,情景分析!$D$5,3))) | F10: =IF($G10 = "", "", IFERROR( [2]!b_calc_pv(A10, 情景分析!$D$5,$G10, "1", 情景分析!$D$7), [2]!b_calc_pv(A10, 情景分析!$D$5,$G10, "2", 情景分析!$D$7) ) ) | I10: =IF(A10="","",IF(情景分析!$D$7=1,[2]!b_anal_net_cnbd(A10,情景分析!$D$5,1),[2]!b_anal_dirty_cnbd(A10,情景分析!$D$5,1))*IF($H10="",1,$H10)) | J10: =IF(A10="","",[2]!b_anal_yield_cnbd(A10,情景分析!$D$5,1)) | K10: =IF(A10="","",IF(情景分析!$D$7=1,[2]!b_anal_net_csi1(A10,情景分析!$D$5,1),[2]!b_anal_dirty_csi1(A10,情景分析!$D$5,1))*IF($H10="",1,$H10)) | L10: =IF(A10="","",[2]!b_anal_yield_csi1(A10,情景分析!$D$5,1)) | M10: =IF($C10="银行间",$I10,$K10) | N10: =IF($C10="银行间",$J10,$L10) | O10: =IF($A10="","",[2]!B_CALC_PRICE($A10,$O$1,IF(情景分析!$D$6=1,$J10,IF(情景分析!$D$6=2,$E10,IF(情景分析!$D$6=4,IF($C10="银行间",$J10,$L10),$G10)))+O$2/100,情景分析!$D$7,"",,,,"",)*IF($H10="",1,$H10)) | P10: =IF($A10="","",[2]!B_CALC_PRICE($A10,$O$1,IF(情景分析!$D$6=1,$J10,IF(情景分析!$D$6=2,$E10,IF(情景分析!$D$6=4,IF($C10="银行间",$J10,$L10),$G10)))+P$2/100,情景分析!$D$7,"",,,,"",)*IF($H10="",1,$H10)) | Q10: =IF($A10="","",[2]!B_CALC_PRICE($A10,$O$1,IF(情景分析!$D$6=1,$J10,IF(情景分析!$D$6=2,$E10,IF(情景分析!$D$6=4,IF($C10="银行间",$J10,$L10),$G10)))+Q$2/100,情景分析!$D$7,"",,,,"",)*IF($H10="",1,$H10)) | R10: =IF($A10="","",[2]!B_CALC_PRICE($A10,$O$1,IF(情景分析!$D$6=1,$J10,IF(情景分析!$D$6=2,$E10,IF(情景分析!$D$6=4,IF($C10="银行间",$J10,$L10),$G10)))+R$2/100,情景分析!$D$7,"",,,,"",)*IF($H10="",1,$H10)) | S10: =IF($A10="","",[2]!B_CALC_PRICE($A10,$O$1,IF(情景分析!$D$6=1,$J10,IF(情景分析!$D$6=2,$E10,IF(情景分析!$D$6=4,IF($C10="银行间",$J10,$L10),$G10)))+S$2/100,情景分析!$D$7,"",,,,"",)*IF($H10="",1,$H10)) | T10: =IF($A10="","",[2]!B_CALC_PRICE($A10,$O$1,IF(情景分析!$D$6=1,$J10,IF(情景分析!$D$6=2,$E10,IF(情景分析!$D$6=4,IF($C10="银行间",$J10,$L10),$G10)))+T$2/100,情景分析!$D$7,"",,,,"",)*IF($H10="",1,$H10)) | U10: =IF($A10="","",[2]!B_CALC_PRICE($A10,$O$1,IF(情景分析!$D$6=1,$J10,IF(情景分析!$D$6=2,$E10,IF(情景分析!$D$6=4,IF($C10="银行间",$J10,$L10),$G10)))+U$2/100,情景分析!$D$7,"",,,,"",)*IF($H10="",1,$H10)) | V10: =IF($A10="","",[2]!B_CALC_PRICE($A10,$V$1,IF(情景分析!$D$6=1,$J10,IF(情景分析!$D$6=2,$E10,IF(情景分析!$D$6=4,IF($C10="银行间",$J10,$L10),$G10)))+V$2/100,情景分析!$D$7,"",,,,"",)*IF($H10="",1,$H10)) | W10: =IF($A10="","",[2]!B_CALC_PRICE($A10,$V$1,IF(情景分析!$D$6=1,$J10,IF(情景分析!$D$6=2,$E10,IF(情景分析!$D$6=4,IF($C10="银行间",$J10,$L10),$G10)))+W$2/100,情景分析!$D$7,"",,,,"",)*IF($H10="",1,$H10)) | X10: =IF($A10="","",[2]!B_CALC_PRICE($A10,$V$1,IF(情景分析!$D$6=1,$J10,IF(情景分析!$D$6=2,$E10,IF(情景分析!$D$6=4,IF($C10="银行间",$J10,$L10),$G10)))+X$2/100,情景分析!$D$7,"",,,,"",)*IF($H10="",1,$H10)) | Y10: =IF($A10="","",[2]!B_CALC_PRICE($A10,$V$1,IF(情景分析!$D$6=1,$J10,IF(情景分析!$D$6=2,$E10,IF(情景分析!$D$6=4,IF($C10="银行间",$J10,$L10),$G10)))+Y$2/100,情景分析!$D$7,"",,,,"",)*IF($H10="",1,$H10)) | Z10: =IF($A10="","",[2]!B_CALC_PRICE($A10,$V$1,IF(情景分析!$D$6=1,$J10,IF(情景分析!$D$6=2,$E10,IF(情景分析!$D$6=4,IF($C10="银行间",$J10,$L10),$G10)))+Z$2/100,情景分析!$D$7,"",,,,"",)*IF($H10="",1,$H10)) | AA10: =IF($A10="","",[2]!B_CALC_PRICE($A10,$V$1,IF(情景分析!$D$6=1,$J10,IF(情景分析!$D$6=2,$E10,IF(情景分析!$D$6=4,IF($C10="银行间",$J10,$L10),$G10)))+AA$2/100,情景分析!$D$7,"",,,,"",)*IF($H10="",1,$H10)) | AB10: =IF($A10="","",[2]!B_CALC_PRICE($A10,$V$1,IF(情景分析!$D$6=1,$J10,IF(情景分析!$D$6=2,$E10,IF(情景分析!$D$6=4,IF($C10="银行间",$J10,$L10),$G10)))+AB$2/100,情景分析!$D$7,"",,,,"",)*IF($H10="",1,$H10)) | AC10: =IF($A10="","",[2]!B_CALC_PRICE($A10,$AC$1,IF(情景分析!$D$6=1,$J10,IF(情景分析!$D$6=2,$E10,IF(情景分析!$D$6=4,IF($C10="银行间",$J10,$L10),$G10)))+AC$2/100,情景分析!$D$7,"",,,,"",)*IF($H10="",1,$H10)) | AD10: =IF($A10="","",[2]!B_CALC_PRICE($A10,$AC$1,IF(情景分析!$D$6=1,$J10,IF(情景分析!$D$6=2,$E10,IF(情景分析!$D$6=4,IF($C10="银行间",$J10,$L10),$G10)))+AD$2/100,情景分析!$D$7,"",,,,"",)*IF($H10="",1,$H10)) | AE10: =IF($A10="","",[2]!B_CALC_PRICE($A10,$AC$1,IF(情景分析!$D$6=1,$J10,IF(情景分析!$D$6=2,$E10,IF(情景分析!$D$6=4,IF($C10="银行间",$J10,$L10),$G10)))+AE$2/100,情景分析!$D$7,"",,,,"",)*IF($H10="",1,$H10)) | AF10: =IF($A10="","",[2]!B_CALC_PRICE($A10,$AC$1,IF(情景分析!$D$6=1,$J10,IF(情景分析!$D$6=2,$E10,IF(情景分析!$D$6=4,IF($C10="银行间",$J10,$L10),$G10)))+AF$2/100,情景分析!$D$7,"",,,,"",)*IF($H10="",1,$H10)) | AG10: =IF($A10="","",[2]!B_CALC_PRICE($A10,$AC$1,IF(情景分析!$D$6=1,$J10,IF(情景分析!$D$6=2,$E10,IF(情景分析!$D$6=4,IF($C10="银行间",$J10,$L10),$G10)))+AG$2/100,情景分析!$D$7,"",,,,"",)*IF($H10="",1,$H10)) | AH10: =IF($A10="","",[2]!B_CALC_PRICE($A10,$AC$1,IF(情景分析!$D$6=1,$J10,IF(情景分析!$D$6=2,$E10,IF(情景分析!$D$6=4,IF($C10="银行间",$J10,$L10),$G10)))+AH$2/100,情景分析!$D$7,"",,,,"",)*IF($H10="",1,$H10)) | AI10: =IF($A10="","",[2]!B_CALC_PRICE($A10,$AC$1,IF(情景分析!$D$6=1,$J10,IF(情景分析!$D$6=2,$E10,IF(情景分析!$D$6=4,IF($C10="银行间",$J10,$L10),$G10)))+AI$2/100,情景分析!$D$7,"",,,,"",)*IF($H10="",1,$H10)) | AJ10: =IF($A10="","",[2]!B_CALC_PRICE($A10,$AJ$1,IF(情景分析!$D$6=1,$J10,IF(情景分析!$D$6=2,$E10,IF(情景分析!$D$6=4,IF($C10="银行间",$J10,$L10),$G10)))+AJ$2/100,情景分析!$D$7,"",,,,"",)*IF($H10="",1,$H10)) | AK10: =IF($A10="","",[2]!B_CALC_PRICE($A10,$AJ$1,IF(情景分析!$D$6=1,$J10,IF(情景分析!$D$6=2,$E10,IF(情景分析!$D$6=4,IF($C10="银行间",$J10,$L10),$G10)))+AK$2/100,情景分析!$D$7,"",,,,"",)*IF($H10="",1,$H10)) | AL10: =IF($A10="","",[2]!B_CALC_PRICE($A10,$AJ$1,IF(情景分析!$D$6=1,$J10,IF(情景分析!$D$6=2,$E10,IF(情景分析!$D$6=4,IF($C10="银行间",$J10,$L10),$G10)))+AL$2/100,情景分析!$D$7,"",,,,"",)*IF($H10="",1,$H10)) | AM10: =IF($A10="","",[2]!B_CALC_PRICE($A10,$AJ$1,IF(情景分析!$D$6=1,$J10,IF(情景分析!$D$6=2,$E10,IF(情景分析!$D$6=4,IF($C10="银行间",$J10,$L10),$G10)))+AM$2/100,情景分析!$D$7,"",,,,"",)*IF($H10="",1,$H10)) | AN10: =IF($A10="","",[2]!B_CALC_PRICE($A10,$AJ$1,IF(情景分析!$D$6=1,$J10,IF(情景分析!$D$6=2,$E10,IF(情景分析!$D$6=4,IF($C10="银行间",$J10,$L10),$G10)))+AN$2/100,情景分析!$D$7,"",,,,"",)*IF($H10="",1,$H10)) | AO10: =IF($A10="","",[2]!B_CALC_PRICE($A10,$AJ$1,IF(情景分析!$D$6=1,$J10,IF(情景分析!$D$6=2,$E10,IF(情景分析!$D$6=4,IF($C10="银行间",$J10,$L10),$G10)))+AO$2/100,情景分析!$D$7,"",,,,"",)*IF($H10="",1,$H10)) | AP10: =IF($A10="","",[2]!B_CALC_PRICE($A10,$AJ$1,IF(情景分析!$D$6=1,$J10,IF(情景分析!$D$6=2,$E10,IF(情景分析!$D$6=4,IF($C10="银行间",$J10,$L10),$G10)))+AP$2/100,情景分析!$D$7,"",,,,"",)*IF($H10="",1,$H10)) | AQ10: =IF($A10="","",[2]!B_CALC_PRICE($A10,$AQ$1,IF(情景分析!$D$6=1,$J10,IF(情景分析!$D$6=2,$E10,IF(情景分析!$D$6=4,IF($C10="银行间",$J10,$L10),$G10)))+AQ$2/100,情景分析!$D$7,"",,,,"",)*IF($H10="",1,$H10)) | AR10: =IF($A10="","",[2]!B_CALC_PRICE($A10,$AQ$1,IF(情景分析!$D$6=1,$J10,IF(情景分析!$D$6=2,$E10,IF(情景分析!$D$6=4,IF($C10="银行间",$J10,$L10),$G10)))+AR$2/100,情景分析!$D$7,"",,,,"",)*IF($H10="",1,$H10)) | AS10: =IF($A10="","",[2]!B_CALC_PRICE($A10,$AQ$1,IF(情景分析!$D$6=1,$J10,IF(情景分析!$D$6=2,$E10,IF(情景分析!$D$6=4,IF($C10="银行间",$J10,$L10),$G10)))+AS$2/100,情景分析!$D$7,"",,,,"",)*IF($H10="",1,$H10)) | AT10: =IF($A10="","",[2]!B_CALC_PRICE($A10,$AQ$1,IF(情景分析!$D$6=1,$J10,IF(情景分析!$D$6=2,$E10,IF(情景分析!$D$6=4,IF($C10="银行间",$J10,$L10),$G10)))+AT$2/100,情景分析!$D$7,"",,,,"",)*IF($H10="",1,$H10)) | AU10: =IF($A10="","",[2]!B_CALC_PRICE($A10,$AQ$1,IF(情景分析!$D$6=1,$J10,IF(情景分析!$D$6=2,$E10,IF(情景分析!$D$6=4,IF($C10="银行间",$J10,$L10),$G10)))+AU$2/100,情景分析!$D$7,"",,,,"",)*IF($H10="",1,$H10)) | AV10: =IF($A10="","",[2]!B_CALC_PRICE($A10,$AQ$1,IF(情景分析!$D$6=1,$J10,IF(情景分析!$D$6=2,$E10,IF(情景分析!$D$6=4,IF($C10="银行间",$J10,$L10),$G10)))+AV$2/100,情景分析!$D$7,"",,,,"",)*IF($H10="",1,$H10)) | AW10: =IF($A10="","",[2]!B_CALC_PRICE($A10,$AQ$1,IF(情景分析!$D$6=1,$J10,IF(情景分析!$D$6=2,$E10,IF(情景分析!$D$6=4,IF($C10="银行间",$J10,$L10),$G10)))+AW$2/100,情景分析!$D$7,"",,,,"",)*IF($H10="",1,$H10))
B11: =IF(A11="","",[2]!b_info_name(A11)) | C11: =[2]!b_info_listedmkt(A11) -> #N/A | D11: =IFERROR(IF(A11="","", [2]!b_dq_avgprice(A11, 情景分析!$D$5, 情景分析!$D$7) * IF($H11="",1,$H11)),0) | E11: =IF(A11="","", N([2]!b_dq_avgprice(A11,情景分析!$D$5,3))) | F11: =IF($G11 = "", "", IFERROR( [2]!b_calc_pv(A11, 情景分析!$D$5,$G11, "1", 情景分析!$D$7), [2]!b_calc_pv(A11, 情景分析!$D$5,$G11, "2", 情景分析!$D$7) ) ) | I11: =IF(A11="","",IF(情景分析!$D$7=1,[2]!b_anal_net_cnbd(A11,情景分析!$D$5,1),[2]!b_anal_dirty_cnbd(A11,情景分析!$D$5,1))*IF($H11="",1,$H11)) | J11: =IF(A11="","",[2]!b_anal_yield_cnbd(A11,情景分析!$D$5,1)) | K11: =IF(A11="","",IF(情景分析!$D$7=1,[2]!b_anal_net_csi1(A11,情景分析!$D$5,1),[2]!b_anal_dirty_csi1(A11,情景分析!$D$5,1))*IF($H11="",1,$H11)) | L11: =IF(A11="","",[2]!b_anal_yield_csi1(A11,情景分析!$D$5,1)) | M11: =IF($C11="银行间",$I11,$K11) | N11: =IF($C11="银行间",$J11,$L11) | O11: =IF($A11="","",[2]!B_CALC_PRICE($A11,$O$1,IF(情景分析!$D$6=1,$J11,IF(情景分析!$D$6=2,$E11,IF(情景分析!$D$6=4,IF($C11="银行间",$J11,$L11),$G11)))+O$2/100,情景分析!$D$7,"",,,,"",)*IF($H11="",1,$H11)) | P11: =IF($A11="","",[2]!B_CALC_PRICE($A11,$O$1,IF(情景分析!$D$6=1,$J11,IF(情景分析!$D$6=2,$E11,IF(情景分析!$D$6=4,IF($C11="银行间",$J11,$L11),$G11)))+P$2/100,情景分析!$D$7,"",,,,"",)*IF($H11="",1,$H11)) | Q11: =IF($A11="","",[2]!B_CALC_PRICE($A11,$O$1,IF(情景分析!$D$6=1,$J11,IF(情景分析!$D$6=2,$E11,IF(情景分析!$D$6=4,IF($C11="银行间",$J11,$L11),$G11)))+Q$2/100,情景分析!$D$7,"",,,,"",)*IF($H11="",1,$H11)) | R11: =IF($A11="","",[2]!B_CALC_PRICE($A11,$O$1,IF(情景分析!$D$6=1,$J11,IF(情景分析!$D$6=2,$E11,IF(情景分析!$D$6=4,IF($C11="银行间",$J11,$L11),$G11)))+R$2/100,情景分析!$D$7,"",,,,"",)*IF($H11="",1,$H11)) | S11: =IF($A11="","",[2]!B_CALC_PRICE($A11,$O$1,IF(情景分析!$D$6=1,$J11,IF(情景分析!$D$6=2,$E11,IF(情景分析!$D$6=4,IF($C11="银行间",$J11,$L11),$G11)))+S$2/100,情景分析!$D$7,"",,,,"",)*IF($H11="",1,$H11)) | T11: =IF($A11="","",[2]!B_CALC_PRICE($A11,$O$1,IF(情景分析!$D$6=1,$J11,IF(情景分析!$D$6=2,$E11,IF(情景分析!$D$6=4,IF($C11="银行间",$J11,$L11),$G11)))+T$2/100,情景分析!$D$7,"",,,,"",)*IF($H11="",1,$H11)) | U11: =IF($A11="","",[2]!B_CALC_PRICE($A11,$O$1,IF(情景分析!$D$6=1,$J11,IF(情景分析!$D$6=2,$E11,IF(情景分析!$D$6=4,IF($C11="银行间",$J11,$L11),$G11)))+U$2/100,情景分析!$D$7,"",,,,"",)*IF($H11="",1,$H11)) | V11: =IF($A11="","",[2]!B_CALC_PRICE($A11,$V$1,IF(情景分析!$D$6=1,$J11,IF(情景分析!$D$6=2,$E11,IF(情景分析!$D$6=4,IF($C11="银行间",$J11,$L11),$G11)))+V$2/100,情景分析!$D$7,"",,,,"",)*IF($H11="",1,$H11)) | W11: =IF($A11="","",[2]!B_CALC_PRICE($A11,$V$1,IF(情景分析!$D$6=1,$J11,IF(情景分析!$D$6=2,$E11,IF(情景分析!$D$6=4,IF($C11="银行间",$J11,$L11),$G11)))+W$2/100,情景分析!$D$7,"",,,,"",)*IF($H11="",1,$H11)) | X11: =IF($A11="","",[2]!B_CALC_PRICE($A11,$V$1,IF(情景分析!$D$6=1,$J11,IF(情景分析!$D$6=2,$E11,IF(情景分析!$D$6=4,IF($C11="银行间",$J11,$L11),$G11)))+X$2/100,情景分析!$D$7,"",,,,"",)*IF($H11="",1,$H11)) | Y11: =IF($A11="","",[2]!B_CALC_PRICE($A11,$V$1,IF(情景分析!$D$6=1,$J11,IF(情景分析!$D$6=2,$E11,IF(情景分析!$D$6=4,IF($C11="银行间",$J11,$L11),$G11)))+Y$2/100,情景分析!$D$7,"",,,,"",)*IF($H11="",1,$H11)) | Z11: =IF($A11="","",[2]!B_CALC_PRICE($A11,$V$1,IF(情景分析!$D$6=1,$J11,IF(情景分析!$D$6=2,$E11,IF(情景分析!$D$6=4,IF($C11="银行间",$J11,$L11),$G11)))+Z$2/100,情景分析!$D$7,"",,,,"",)*IF($H11="",1,$H11)) | AA11: =IF($A11="","",[2]!B_CALC_PRICE($A11,$V$1,IF(情景分析!$D$6=1,$J11,IF(情景分析!$D$6=2,$E11,IF(情景分析!$D$6=4,IF($C11="银行间",$J11,$L11),$G11)))+AA$2/100,情景分析!$D$7,"",,,,"",)*IF($H11="",1,$H11)) | AB11: =IF($A11="","",[2]!B_CALC_PRICE($A11,$V$1,IF(情景分析!$D$6=1,$J11,IF(情景分析!$D$6=2,$E11,IF(情景分析!$D$6=4,IF($C11="银行间",$J11,$L11),$G11)))+AB$2/100,情景分析!$D$7,"",,,,"",)*IF($H11="",1,$H11)) | AC11: =IF($A11="","",[2]!B_CALC_PRICE($A11,$AC$1,IF(情景分析!$D$6=1,$J11,IF(情景分析!$D$6=2,$E11,IF(情景分析!$D$6=4,IF($C11="银行间",$J11,$L11),$G11)))+AC$2/100,情景分析!$D$7,"",,,,"",)*IF($H11="",1,$H11)) | AD11: =IF($A11="","",[2]!B_CALC_PRICE($A11,$AC$1,IF(情景分析!$D$6=1,$J11,IF(情景分析!$D$6=2,$E11,IF(情景分析!$D$6=4,IF($C11="银行间",$J11,$L11),$G11)))+AD$2/100,情景分析!$D$7,"",,,,"",)*IF($H11="",1,$H11)) | AE11: =IF($A11="","",[2]!B_CALC_PRICE($A11,$AC$1,IF(情景分析!$D$6=1,$J11,IF(情景分析!$D$6=2,$E11,IF(情景分析!$D$6=4,IF($C11="银行间",$J11,$L11),$G11)))+AE$2/100,情景分析!$D$7,"",,,,"",)*IF($H11="",1,$H11)) | AF11: =IF($A11="","",[2]!B_CALC_PRICE($A11,$AC$1,IF(情景分析!$D$6=1,$J11,IF(情景分析!$D$6=2,$E11,IF(情景分析!$D$6=4,IF($C11="银行间",$J11,$L11),$G11)))+AF$2/100,情景分析!$D$7,"",,,,"",)*IF($H11="",1,$H11)) | AG11: =IF($A11="","",[2]!B_CALC_PRICE($A11,$AC$1,IF(情景分析!$D$6=1,$J11,IF(情景分析!$D$6=2,$E11,IF(情景分析!$D$6=4,IF($C11="银行间",$J11,$L11),$G11)))+AG$2/100,情景分析!$D$7,"",,,,"",)*IF($H11="",1,$H11)) | AH11: =IF($A11="","",[2]!B_CALC_PRICE($A11,$AC$1,IF(情景分析!$D$6=1,$J11,IF(情景分析!$D$6=2,$E11,IF(情景分析!$D$6=4,IF($C11="银行间",$J11,$L11),$G11)))+AH$2/100,情景分析!$D$7,"",,,,"",)*IF($H11="",1,$H11)) | AI11: =IF($A11="","",[2]!B_CALC_PRICE($A11,$AC$1,IF(情景分析!$D$6=1,$J11,IF(情景分析!$D$6=2,$E11,IF(情景分析!$D$6=4,IF($C11="银行间",$J11,$L11),$G11)))+AI$2/100,情景分析!$D$7,"",,,,"",)*IF($H11="",1,$H11)) | AJ11: =IF($A11="","",[2]!B_CALC_PRICE($A11,$AJ$1,IF(情景分析!$D$6=1,$J11,IF(情景分析!$D$6=2,$E11,IF(情景分析!$D$6=4,IF($C11="银行间",$J11,$L11),$G11)))+AJ$2/100,情景分析!$D$7,"",,,,"",)*IF($H11="",1,$H11)) | AK11: =IF($A11="","",[2]!B_CALC_PRICE($A11,$AJ$1,IF(情景分析!$D$6=1,$J11,IF(情景分析!$D$6=2,$E11,IF(情景分析!$D$6=4,IF($C11="银行间",$J11,$L11),$G11)))+AK$2/100,情景分析!$D$7,"",,,,"",)*IF($H11="",1,$H11)) | AL11: =IF($A11="","",[2]!B_CALC_PRICE($A11,$AJ$1,IF(情景分析!$D$6=1,$J11,IF(情景分析!$D$6=2,$E11,IF(情景分析!$D$6=4,IF($C11="银行间",$J11,$L11),$G11)))+AL$2/100,情景分析!$D$7,"",,,,"",)*IF($H11="",1,$H11)) | AM11: =IF($A11="","",[2]!B_CALC_PRICE($A11,$AJ$1,IF(情景分析!$D$6=1,$J11,IF(情景分析!$D$6=2,$E11,IF(情景分析!$D$6=4,IF($C11="银行间",$J11,$L11),$G11)))+AM$2/100,情景分析!$D$7,"",,,,"",)*IF($H11="",1,$H11)) | AN11: =IF($A11="","",[2]!B_CALC_PRICE($A11,$AJ$1,IF(情景分析!$D$6=1,$J11,IF(情景分析!$D$6=2,$E11,IF(情景分析!$D$6=4,IF($C11="银行间",$J11,$L11),$G11)))+AN$2/100,情景分析!$D$7,"",,,,"",)*IF($H11="",1,$H11)) | AO11: =IF($A11="","",[2]!B_CALC_PRICE($A11,$AJ$1,IF(情景分析!$D$6=1,$J11,IF(情景分析!$D$6=2,$E11,IF(情景分析!$D$6=4,IF($C11="银行间",$J11,$L11),$G11)))+AO$2/100,情景分析!$D$7,"",,,,"",)*IF($H11="",1,$H11)) | AP11: =IF($A11="","",[2]!B_CALC_PRICE($A11,$AJ$1,IF(情景分析!$D$6=1,$J11,IF(情景分析!$D$6=2,$E11,IF(情景分析!$D$6=4,IF($C11="银行间",$J11,$L11),$G11)))+AP$2/100,情景分析!$D$7,"",,,,"",)*IF($H11="",1,$H11)) | AQ11: =IF($A11="","",[2]!B_CALC_PRICE($A11,$AQ$1,IF(情景分析!$D$6=1,$J11,IF(情景分析!$D$6=2,$E11,IF(情景分析!$D$6=4,IF($C11="银行间",$J11,$L11),$G11)))+AQ$2/100,情景分析!$D$7,"",,,,"",)*IF($H11="",1,$H11)) | AR11: =IF($A11="","",[2]!B_CALC_PRICE($A11,$AQ$1,IF(情景分析!$D$6=1,$J11,IF(情景分析!$D$6=2,$E11,IF(情景分析!$D$6=4,IF($C11="银行间",$J11,$L11),$G11)))+AR$2/100,情景分析!$D$7,"",,,,"",)*IF($H11="",1,$H11)) | AS11: =IF($A11="","",[2]!B_CALC_PRICE($A11,$AQ$1,IF(情景分析!$D$6=1,$J11,IF(情景分析!$D$6=2,$E11,IF(情景分析!$D$6=4,IF($C11="银行间",$J11,$L11),$G11)))+AS$2/100,情景分析!$D$7,"",,,,"",)*IF($H11="",1,$H11)) | AT11: =IF($A11="","",[2]!B_CALC_PRICE($A11,$AQ$1,IF(情景分析!$D$6=1,$J11,IF(情景分析!$D$6=2,$E11,IF(情景分析!$D$6=4,IF($C11="银行间",$J11,$L11),$G11)))+AT$2/100,情景分析!$D$7,"",,,,"",)*IF($H11="",1,$H11)) | AU11: =IF($A11="","",[2]!B_CALC_PRICE($A11,$AQ$1,IF(情景分析!$D$6=1,$J11,IF(情景分析!$D$6=2,$E11,IF(情景分析!$D$6=4,IF($C11="银行间",$J11,$L11),$G11)))+AU$2/100,情景分析!$D$7,"",,,,"",)*IF($H11="",1,$H11)) | AV11: =IF($A11="","",[2]!B_CALC_PRICE($A11,$AQ$1,IF(情景分析!$D$6=1,$J11,IF(情景分析!$D$6=2,$E11,IF(情景分析!$D$6=4,IF($C11="银行间",$J11,$L11),$G11)))+AV$2/100,情景分析!$D$7,"",,,,"",)*IF($H11="",1,$H11)) | AW11: =IF($A11="","",[2]!B_CALC_PRICE($A11,$AQ$1,IF(情景分析!$D$6=1,$J11,IF(情景分析!$D$6=2,$E11,IF(情景分析!$D$6=4,IF($C11="银行间",$J11,$L11),$G11)))+AW$2/100,情景分析!$D$7,"",,,,"",)*IF($H11="",1,$H11))
B12: =IF(A12="","",[2]!b_info_name(A12)) | C12: =[2]!b_info_listedmkt(A12) -> #N/A | D12: =IFERROR(IF(A12="","", [2]!b_dq_avgprice(A12, 情景分析!$D$5, 情景分析!$D$7) * IF($H12="",1,$H12)),0) | E12: =IF(A12="","", N([2]!b_dq_avgprice(A12,情景分析!$D$5,3))) | F12: =IF($G12 = "", "", IFERROR( [2]!b_calc_pv(A12, 情景分析!$D$5,$G12, "1", 情景分析!$D$7), [2]!b_calc_pv(A12, 情景分析!$D$5,$G12, "2", 情景分析!$D$7) ) ) | I12: =IF(A12="","",IF(情景分析!$D$7=1,[2]!b_anal_net_cnbd(A12,情景分析!$D$5,1),[2]!b_anal_dirty_cnbd(A12,情景分析!$D$5,1))*IF($H12="",1,$H12)) | J12: =IF(A12="","",[2]!b_anal_yield_cnbd(A12,情景分析!$D$5,1)) | K12: =IF(A12="","",IF(情景分析!$D$7=1,[2]!b_anal_net_csi1(A12,情景分析!$D$5,1),[2]!b_anal_dirty_csi1(A12,情景分析!$D$5,1))*IF($H12="",1,$H12)) | L12: =IF(A12="","",[2]!b_anal_yield_csi1(A12,情景分析!$D$5,1)) | M12: =IF($C12="银行间",$I12,$K12) | N12: =IF($C12="银行间",$J12,$L12) | O12: =IF($A12="","",[2]!B_CALC_PRICE($A12,$O$1,IF(情景分析!$D$6=1,$J12,IF(情景分析!$D$6=2,$E12,IF(情景分析!$D$6=4,IF($C12="银行间",$J12,$L12),$G12)))+O$2/100,情景分析!$D$7,"",,,,"",)*IF($H12="",1,$H12)) | P12: =IF($A12="","",[2]!B_CALC_PRICE($A12,$O$1,IF(情景分析!$D$6=1,$J12,IF(情景分析!$D$6=2,$E12,IF(情景分析!$D$6=4,IF($C12="银行间",$J12,$L12),$G12)))+P$2/100,情景分析!$D$7,"",,,,"",)*IF($H12="",1,$H12)) | Q12: =IF($A12="","",[2]!B_CALC_PRICE($A12,$O$1,IF(情景分析!$D$6=1,$J12,IF(情景分析!$D$6=2,$E12,IF(情景分析!$D$6=4,IF($C12="银行间",$J12,$L12),$G12)))+Q$2/100,情景分析!$D$7,"",,,,"",)*IF($H12="",1,$H12)) | R12: =IF($A12="","",[2]!B_CALC_PRICE($A12,$O$1,IF(情景分析!$D$6=1,$J12,IF(情景分析!$D$6=2,$E12,IF(情景分析!$D$6=4,IF($C12="银行间",$J12,$L12),$G12)))+R$2/100,情景分析!$D$7,"",,,,"",)*IF($H12="",1,$H12)) | S12: =IF($A12="","",[2]!B_CALC_PRICE($A12,$O$1,IF(情景分析!$D$6=1,$J12,IF(情景分析!$D$6=2,$E12,IF(情景分析!$D$6=4,IF($C12="银行间",$J12,$L12),$G12)))+S$2/100,情景分析!$D$7,"",,,,"",)*IF($H12="",1,$H12)) | T12: =IF($A12="","",[2]!B_CALC_PRICE($A12,$O$1,IF(情景分析!$D$6=1,$J12,IF(情景分析!$D$6=2,$E12,IF(情景分析!$D$6=4,IF($C12="银行间",$J12,$L12),$G12)))+T$2/100,情景分析!$D$7,"",,,,"",)*IF($H12="",1,$H12)) | U12: =IF($A12="","",[2]!B_CALC_PRICE($A12,$O$1,IF(情景分析!$D$6=1,$J12,IF(情景分析!$D$6=2,$E12,IF(情景分析!$D$6=4,IF($C12="银行间",$J12,$L12),$G12)))+U$2/100,情景分析!$D$7,"",,,,"",)*IF($H12="",1,$H12)) | V12: =IF($A12="","",[2]!B_CALC_PRICE($A12,$V$1,IF(情景分析!$D$6=1,$J12,IF(情景分析!$D$6=2,$E12,IF(情景分析!$D$6=4,IF($C12="银行间",$J12,$L12),$G12)))+V$2/100,情景分析!$D$7,"",,,,"",)*IF($H12="",1,$H12)) | W12: =IF($A12="","",[2]!B_CALC_PRICE($A12,$V$1,IF(情景分析!$D$6=1,$J12,IF(情景分析!$D$6=2,$E12,IF(情景分析!$D$6=4,IF($C12="银行间",$J12,$L12),$G12)))+W$2/100,情景分析!$D$7,"",,,,"",)*IF($H12="",1,$H12)) | X12: =IF($A12="","",[2]!B_CALC_PRICE($A12,$V$1,IF(情景分析!$D$6=1,$J12,IF(情景分析!$D$6=2,$E12,IF(情景分析!$D$6=4,IF($C12="银行间",$J12,$L12),$G12)))+X$2/100,情景分析!$D$7,"",,,,"",)*IF($H12="",1,$H12)) | Y12: =IF($A12="","",[2]!B_CALC_PRICE($A12,$V$1,IF(情景分析!$D$6=1,$J12,IF(情景分析!$D$6=2,$E12,IF(情景分析!$D$6=4,IF($C12="银行间",$J12,$L12),$G12)))+Y$2/100,情景分析!$D$7,"",,,,"",)*IF($H12="",1,$H12)) | Z12: =IF($A12="","",[2]!B_CALC_PRICE($A12,$V$1,IF(情景分析!$D$6=1,$J12,IF(情景分析!$D$6=2,$E12,IF(情景分析!$D$6=4,IF($C12="银行间",$J12,$L12),$G12)))+Z$2/100,情景分析!$D$7,"",,,,"",)*IF($H12="",1,$H12)) | AA12: =IF($A12="","",[2]!B_CALC_PRICE($A12,$V$1,IF(情景分析!$D$6=1,$J12,IF(情景分析!$D$6=2,$E12,IF(情景分析!$D$6=4,IF($C12="银行间",$J12,$L12),$G12)))+AA$2/100,情景分析!$D$7,"",,,,"",)*IF($H12="",1,$H12)) | AB12: =IF($A12="","",[2]!B_CALC_PRICE($A12,$V$1,IF(情景分析!$D$6=1,$J12,IF(情景分析!$D$6=2,$E12,IF(情景分析!$D$6=4,IF($C12="银行间",$J12,$L12),$G12)))+AB$2/100,情景分析!$D$7,"",,,,"",)*IF($H12="",1,$H12)) | AC12: =IF($A12="","",[2]!B_CALC_PRICE($A12,$AC$1,IF(情景分析!$D$6=1,$J12,IF(情景分析!$D$6=2,$E12,IF(情景分析!$D$6=4,IF($C12="银行间",$J12,$L12),$G12)))+AC$2/100,情景分析!$D$7,"",,,,"",)*IF($H12="",1,$H12)) | AD12: =IF($A12="","",[2]!B_CALC_PRICE($A12,$AC$1,IF(情景分析!$D$6=1,$J12,IF(情景分析!$D$6=2,$E12,IF(情景分析!$D$6=4,IF($C12="银行间",$J12,$L12),$G12)))+AD$2/100,情景分析!$D$7,"",,,,"",)*IF($H12="",1,$H12)) | AE12: =IF($A12="","",[2]!B_CALC_PRICE($A12,$AC$1,IF(情景分析!$D$6=1,$J12,IF(情景分析!$D$6=2,$E12,IF(情景分析!$D$6=4,IF($C12="银行间",$J12,$L12),$G12)))+AE$2/100,情景分析!$D$7,"",,,,"",)*IF($H12="",1,$H12)) | AF12: =IF($A12="","",[2]!B_CALC_PRICE($A12,$AC$1,IF(情景分析!$D$6=1,$J12,IF(情景分析!$D$6=2,$E12,IF(情景分析!$D$6=4,IF($C12="银行间",$J12,$L12),$G12)))+AF$2/100,情景分析!$D$7,"",,,,"",)*IF($H12="",1,$H12)) | AG12: =IF($A12="","",[2]!B_CALC_PRICE($A12,$AC$1,IF(情景分析!$D$6=1,$J12,IF(情景分析!$D$6=2,$E12,IF(情景分析!$D$6=4,IF($C12="银行间",$J12,$L12),$G12)))+AG$2/100,情景分析!$D$7,"",,,,"",)*IF($H12="",1,$H12)) | AH12: =IF($A12="","",[2]!B_CALC_PRICE($A12,$AC$1,IF(情景分析!$D$6=1,$J12,IF(情景分析!$D$6=2,$E12,IF(情景分析!$D$6=4,IF($C12="银行间",$J12,$L12),$G12)))+AH$2/100,情景分析!$D$7,"",,,,"",)*IF($H12="",1,$H12)) | AI12: =IF($A12="","",[2]!B_CALC_PRICE($A12,$AC$1,IF(情景分析!$D$6=1,$J12,IF(情景分析!$D$6=2,$E12,IF(情景分析!$D$6=4,IF($C12="银行间",$J12,$L12),$G12)))+AI$2/100,情景分析!$D$7,"",,,,"",)*IF($H12="",1,$H12)) | AJ12: =IF($A12="","",[2]!B_CALC_PRICE($A12,$AJ$1,IF(情景分析!$D$6=1,$J12,IF(情景分析!$D$6=2,$E12,IF(情景分析!$D$6=4,IF($C12="银行间",$J12,$L12),$G12)))+AJ$2/100,情景分析!$D$7,"",,,,"",)*IF($H12="",1,$H12)) | AK12: =IF($A12="","",[2]!B_CALC_PRICE($A12,$AJ$1,IF(情景分析!$D$6=1,$J12,IF(情景分析!$D$6=2,$E12,IF(情景分析!$D$6=4,IF($C12="银行间",$J12,$L12),$G12)))+AK$2/100,情景分析!$D$7,"",,,,"",)*IF($H12="",1,$H12)) | AL12: =IF($A12="","",[2]!B_CALC_PRICE($A12,$AJ$1,IF(情景分析!$D$6=1,$J12,IF(情景分析!$D$6=2,$E12,IF(情景分析!$D$6=4,IF($C12="银行间",$J12,$L12),$G12)))+AL$2/100,情景分析!$D$7,"",,,,"",)*IF($H12="",1,$H12)) | AM12: =IF($A12="","",[2]!B_CALC_PRICE($A12,$AJ$1,IF(情景分析!$D$6=1,$J12,IF(情景分析!$D$6=2,$E12,IF(情景分析!$D$6=4,IF($C12="银行间",$J12,$L12),$G12)))+AM$2/100,情景分析!$D$7,"",,,,"",)*IF($H12="",1,$H12)) | AN12: =IF($A12="","",[2]!B_CALC_PRICE($A12,$AJ$1,IF(情景分析!$D$6=1,$J12,IF(情景分析!$D$6=2,$E12,IF(情景分析!$D$6=4,IF($C12="银行间",$J12,$L12),$G12)))+AN$2/100,情景分析!$D$7,"",,,,"",)*IF($H12="",1,$H12)) | AO12: =IF($A12="","",[2]!B_CALC_PRICE($A12,$AJ$1,IF(情景分析!$D$6=1,$J12,IF(情景分析!$D$6=2,$E12,IF(情景分析!$D$6=4,IF($C12="银行间",$J12,$L12),$G12)))+AO$2/100,情景分析!$D$7,"",,,,"",)*IF($H12="",1,$H12)) | AP12: =IF($A12="","",[2]!B_CALC_PRICE($A12,$AJ$1,IF(情景分析!$D$6=1,$J12,IF(情景分析!$D$6=2,$E12,IF(情景分析!$D$6=4,IF($C12="银行间",$J12,$L12),$G12)))+AP$2/100,情景分析!$D$7,"",,,,"",)*IF($H12="",1,$H12)) | AQ12: =IF($A12="","",[2]!B_CALC_PRICE($A12,$AQ$1,IF(情景分析!$D$6=1,$J12,IF(情景分析!$D$6=2,$E12,IF(情景分析!$D$6=4,IF($C12="银行间",$J12,$L12),$G12)))+AQ$2/100,情景分析!$D$7,"",,,,"",)*IF($H12="",1,$H12)) | AR12: =IF($A12="","",[2]!B_CALC_PRICE($A12,$AQ$1,IF(情景分析!$D$6=1,$J12,IF(情景分析!$D$6=2,$E12,IF(情景分析!$D$6=4,IF($C12="银行间",$J12,$L12),$G12)))+AR$2/100,情景分析!$D$7,"",,,,"",)*IF($H12="",1,$H12)) | AS12: =IF($A12="","",[2]!B_CALC_PRICE($A12,$AQ$1,IF(情景分析!$D$6=1,$J12,IF(情景分析!$D$6=2,$E12,IF(情景分析!$D$6=4,IF($C12="银行间",$J12,$L12),$G12)))+AS$2/100,情景分析!$D$7,"",,,,"",)*IF($H12="",1,$H12)) | AT12: =IF($A12="","",[2]!B_CALC_PRICE($A12,$AQ$1,IF(情景分析!$D$6=1,$J12,IF(情景分析!$D$6=2,$E12,IF(情景分析!$D$6=4,IF($C12="银行间",$J12,$L12),$G12)))+AT$2/100,情景分析!$D$7,"",,,,"",)*IF($H12="",1,$H12)) | AU12: =IF($A12="","",[2]!B_CALC_PRICE($A12,$AQ$1,IF(情景分析!$D$6=1,$J12,IF(情景分析!$D$6=2,$E12,IF(情景分析!$D$6=4,IF($C12="银行间",$J12,$L12),$G12)))+AU$2/100,情景分析!$D$7,"",,,,"",)*IF($H12="",1,$H12)) | AV12: =IF($A12="","",[2]!B_CALC_PRICE($A12,$AQ$1,IF(情景分析!$D$6=1,$J12,IF(情景分析!$D$6=2,$E12,IF(情景分析!$D$6=4,IF($C12="银行间",$J12,$L12),$G12)))+AV$2/100,情景分析!$D$7,"",,,,"",)*IF($H12="",1,$H12)) | AW12: =IF($A12="","",[2]!B_CALC_PRICE($A12,$AQ$1,IF(情景分析!$D$6=1,$J12,IF(情景分析!$D$6=2,$E12,IF(情景分析!$D$6=4,IF($C12="银行间",$J12,$L12),$G12)))+AW$2/100,情景分析!$D$7,"",,,,"",)*IF($H12="",1,$H12))
B13: =IF(A13="","",[2]!b_info_name(A13)) | C13: =[2]!b_info_listedmkt(A13) -> #N/A | D13: =IFERROR(IF(A13="","", [2]!b_dq_avgprice(A13, 情景分析!$D$5, 情景分析!$D$7) * IF($H13="",1,$H13)),0) | E13: =IF(A13="","", N([2]!b_dq_avgprice(A13,情景分析!$D$5,3))) | F13: =IF($G13 = "", "", IFERROR( [2]!b_calc_pv(A13, 情景分析!$D$5,$G13, "1", 情景分析!$D$7), [2]!b_calc_pv(A13, 情景分析!$D$5,$G13, "2", 情景分析!$D$7) ) ) | I13: =IF(A13="","",IF(情景分析!$D$7=1,[2]!b_anal_net_cnbd(A13,情景分析!$D$5,1),[2]!b_anal_dirty_cnbd(A13,情景分析!$D$5,1))*IF($H13="",1,$H13)) | J13: =IF(A13="","",[2]!b_anal_yield_cnbd(A13,情景分析!$D$5,1)) | K13: =IF(A13="","",IF(情景分析!$D$7=1,[2]!b_anal_net_csi1(A13,情景分析!$D$5,1),[2]!b_anal_dirty_csi1(A13,情景分析!$D$5,1))*IF($H13="",1,$H13)) | L13: =IF(A13="","",[2]!b_anal_yield_csi1(A13,情景分析!$D$5,1)) | M13: =IF($C13="银行间",$I13,$K13) | N13: =IF($C13="银行间",$J13,$L13) | O13: =IF($A13="","",[2]!B_CALC_PRICE($A13,$O$1,IF(情景分析!$D$6=1,$J13,IF(情景分析!$D$6=2,$E13,IF(情景分析!$D$6=4,IF($C13="银行间",$J13,$L13),$G13)))+O$2/100,情景分析!$D$7,"",,,,"",)*IF($H13="",1,$H13)) | P13: =IF($A13="","",[2]!B_CALC_PRICE($A13,$O$1,IF(情景分析!$D$6=1,$J13,IF(情景分析!$D$6=2,$E13,IF(情景分析!$D$6=4,IF($C13="银行间",$J13,$L13),$G13)))+P$2/100,情景分析!$D$7,"",,,,"",)*IF($H13="",1,$H13)) | Q13: =IF($A13="","",[2]!B_CALC_PRICE($A13,$O$1,IF(情景分析!$D$6=1,$J13,IF(情景分析!$D$6=2,$E13,IF(情景分析!$D$6=4,IF($C13="银行间",$J13,$L13),$G13)))+Q$2/100,情景分析!$D$7,"",,,,"",)*IF($H13="",1,$H13)) | R13: =IF($A13="","",[2]!B_CALC_PRICE($A13,$O$1,IF(情景分析!$D$6=1,$J13,IF(情景分析!$D$6=2,$E13,IF(情景分析!$D$6=4,IF($C13="银行间",$J13,$L13),$G13)))+R$2/100,情景分析!$D$7,"",,,,"",)*IF($H13="",1,$H13)) | S13: =IF($A13="","",[2]!B_CALC_PRICE($A13,$O$1,IF(情景分析!$D$6=1,$J13,IF(情景分析!$D$6=2,$E13,IF(情景分析!$D$6=4,IF($C13="银行间",$J13,$L13),$G13)))+S$2/100,情景分析!$D$7,"",,,,"",)*IF($H13="",1,$H13)) | T13: =IF($A13="","",[2]!B_CALC_PRICE($A13,$O$1,IF(情景分析!$D$6=1,$J13,IF(情景分析!$D$6=2,$E13,IF(情景分析!$D$6=4,IF($C13="银行间",$J13,$L13),$G13)))+T$2/100,情景分析!$D$7,"",,,,"",)*IF($H13="",1,$H13)) | U13: =IF($A13="","",[2]!B_CALC_PRICE($A13,$O$1,IF(情景分析!$D$6=1,$J13,IF(情景分析!$D$6=2,$E13,IF(情景分析!$D$6=4,IF($C13="银行间",$J13,$L13),$G13)))+U$2/100,情景分析!$D$7,"",,,,"",)*IF($H13="",1,$H13)) | V13: =IF($A13="","",[2]!B_CALC_PRICE($A13,$V$1,IF(情景分析!$D$6=1,$J13,IF(情景分析!$D$6=2,$E13,IF(情景分析!$D$6=4,IF($C13="银行间",$J13,$L13),$G13)))+V$2/100,情景分析!$D$7,"",,,,"",)*IF($H13="",1,$H13)) | W13: =IF($A13="","",[2]!B_CALC_PRICE($A13,$V$1,IF(情景分析!$D$6=1,$J13,IF(情景分析!$D$6=2,$E13,IF(情景分析!$D$6=4,IF($C13="银行间",$J13,$L13),$G13)))+W$2/100,情景分析!$D$7,"",,,,"",)*IF($H13="",1,$H13)) | X13: =IF($A13="","",[2]!B_CALC_PRICE($A13,$V$1,IF(情景分析!$D$6=1,$J13,IF(情景分析!$D$6=2,$E13,IF(情景分析!$D$6=4,IF($C13="银行间",$J13,$L13),$G13)))+X$2/100,情景分析!$D$7,"",,,,"",)*IF($H13="",1,$H13)) | Y13: =IF($A13="","",[2]!B_CALC_PRICE($A13,$V$1,IF(情景分析!$D$6=1,$J13,IF(情景分析!$D$6=2,$E13,IF(情景分析!$D$6=4,IF($C13="银行间",$J13,$L13),$G13)))+Y$2/100,情景分析!$D$7,"",,,,"",)*IF($H13="",1,$H13)) | Z13: =IF($A13="","",[2]!B_CALC_PRICE($A13,$V$1,IF(情景分析!$D$6=1,$J13,IF(情景分析!$D$6=2,$E13,IF(情景分析!$D$6=4,IF($C13="银行间",$J13,$L13),$G13)))+Z$2/100,情景分析!$D$7,"",,,,"",)*IF($H13="",1,$H13)) | AA13: =IF($A13="","",[2]!B_CALC_PRICE($A13,$V$1,IF(情景分析!$D$6=1,$J13,IF(情景分析!$D$6=2,$E13,IF(情景分析!$D$6=4,IF($C13="银行间",$J13,$L13),$G13)))+AA$2/100,情景分析!$D$7,"",,,,"",)*IF($H13="",1,$H13)) | AB13: =IF($A13="","",[2]!B_CALC_PRICE($A13,$V$1,IF(情景分析!$D$6=1,$J13,IF(情景分析!$D$6=2,$E13,IF(情景分析!$D$6=4,IF($C13="银行间",$J13,$L13),$G13)))+AB$2/100,情景分析!$D$7,"",,,,"",)*IF($H13="",1,$H13)) | AC13: =IF($A13="","",[2]!B_CALC_PRICE($A13,$AC$1,IF(情景分析!$D$6=1,$J13,IF(情景分析!$D$6=2,$E13,IF(情景分析!$D$6=4,IF($C13="银行间",$J13,$L13),$G13)))+AC$2/100,情景分析!$D$7,"",,,,"",)*IF($H13="",1,$H13)) | AD13: =IF($A13="","",[2]!B_CALC_PRICE($A13,$AC$1,IF(情景分析!$D$6=1,$J13,IF(情景分析!$D$6=2,$E13,IF(情景分析!$D$6=4,IF($C13="银行间",$J13,$L13),$G13)))+AD$2/100,情景分析!$D$7,"",,,,"",)*IF($H13="",1,$H13)) | AE13: =IF($A13="","",[2]!B_CALC_PRICE($A13,$AC$1,IF(情景分析!$D$6=1,$J13,IF(情景分析!$D$6=2,$E13,IF(情景分析!$D$6=4,IF($C13="银行间",$J13,$L13),$G13)))+AE$2/100,情景分析!$D$7,"",,,,"",)*IF($H13="",1,$H13)) | AF13: =IF($A13="","",[2]!B_CALC_PRICE($A13,$AC$1,IF(情景分析!$D$6=1,$J13,IF(情景分析!$D$6=2,$E13,IF(情景分析!$D$6=4,IF($C13="银行间",$J13,$L13),$G13)))+AF$2/100,情景分析!$D$7,"",,,,"",)*IF($H13="",1,$H13)) | AG13: =IF($A13="","",[2]!B_CALC_PRICE($A13,$AC$1,IF(情景分析!$D$6=1,$J13,IF(情景分析!$D$6=2,$E13,IF(情景分析!$D$6=4,IF($C13="银行间",$J13,$L13),$G13)))+AG$2/100,情景分析!$D$7,"",,,,"",)*IF($H13="",1,$H13)) | AH13: =IF($A13="","",[2]!B_CALC_PRICE($A13,$AC$1,IF(情景分析!$D$6=1,$J13,IF(情景分析!$D$6=2,$E13,IF(情景分析!$D$6=4,IF($C13="银行间",$J13,$L13),$G13)))+AH$2/100,情景分析!$D$7,"",,,,"",)*IF($H13="",1,$H13)) | AI13: =IF($A13="","",[2]!B_CALC_PRICE($A13,$AC$1,IF(情景分析!$D$6=1,$J13,IF(情景分析!$D$6=2,$E13,IF(情景分析!$D$6=4,IF($C13="银行间",$J13,$L13),$G13)))+AI$2/100,情景分析!$D$7,"",,,,"",)*IF($H13="",1,$H13)) | AJ13: =IF($A13="","",[2]!B_CALC_PRICE($A13,$AJ$1,IF(情景分析!$D$6=1,$J13,IF(情景分析!$D$6=2,$E13,IF(情景分析!$D$6=4,IF($C13="银行间",$J13,$L13),$G13)))+AJ$2/100,情景分析!$D$7,"",,,,"",)*IF($H13="",1,$H13)) | AK13: =IF($A13="","",[2]!B_CALC_PRICE($A13,$AJ$1,IF(情景分析!$D$6=1,$J13,IF(情景分析!$D$6=2,$E13,IF(情景分析!$D$6=4,IF($C13="银行间",$J13,$L13),$G13)))+AK$2/100,情景分析!$D$7,"",,,,"",)*IF($H13="",1,$H13)) | AL13: =IF($A13="","",[2]!B_CALC_PRICE($A13,$AJ$1,IF(情景分析!$D$6=1,$J13,IF(情景分析!$D$6=2,$E13,IF(情景分析!$D$6=4,IF($C13="银行间",$J13,$L13),$G13)))+AL$2/100,情景分析!$D$7,"",,,,"",)*IF($H13="",1,$H13)) | AM13: =IF($A13="","",[2]!B_CALC_PRICE($A13,$AJ$1,IF(情景分析!$D$6=1,$J13,IF(情景分析!$D$6=2,$E13,IF(情景分析!$D$6=4,IF($C13="银行间",$J13,$L13),$G13)))+AM$2/100,情景分析!$D$7,"",,,,"",)*IF($H13="",1,$H13)) | AN13: =IF($A13="","",[2]!B_CALC_PRICE($A13,$AJ$1,IF(情景分析!$D$6=1,$J13,IF(情景分析!$D$6=2,$E13,IF(情景分析!$D$6=4,IF($C13="银行间",$J13,$L13),$G13)))+AN$2/100,情景分析!$D$7,"",,,,"",)*IF($H13="",1,$H13)) | AO13: =IF($A13="","",[2]!B_CALC_PRICE($A13,$AJ$1,IF(情景分析!$D$6=1,$J13,IF(情景分析!$D$6=2,$E13,IF(情景分析!$D$6=4,IF($C13="银行间",$J13,$L13),$G13)))+AO$2/100,情景分析!$D$7,"",,,,"",)*IF($H13="",1,$H13)) | AP13: =IF($A13="","",[2]!B_CALC_PRICE($A13,$AJ$1,IF(情景分析!$D$6=1,$J13,IF(情景分析!$D$6=2,$E13,IF(情景分析!$D$6=4,IF($C13="银行间",$J13,$L13),$G13)))+AP$2/100,情景分析!$D$7,"",,,,"",)*IF($H13="",1,$H13)) | AQ13: =IF($A13="","",[2]!B_CALC_PRICE($A13,$AQ$1,IF(情景分析!$D$6=1,$J13,IF(情景分析!$D$6=2,$E13,IF(情景分析!$D$6=4,IF($C13="银行间",$J13,$L13),$G13)))+AQ$2/100,情景分析!$D$7,"",,,,"",)*IF($H13="",1,$H13)) | AR13: =IF($A13="","",[2]!B_CALC_PRICE($A13,$AQ$1,IF(情景分析!$D$6=1,$J13,IF(情景分析!$D$6=2,$E13,IF(情景分析!$D$6=4,IF($C13="银行间",$J13,$L13),$G13)))+AR$2/100,情景分析!$D$7,"",,,,"",)*IF($H13="",1,$H13)) | AS13: =IF($A13="","",[2]!B_CALC_PRICE($A13,$AQ$1,IF(情景分析!$D$6=1,$J13,IF(情景分析!$D$6=2,$E13,IF(情景分析!$D$6=4,IF($C13="银行间",$J13,$L13),$G13)))+AS$2/100,情景分析!$D$7,"",,,,"",)*IF($H13="",1,$H13)) | AT13: =IF($A13="","",[2]!B_CALC_PRICE($A13,$AQ$1,IF(情景分析!$D$6=1,$J13,IF(情景分析!$D$6=2,$E13,IF(情景分析!$D$6=4,IF($C13="银行间",$J13,$L13),$G13)))+AT$2/100,情景分析!$D$7,"",,,,"",)*IF($H13="",1,$H13)) | AU13: =IF($A13="","",[2]!B_CALC_PRICE($A13,$AQ$1,IF(情景分析!$D$6=1,$J13,IF(情景分析!$D$6=2,$E13,IF(情景分析!$D$6=4,IF($C13="银行间",$J13,$L13),$G13)))+AU$2/100,情景分析!$D$7,"",,,,"",)*IF($H13="",1,$H13)) | AV13: =IF($A13="","",[2]!B_CALC_PRICE($A13,$AQ$1,IF(情景分析!$D$6=1,$J13,IF(情景分析!$D$6=2,$E13,IF(情景分析!$D$6=4,IF($C13="银行间",$J13,$L13),$G13)))+AV$2/100,情景分析!$D$7,"",,,,"",)*IF($H13="",1,$H13)) | AW13: =IF($A13="","",[2]!B_CALC_PRICE($A13,$AQ$1,IF(情景分析!$D$6=1,$J13,IF(情景分析!$D$6=2,$E13,IF(情景分析!$D$6=4,IF($C13="银行间",$J13,$L13),$G13)))+AW$2/100,情景分析!$D$7,"",,,,"",)*IF($H13="",1,$H13))
B14: =IF(A14="","",[2]!b_info_name(A14)) | C14: =[2]!b_info_listedmkt(A14) -> #N/A | D14: =IFERROR(IF(A14="","", [2]!b_dq_avgprice(A14, 情景分析!$D$5, 情景分析!$D$7) * IF($H14="",1,$H14)),0) | E14: =IF(A14="","", N([2]!b_dq_avgprice(A14,情景分析!$D$5,3))) | F14: =IF($G14 = "", "", IFERROR( [2]!b_calc_pv(A14, 情景分析!$D$5,$G14, "1", 情景分析!$D$7), [2]!b_calc_pv(A14, 情景分析!$D$5,$G14, "2", 情景分析!$D$7) ) ) | I14: =IF(A14="","",IF(情景分析!$D$7=1,[2]!b_anal_net_cnbd(A14,情景分析!$D$5,1),[2]!b_anal_dirty_cnbd(A14,情景分析!$D$5,1))*IF($H14="",1,$H14)) | J14: =IF(A14="","",[2]!b_anal_yield_cnbd(A14,情景分析!$D$5,1)) | K14: =IF(A14="","",IF(情景分析!$D$7=1,[2]!b_anal_net_csi1(A14,情景分析!$D$5,1),[2]!b_anal_dirty_csi1(A14,情景分析!$D$5,1))*IF($H14="",1,$H14)) | L14: =IF(A14="","",[2]!b_anal_yield_csi1(A14,情景分析!$D$5,1)) | M14: =IF($C14="银行间",$I14,$K14) | N14: =IF($C14="银行间",$J14,$L14) | O14: =IF($A14="","",[2]!B_CALC_PRICE($A14,$O$1,IF(情景分析!$D$6=1,$J14,IF(情景分析!$D$6=2,$E14,IF(情景分析!$D$6=4,IF($C14="银行间",$J14,$L14),$G14)))+O$2/100,情景分析!$D$7,"",,,,"",)*IF($H14="",1,$H14)) | P14: =IF($A14="","",[2]!B_CALC_PRICE($A14,$O$1,IF(情景分析!$D$6=1,$J14,IF(情景分析!$D$6=2,$E14,IF(情景分析!$D$6=4,IF($C14="银行间",$J14,$L14),$G14)))+P$2/100,情景分析!$D$7,"",,,,"",)*IF($H14="",1,$H14)) | Q14: =IF($A14="","",[2]!B_CALC_PRICE($A14,$O$1,IF(情景分析!$D$6=1,$J14,IF(情景分析!$D$6=2,$E14,IF(情景分析!$D$6=4,IF($C14="银行间",$J14,$L14),$G14)))+Q$2/100,情景分析!$D$7,"",,,,"",)*IF($H14="",1,$H14)) | R14: =IF($A14="","",[2]!B_CALC_PRICE($A14,$O$1,IF(情景分析!$D$6=1,$J14,IF(情景分析!$D$6=2,$E14,IF(情景分析!$D$6=4,IF($C14="银行间",$J14,$L14),$G14)))+R$2/100,情景分析!$D$7,"",,,,"",)*IF($H14="",1,$H14)) | S14: =IF($A14="","",[2]!B_CALC_PRICE($A14,$O$1,IF(情景分析!$D$6=1,$J14,IF(情景分析!$D$6=2,$E14,IF(情景分析!$D$6=4,IF($C14="银行间",$J14,$L14),$G14)))+S$2/100,情景分析!$D$7,"",,,,"",)*IF($H14="",1,$H14)) | T14: =IF($A14="","",[2]!B_CALC_PRICE($A14,$O$1,IF(情景分析!$D$6=1,$J14,IF(情景分析!$D$6=2,$E14,IF(情景分析!$D$6=4,IF($C14="银行间",$J14,$L14),$G14)))+T$2/100,情景分析!$D$7,"",,,,"",)*IF($H14="",1,$H14)) | U14: =IF($A14="","",[2]!B_CALC_PRICE($A14,$O$1,IF(情景分析!$D$6=1,$J14,IF(情景分析!$D$6=2,$E14,IF(情景分析!$D$6=4,IF($C14="银行间",$J14,$L14),$G14)))+U$2/100,情景分析!$D$7,"",,,,"",)*IF($H14="",1,$H14)) | V14: =IF($A14="","",[2]!B_CALC_PRICE($A14,$V$1,IF(情景分析!$D$6=1,$J14,IF(情景分析!$D$6=2,$E14,IF(情景分析!$D$6=4,IF($C14="银行间",$J14,$L14),$G14)))+V$2/100,情景分析!$D$7,"",,,,"",)*IF($H14="",1,$H14)) | W14: =IF($A14="","",[2]!B_CALC_PRICE($A14,$V$1,IF(情景分析!$D$6=1,$J14,IF(情景分析!$D$6=2,$E14,IF(情景分析!$D$6=4,IF($C14="银行间",$J14,$L14),$G14)))+W$2/100,情景分析!$D$7,"",,,,"",)*IF($H14="",1,$H14)) | X14: =IF($A14="","",[2]!B_CALC_PRICE($A14,$V$1,IF(情景分析!$D$6=1,$J14,IF(情景分析!$D$6=2,$E14,IF(情景分析!$D$6=4,IF($C14="银行间",$J14,$L14),$G14)))+X$2/100,情景分析!$D$7,"",,,,"",)*IF($H14="",1,$H14)) | Y14: =IF($A14="","",[2]!B_CALC_PRICE($A14,$V$1,IF(情景分析!$D$6=1,$J14,IF(情景分析!$D$6=2,$E14,IF(情景分析!$D$6=4,IF($C14="银行间",$J14,$L14),$G14)))+Y$2/100,情景分析!$D$7,"",,,,"",)*IF($H14="",1,$H14)) | Z14: =IF($A14="","",[2]!B_CALC_PRICE($A14,$V$1,IF(情景分析!$D$6=1,$J14,IF(情景分析!$D$6=2,$E14,IF(情景分析!$D$6=4,IF($C14="银行间",$J14,$L14),$G14)))+Z$2/100,情景分析!$D$7,"",,,,"",)*IF($H14="",1,$H14)) | AA14: =IF($A14="","",[2]!B_CALC_PRICE($A14,$V$1,IF(情景分析!$D$6=1,$J14,IF(情景分析!$D$6=2,$E14,IF(情景分析!$D$6=4,IF($C14="银行间",$J14,$L14),$G14)))+AA$2/100,情景分析!$D$7,"",,,,"",)*IF($H14="",1,$H14)) | AB14: =IF($A14="","",[2]!B_CALC_PRICE($A14,$V$1,IF(情景分析!$D$6=1,$J14,IF(情景分析!$D$6=2,$E14,IF(情景分析!$D$6=4,IF($C14="银行间",$J14,$L14),$G14)))+AB$2/100,情景分析!$D$7,"",,,,"",)*IF($H14="",1,$H14)) | AC14: =IF($A14="","",[2]!B_CALC_PRICE($A14,$AC$1,IF(情景分析!$D$6=1,$J14,IF(情景分析!$D$6=2,$E14,IF(情景分析!$D$6=4,IF($C14="银行间",$J14,$L14),$G14)))+AC$2/100,情景分析!$D$7,"",,,,"",)*IF($H14="",1,$H14)) | AD14: =IF($A14="","",[2]!B_CALC_PRICE($A14,$AC$1,IF(情景分析!$D$6=1,$J14,IF(情景分析!$D$6=2,$E14,IF(情景分析!$D$6=4,IF($C14="银行间",$J14,$L14),$G14)))+AD$2/100,情景分析!$D$7,"",,,,"",)*IF($H14="",1,$H14)) | AE14: =IF($A14="","",[2]!B_CALC_PRICE($A14,$AC$1,IF(情景分析!$D$6=1,$J14,IF(情景分析!$D$6=2,$E14,IF(情景分析!$D$6=4,IF($C14="银行间",$J14,$L14),$G14)))+AE$2/100,情景分析!$D$7,"",,,,"",)*IF($H14="",1,$H14)) | AF14: =IF($A14="","",[2]!B_CALC_PRICE($A14,$AC$1,IF(情景分析!$D$6=1,$J14,IF(情景分析!$D$6=2,$E14,IF(情景分析!$D$6=4,IF($C14="银行间",$J14,$L14),$G14)))+AF$2/100,情景分析!$D$7,"",,,,"",)*IF($H14="",1,$H14)) | AG14: =IF($A14="","",[2]!B_CALC_PRICE($A14,$AC$1,IF(情景分析!$D$6=1,$J14,IF(情景分析!$D$6=2,$E14,IF(情景分析!$D$6=4,IF($C14="银行间",$J14,$L14),$G14)))+AG$2/100,情景分析!$D$7,"",,,,"",)*IF($H14="",1,$H14)) | AH14: =IF($A14="","",[2]!B_CALC_PRICE($A14,$AC$1,IF(情景分析!$D$6=1,$J14,IF(情景分析!$D$6=2,$E14,IF(情景分析!$D$6=4,IF($C14="银行间",$J14,$L14),$G14)))+AH$2/100,情景分析!$D$7,"",,,,"",)*IF($H14="",1,$H14)) | AI14: =IF($A14="","",[2]!B_CALC_PRICE($A14,$AC$1,IF(情景分析!$D$6=1,$J14,IF(情景分析!$D$6=2,$E14,IF(情景分析!$D$6=4,IF($C14="银行间",$J14,$L14),$G14)))+AI$2/100,情景分析!$D$7,"",,,,"",)*IF($H14="",1,$H14)) | AJ14: =IF($A14="","",[2]!B_CALC_PRICE($A14,$AJ$1,IF(情景分析!$D$6=1,$J14,IF(情景分析!$D$6=2,$E14,IF(情景分析!$D$6=4,IF($C14="银行间",$J14,$L14),$G14)))+AJ$2/100,情景分析!$D$7,"",,,,"",)*IF($H14="",1,$H14)) | AK14: =IF($A14="","",[2]!B_CALC_PRICE($A14,$AJ$1,IF(情景分析!$D$6=1,$J14,IF(情景分析!$D$6=2,$E14,IF(情景分析!$D$6=4,IF($C14="银行间",$J14,$L14),$G14)))+AK$2/100,情景分析!$D$7,"",,,,"",)*IF($H14="",1,$H14)) | AL14: =IF($A14="","",[2]!B_CALC_PRICE($A14,$AJ$1,IF(情景分析!$D$6=1,$J14,IF(情景分析!$D$6=2,$E14,IF(情景分析!$D$6=4,IF($C14="银行间",$J14,$L14),$G14)))+AL$2/100,情景分析!$D$7,"",,,,"",)*IF($H14="",1,$H14)) | AM14: =IF($A14="","",[2]!B_CALC_PRICE($A14,$AJ$1,IF(情景分析!$D$6=1,$J14,IF(情景分析!$D$6=2,$E14,IF(情景分析!$D$6=4,IF($C14="银行间",$J14,$L14),$G14)))+AM$2/100,情景分析!$D$7,"",,,,"",)*IF($H14="",1,$H14)) | AN14: =IF($A14="","",[2]!B_CALC_PRICE($A14,$AJ$1,IF(情景分析!$D$6=1,$J14,IF(情景分析!$D$6=2,$E14,IF(情景分析!$D$6=4,IF($C14="银行间",$J14,$L14),$G14)))+AN$2/100,情景分析!$D$7,"",,,,"",)*IF($H14="",1,$H14)) | AO14: =IF($A14="","",[2]!B_CALC_PRICE($A14,$AJ$1,IF(情景分析!$D$6=1,$J14,IF(情景分析!$D$6=2,$E14,IF(情景分析!$D$6=4,IF($C14="银行间",$J14,$L14),$G14)))+AO$2/100,情景分析!$D$7,"",,,,"",)*IF($H14="",1,$H14)) | AP14: =IF($A14="","",[2]!B_CALC_PRICE($A14,$AJ$1,IF(情景分析!$D$6=1,$J14,IF(情景分析!$D$6=2,$E14,IF(情景分析!$D$6=4,IF($C14="银行间",$J14,$L14),$G14)))+AP$2/100,情景分析!$D$7,"",,,,"",)*IF($H14="",1,$H14)) | AQ14: =IF($A14="","",[2]!B_CALC_PRICE($A14,$AQ$1,IF(情景分析!$D$6=1,$J14,IF(情景分析!$D$6=2,$E14,IF(情景分析!$D$6=4,IF($C14="银行间",$J14,$L14),$G14)))+AQ$2/100,情景分析!$D$7,"",,,,"",)*IF($H14="",1,$H14)) | AR14: =IF($A14="","",[2]!B_CALC_PRICE($A14,$AQ$1,IF(情景分析!$D$6=1,$J14,IF(情景分析!$D$6=2,$E14,IF(情景分析!$D$6=4,IF($C14="银行间",$J14,$L14),$G14)))+AR$2/100,情景分析!$D$7,"",,,,"",)*IF($H14="",1,$H14)) | AS14: =IF($A14="","",[2]!B_CALC_PRICE($A14,$AQ$1,IF(情景分析!$D$6=1,$J14,IF(情景分析!$D$6=2,$E14,IF(情景分析!$D$6=4,IF($C14="银行间",$J14,$L14),$G14)))+AS$2/100,情景分析!$D$7,"",,,,"",)*IF($H14="",1,$H14)) | AT14: =IF($A14="","",[2]!B_CALC_PRICE($A14,$AQ$1,IF(情景分析!$D$6=1,$J14,IF(情景分析!$D$6=2,$E14,IF(情景分析!$D$6=4,IF($C14="银行间",$J14,$L14),$G14)))+AT$2/100,情景分析!$D$7,"",,,,"",)*IF($H14="",1,$H14)) | AU14: =IF($A14="","",[2]!B_CALC_PRICE($A14,$AQ$1,IF(情景分析!$D$6=1,$J14,IF(情景分析!$D$6=2,$E14,IF(情景分析!$D$6=4,IF($C14="银行间",$J14,$L14),$G14)))+AU$2/100,情景分析!$D$7,"",,,,"",)*IF($H14="",1,$H14)) | AV14: =IF($A14="","",[2]!B_CALC_PRICE($A14,$AQ$1,IF(情景分析!$D$6=1,$J14,IF(情景分析!$D$6=2,$E14,IF(情景分析!$D$6=4,IF($C14="银行间",$J14,$L14),$G14)))+AV$2/100,情景分析!$D$7,"",,,,"",)*IF($H14="",1,$H14)) | AW14: =IF($A14="","",[2]!B_CALC_PRICE($A14,$AQ$1,IF(情景分析!$D$6=1,$J14,IF(情景分析!$D$6=2,$E14,IF(情景分析!$D$6=4,IF($C14="银行间",$J14,$L14),$G14)))+AW$2/100,情景分析!$D$7,"",,,,"",)*IF($H14="",1,$H14))
B15: =IF(A15="","",[2]!b_info_name(A15)) | C15: =[2]!b_info_listedmkt(A15) -> #N/A | D15: =IFERROR(IF(A15="","", [2]!b_dq_avgprice(A15, 情景分析!$D$5, 情景分析!$D$7) * IF($H15="",1,$H15)),0) | E15: =IF(A15="","", N([2]!b_dq_avgprice(A15,情景分析!$D$5,3))) | F15: =IF($G15 = "", "", IFERROR( [2]!b_calc_pv(A15, 情景分析!$D$5,$G15, "1", 情景分析!$D$7), [2]!b_calc_pv(A15, 情景分析!$D$5,$G15, "2", 情景分析!$D$7) ) ) | I15: =IF(A15="","",IF(情景分析!$D$7=1,[2]!b_anal_net_cnbd(A15,情景分析!$D$5,1),[2]!b_anal_dirty_cnbd(A15,情景分析!$D$5,1))*IF($H15="",1,$H15)) | J15: =IF(A15="","",[2]!b_anal_yield_cnbd(A15,情景分析!$D$5,1)) | K15: =IF(A15="","",IF(情景分析!$D$7=1,[2]!b_anal_net_csi1(A15,情景分析!$D$5,1),[2]!b_anal_dirty_csi1(A15,情景分析!$D$5,1))*IF($H15="",1,$H15)) | L15: =IF(A15="","",[2]!b_anal_yield_csi1(A15,情景分析!$D$5,1)) | M15: =IF($C15="银行间",$I15,$K15) | N15: =IF($C15="银行间",$J15,$L15) | O15: =IF($A15="","",[2]!B_CALC_PRICE($A15,$O$1,IF(情景分析!$D$6=1,$J15,IF(情景分析!$D$6=2,$E15,IF(情景分析!$D$6=4,IF($C15="银行间",$J15,$L15),$G15)))+O$2/100,情景分析!$D$7,"",,,,"",)*IF($H15="",1,$H15)) | P15: =IF($A15="","",[2]!B_CALC_PRICE($A15,$O$1,IF(情景分析!$D$6=1,$J15,IF(情景分析!$D$6=2,$E15,IF(情景分析!$D$6=4,IF($C15="银行间",$J15,$L15),$G15)))+P$2/100,情景分析!$D$7,"",,,,"",)*IF($H15="",1,$H15)) | Q15: =IF($A15="","",[2]!B_CALC_PRICE($A15,$O$1,IF(情景分析!$D$6=1,$J15,IF(情景分析!$D$6=2,$E15,IF(情景分析!$D$6=4,IF($C15="银行间",$J15,$L15),$G15)))+Q$2/100,情景分析!$D$7,"",,,,"",)*IF($H15="",1,$H15)) | R15: =IF($A15="","",[2]!B_CALC_PRICE($A15,$O$1,IF(情景分析!$D$6=1,$J15,IF(情景分析!$D$6=2,$E15,IF(情景分析!$D$6=4,IF($C15="银行间",$J15,$L15),$G15)))+R$2/100,情景分析!$D$7,"",,,,"",)*IF($H15="",1,$H15)) | S15: =IF($A15="","",[2]!B_CALC_PRICE($A15,$O$1,IF(情景分析!$D$6=1,$J15,IF(情景分析!$D$6=2,$E15,IF(情景分析!$D$6=4,IF($C15="银行间",$J15,$L15),$G15)))+S$2/100,情景分析!$D$7,"",,,,"",)*IF($H15="",1,$H15)) | T15: =IF($A15="","",[2]!B_CALC_PRICE($A15,$O$1,IF(情景分析!$D$6=1,$J15,IF(情景分析!$D$6=2,$E15,IF(情景分析!$D$6=4,IF($C15="银行间",$J15,$L15),$G15)))+T$2/100,情景分析!$D$7,"",,,,"",)*IF($H15="",1,$H15)) | U15: =IF($A15="","",[2]!B_CALC_PRICE($A15,$O$1,IF(情景分析!$D$6=1,$J15,IF(情景分析!$D$6=2,$E15,IF(情景分析!$D$6=4,IF($C15="银行间",$J15,$L15),$G15)))+U$2/100,情景分析!$D$7,"",,,,"",)*IF($H15="",1,$H15)) | V15: =IF($A15="","",[2]!B_CALC_PRICE($A15,$V$1,IF(情景分析!$D$6=1,$J15,IF(情景分析!$D$6=2,$E15,IF(情景分析!$D$6=4,IF($C15="银行间",$J15,$L15),$G15)))+V$2/100,情景分析!$D$7,"",,,,"",)*IF($H15="",1,$H15)) | W15: =IF($A15="","",[2]!B_CALC_PRICE($A15,$V$1,IF(情景分析!$D$6=1,$J15,IF(情景分析!$D$6=2,$E15,IF(情景分析!$D$6=4,IF($C15="银行间",$J15,$L15),$G15)))+W$2/100,情景分析!$D$7,"",,,,"",)*IF($H15="",1,$H15)) | X15: =IF($A15="","",[2]!B_CALC_PRICE($A15,$V$1,IF(情景分析!$D$6=1,$J15,IF(情景分析!$D$6=2,$E15,IF(情景分析!$D$6=4,IF($C15="银行间",$J15,$L15),$G15)))+X$2/100,情景分析!$D$7,"",,,,"",)*IF($H15="",1,$H15)) | Y15: =IF($A15="","",[2]!B_CALC_PRICE($A15,$V$1,IF(情景分析!$D$6=1,$J15,IF(情景分析!$D$6=2,$E15,IF(情景分析!$D$6=4,IF($C15="银行间",$J15,$L15),$G15)))+Y$2/100,情景分析!$D$7,"",,,,"",)*IF($H15="",1,$H15)) | Z15: =IF($A15="","",[2]!B_CALC_PRICE($A15,$V$1,IF(情景分析!$D$6=1,$J15,IF(情景分析!$D$6=2,$E15,IF(情景分析!$D$6=4,IF($C15="银行间",$J15,$L15),$G15)))+Z$2/100,情景分析!$D$7,"",,,,"",)*IF($H15="",1,$H15)) | AA15: =IF($A15="","",[2]!B_CALC_PRICE($A15,$V$1,IF(情景分析!$D$6=1,$J15,IF(情景分析!$D$6=2,$E15,IF(情景分析!$D$6=4,IF($C15="银行间",$J15,$L15),$G15)))+AA$2/100,情景分析!$D$7,"",,,,"",)*IF($H15="",1,$H15)) | AB15: =IF($A15="","",[2]!B_CALC_PRICE($A15,$V$1,IF(情景分析!$D$6=1,$J15,IF(情景分析!$D$6=2,$E15,IF(情景分析!$D$6=4,IF($C15="银行间",$J15,$L15),$G15)))+AB$2/100,情景分析!$D$7,"",,,,"",)*IF($H15="",1,$H15)) | AC15: =IF($A15="","",[2]!B_CALC_PRICE($A15,$AC$1,IF(情景分析!$D$6=1,$J15,IF(情景分析!$D$6=2,$E15,IF(情景分析!$D$6=4,IF($C15="银行间",$J15,$L15),$G15)))+AC$2/100,情景分析!$D$7,"",,,,"",)*IF($H15="",1,$H15)) | AD15: =IF($A15="","",[2]!B_CALC_PRICE($A15,$AC$1,IF(情景分析!$D$6=1,$J15,IF(情景分析!$D$6=2,$E15,IF(情景分析!$D$6=4,IF($C15="银行间",$J15,$L15),$G15)))+AD$2/100,情景分析!$D$7,"",,,,"",)*IF($H15="",1,$H15)) | AE15: =IF($A15="","",[2]!B_CALC_PRICE($A15,$AC$1,IF(情景分析!$D$6=1,$J15,IF(情景分析!$D$6=2,$E15,IF(情景分析!$D$6=4,IF($C15="银行间",$J15,$L15),$G15)))+AE$2/100,情景分析!$D$7,"",,,,"",)*IF($H15="",1,$H15)) | AF15: =IF($A15="","",[2]!B_CALC_PRICE($A15,$AC$1,IF(情景分析!$D$6=1,$J15,IF(情景分析!$D$6=2,$E15,IF(情景分析!$D$6=4,IF($C15="银行间",$J15,$L15),$G15)))+AF$2/100,情景分析!$D$7,"",,,,"",)*IF($H15="",1,$H15)) | AG15: =IF($A15="","",[2]!B_CALC_PRICE($A15,$AC$1,IF(情景分析!$D$6=1,$J15,IF(情景分析!$D$6=2,$E15,IF(情景分析!$D$6=4,IF($C15="银行间",$J15,$L15),$G15)))+AG$2/100,情景分析!$D$7,"",,,,"",)*IF($H15="",1,$H15)) | AH15: =IF($A15="","",[2]!B_CALC_PRICE($A15,$AC$1,IF(情景分析!$D$6=1,$J15,IF(情景分析!$D$6=2,$E15,IF(情景分析!$D$6=4,IF($C15="银行间",$J15,$L15),$G15)))+AH$2/100,情景分析!$D$7,"",,,,"",)*IF($H15="",1,$H15)) | AI15: =IF($A15="","",[2]!B_CALC_PRICE($A15,$AC$1,IF(情景分析!$D$6=1,$J15,IF(情景分析!$D$6=2,$E15,IF(情景分析!$D$6=4,IF($C15="银行间",$J15,$L15),$G15)))+AI$2/100,情景分析!$D$7,"",,,,"",)*IF($H15="",1,$H15)) | AJ15: =IF($A15="","",[2]!B_CALC_PRICE($A15,$AJ$1,IF(情景分析!$D$6=1,$J15,IF(情景分析!$D$6=2,$E15,IF(情景分析!$D$6=4,IF($C15="银行间",$J15,$L15),$G15)))+AJ$2/100,情景分析!$D$7,"",,,,"",)*IF($H15="",1,$H15)) | AK15: =IF($A15="","",[2]!B_CALC_PRICE($A15,$AJ$1,IF(情景分析!$D$6=1,$J15,IF(情景分析!$D$6=2,$E15,IF(情景分析!$D$6=4,IF($C15="银行间",$J15,$L15),$G15)))+AK$2/100,情景分析!$D$7,"",,,,"",)*IF($H15="",1,$H15)) | AL15: =IF($A15="","",[2]!B_CALC_PRICE($A15,$AJ$1,IF(情景分析!$D$6=1,$J15,IF(情景分析!$D$6=2,$E15,IF(情景分析!$D$6=4,IF($C15="银行间",$J15,$L15),$G15)))+AL$2/100,情景分析!$D$7,"",,,,"",)*IF($H15="",1,$H15)) | AM15: =IF($A15="","",[2]!B_CALC_PRICE($A15,$AJ$1,IF(情景分析!$D$6=1,$J15,IF(情景分析!$D$6=2,$E15,IF(情景分析!$D$6=4,IF($C15="银行间",$J15,$L15),$G15)))+AM$2/100,情景分析!$D$7,"",,,,"",)*IF($H15="",1,$H15)) | AN15: =IF($A15="","",[2]!B_CALC_PRICE($A15,$AJ$1,IF(情景分析!$D$6=1,$J15,IF(情景分析!$D$6=2,$E15,IF(情景分析!$D$6=4,IF($C15="银行间",$J15,$L15),$G15)))+AN$2/100,情景分析!$D$7,"",,,,"",)*IF($H15="",1,$H15)) | AO15: =IF($A15="","",[2]!B_CALC_PRICE($A15,$AJ$1,IF(情景分析!$D$6=1,$J15,IF(情景分析!$D$6=2,$E15,IF(情景分析!$D$6=4,IF($C15="银行间",$J15,$L15),$G15)))+AO$2/100,情景分析!$D$7,"",,,,"",)*IF($H15="",1,$H15)) | AP15: =IF($A15="","",[2]!B_CALC_PRICE($A15,$AJ$1,IF(情景分析!$D$6=1,$J15,IF(情景分析!$D$6=2,$E15,IF(情景分析!$D$6=4,IF($C15="银行间",$J15,$L15),$G15)))+AP$2/100,情景分析!$D$7,"",,,,"",)*IF($H15="",1,$H15)) | AQ15: =IF($A15="","",[2]!B_CALC_PRICE($A15,$AQ$1,IF(情景分析!$D$6=1,$J15,IF(情景分析!$D$6=2,$E15,IF(情景分析!$D$6=4,IF($C15="银行间",$J15,$L15),$G15)))+AQ$2/100,情景分析!$D$7,"",,,,"",)*IF($H15="",1,$H15)) | AR15: =IF($A15="","",[2]!B_CALC_PRICE($A15,$AQ$1,IF(情景分析!$D$6=1,$J15,IF(情景分析!$D$6=2,$E15,IF(情景分析!$D$6=4,IF($C15="银行间",$J15,$L15),$G15)))+AR$2/100,情景分析!$D$7,"",,,,"",)*IF($H15="",1,$H15)) | AS15: =IF($A15="","",[2]!B_CALC_PRICE($A15,$AQ$1,IF(情景分析!$D$6=1,$J15,IF(情景分析!$D$6=2,$E15,IF(情景分析!$D$6=4,IF($C15="银行间",$J15,$L15),$G15)))+AS$2/100,情景分析!$D$7,"",,,,"",)*IF($H15="",1,$H15)) | AT15: =IF($A15="","",[2]!B_CALC_PRICE($A15,$AQ$1,IF(情景分析!$D$6=1,$J15,IF(情景分析!$D$6=2,$E15,IF(情景分析!$D$6=4,IF($C15="银行间",$J15,$L15),$G15)))+AT$2/100,情景分析!$D$7,"",,,,"",)*IF($H15="",1,$H15)) | AU15: =IF($A15="","",[2]!B_CALC_PRICE($A15,$AQ$1,IF(情景分析!$D$6=1,$J15,IF(情景分析!$D$6=2,$E15,IF(情景分析!$D$6=4,IF($C15="银行间",$J15,$L15),$G15)))+AU$2/100,情景分析!$D$7,"",,,,"",)*IF($H15="",1,$H15)) | AV15: =IF($A15="","",[2]!B_CALC_PRICE($A15,$AQ$1,IF(情景分析!$D$6=1,$J15,IF(情景分析!$D$6=2,$E15,IF(情景分析!$D$6=4,IF($C15="银行间",$J15,$L15),$G15)))+AV$2/100,情景分析!$D$7,"",,,,"",)*IF($H15="",1,$H15)) | AW15: =IF($A15="","",[2]!B_CALC_PRICE($A15,$AQ$1,IF(情景分析!$D$6=1,$J15,IF(情景分析!$D$6=2,$E15,IF(情景分析!$D$6=4,IF($C15="银行间",$J15,$L15),$G15)))+AW$2/100,情景分析!$D$7,"",,,,"",)*IF($H15="",1,$H15))
B16: =IF(A16="","",[2]!b_info_name(A16)) | C16: =[2]!b_info_listedmkt(A16) -> #N/A | D16: =IFERROR(IF(A16="","", [2]!b_dq_avgprice(A16, 情景分析!$D$5, 情景分析!$D$7) * IF($H16="",1,$H16)),0) | E16: =IF(A16="","", N([2]!b_dq_avgprice(A16,情景分析!$D$5,3))) | F16: =IF($G16 = "", "", IFERROR( [2]!b_calc_pv(A16, 情景分析!$D$5,$G16, "1", 情景分析!$D$7), [2]!b_calc_pv(A16, 情景分析!$D$5,$G16, "2", 情景分析!$D$7) ) ) | I16: =IF(A16="","",IF(情景分析!$D$7=1,[2]!b_anal_net_cnbd(A16,情景分析!$D$5,1),[2]!b_anal_dirty_cnbd(A16,情景分析!$D$5,1))*IF($H16="",1,$H16)) | J16: =IF(A16="","",[2]!b_anal_yield_cnbd(A16,情景分析!$D$5,1)) | K16: =IF(A16="","",IF(情景分析!$D$7=1,[2]!b_anal_net_csi1(A16,情景分析!$D$5,1),[2]!b_anal_dirty_csi1(A16,情景分析!$D$5,1))*IF($H16="",1,$H16)) | L16: =IF(A16="","",[2]!b_anal_yield_csi1(A16,情景分析!$D$5,1)) | M16: =IF($C16="银行间",$I16,$K16) | N16: =IF($C16="银行间",$J16,$L16) | O16: =IF($A16="","",[2]!B_CALC_PRICE($A16,$O$1,IF(情景分析!$D$6=1,$J16,IF(情景分析!$D$6=2,$E16,IF(情景分析!$D$6=4,IF($C16="银行间",$J16,$L16),$G16)))+O$2/100,情景分析!$D$7,"",,,,"",)*IF($H16="",1,$H16)) | P16: =IF($A16="","",[2]!B_CALC_PRICE($A16,$O$1,IF(情景分析!$D$6=1,$J16,IF(情景分析!$D$6=2,$E16,IF(情景分析!$D$6=4,IF($C16="银行间",$J16,$L16),$G16)))+P$2/100,情景分析!$D$7,"",,,,"",)*IF($H16="",1,$H16)) | Q16: =IF($A16="","",[2]!B_CALC_PRICE($A16,$O$1,IF(情景分析!$D$6=1,$J16,IF(情景分析!$D$6=2,$E16,IF(情景分析!$D$6=4,IF($C16="银行间",$J16,$L16),$G16)))+Q$2/100,情景分析!$D$7,"",,,,"",)*IF($H16="",1,$H16)) | R16: =IF($A16="","",[2]!B_CALC_PRICE($A16,$O$1,IF(情景分析!$D$6=1,$J16,IF(情景分析!$D$6=2,$E16,IF(情景分析!$D$6=4,IF($C16="银行间",$J16,$L16),$G16)))+R$2/100,情景分析!$D$7,"",,,,"",)*IF($H16="",1,$H16)) | S16: =IF($A16="","",[2]!B_CALC_PRICE($A16,$O$1,IF(情景分析!$D$6=1,$J16,IF(情景分析!$D$6=2,$E16,IF(情景分析!$D$6=4,IF($C16="银行间",$J16,$L16),$G16)))+S$2/100,情景分析!$D$7,"",,,,"",)*IF($H16="",1,$H16)) | T16: =IF($A16="","",[2]!B_CALC_PRICE($A16,$O$1,IF(情景分析!$D$6=1,$J16,IF(情景分析!$D$6=2,$E16,IF(情景分析!$D$6=4,IF($C16="银行间",$J16,$L16),$G16)))+T$2/100,情景分析!$D$7,"",,,,"",)*IF($H16="",1,$H16)) | U16: =IF($A16="","",[2]!B_CALC_PRICE($A16,$O$1,IF(情景分析!$D$6=1,$J16,IF(情景分析!$D$6=2,$E16,IF(情景分析!$D$6=4,IF($C16="银行间",$J16,$L16),$G16)))+U$2/100,情景分析!$D$7,"",,,,"",)*IF($H16="",1,$H16)) | V16: =IF($A16="","",[2]!B_CALC_PRICE($A16,$V$1,IF(情景分析!$D$6=1,$J16,IF(情景分析!$D$6=2,$E16,IF(情景分析!$D$6=4,IF($C16="银行间",$J16,$L16),$G16)))+V$2/100,情景分析!$D$7,"",,,,"",)*IF($H16="",1,$H16)) | W16: =IF($A16="","",[2]!B_CALC_PRICE($A16,$V$1,IF(情景分析!$D$6=1,$J16,IF(情景分析!$D$6=2,$E16,IF(情景分析!$D$6=4,IF($C16="银行间",$J16,$L16),$G16)))+W$2/100,情景分析!$D$7,"",,,,"",)*IF($H16="",1,$H16)) | X16: =IF($A16="","",[2]!B_CALC_PRICE($A16,$V$1,IF(情景分析!$D$6=1,$J16,IF(情景分析!$D$6=2,$E16,IF(情景分析!$D$6=4,IF($C16="银行间",$J16,$L16),$G16)))+X$2/100,情景分析!$D$7,"",,,,"",)*IF($H16="",1,$H16)) | Y16: =IF($A16="","",[2]!B_CALC_PRICE($A16,$V$1,IF(情景分析!$D$6=1,$J16,IF(情景分析!$D$6=2,$E16,IF(情景分析!$D$6=4,IF($C16="银行间",$J16,$L16),$G16)))+Y$2/100,情景分析!$D$7,"",,,,"",)*IF($H16="",1,$H16)) | Z16: =IF($A16="","",[2]!B_CALC_PRICE($A16,$V$1,IF(情景分析!$D$6=1,$J16,IF(情景分析!$D$6=2,$E16,IF(情景分析!$D$6=4,IF($C16="银行间",$J16,$L16),$G16)))+Z$2/100,情景分析!$D$7,"",,,,"",)*IF($H16="",1,$H16)) | AA16: =IF($A16="","",[2]!B_CALC_PRICE($A16,$V$1,IF(情景分析!$D$6=1,$J16,IF(情景分析!$D$6=2,$E16,IF(情景分析!$D$6=4,IF($C16="银行间",$J16,$L16),$G16)))+AA$2/100,情景分析!$D$7,"",,,,"",)*IF($H16="",1,$H16)) | AB16: =IF($A16="","",[2]!B_CALC_PRICE($A16,$V$1,IF(情景分析!$D$6=1,$J16,IF(情景分析!$D$6=2,$E16,IF(情景分析!$D$6=4,IF($C16="银行间",$J16,$L16),$G16)))+AB$2/100,情景分析!$D$7,"",,,,"",)*IF($H16="",1,$H16)) | AC16: =IF($A16="","",[2]!B_CALC_PRICE($A16,$AC$1,IF(情景分析!$D$6=1,$J16,IF(情景分析!$D$6=2,$E16,IF(情景分析!$D$6=4,IF($C16="银行间",$J16,$L16),$G16)))+AC$2/100,情景分析!$D$7,"",,,,"",)*IF($H16="",1,$H16)) | AD16: =IF($A16="","",[2]!B_CALC_PRICE($A16,$AC$1,IF(情景分析!$D$6=1,$J16,IF(情景分析!$D$6=2,$E16,IF(情景分析!$D$6=4,IF($C16="银行间",$J16,$L16),$G16)))+AD$2/100,情景分析!$D$7,"",,,,"",)*IF($H16="",1,$H16)) | AE16: =IF($A16="","",[2]!B_CALC_PRICE($A16,$AC$1,IF(情景分析!$D$6=1,$J16,IF(情景分析!$D$6=2,$E16,IF(情景分析!$D$6=4,IF($C16="银行间",$J16,$L16),$G16)))+AE$2/100,情景分析!$D$7,"",,,,"",)*IF($H16="",1,$H16)) | AF16: =IF($A16="","",[2]!B_CALC_PRICE($A16,$AC$1,IF(情景分析!$D$6=1,$J16,IF(情景分析!$D$6=2,$E16,IF(情景分析!$D$6=4,IF($C16="银行间",$J16,$L16),$G16)))+AF$2/100,情景分析!$D$7,"",,,,"",)*IF($H16="",1,$H16)) | AG16: =IF($A16="","",[2]!B_CALC_PRICE($A16,$AC$1,IF(情景分析!$D$6=1,$J16,IF(情景分析!$D$6=2,$E16,IF(情景分析!$D$6=4,IF($C16="银行间",$J16,$L16),$G16)))+AG$2/100,情景分析!$D$7,"",,,,"",)*IF($H16="",1,$H16)) | AH16: =IF($A16="","",[2]!B_CALC_PRICE($A16,$AC$1,IF(情景分析!$D$6=1,$J16,IF(情景分析!$D$6=2,$E16,IF(情景分析!$D$6=4,IF($C16="银行间",$J16,$L16),$G16)))+AH$2/100,情景分析!$D$7,"",,,,"",)*IF($H16="",1,$H16)) | AI16: =IF($A16="","",[2]!B_CALC_PRICE($A16,$AC$1,IF(情景分析!$D$6=1,$J16,IF(情景分析!$D$6=2,$E16,IF(情景分析!$D$6=4,IF($C16="银行间",$J16,$L16),$G16)))+AI$2/100,情景分析!$D$7,"",,,,"",)*IF($H16="",1,$H16)) | AJ16: =IF($A16="","",[2]!B_CALC_PRICE($A16,$AJ$1,IF(情景分析!$D$6=1,$J16,IF(情景分析!$D$6=2,$E16,IF(情景分析!$D$6=4,IF($C16="银行间",$J16,$L16),$G16)))+AJ$2/100,情景分析!$D$7,"",,,,"",)*IF($H16="",1,$H16)) | AK16: =IF($A16="","",[2]!B_CALC_PRICE($A16,$AJ$1,IF(情景分析!$D$6=1,$J16,IF(情景分析!$D$6=2,$E16,IF(情景分析!$D$6=4,IF($C16="银行间",$J16,$L16),$G16)))+AK$2/100,情景分析!$D$7,"",,,,"",)*IF($H16="",1,$H16)) | AL16: =IF($A16="","",[2]!B_CALC_PRICE($A16,$AJ$1,IF(情景分析!$D$6=1,$J16,IF(情景分析!$D$6=2,$E16,IF(情景分析!$D$6=4,IF($C16="银行间",$J16,$L16),$G16)))+AL$2/100,情景分析!$D$7,"",,,,"",)*IF($H16="",1,$H16)) | AM16: =IF($A16="","",[2]!B_CALC_PRICE($A16,$AJ$1,IF(情景分析!$D$6=1,$J16,IF(情景分析!$D$6=2,$E16,IF(情景分析!$D$6=4,IF($C16="银行间",$J16,$L16),$G16)))+AM$2/100,情景分析!$D$7,"",,,,"",)*IF($H16="",1,$H16)) | AN16: =IF($A16="","",[2]!B_CALC_PRICE($A16,$AJ$1,IF(情景分析!$D$6=1,$J16,IF(情景分析!$D$6=2,$E16,IF(情景分析!$D$6=4,IF($C16="银行间",$J16,$L16),$G16)))+AN$2/100,情景分析!$D$7,"",,,,"",)*IF($H16="",1,$H16)) | AO16: =IF($A16="","",[2]!B_CALC_PRICE($A16,$AJ$1,IF(情景分析!$D$6=1,$J16,IF(情景分析!$D$6=2,$E16,IF(情景分析!$D$6=4,IF($C16="银行间",$J16,$L16),$G16)))+AO$2/100,情景分析!$D$7,"",,,,"",)*IF($H16="",1,$H16)) | AP16: =IF($A16="","",[2]!B_CALC_PRICE($A16,$AJ$1,IF(情景分析!$D$6=1,$J16,IF(情景分析!$D$6=2,$E16,IF(情景分析!$D$6=4,IF($C16="银行间",$J16,$L16),$G16)))+AP$2/100,情景分析!$D$7,"",,,,"",)*IF($H16="",1,$H16)) | AQ16: =IF($A16="","",[2]!B_CALC_PRICE($A16,$AQ$1,IF(情景分析!$D$6=1,$J16,IF(情景分析!$D$6=2,$E16,IF(情景分析!$D$6=4,IF($C16="银行间",$J16,$L16),$G16)))+AQ$2/100,情景分析!$D$7,"",,,,"",)*IF($H16="",1,$H16)) | AR16: =IF($A16="","",[2]!B_CALC_PRICE($A16,$AQ$1,IF(情景分析!$D$6=1,$J16,IF(情景分析!$D$6=2,$E16,IF(情景分析!$D$6=4,IF($C16="银行间",$J16,$L16),$G16)))+AR$2/100,情景分析!$D$7,"",,,,"",)*IF($H16="",1,$H16)) | AS16: =IF($A16="","",[2]!B_CALC_PRICE($A16,$AQ$1,IF(情景分析!$D$6=1,$J16,IF(情景分析!$D$6=2,$E16,IF(情景分析!$D$6=4,IF($C16="银行间",$J16,$L16),$G16)))+AS$2/100,情景分析!$D$7,"",,,,"",)*IF($H16="",1,$H16)) | AT16: =IF($A16="","",[2]!B_CALC_PRICE($A16,$AQ$1,IF(情景分析!$D$6=1,$J16,IF(情景分析!$D$6=2,$E16,IF(情景分析!$D$6=4,IF($C16="银行间",$J16,$L16),$G16)))+AT$2/100,情景分析!$D$7,"",,,,"",)*IF($H16="",1,$H16)) | AU16: =IF($A16="","",[2]!B_CALC_PRICE($A16,$AQ$1,IF(情景分析!$D$6=1,$J16,IF(情景分析!$D$6=2,$E16,IF(情景分析!$D$6=4,IF($C16="银行间",$J16,$L16),$G16)))+AU$2/100,情景分析!$D$7,"",,,,"",)*IF($H16="",1,$H16)) | AV16: =IF($A16="","",[2]!B_CALC_PRICE($A16,$AQ$1,IF(情景分析!$D$6=1,$J16,IF(情景分析!$D$6=2,$E16,IF(情景分析!$D$6=4,IF($C16="银行间",$J16,$L16),$G16)))+AV$2/100,情景分析!$D$7,"",,,,"",)*IF($H16="",1,$H16)) | AW16: =IF($A16="","",[2]!B_CALC_PRICE($A16,$AQ$1,IF(情景分析!$D$6=1,$J16,IF(情景分析!$D$6=2,$E16,IF(情景分析!$D$6=4,IF($C16="银行间",$J16,$L16),$G16)))+AW$2/100,情景分析!$D$7,"",,,,"",)*IF($H16="",1,$H16))
B17: =IF(A17="","",[2]!b_info_name(A17)) | C17: =[2]!b_info_listedmkt(A17) -> #N/A | D17: =IFERROR(IF(A17="","", [2]!b_dq_avgprice(A17, 情景分析!$D$5, 情景分析!$D$7) * IF($H17="",1,$H17)),0) | E17: =IF(A17="","", N([2]!b_dq_avgprice(A17,情景分析!$D$5,3))) | F17: =IF($G17 = "", "", IFERROR( [2]!b_calc_pv(A17, 情景分析!$D$5,$G17, "1", 情景分析!$D$7), [2]!b_calc_pv(A17, 情景分析!$D$5,$G17, "2", 情景分析!$D$7) ) ) | I17: =IF(A17="","",IF(情景分析!$D$7=1,[2]!b_anal_net_cnbd(A17,情景分析!$D$5,1),[2]!b_anal_dirty_cnbd(A17,情景分析!$D$5,1))*IF($H17="",1,$H17)) | J17: =IF(A17="","",[2]!b_anal_yield_cnbd(A17,情景分析!$D$5,1)) | K17: =IF(A17="","",IF(情景分析!$D$7=1,[2]!b_anal_net_csi1(A17,情景分析!$D$5,1),[2]!b_anal_dirty_csi1(A17,情景分析!$D$5,1))*IF($H17="",1,$H17)) | L17: =IF(A17="","",[2]!b_anal_yield_csi1(A17,情景分析!$D$5,1)) | M17: =IF($C17="银行间",$I17,$K17) | N17: =IF($C17="银行间",$J17,$L17) | O17: =IF($A17="","",[2]!B_CALC_PRICE($A17,$O$1,IF(情景分析!$D$6=1,$J17,IF(情景分析!$D$6=2,$E17,IF(情景分析!$D$6=4,IF($C17="银行间",$J17,$L17),$G17)))+O$2/100,情景分析!$D$7,"",,,,"",)*IF($H17="",1,$H17)) | P17: =IF($A17="","",[2]!B_CALC_PRICE($A17,$O$1,IF(情景分析!$D$6=1,$J17,IF(情景分析!$D$6=2,$E17,IF(情景分析!$D$6=4,IF($C17="银行间",$J17,$L17),$G17)))+P$2/100,情景分析!$D$7,"",,,,"",)*IF($H17="",1,$H17)) | Q17: =IF($A17="","",[2]!B_CALC_PRICE($A17,$O$1,IF(情景分析!$D$6=1,$J17,IF(情景分析!$D$6=2,$E17,IF(情景分析!$D$6=4,IF($C17="银行间",$J17,$L17),$G17)))+Q$2/100,情景分析!$D$7,"",,,,"",)*IF($H17="",1,$H17)) | R17: =IF($A17="","",[2]!B_CALC_PRICE($A17,$O$1,IF(情景分析!$D$6=1,$J17,IF(情景分析!$D$6=2,$E17,IF(情景分析!$D$6=4,IF($C17="银行间",$J17,$L17),$G17)))+R$2/100,情景分析!$D$7,"",,,,"",)*IF($H17="",1,$H17)) | S17: =IF($A17="","",[2]!B_CALC_PRICE($A17,$O$1,IF(情景分析!$D$6=1,$J17,IF(情景分析!$D$6=2,$E17,IF(情景分析!$D$6=4,IF($C17="银行间",$J17,$L17),$G17)))+S$2/100,情景分析!$D$7,"",,,,"",)*IF($H17="",1,$H17)) | T17: =IF($A17="","",[2]!B_CALC_PRICE($A17,$O$1,IF(情景分析!$D$6=1,$J17,IF(情景分析!$D$6=2,$E17,IF(情景分析!$D$6=4,IF($C17="银行间",$J17,$L17),$G17)))+T$2/100,情景分析!$D$7,"",,,,"",)*IF($H17="",1,$H17)) | U17: =IF($A17="","",[2]!B_CALC_PRICE($A17,$O$1,IF(情景分析!$D$6=1,$J17,IF(情景分析!$D$6=2,$E17,IF(情景分析!$D$6=4,IF($C17="银行间",$J17,$L17),$G17)))+U$2/100,情景分析!$D$7,"",,,,"",)*IF($H17="",1,$H17)) | V17: =IF($A17="","",[2]!B_CALC_PRICE($A17,$V$1,IF(情景分析!$D$6=1,$J17,IF(情景分析!$D$6=2,$E17,IF(情景分析!$D$6=4,IF($C17="银行间",$J17,$L17),$G17)))+V$2/100,情景分析!$D$7,"",,,,"",)*IF($H17="",1,$H17)) | W17: =IF($A17="","",[2]!B_CALC_PRICE($A17,$V$1,IF(情景分析!$D$6=1,$J17,IF(情景分析!$D$6=2,$E17,IF(情景分析!$D$6=4,IF($C17="银行间",$J17,$L17),$G17)))+W$2/100,情景分析!$D$7,"",,,,"",)*IF($H17="",1,$H17)) | X17: =IF($A17="","",[2]!B_CALC_PRICE($A17,$V$1,IF(情景分析!$D$6=1,$J17,IF(情景分析!$D$6=2,$E17,IF(情景分析!$D$6=4,IF($C17="银行间",$J17,$L17),$G17)))+X$2/100,情景分析!$D$7,"",,,,"",)*IF($H17="",1,$H17)) | Y17: =IF($A17="","",[2]!B_CALC_PRICE($A17,$V$1,IF(情景分析!$D$6=1,$J17,IF(情景分析!$D$6=2,$E17,IF(情景分析!$D$6=4,IF($C17="银行间",$J17,$L17),$G17)))+Y$2/100,情景分析!$D$7,"",,,,"",)*IF($H17="",1,$H17)) | Z17: =IF($A17="","",[2]!B_CALC_PRICE($A17,$V$1,IF(情景分析!$D$6=1,$J17,IF(情景分析!$D$6=2,$E17,IF(情景分析!$D$6=4,IF($C17="银行间",$J17,$L17),$G17)))+Z$2/100,情景分析!$D$7,"",,,,"",)*IF($H17="",1,$H17)) | AA17: =IF($A17="","",[2]!B_CALC_PRICE($A17,$V$1,IF(情景分析!$D$6=1,$J17,IF(情景分析!$D$6=2,$E17,IF(情景分析!$D$6=4,IF($C17="银行间",$J17,$L17),$G17)))+AA$2/100,情景分析!$D$7,"",,,,"",)*IF($H17="",1,$H17)) | AB17: =IF($A17="","",[2]!B_CALC_PRICE($A17,$V$1,IF(情景分析!$D$6=1,$J17,IF(情景分析!$D$6=2,$E17,IF(情景分析!$D$6=4,IF($C17="银行间",$J17,$L17),$G17)))+AB$2/100,情景分析!$D$7,"",,,,"",)*IF($H17="",1,$H17)) | AC17: =IF($A17="","",[2]!B_CALC_PRICE($A17,$AC$1,IF(情景分析!$D$6=1,$J17,IF(情景分析!$D$6=2,$E17,IF(情景分析!$D$6=4,IF($C17="银行间",$J17,$L17),$G17)))+AC$2/100,情景分析!$D$7,"",,,,"",)*IF($H17="",1,$H17)) | AD17: =IF($A17="","",[2]!B_CALC_PRICE($A17,$AC$1,IF(情景分析!$D$6=1,$J17,IF(情景分析!$D$6=2,$E17,IF(情景分析!$D$6=4,IF($C17="银行间",$J17,$L17),$G17)))+AD$2/100,情景分析!$D$7,"",,,,"",)*IF($H17="",1,$H17)) | AE17: =IF($A17="","",[2]!B_CALC_PRICE($A17,$AC$1,IF(情景分析!$D$6=1,$J17,IF(情景分析!$D$6=2,$E17,IF(情景分析!$D$6=4,IF($C17="银行间",$J17,$L17),$G17)))+AE$2/100,情景分析!$D$7,"",,,,"",)*IF($H17="",1,$H17)) | AF17: =IF($A17="","",[2]!B_CALC_PRICE($A17,$AC$1,IF(情景分析!$D$6=1,$J17,IF(情景分析!$D$6=2,$E17,IF(情景分析!$D$6=4,IF($C17="银行间",$J17,$L17),$G17)))+AF$2/100,情景分析!$D$7,"",,,,"",)*IF($H17="",1,$H17)) | AG17: =IF($A17="","",[2]!B_CALC_PRICE($A17,$AC$1,IF(情景分析!$D$6=1,$J17,IF(情景分析!$D$6=2,$E17,IF(情景分析!$D$6=4,IF($C17="银行间",$J17,$L17),$G17)))+AG$2/100,情景分析!$D$7,"",,,,"",)*IF($H17="",1,$H17)) | AH17: =IF($A17="","",[2]!B_CALC_PRICE($A17,$AC$1,IF(情景分析!$D$6=1,$J17,IF(情景分析!$D$6=2,$E17,IF(情景分析!$D$6=4,IF($C17="银行间",$J17,$L17),$G17)))+AH$2/100,情景分析!$D$7,"",,,,"",)*IF($H17="",1,$H17)) | AI17: =IF($A17="","",[2]!B_CALC_PRICE($A17,$AC$1,IF(情景分析!$D$6=1,$J17,IF(情景分析!$D$6=2,$E17,IF(情景分析!$D$6=4,IF($C17="银行间",$J17,$L17),$G17)))+AI$2/100,情景分析!$D$7,"",,,,"",)*IF($H17="",1,$H17)) | AJ17: =IF($A17="","",[2]!B_CALC_PRICE($A17,$AJ$1,IF(情景分析!$D$6=1,$J17,IF(情景分析!$D$6=2,$E17,IF(情景分析!$D$6=4,IF($C17="银行间",$J17,$L17),$G17)))+AJ$2/100,情景分析!$D$7,"",,,,"",)*IF($H17="",1,$H17)) | AK17: =IF($A17="","",[2]!B_CALC_PRICE($A17,$AJ$1,IF(情景分析!$D$6=1,$J17,IF(情景分析!$D$6=2,$E17,IF(情景分析!$D$6=4,IF($C17="银行间",$J17,$L17),$G17)))+AK$2/100,情景分析!$D$7,"",,,,"",)*IF($H17="",1,$H17)) | AL17: =IF($A17="","",[2]!B_CALC_PRICE($A17,$AJ$1,IF(情景分析!$D$6=1,$J17,IF(情景分析!$D$6=2,$E17,IF(情景分析!$D$6=4,IF($C17="银行间",$J17,$L17),$G17)))+AL$2/100,情景分析!$D$7,"",,,,"",)*IF($H17="",1,$H17)) | AM17: =IF($A17="","",[2]!B_CALC_PRICE($A17,$AJ$1,IF(情景分析!$D$6=1,$J17,IF(情景分析!$D$6=2,$E17,IF(情景分析!$D$6=4,IF($C17="银行间",$J17,$L17),$G17)))+AM$2/100,情景分析!$D$7,"",,,,"",)*IF($H17="",1,$H17)) | AN17: =IF($A17="","",[2]!B_CALC_PRICE($A17,$AJ$1,IF(情景分析!$D$6=1,$J17,IF(情景分析!$D$6=2,$E17,IF(情景分析!$D$6=4,IF($C17="银行间",$J17,$L17),$G17)))+AN$2/100,情景分析!$D$7,"",,,,"",)*IF($H17="",1,$H17)) | AO17: =IF($A17="","",[2]!B_CALC_PRICE($A17,$AJ$1,IF(情景分析!$D$6=1,$J17,IF(情景分析!$D$6=2,$E17,IF(情景分析!$D$6=4,IF($C17="银行间",$J17,$L17),$G17)))+AO$2/100,情景分析!$D$7,"",,,,"",)*IF($H17="",1,$H17)) | AP17: =IF($A17="","",[2]!B_CALC_PRICE($A17,$AJ$1,IF(情景分析!$D$6=1,$J17,IF(情景分析!$D$6=2,$E17,IF(情景分析!$D$6=4,IF($C17="银行间",$J17,$L17),$G17)))+AP$2/100,情景分析!$D$7,"",,,,"",)*IF($H17="",1,$H17)) | AQ17: =IF($A17="","",[2]!B_CALC_PRICE($A17,$AQ$1,IF(情景分析!$D$6=1,$J17,IF(情景分析!$D$6=2,$E17,IF(情景分析!$D$6=4,IF($C17="银行间",$J17,$L17),$G17)))+AQ$2/100,情景分析!$D$7,"",,,,"",)*IF($H17="",1,$H17)) | AR17: =IF($A17="","",[2]!B_CALC_PRICE($A17,$AQ$1,IF(情景分析!$D$6=1,$J17,IF(情景分析!$D$6=2,$E17,IF(情景分析!$D$6=4,IF($C17="银行间",$J17,$L17),$G17)))+AR$2/100,情景分析!$D$7,"",,,,"",)*IF($H17="",1,$H17)) | AS17: =IF($A17="","",[2]!B_CALC_PRICE($A17,$AQ$1,IF(情景分析!$D$6=1,$J17,IF(情景分析!$D$6=2,$E17,IF(情景分析!$D$6=4,IF($C17="银行间",$J17,$L17),$G17)))+AS$2/100,情景分析!$D$7,"",,,,"",)*IF($H17="",1,$H17)) | AT17: =IF($A17="","",[2]!B_CALC_PRICE($A17,$AQ$1,IF(情景分析!$D$6=1,$J17,IF(情景分析!$D$6=2,$E17,IF(情景分析!$D$6=4,IF($C17="银行间",$J17,$L17),$G17)))+AT$2/100,情景分析!$D$7,"",,,,"",)*IF($H17="",1,$H17)) | AU17: =IF($A17="","",[2]!B_CALC_PRICE($A17,$AQ$1,IF(情景分析!$D$6=1,$J17,IF(情景分析!$D$6=2,$E17,IF(情景分析!$D$6=4,IF($C17="银行间",$J17,$L17),$G17)))+AU$2/100,情景分析!$D$7,"",,,,"",)*IF($H17="",1,$H17)) | AV17: =IF($A17="","",[2]!B_CALC_PRICE($A17,$AQ$1,IF(情景分析!$D$6=1,$J17,IF(情景分析!$D$6=2,$E17,IF(情景分析!$D$6=4,IF($C17="银行间",$J17,$L17),$G17)))+AV$2/100,情景分析!$D$7,"",,,,"",)*IF($H17="",1,$H17)) | AW17: =IF($A17="","",[2]!B_CALC_PRICE($A17,$AQ$1,IF(情景分析!$D$6=1,$J17,IF(情景分析!$D$6=2,$E17,IF(情景分析!$D$6=4,IF($C17="银行间",$J17,$L17),$G17)))+AW$2/100,情景分析!$D$7,"",,,,"",)*IF($H17="",1,$H17))
B18: =IF(A18="","",[2]!b_info_name(A18)) | C18: =[2]!b_info_listedmkt(A18) -> #N/A | D18: =IFERROR(IF(A18="","", [2]!b_dq_avgprice(A18, 情景分析!$D$5, 情景分析!$D$7) * IF($H18="",1,$H18)),0) | E18: =IF(A18="","", N([2]!b_dq_avgprice(A18,情景分析!$D$5,3))) | F18: =IF($G18 = "", "", IFERROR( [2]!b_calc_pv(A18, 情景分析!$D$5,$G18, "1", 情景分析!$D$7), [2]!b_calc_pv(A18, 情景分析!$D$5,$G18, "2", 情景分析!$D$7) ) ) | I18: =IF(A18="","",IF(情景分析!$D$7=1,[2]!b_anal_net_cnbd(A18,情景分析!$D$5,1),[2]!b_anal_dirty_cnbd(A18,情景分析!$D$5,1))*IF($H18="",1,$H18)) | J18: =IF(A18="","",[2]!b_anal_yield_cnbd(A18,情景分析!$D$5,1)) | K18: =IF(A18="","",IF(情景分析!$D$7=1,[2]!b_anal_net_csi1(A18,情景分析!$D$5,1),[2]!b_anal_dirty_csi1(A18,情景分析!$D$5,1))*IF($H18="",1,$H18)) | L18: =IF(A18="","",[2]!b_anal_yield_csi1(A18,情景分析!$D$5,1)) | M18: =IF($C18="银行间",$I18,$K18) | N18: =IF($C18="银行间",$J18,$L18) | O18: =IF($A18="","",[2]!B_CALC_PRICE($A18,$O$1,IF(情景分析!$D$6=1,$J18,IF(情景分析!$D$6=2,$E18,IF(情景分析!$D$6=4,IF($C18="银行间",$J18,$L18),$G18)))+O$2/100,情景分析!$D$7,"",,,,"",)*IF($H18="",1,$H18)) | P18: =IF($A18="","",[2]!B_CALC_PRICE($A18,$O$1,IF(情景分析!$D$6=1,$J18,IF(情景分析!$D$6=2,$E18,IF(情景分析!$D$6=4,IF($C18="银行间",$J18,$L18),$G18)))+P$2/100,情景分析!$D$7,"",,,,"",)*IF($H18="",1,$H18)) | Q18: =IF($A18="","",[2]!B_CALC_PRICE($A18,$O$1,IF(情景分析!$D$6=1,$J18,IF(情景分析!$D$6=2,$E18,IF(情景分析!$D$6=4,IF($C18="银行间",$J18,$L18),$G18)))+Q$2/100,情景分析!$D$7,"",,,,"",)*IF($H18="",1,$H18)) | R18: =IF($A18="","",[2]!B_CALC_PRICE($A18,$O$1,IF(情景分析!$D$6=1,$J18,IF(情景分析!$D$6=2,$E18,IF(情景分析!$D$6=4,IF($C18="银行间",$J18,$L18),$G18)))+R$2/100,情景分析!$D$7,"",,,,"",)*IF($H18="",1,$H18)) | S18: =IF($A18="","",[2]!B_CALC_PRICE($A18,$O$1,IF(情景分析!$D$6=1,$J18,IF(情景分析!$D$6=2,$E18,IF(情景分析!$D$6=4,IF($C18="银行间",$J18,$L18),$G18)))+S$2/100,情景分析!$D$7,"",,,,"",)*IF($H18="",1,$H18)) | T18: =IF($A18="","",[2]!B_CALC_PRICE($A18,$O$1,IF(情景分析!$D$6=1,$J18,IF(情景分析!$D$6=2,$E18,IF(情景分析!$D$6=4,IF($C18="银行间",$J18,$L18),$G18)))+T$2/100,情景分析!$D$7,"",,,,"",)*IF($H18="",1,$H18)) | U18: =IF($A18="","",[2]!B_CALC_PRICE($A18,$O$1,IF(情景分析!$D$6=1,$J18,IF(情景分析!$D$6=2,$E18,IF(情景分析!$D$6=4,IF($C18="银行间",$J18,$L18),$G18)))+U$2/100,情景分析!$D$7,"",,,,"",)*IF($H18="",1,$H18)) | V18: =IF($A18="","",[2]!B_CALC_PRICE($A18,$V$1,IF(情景分析!$D$6=1,$J18,IF(情景分析!$D$6=2,$E18,IF(情景分析!$D$6=4,IF($C18="银行间",$J18,$L18),$G18)))+V$2/100,情景分析!$D$7,"",,,,"",)*IF($H18="",1,$H18)) | W18: =IF($A18="","",[2]!B_CALC_PRICE($A18,$V$1,IF(情景分析!$D$6=1,$J18,IF(情景分析!$D$6=2,$E18,IF(情景分析!$D$6=4,IF($C18="银行间",$J18,$L18),$G18)))+W$2/100,情景分析!$D$7,"",,,,"",)*IF($H18="",1,$H18)) | X18: =IF($A18="","",[2]!B_CALC_PRICE($A18,$V$1,IF(情景分析!$D$6=1,$J18,IF(情景分析!$D$6=2,$E18,IF(情景分析!$D$6=4,IF($C18="银行间",$J18,$L18),$G18)))+X$2/100,情景分析!$D$7,"",,,,"",)*IF($H18="",1,$H18)) | Y18: =IF($A18="","",[2]!B_CALC_PRICE($A18,$V$1,IF(情景分析!$D$6=1,$J18,IF(情景分析!$D$6=2,$E18,IF(情景分析!$D$6=4,IF($C18="银行间",$J18,$L18),$G18)))+Y$2/100,情景分析!$D$7,"",,,,"",)*IF($H18="",1,$H18)) | Z18: =IF($A18="","",[2]!B_CALC_PRICE($A18,$V$1,IF(情景分析!$D$6=1,$J18,IF(情景分析!$D$6=2,$E18,IF(情景分析!$D$6=4,IF($C18="银行间",$J18,$L18),$G18)))+Z$2/100,情景分析!$D$7,"",,,,"",)*IF($H18="",1,$H18)) | AA18: =IF($A18="","",[2]!B_CALC_PRICE($A18,$V$1,IF(情景分析!$D$6=1,$J18,IF(情景分析!$D$6=2,$E18,IF(情景分析!$D$6=4,IF($C18="银行间",$J18,$L18),$G18)))+AA$2/100,情景分析!$D$7,"",,,,"",)*IF($H18="",1,$H18)) | AB18: =IF($A18="","",[2]!B_CALC_PRICE($A18,$V$1,IF(情景分析!$D$6=1,$J18,IF(情景分析!$D$6=2,$E18,IF(情景分析!$D$6=4,IF($C18="银行间",$J18,$L18),$G18)))+AB$2/100,情景分析!$D$7,"",,,,"",)*IF($H18="",1,$H18)) | AC18: =IF($A18="","",[2]!B_CALC_PRICE($A18,$AC$1,IF(情景分析!$D$6=1,$J18,IF(情景分析!$D$6=2,$E18,IF(情景分析!$D$6=4,IF($C18="银行间",$J18,$L18),$G18)))+AC$2/100,情景分析!$D$7,"",,,,"",)*IF($H18="",1,$H18)) | AD18: =IF($A18="","",[2]!B_CALC_PRICE($A18,$AC$1,IF(情景分析!$D$6=1,$J18,IF(情景分析!$D$6=2,$E18,IF(情景分析!$D$6=4,IF($C18="银行间",$J18,$L18),$G18)))+AD$2/100,情景分析!$D$7,"",,,,"",)*IF($H18="",1,$H18)) | AE18: =IF($A18="","",[2]!B_CALC_PRICE($A18,$AC$1,IF(情景分析!$D$6=1,$J18,IF(情景分析!$D$6=2,$E18,IF(情景分析!$D$6=4,IF($C18="银行间",$J18,$L18),$G18)))+AE$2/100,情景分析!$D$7,"",,,,"",)*IF($H18="",1,$H18)) | AF18: =IF($A18="","",[2]!B_CALC_PRICE($A18,$AC$1,IF(情景分析!$D$6=1,$J18,IF(情景分析!$D$6=2,$E18,IF(情景分析!$D$6=4,IF($C18="银行间",$J18,$L18),$G18)))+AF$2/100,情景分析!$D$7,"",,,,"",)*IF($H18="",1,$H18)) | AG18: =IF($A18="","",[2]!B_CALC_PRICE($A18,$AC$1,IF(情景分析!$D$6=1,$J18,IF(情景分析!$D$6=2,$E18,IF(情景分析!$D$6=4,IF($C18="银行间",$J18,$L18),$G18)))+AG$2/100,情景分析!$D$7,"",,,,"",)*IF($H18="",1,$H18)) | AH18: =IF($A18="","",[2]!B_CALC_PRICE($A18,$AC$1,IF(情景分析!$D$6=1,$J18,IF(情景分析!$D$6=2,$E18,IF(情景分析!$D$6=4,IF($C18="银行间",$J18,$L18),$G18)))+AH$2/100,情景分析!$D$7,"",,,,"",)*IF($H18="",1,$H18)) | AI18: =IF($A18="","",[2]!B_CALC_PRICE($A18,$AC$1,IF(情景分析!$D$6=1,$J18,IF(情景分析!$D$6=2,$E18,IF(情景分析!$D$6=4,IF($C18="银行间",$J18,$L18),$G18)))+AI$2/100,情景分析!$D$7,"",,,,"",)*IF($H18="",1,$H18)) | AJ18: =IF($A18="","",[2]!B_CALC_PRICE($A18,$AJ$1,IF(情景分析!$D$6=1,$J18,IF(情景分析!$D$6=2,$E18,IF(情景分析!$D$6=4,IF($C18="银行间",$J18,$L18),$G18)))+AJ$2/100,情景分析!$D$7,"",,,,"",)*IF($H18="",1,$H18)) | AK18: =IF($A18="","",[2]!B_CALC_PRICE($A18,$AJ$1,IF(情景分析!$D$6=1,$J18,IF(情景分析!$D$6=2,$E18,IF(情景分析!$D$6=4,IF($C18="银行间",$J18,$L18),$G18)))+AK$2/100,情景分析!$D$7,"",,,,"",)*IF($H18="",1,$H18)) | AL18: =IF($A18="","",[2]!B_CALC_PRICE($A18,$AJ$1,IF(情景分析!$D$6=1,$J18,IF(情景分析!$D$6=2,$E18,IF(情景分析!$D$6=4,IF($C18="银行间",$J18,$L18),$G18)))+AL$2/100,情景分析!$D$7,"",,,,"",)*IF($H18="",1,$H18)) | AM18: =IF($A18="","",[2]!B_CALC_PRICE($A18,$AJ$1,IF(情景分析!$D$6=1,$J18,IF(情景分析!$D$6=2,$E18,IF(情景分析!$D$6=4,IF($C18="银行间",$J18,$L18),$G18)))+AM$2/100,情景分析!$D$7,"",,,,"",)*IF($H18="",1,$H18)) | AN18: =IF($A18="","",[2]!B_CALC_PRICE($A18,$AJ$1,IF(情景分析!$D$6=1,$J18,IF(情景分析!$D$6=2,$E18,IF(情景分析!$D$6=4,IF($C18="银行间",$J18,$L18),$G18)))+AN$2/100,情景分析!$D$7,"",,,,"",)*IF($H18="",1,$H18)) | AO18: =IF($A18="","",[2]!B_CALC_PRICE($A18,$AJ$1,IF(情景分析!$D$6=1,$J18,IF(情景分析!$D$6=2,$E18,IF(情景分析!$D$6=4,IF($C18="银行间",$J18,$L18),$G18)))+AO$2/100,情景分析!$D$7,"",,,,"",)*IF($H18="",1,$H18)) | AP18: =IF($A18="","",[2]!B_CALC_PRICE($A18,$AJ$1,IF(情景分析!$D$6=1,$J18,IF(情景分析!$D$6=2,$E18,IF(情景分析!$D$6=4,IF($C18="银行间",$J18,$L18),$G18)))+AP$2/100,情景分析!$D$7,"",,,,"",)*IF($H18="",1,$H18)) | AQ18: =IF($A18="","",[2]!B_CALC_PRICE($A18,$AQ$1,IF(情景分析!$D$6=1,$J18,IF(情景分析!$D$6=2,$E18,IF(情景分析!$D$6=4,IF($C18="银行间",$J18,$L18),$G18)))+AQ$2/100,情景分析!$D$7,"",,,,"",)*IF($H18="",1,$H18)) | AR18: =IF($A18="","",[2]!B_CALC_PRICE($A18,$AQ$1,IF(情景分析!$D$6=1,$J18,IF(情景分析!$D$6=2,$E18,IF(情景分析!$D$6=4,IF($C18="银行间",$J18,$L18),$G18)))+AR$2/100,情景分析!$D$7,"",,,,"",)*IF($H18="",1,$H18)) | AS18: =IF($A18="","",[2]!B_CALC_PRICE($A18,$AQ$1,IF(情景分析!$D$6=1,$J18,IF(情景分析!$D$6=2,$E18,IF(情景分析!$D$6=4,IF($C18="银行间",$J18,$L18),$G18)))+AS$2/100,情景分析!$D$7,"",,,,"",)*IF($H18="",1,$H18)) | AT18: =IF($A18="","",[2]!B_CALC_PRICE($A18,$AQ$1,IF(情景分析!$D$6=1,$J18,IF(情景分析!$D$6=2,$E18,IF(情景分析!$D$6=4,IF($C18="银行间",$J18,$L18),$G18)))+AT$2/100,情景分析!$D$7,"",,,,"",)*IF($H18="",1,$H18)) | AU18: =IF($A18="","",[2]!B_CALC_PRICE($A18,$AQ$1,IF(情景分析!$D$6=1,$J18,IF(情景分析!$D$6=2,$E18,IF(情景分析!$D$6=4,IF($C18="银行间",$J18,$L18),$G18)))+AU$2/100,情景分析!$D$7,"",,,,"",)*IF($H18="",1,$H18)) | AV18: =IF($A18="","",[2]!B_CALC_PRICE($A18,$AQ$1,IF(情景分析!$D$6=1,$J18,IF(情景分析!$D$6=2,$E18,IF(情景分析!$D$6=4,IF($C18="银行间",$J18,$L18),$G18)))+AV$2/100,情景分析!$D$7,"",,,,"",)*IF($H18="",1,$H18)) | AW18: =IF($A18="","",[2]!B_CALC_PRICE($A18,$AQ$1,IF(情景分析!$D$6=1,$J18,IF(情景分析!$D$6=2,$E18,IF(情景分析!$D$6=4,IF($C18="银行间",$J18,$L18),$G18)))+AW$2/100,情景分析!$D$7,"",,,,"",)*IF($H18="",1,$H18))
... B100: =IF(A100="","",[2]!b_info_name(A100)) | C100: =[2]!b_info_listedmkt(A100) -> #N/A | D100: =IFERROR(IF(A100="","", [2]!b_dq_avgprice(A100, 情景分析!$D$5, 情景分析!$D$7) * IF($H100="",1,$H100)),0) | E100: =IF(A100="","", N([2]!b_dq_avgprice(A100,情景分析!$D$5,3))) | F100: =IF($G100 = "", "", IFERROR( [2]!b_calc_pv(A100, 情景分析!$D$5,$G100, "1", 情景分析!$D$7), [2]!b_calc_pv(A100, 情景分析!$D$5,$G100, "2", 情景分析!$D$7) ) ) | I100: =IF(A100="","",IF(情景分析!$D$7=1,[2]!b_anal_net_cnbd(A100,情景分析!$D$5,1),[2]!b_anal_dirty_cnbd(A100,情景分析!$D$5,1))*IF($H100="",1,$H100)) | J100: =IF(A100="","",[2]!b_anal_yield_cnbd(A100,情景分析!$D$5,1)) | K100: =IF(A100="","",IF(情景分析!$D$7=1,[2]!b_anal_net_csi1(A100,情景分析!$D$5,1),[2]!b_anal_dirty_csi1(A100,情景分析!$D$5,1))*IF($H100="",1,$H100)) | L100: =IF(A100="","",[2]!b_anal_yield_csi1(A100,情景分析!$D$5,1)) | M100: =IF($C100="银行间",$I100,$K100) | N100: =IF($C100="银行间",$J100,$L100) | O100: =IF($A100="","",[2]!B_CALC_PRICE($A100,$O$1,IF(情景分析!$D$6=1,$J100,IF(情景分析!$D$6=2,$E100,IF(情景分析!$D$6=4,IF($C100="银行间",$J100,$L100),$G100)))+O$2/100,情景分析!$D$7,"",,,,"",)*IF($H100="",1,$H100)) | P100: =IF($A100="","",[2]!B_CALC_PRICE($A100,$O$1,IF(情景分析!$D$6=1,$J100,IF(情景分析!$D$6=2,$E100,IF(情景分析!$D$6=4,IF($C100="银行间",$J100,$L100),$G100)))+P$2/100,情景分析!$D$7,"",,,,"",)*IF($H100="",1,$H100)) | Q100: =IF($A100="","",[2]!B_CALC_PRICE($A100,$O$1,IF(情景分析!$D$6=1,$J100,IF(情景分析!$D$6=2,$E100,IF(情景分析!$D$6=4,IF($C100="银行间",$J100,$L100),$G100)))+Q$2/100,情景分析!$D$7,"",,,,"",)*IF($H100="",1,$H100)) | R100: =IF($A100="","",[2]!B_CALC_PRICE($A100,$O$1,IF(情景分析!$D$6=1,$J100,IF(情景分析!$D$6=2,$E100,IF(情景分析!$D$6=4,IF($C100="银行间",$J100,$L100),$G100)))+R$2/100,情景分析!$D$7,"",,,,"",)*IF($H100="",1,$H100)) | S100: =IF($A100="","",[2]!B_CALC_PRICE($A100,$O$1,IF(情景分析!$D$6=1,$J100,IF(情景分析!$D$6=2,$E100,IF(情景分析!$D$6=4,IF($C100="银行间",$J100,$L100),$G100)))+S$2/100,情景分析!$D$7,"",,,,"",)*IF($H100="",1,$H100)) | T100: =IF($A100="","",[2]!B_CALC_PRICE($A100,$O$1,IF(情景分析!$D$6=1,$J100,IF(情景分析!$D$6=2,$E100,IF(情景分析!$D$6=4,IF($C100="银行间",$J100,$L100),$G100)))+T$2/100,情景分析!$D$7,"",,,,"",)*IF($H100="",1,$H100)) | U100: =IF($A100="","",[2]!B_CALC_PRICE($A100,$O$1,IF(情景分析!$D$6=1,$J100,IF(情景分析!$D$6=2,$E100,IF(情景分析!$D$6=4,IF($C100="银行间",$J100,$L100),$G100)))+U$2/100,情景分析!$D$7,"",,,,"",)*IF($H100="",1,$H100)) | V100: =IF($A100="","",[2]!B_CALC_PRICE($A100,$V$1,IF(情景分析!$D$6=1,$J100,IF(情景分析!$D$6=2,$E100,IF(情景分析!$D$6=4,IF($C100="银行间",$J100,$L100),$G100)))+V$2/100,情景分析!$D$7,"",,,,"",)*IF($H100="",1,$H100)) | W100: =IF($A100="","",[2]!B_CALC_PRICE($A100,$V$1,IF(情景分析!$D$6=1,$J100,IF(情景分析!$D$6=2,$E100,IF(情景分析!$D$6=4,IF($C100="银行间",$J100,$L100),$G100)))+W$2/100,情景分析!$D$7,"",,,,"",)*IF($H100="",1,$H100)) | X100: =IF($A100="","",[2]!B_CALC_PRICE($A100,$V$1,IF(情景分析!$D$6=1,$J100,IF(情景分析!$D$6=2,$E100,IF(情景分析!$D$6=4,IF($C100="银行间",$J100,$L100),$G100)))+X$2/100,情景分析!$D$7,"",,,,"",)*IF($H100="",1,$H100)) | Y100: =IF($A100="","",[2]!B_CALC_PRICE($A100,$V$1,IF(情景分析!$D$6=1,$J100,IF(情景分析!$D$6=2,$E100,IF(情景分析!$D$6=4,IF($C100="银行间",$J100,$L100),$G100)))+Y$2/100,情景分析!$D$7,"",,,,"",)*IF($H100="",1,$H100)) | Z100: =IF($A100="","",[2]!B_CALC_PRICE($A100,$V$1,IF(情景分析!$D$6=1,$J100,IF(情景分析!$D$6=2,$E100,IF(情景分析!$D$6=4,IF($C100="银行间",$J100,$L100),$G100)))+Z$2/100,情景分析!$D$7,"",,,,"",)*IF($H100="",1,$H100)) | AA100: =IF($A100="","",[2]!B_CALC_PRICE($A100,$V$1,IF(情景分析!$D$6=1,$J100,IF(情景分析!$D$6=2,$E100,IF(情景分析!$D$6=4,IF($C100="银行间",$J100,$L100),$G100)))+AA$2/100,情景分析!$D$7,"",,,,"",)*IF($H100="",1,$H100)) | AB100: =IF($A100="","",[2]!B_CALC_PRICE($A100,$V$1,IF(情景分析!$D$6=1,$J100,IF(情景分析!$D$6=2,$E100,IF(情景分析!$D$6=4,IF($C100="银行间",$J100,$L100),$G100)))+AB$2/100,情景分析!$D$7,"",,,,"",)*IF($H100="",1,$H100)) | AC100: =IF($A100="","",[2]!B_CALC_PRICE($A100,$AC$1,IF(情景分析!$D$6=1,$J100,IF(情景分析!$D$6=2,$E100,IF(情景分析!$D$6=4,IF($C100="银行间",$J100,$L100),$G100)))+AC$2/100,情景分析!$D$7,"",,,,"",)*IF($H100="",1,$H100)) | AD100: =IF($A100="","",[2]!B_CALC_PRICE($A100,$AC$1,IF(情景分析!$D$6=1,$J100,IF(情景分析!$D$6=2,$E100,IF(情景分析!$D$6=4,IF($C100="银行间",$J100,$L100),$G100)))+AD$2/100,情景分析!$D$7,"",,,,"",)*IF($H100="",1,$H100)) | AE100: =IF($A100="","",[2]!B_CALC_PRICE($A100,$AC$1,IF(情景分析!$D$6=1,$J100,IF(情景分析!$D$6=2,$E100,IF(情景分析!$D$6=4,IF($C100="银行间",$J100,$L100),$G100)))+AE$2/100,情景分析!$D$7,"",,,,"",)*IF($H100="",1,$H100)) | AF100: =IF($A100="","",[2]!B_CALC_PRICE($A100,$AC$1,IF(情景分析!$D$6=1,$J100,IF(情景分析!$D$6=2,$E100,IF(情景分析!$D$6=4,IF($C100="银行间",$J100,$L100),$G100)))+AF$2/100,情景分析!$D$7,"",,,,"",)*IF($H100="",1,$H100)) | AG100: =IF($A100="","",[2]!B_CALC_PRICE($A100,$AC$1,IF(情景分析!$D$6=1,$J100,IF(情景分析!$D$6=2,$E100,IF(情景分析!$D$6=4,IF($C100="银行间",$J100,$L100),$G100)))+AG$2/100,情景分析!$D$7,"",,,,"",)*IF($H100="",1,$H100)) | AH100: =IF($A100="","",[2]!B_CALC_PRICE($A100,$AC$1,IF(情景分析!$D$6=1,$J100,IF(情景分析!$D$6=2,$E100,IF(情景分析!$D$6=4,IF($C100="银行间",$J100,$L100),$G100)))+AH$2/100,情景分析!$D$7,"",,,,"",)*IF($H100="",1,$H100)) | AI100: =IF($A100="","",[2]!B_CALC_PRICE($A100,$AC$1,IF(情景分析!$D$6=1,$J100,IF(情景分析!$D$6=2,$E100,IF(情景分析!$D$6=4,IF($C100="银行间",$J100,$L100),$G100)))+AI$2/100,情景分析!$D$7,"",,,,"",)*IF($H100="",1,$H100)) | AJ100: =IF($A100="","",[2]!B_CALC_PRICE($A100,$AJ$1,IF(情景分析!$D$6=1,$J100,IF(情景分析!$D$6=2,$E100,IF(情景分析!$D$6=4,IF($C100="银行间",$J100,$L100),$G100)))+AJ$2/100,情景分析!$D$7,"",,,,"",)*IF($H100="",1,$H100)) | AK100: =IF($A100="","",[2]!B_CALC_PRICE($A100,$AJ$1,IF(情景分析!$D$6=1,$J100,IF(情景分析!$D$6=2,$E100,IF(情景分析!$D$6=4,IF($C100="银行间",$J100,$L100),$G100)))+AK$2/100,情景分析!$D$7,"",,,,"",)*IF($H100="",1,$H100)) | AL100: =IF($A100="","",[2]!B_CALC_PRICE($A100,$AJ$1,IF(情景分析!$D$6=1,$J100,IF(情景分析!$D$6=2,$E100,IF(情景分析!$D$6=4,IF($C100="银行间",$J100,$L100),$G100)))+AL$2/100,情景分析!$D$7,"",,,,"",)*IF($H100="",1,$H100)) | AM100: =IF($A100="","",[2]!B_CALC_PRICE($A100,$AJ$1,IF(情景分析!$D$6=1,$J100,IF(情景分析!$D$6=2,$E100,IF(情景分析!$D$6=4,IF($C100="银行间",$J100,$L100),$G100)))+AM$2/100,情景分析!$D$7,"",,,,"",)*IF($H100="",1,$H100)) | AN100: =IF($A100="","",[2]!B_CALC_PRICE($A100,$AJ$1,IF(情景分析!$D$6=1,$J100,IF(情景分析!$D$6=2,$E100,IF(情景分析!$D$6=4,IF($C100="银行间",$J100,$L100),$G100)))+AN$2/100,情景分析!$D$7,"",,,,"",)*IF($H100="",1,$H100)) | AO100: =IF($A100="","",[2]!B_CALC_PRICE($A100,$AJ$1,IF(情景分析!$D$6=1,$J100,IF(情景分析!$D$6=2,$E100,IF(情景分析!$D$6=4,IF($C100="银行间",$J100,$L100),$G100)))+AO$2/100,情景分析!$D$7,"",,,,"",)*IF($H100="",1,$H100)) | AP100: =IF($A100="","",[2]!B_CALC_PRICE($A100,$AJ$1,IF(情景分析!$D$6=1,$J100,IF(情景分析!$D$6=2,$E100,IF(情景分析!$D$6=4,IF($C100="银行间",$J100,$L100),$G100)))+AP$2/100,情景分析!$D$7,"",,,,"",)*IF($H100="",1,$H100)) | AQ100: =IF($A100="","",[2]!B_CALC_PRICE($A100,$AQ$1,IF(情景分析!$D$6=1,$J100,IF(情景分析!$D$6=2,$E100,IF(情景分析!$D$6=4,IF($C100="银行间",$J100,$L100),$G100)))+AQ$2/100,情景分析!$D$7,"",,,,"",)*IF($H100="",1,$H100)) | AR100: =IF($A100="","",[2]!B_CALC_PRICE($A100,$AQ$1,IF(情景分析!$D$6=1,$J100,IF(情景分析!$D$6=2,$E100,IF(情景分析!$D$6=4,IF($C100="银行间",$J100,$L100),$G100)))+AR$2/100,情景分析!$D$7,"",,,,"",)*IF($H100="",1,$H100)) | AS100: =IF($A100="","",[2]!B_CALC_PRICE($A100,$AQ$1,IF(情景分析!$D$6=1,$J100,IF(情景分析!$D$6=2,$E100,IF(情景分析!$D$6=4,IF($C100="银行间",$J100,$L100),$G100)))+AS$2/100,情景分析!$D$7,"",,,,"",)*IF($H100="",1,$H100)) | AT100: =IF($A100="","",[2]!B_CALC_PRICE($A100,$AQ$1,IF(情景分析!$D$6=1,$J100,IF(情景分析!$D$6=2,$E100,IF(情景分析!$D$6=4,IF($C100="银行间",$J100,$L100),$G100)))+AT$2/100,情景分析!$D$7,"",,,,"",)*IF($H100="",1,$H100)) | AU100: =IF($A100="","",[2]!B_CALC_PRICE($A100,$AQ$1,IF(情景分析!$D$6=1,$J100,IF(情景分析!$D$6=2,$E100,IF(情景分析!$D$6=4,IF($C100="银行间",$J100,$L100),$G100)))+AU$2/100,情景分析!$D$7,"",,,,"",)*IF($H100="",1,$H100)) | AV100: =IF($A100="","",[2]!B_CALC_PRICE($A100,$AQ$1,IF(情景分析!$D$6=1,$J100,IF(情景分析!$D$6=2,$E100,IF(情景分析!$D$6=4,IF($C100="银行间",$J100,$L100),$G100)))+AV$2/100,情景分析!$D$7,"",,,,"",)*IF($H100="",1,$H100)) | AW100: =IF($A100="","",[2]!B_CALC_PRICE($A100,$AQ$1,IF(情景分析!$D$6=1,$J100,IF(情景分析!$D$6=2,$E100,IF(情景分析!$D$6=4,IF($C100="银行间",$J100,$L100),$G100)))+AW$2/100,情景分析!$D$7,"",,,,"",)*IF($H100="",1,$H100))

Sheet 持仓数据_备份
O1: =情景分析!C12 -> 45965 | V1: =情景分析!C13 -> 45989 | AC1: =[3]情景分析!C14 -> 46050 | AJ1: =情景分析!C14 -> 46050 | AQ1: =情景分析!C16 -> 46323
B2: 活跃城投债 | C2: 交易场所 | D2: 前日加权均价/YTM | F2: 自定义输入 | H2: 持仓(百万) | I2: 中债估价/YTM | K2: 中证估价/YTM | M2: 混合估值/YTM | O2: =[3]情景分析!D10 -> 20 | P2: =[3]情景分析!E10 -> 15 | Q2: =[3]情景分析!F10 -> 10 | R2: =[3]情景分析!G10 -> 0 | S2: =[3]情景分析!H10 -> -10 | T2: =[3]情景分析!I10 -> -15 | U2: =[3]情景分析!J10 -> -20 | V2: =O2 -> 20 | W2: =P2 -> 15 | X2: =Q2 -> 10 | Y2: =R2 -> 0 | Z2: =S2 -> -10 | AA2: =T2 -> -15 | AB2: =U2 -> -20 | AC2: =O2 -> 20 | AD2: =P2 -> 15 | AE2: =Q2 -> 10 | AF2: =R2 -> 0 | AG2: =S2 -> -10 | AH2: =T2 -> -15 | AI2: =U2 -> -20 | AJ2: =O2 -> 20 | AK2: =P2 -> 15 | AL2: =Q2 -> 10 | AM2: =R2 -> 0 | AN2: =S2 -> -10 | AO2: =T2 -> -15 | AP2: =U2 -> -20 | AQ2: =O2 -> 20 | AR2: =P2 -> 15 | AS2: =Q2 -> 10 | AT2: =R2 -> 0 | AU2: =S2 -> -10 | AV2: =T2 -> -15 | AW2: =U2 -> -20
B3: =COUNTA(A:A) -> 36 | D3: =SUM(D4:OFFSET(D4,$B$3,0)) -> 59989.56 | E3: =AVERAGE(E4:E24) -> 0 | F3: =SUM(F4:OFFSET(F4,$B$3,0)) -> 2212.3726 | G3: 输入YTM | H3: =SUM(H4:OFFSET(H4,$B$3,0)) -> 4320 | I3: =SUM(I4:OFFSET(I4,$B$3,0)) -> 434846.09 | J3: =AVERAGE(J4:J24) -> 2.0564048 | K3: =SUM(K4:OFFSET(K4,$B$3,0)) -> 434863.44 | L3: =AVERAGE(L4:L24) -> 2.0315095 | M3: =SUM(M4:OFFSET(M4,$B$3,0)) -> 434797.38 | N3: =AVERAGE(N4:N24) -> 2.0505952 | O3: =SUM(O4:OFFSET(O4,$B$3,0)) -> 466258.33 | P3: =SUM(P4:OFFSET(P4,$B$3,0)) -> 467865.93 | Q3: =SUM(Q4:OFFSET(Q4,$B$3,0)) -> 469494.91 | R3: =SUM(R4:OFFSET(R4,$B$3,0)) -> 472818.8 | S3: =SUM(S4:OFFSET(S4,$B$3,0)) -> 476233.68 | T3: =SUM(T4:OFFSET(T4,$B$3,0)) -> 477976.45 | U3: =SUM(U4:OFFSET(U4,$B$3,0)) -> 479743.43 | V3: =SUM(V4:OFFSET(V4,$B$3,0)) -> 466126.53 | ... AW3: =SUM(AW4:OFFSET(AW4,$B$3,0)) -> #VALUE!
A4: 032501062.IB | B4: =IF(A4="","",[2]!b_info_name(A4)) -> 25惠安交发PPN002 | C4: =[2]!b_info_listedmkt(A4) -> 银行间 | D4: =IFERROR(IF(A4="","", [2]!b_dq_avgprice(A4, 情景分析!$D$5, 情景分析!$D$7) * IF($H4="",1,$H4)),0) -> 0 | E4: =IF(A4="","", N([2]!b_dq_avgprice(A4,情景分析!$D$5,3))) -> 0 | F4: =IF($G4 = "", "", IFERROR( [2]!b_calc_pv(A4, 情景分析!$D$5,$G4, "1", 情景分析!$D$7), [2]!b_calc_pv(A4, 情景分析!$D$5,$G4, "2", 情景分析!$D$7) ) ) -> 70.663486 | G4: 20 | H4: 120 | I4: =IF(A4="","",IF(情景分析!$D$7=1,[2]!b_anal_net_cnbd(A4,情景分析!$D$5,1),[2]!b_anal_dirty_cnbd(A4,情景分析!$D$5,1))*IF($H4="",1,$H4)) -> 12054.624 | J4: =IF(A4="","",[2]!b_anal_yield_cnbd(A4,情景分析!$D$5,1)) -> 2.2663 | K4: =IF(A4="","",IF(情景分析!$D$7=1,[2]!b_anal_net_csi1(A4,情景分析!$D$5,1),[2]!b_anal_dirty_csi1(A4,情景分析!$D$5,1))*IF($H4="",1,$H4)) -> 12064.308 | L4: =IF(A4="","",[2]!b_anal_yield_csi1(A4,情景分析!$D$5,1)) -> 2.2259 | M4: =IF($C4="银行间",$I4,$K4) -> 12054.624 | N4: =IF($C4="银行间",$J4,$L4) -> 2.2663 | O4: =IF($A4="","",[2]!B_CALC_PRICE($A4,$O$1,IF(情景分析!$D$6=1,$J4,IF(情景分析!$D$6=2,$E4,IF(情景分析!$D$6=4,IF($C4="银行间",$J4,$L4),$G4)))+O$2/100,情景分析!$D$7,"",,,,"",)*IF($H4="",1,$H4)) -> 12002.896 | P4: =IF($A4="","",[2]!B_CALC_PRICE($A4,$O$1,IF(情景分析!$D$6=1,$J4,IF(情景分析!$D$6=2,$E4,IF(情景分析!$D$6=4,IF($C4="银行间",$J4,$L4),$G4)))+P$2/100,情景分析!$D$7,"",,,,"",)*IF($H4="",1,$H4)) -> 12015.632 | Q4: =IF($A4="","",[2]!B_CALC_PRICE($A4,$O$1,IF(情景分析!$D$6=1,$J4,IF(情景分析!$D$6=2,$E4,IF(情景分析!$D$6=4,IF($C4="银行间",$J4,$L4),$G4)))+Q$2/100,情景分析!$D$7,"",,,,"",)*IF($H4="",1,$H4)) -> 12028.388 | R4: =IF($A4="","",[2]!B_CALC_PRICE($A4,$O$1,IF(情景分析!$D$6=1,$J4,IF(情景分析!$D$6=2,$E4,IF(情景分析!$D$6=4,IF($C4="银行间",$J4,$L4),$G4)))+R$2/100,情景分析!$D$7,"",,,,"",)*IF($H4="",1,$H4)) -> 12053.96 | S4: =IF($A4="","",[2]!B_CALC_PRICE($A4,$O$1,IF(情景分析!$D$6=1,$J4,IF(情景分析!$D$6=2,$E4,IF(情景分析!$D$6=4,IF($C4="银行间",$J4,$L4),$G4)))+S$2/100,情景分析!$D$7,"",,,,"",)*IF($H4="",1,$H4)) -> 12079.612 | T4: =IF($A4="","",[2]!B_CALC_PRICE($A4,$O$1,IF(情景分析!$D$6=1,$J4,IF(情景分析!$D$6=2,$E4,IF(情景分析!$D$6=4,IF($C4="银行间",$J4,$L4),$G4)))+T$2/100,情景分析!$D$7,"",,,,"",)*IF($H4="",1,$H4)) -> 12092.468 | U4: =IF($A4="","",[2]!B_CALC_PRICE($A4,$O$1,IF(情景分析!$D$6=1,$J4,IF(情景分析!$D$6=2,$E4,IF(情景分析!$D$6=4,IF($C4="银行间",$J4,$L4),$G4)))+U$2/100,情景分析!$D$7,"",,,,"",)*IF($H4="",1,$H4)) -> 12105.344 | V4: =IF($A4="","",[2]!B_CALC_PRICE($A4,$V$1,IF(情景分析!$D$6=1,$J4,IF(情景分析!$D$6=2,$E4,IF(情景分析!$D$6=4,IF($C4="银行间",$J4,$L4),$G4)))+V$2/100,情景分析!$D$7,"",,,,"",)*IF($H4="",1,$H4)) -> 12002.952 | W4: =IF($A4="","",[2]!B_CALC_PRICE($A4,$V$1,IF(情景分析!$D$6=1,$J4,IF(情景分析!$D$6=2,$E4,IF(情景分析!$D$6=4,IF($C4="银行间",$J4,$L4),$G4)))+W$2/100,情景分析!$D$7,"",,,,"",)*IF($H4="",1,$H4)) -> 12015.315 | X4: =IF($A4="","",[2]!B_CALC_PRICE($A4,$V$1,IF(情景分析!$D$6=1,$J4,IF(情景分析!$D$6=2,$E4,IF(情景分析!$D$6=4,IF($C4="银行间",$J4,$L4),$G4)))+X$2/100,情景分析!$D$7,"",,,,"",)*IF($H4="",1,$H4)) -> 12027.697 | Y4: =IF($A4="","",[2]!B_CALC_PRICE($A4,$V$1,IF(情景分析!$D$6=1,$J4,IF(情景分析!$D$6=2,$E4,IF(情景分析!$D$6=4,IF($C4="银行间",$J4,$L4),$G4)))+Y$2/100,情景分析!$D$7,"",,,,"",)*IF($H4="",1,$H4)) -> 12052.517 | Z4: =IF($A4="","",[2]!B_CALC_PRICE($A4,$V$1,IF(情景分析!$D$6=1,$J4,IF(情景分析!$D$6=2,$E4,IF(情景分析!$D$6=4,IF($C4="银行间",$J4,$L4),$G4)))+Z$2/100,情景分析!$D$7,"",,,,"",)*IF($H4="",1,$H4)) -> 12077.413 | AA4: =IF($A4="","",[2]!B_CALC_PRICE($A4,$V$1,IF(情景分析!$D$6=1,$J4,IF(情景分析!$D$6=2,$E4,IF(情景分析!$D$6=4,IF($C4="银行间",$J4,$L4),$G4)))+AA$2/100,情景分析!$D$7,"",,,,"",)*IF($H4="",1,$H4)) -> 12089.889 | AB4: =IF($A4="","",[2]!B_CALC_PRICE($A4,$V$1,IF(情景分析!$D$6=1,$J4,IF(情景分析!$D$6=2,$E4,IF(情景分析!$D$6=4,IF($C4="银行间",$J4,$L4),$G4)))+AB$2/100,情景分析!$D$7,"",,,,"",)*IF($H4="",1,$H4)) -> 12102.385 | AC4: =IF($A4="","",[2]!B_CALC_PRICE($A4,$AC$1,IF(情景分析!$D$6=1,$J4,IF(情景分析!$D$6=2,$E4,IF(情景分析!$D$6=4,IF($C4="银行间",$J4,$L4),$G4)))+AC$2/100,情景分析!$D$7,"",,,,"",)*IF($H4="",1,$H4)) -> 12003.018 | AD4: =IF($A4="","",[2]!B_CALC_PRICE($A4,$AC$1,IF(情景分析!$D$6=1,$J4,IF(情景分析!$D$6=2,$E4,IF(情景分析!$D$6=4,IF($C4="银行间",$J4,$L4),$G4)))+AD$2/100,情景分析!$D$7,"",,,,"",)*IF($H4="",1,$H4)) -> 12014.431 | AE4: =IF($A4="","",[2]!B_CALC_PRICE($A4,$AC$1,IF(情景分析!$D$6=1,$J4,IF(情景分析!$D$6=2,$E4,IF(情景分析!$D$6=4,IF($C4="银行间",$J4,$L4),$G4)))+AE$2/100,情景分析!$D$7,"",,,,"",)*IF($H4="",1,$H4)) -> 12025.86 | AF4: =IF($A4="","",[2]!B_CALC_PRICE($A4,$AC$1,IF(情景分析!$D$6=1,$J4,IF(情景分析!$D$6=2,$E4,IF(情景分析!$D$6=4,IF($C4="银行间",$J4,$L4),$G4)))+AF$2/100,情景分析!$D$7,"",,,,"",)*IF($H4="",1,$H4)) -> 12048.768 | AG4: =IF($A4="","",[2]!B_CALC_PRICE($A4,$AC$1,IF(情景分析!$D$6=1,$J4,IF(情景分析!$D$6=2,$E4,IF(情景分析!$D$6=4,IF($C4="银行间",$J4,$L4),$G4)))+AG$2/100,情景分析!$D$7,"",,,,"",)*IF($H4="",1,$H4)) -> 12071.742 | AH4: =IF($A4="","",[2]!B_CALC_PRICE($A4,$AC$1,IF(情景分析!$D$6=1,$J4,IF(情景分析!$D$6=2,$E4,IF(情景分析!$D$6=4,IF($C4="银行间",$J4,$L4),$G4)))+AH$2/100,情景分析!$D$7,"",,,,"",)*IF($H4="",1,$H4)) -> 12083.254 | AI4: =IF($A4="","",[2]!B_CALC_PRICE($A4,$AC$1,IF(情景分析!$D$6=1,$J4,IF(情景分析!$D$6=2,$E4,IF(情景分析!$D$6=4,IF($C4="银行间",$J4,$L4),$G4)))+AI$2/100,情景分析!$D$7,"",,,,"",)*IF($H4="",1,$H4)) -> 12094.783 | AJ4: =IF($A4="","",[2]!B_CALC_PRICE($A4,$AJ$1,IF(情景分析!$D$6=1,$J4,IF(情景分析!$D$6=2,$E4,IF(情景分析!$D$6=4,IF($C4="银行间",$J4,$L4),$G4)))+AJ$2/100,情景分析!$D$7,"",,,,"",)*IF($H4="",1,$H4)) -> 12003.018 | AK4: =IF($A4="","",[2]!B_CALC_PRICE($A4,$AJ$1,IF(情景分析!$D$6=1,$J4,IF(情景分析!$D$6=2,$E4,IF(情景分析!$D$6=4,IF($C4="银行间",$J4,$L4),$G4)))+AK$2/100,情景分析!$D$7,"",,,,"",)*IF($H4="",1,$H4)) -> 12014.431 | AL4: =IF($A4="","",[2]!B_CALC_PRICE($A4,$AJ$1,IF(情景分析!$D$6=1,$J4,IF(情景分析!$D$6=2,$E4,IF(情景分析!$D$6=4,IF($C4="银行间",$J4,$L4),$G4)))+AL$2/100,情景分析!$D$7,"",,,,"",)*IF($H4="",1,$H4)) -> 12025.86 | AM4: =IF($A4="","",[2]!B_CALC_PRICE($A4,$AJ$1,IF(情景分析!$D$6=1,$J4,IF(情景分析!$D$6=2,$E4,IF(情景分析!$D$6=4,IF($C4="银行间",$J4,$L4),$G4)))+AM$2/100,情景分析!$D$7,"",,,,"",)*IF($H4="",1,$H4)) -> 12048.768 | AN4: =IF($A4="","",[2]!B_CALC_PRICE($A4,$AJ$1,IF(情景分析!$D$6=1,$J4,IF(情景分析!$D$6=2,$E4,IF(情景分析!$D$6=4,IF($C4="银行间",$J4,$L4),$G4)))+AN$2/100,情景分析!$D$7,"",,,,"",)*IF($H4="",1,$H4)) -> 12071.742 | AO4: =IF($A4="","",[2]!B_CALC_PRICE($A4,$AJ$1,IF(情景分析!$D$6=1,$J4,IF(情景分析!$D$6=2,$E4,IF(情景分析!$D$6=4,IF($C4="银行间",$J4,$L4),$G4)))+AO$2/100,情景分析!$D$7,"",,,,"",)*IF($H4="",1,$H4)) -> 12083.254 | AP4: =IF($A4="","",[2]!B_CALC_PRICE($A4,$AJ$1,IF(情景分析!$D$6=1,$J4,IF(情景分析!$D$6=2,$E4,IF(情景分析!$D$6=4,IF($C4="银行间",$J4,$L4),$G4)))+AP$2/100,情景分析!$D$7,"",,,,"",)*IF($H4="",1,$H4)) -> 12094.783 | AQ4: =IF($A4="","",[2]!B_CALC_PRICE($A4,$AQ$1,IF(情景分析!$D$6=1,$J4,IF(情景分析!$D$6=2,$E4,IF(情景分析!$D$6=4,IF($C4="银行间",$J4,$L4),$G4)))+AQ$2/100,情景分析!$D$7,"",,,,"",)*IF($H4="",1,$H4)) -> 12001.328 | AR4: =IF($A4="","",[2]!B_CALC_PRICE($A4,$AQ$1,IF(情景分析!$D$6=1,$J4,IF(情景分析!$D$6=2,$E4,IF(情景分析!$D$6=4,IF($C4="银行间",$J4,$L4),$G4)))+AR$2/100,情景分析!$D$7,"",,,,"",)*IF($H4="",1,$H4)) -> 12008.481 | AS4: =IF($A4="","",[2]!B_CALC_PRICE($A4,$AQ$1,IF(情景分析!$D$6=1,$J4,IF(情景分析!$D$6=2,$E4,IF(情景分析!$D$6=4,IF($C4="银行间",$J4,$L4),$G4)))+AS$2/100,情景分析!$D$7,"",,,,"",)*IF($H4="",1,$H4)) -> 12015.642 | AT4: =IF($A4="","",[2]!B_CALC_PRICE($A4,$AQ$1,IF(情景分析!$D$6=1,$J4,IF(情景分析!$D$6=2,$E4,IF(情景分析!$D$6=4,IF($C4="银行间",$J4,$L4),$G4)))+AT$2/100,情景分析!$D$7,"",,,,"",)*IF($H4="",1,$H4)) -> 12029.988 | AU4: =IF($A4="","",[2]!B_CALC_PRICE($A4,$AQ$1,IF(情景分析!$D$6=1,$J4,IF(情景分析!$D$6=2,$E4,IF(情景分析!$D$6=4,IF($C4="银行间",$J4,$L4),$G4)))+AU$2/100,情景分析!$D$7,"",,,,"",)*IF($H4="",1,$H4)) -> 12044.364 | AV4: =IF($A4="","",[2]!B_CALC_PRICE($A4,$AQ$1,IF(情景分析!$D$6=1,$J4,IF(情景分析!$D$6=2,$E4,IF(情景分析!$D$6=4,IF($C4="银行间",$J4,$L4),$G4)))+AV$2/100,情景分析!$D$7,"",,,,"",)*IF($H4="",1,$H4)) -> 12051.564 | AW4: =IF($A4="","",[2]!B_CALC_PRICE($A4,$AQ$1,IF(情景分析!$D$6=1,$J4,IF(情景分析!$D$6=2,$E4,IF(情景分析!$D$6=4,IF($C4="银行间",$J4,$L4),$G4)))+AW$2/100,情景分析!$D$7,"",,,,"",)*IF($H4="",1,$H4)) -> 12058.772
A5: 032380735.IB | B5: =IF(A5="","",[2]!b_info_name(A5)) -> 23晋江建控PPN002 | C5: =[2]!b_info_listedmkt(A5) -> 银行间 | D5: =IFERROR(IF(A5="","", [2]!b_dq_avgprice(A5, 情景分析!$D$5, 情景分析!$D$7) * IF($H5="",1,$H5)),0) -> 0 | E5: =IF(A5="","", N([2]!b_dq_avgprice(A5,情景分析!$D$5,3))) -> 0 | F5: =IF($G5 = "", "", IFERROR( [2]!b_calc_pv(A5, 情景分析!$D$5,$G5, "1", 情景分析!$D$7), [2]!b_calc_pv(A5, 情景分析!$D$5,$G5, "2", 情景分析!$D$7) ) ) -> 67.522096 | G5: 20 | H5: 120 | I5: =IF(A5="","",IF(情景分析!$D$7=1,[2]!b_anal_net_cnbd(A5,情景分析!$D$5,1),[2]!b_anal_dirty_cnbd(A5,情景分析!$D$5,1))*IF($H5="",1,$H5)) -> 12172.98 | J5: =IF(A5="","",[2]!b_anal_yield_cnbd(A5,情景分析!$D$5,1)) -> 1.8455 | K5: =IF(A5="","",IF(情景分析!$D$7=1,[2]!b_anal_net_csi1(A5,情景分析!$D$5,1),[2]!b_anal_dirty_csi1(A5,情景分析!$D$5,1))*IF($H5="",1,$H5)) -> 12175.896 | L5: =IF(A5="","",[2]!b_anal_yield_csi1(A5,情景分析!$D$5,1)) -> 1.8019 | M5: =IF($C5="银行间",$I5,$K5) -> 12172.98 | N5: =IF($C5="银行间",$J5,$L5) -> 1.8455 | O5: =IF($A5="","",[2]!B_CALC_PRICE($A5,$O$1,IF(情景分析!$D$6=1,$J5,IF(情景分析!$D$6=2,$E5,IF(情景分析!$D$6=4,IF($C5="银行间",$J5,$L5),$G5)))+O$2/100,情景分析!$D$7,"",,,,"",)*IF($H5="",1,$H5)) -> 12532.386 | P5: =IF($A5="","",[2]!B_CALC_PRICE($A5,$O$1,IF(情景分析!$D$6=1,$J5,IF(情景分析!$D$6=2,$E5,IF(情景分析!$D$6=4,IF($C5="银行间",$J5,$L5),$G5)))+P$2/100,情景分析!$D$7,"",,,,"",)*IF($H5="",1,$H5)) -> 12548.831 | Q5: =IF($A5="","",[2]!B_CALC_PRICE($A5,$O$1,IF(情景分析!$D$6=1,$J5,IF(情景分析!$D$6=2,$E5,IF(情景分析!$D$6=4,IF($C5="银行间",$J5,$L5),$G5)))+Q$2/100,情景分析!$D$7,"",,,,"",)*IF($H5="",1,$H5)) -> 12565.305 | R5: =IF($A5="","",[2]!B_CALC_PRICE($A5,$O$1,IF(情景分析!$D$6=1,$J5,IF(情景分析!$D$6=2,$E5,IF(情景分析!$D$6=4,IF($C5="银行间",$J5,$L5),$G5)))+R$2/100,情景分析!$D$7,"",,,,"",)*IF($H5="",1,$H5)) -> 12598.344 | S5: =IF($A5="","",[2]!B_CALC_PRICE($A5,$O$1,IF(情景分析!$D$6=1,$J5,IF(情景分析!$D$6=2,$E5,IF(情景分析!$D$6=4,IF($C5="银行间",$J5,$L5),$G5)))+S$2/100,情景分析!$D$7,"",,,,"",)*IF($H5="",1,$H5)) -> 12631.504 | T5: =IF($A5="","",[2]!B_CALC_PRICE($A5,$O$1,IF(情景分析!$D$6=1,$J5,IF(情景分析!$D$6=2,$E5,IF(情景分析!$D$6=4,IF($C5="银行间",$J5,$L5),$G5)))+T$2/100,情景分析!$D$7,"",,,,"",)*IF($H5="",1,$H5)) -> 12648.13 | U5: =IF($A5="","",[2]!B_CALC_PRICE($A5,$O$1,IF(情景分析!$D$6=1,$J5,IF(情景分析!$D$6=2,$E5,IF(情景分析!$D$6=4,IF($C5="银行间",$J5,$L5),$G5)))+U$2/100,情景分析!$D$7,"",,,,"",)*IF($H5="",1,$H5)) -> 12664.785 | V5: =IF($A5="","",[2]!B_CALC_PRICE($A5,$V$1,IF(情景分析!$D$6=1,$J5,IF(情景分析!$D$6=2,$E5,IF(情景分析!$D$6=4,IF($C5="银行间",$J5,$L5),$G5)))+V$2/100,情景分析!$D$7,"",,,,"",)*IF($H5="",1,$H5)) -> 12519.876 | W5: =IF($A5="","",[2]!B_CALC_PRICE($A5,$V$1,IF(情景分析!$D$6=1,$J5,IF(情景分析!$D$6=2,$E5,IF(情景分析!$D$6=4,IF($C5="银行间",$J5,$L5),$G5)))+W$2/100,情景分析!$D$7,"",,,,"",)*IF($H5="",1,$H5)) -> 12535.934 | X5: =IF($A5="","",[2]!B_CALC_PRICE($A5,$V$1,IF(情景分析!$D$6=1,$J5,IF(情景分析!$D$6=2,$E5,IF(情景分析!$D$6=4,IF($C5="银行间",$J5,$L5),$G5)))+X$2/100,情景分析!$D$7,"",,,,"",)*IF($H5="",1,$H5)) -> 12552.021 | Y5: =IF($A5="","",[2]!B_CALC_PRICE($A5,$V$1,IF(情景分析!$D$6=1,$J5,IF(情景分析!$D$6=2,$E5,IF(情景分析!$D$6=4,IF($C5="银行间",$J5,$L5),$G5)))+Y$2/100,情景分析!$D$7,"",,,,"",)*IF($H5="",1,$H5)) -> 12584.281 | Z5: =IF($A5="","",[2]!B_CALC_PRICE($A5,$V$1,IF(情景分析!$D$6=1,$J5,IF(情景分析!$D$6=2,$E5,IF(情景分析!$D$6=4,IF($C5="银行间",$J5,$L5),$G5)))+Z$2/100,情景分析!$D$7,"",,,,"",)*IF($H5="",1,$H5)) -> 12616.657 | AA5: =IF($A5="","",[2]!B_CALC_PRICE($A5,$V$1,IF(情景分析!$D$6=1,$J5,IF(情景分析!$D$6=2,$E5,IF(情景分析!$D$6=4,IF($C5="银行间",$J5,$L5),$G5)))+AA$2/100,情景分析!$D$7,"",,,,"",)*IF($H5="",1,$H5)) -> 12632.888 | AB5: =IF($A5="","",[2]!B_CALC_PRICE($A5,$V$1,IF(情景分析!$D$6=1,$J5,IF(情景分析!$D$6=2,$E5,IF(情景分析!$D$6=4,IF($C5="银行间",$J5,$L5),$G5)))+AB$2/100,情景分析!$D$7,"",,,,"",)*IF($H5="",1,$H5)) -> 12649.149 | AC5: =IF($A5="","",[2]!B_CALC_PRICE($A5,$AC$1,IF(情景分析!$D$6=1,$J5,IF(情景分析!$D$6=2,$E5,IF(情景分析!$D$6=4,IF($C5="银行间",$J5,$L5),$G5)))+AC$2/100,情景分析!$D$7,"",,,,"",)*IF($H5="",1,$H5)) -> 12488.18 | AD5: =IF($A5="","",[2]!B_CALC_PRICE($A5,$AC$1,IF(情景分析!$D$6=1,$J5,IF(情景分析!$D$6=2,$E5,IF(情景分析!$D$6=4,IF($C5="银行间",$J5,$L5),$G5)))+AD$2/100,情景分析!$D$7,"",,,,"",)*IF($H5="",1,$H5)) -> 12503.251 | AE5: =IF($A5="","",[2]!B_CALC_PRICE($A5,$AC$1,IF(情景分析!$D$6=1,$J5,IF(情景分析!$D$6=2,$E5,IF(情景分析!$D$6=4,IF($C5="银行间",$J5,$L5),$G5)))+AE$2/100,情景分析!$D$7,"",,,,"",)*IF($H5="",1,$H5)) -> 12518.347 | AF5: =IF($A5="","",[2]!B_CALC_PRICE($A5,$AC$1,IF(情景分析!$D$6=1,$J5,IF(情景分析!$D$6=2,$E5,IF(情景分析!$D$6=4,IF($C5="银行间",$J5,$L5),$G5)))+AF$2/100,情景分析!$D$7,"",,,,"",)*IF($H5="",1,$H5)) -> 12548.618 | AG5: =IF($A5="","",[2]!B_CALC_PRICE($A5,$AC$1,IF(情景分析!$D$6=1,$J5,IF(情景分析!$D$6=2,$E5,IF(情景分析!$D$6=4,IF($C5="银行间",$J5,$L5),$G5)))+AG$2/100,情景分析!$D$7,"",,,,"",)*IF($H5="",1,$H5)) -> 12578.993 | AH5: =IF($A5="","",[2]!B_CALC_PRICE($A5,$AC$1,IF(情景分析!$D$6=1,$J5,IF(情景分析!$D$6=2,$E5,IF(情景分析!$D$6=4,IF($C5="银行间",$J5,$L5),$G5)))+AH$2/100,情景分析!$D$7,"",,,,"",)*IF($H5="",1,$H5)) -> 12594.219 | AI5: =IF($A5="","",[2]!B_CALC_PRICE($A5,$AC$1,IF(情景分析!$D$6=1,$J5,IF(情景分析!$D$6=2,$E5,IF(情景分析!$D$6=4,IF($C5="银行间",$J5,$L5),$G5)))+AI$2/100,情景分析!$D$7,"",,,,"",)*IF($H5="",1,$H5)) -> 12609.472 | AJ5: =IF($A5="","",[2]!B_CALC_PRICE($A5,$AJ$1,IF(情景分析!$D$6=1,$J5,IF(情景分析!$D$6=2,$E5,IF(情景分析!$D$6=4,IF($C5="银行间",$J5,$L5),$G5)))+AJ$2/100,情景分析!$D$7,"",,,,"",)*IF($H5="",1,$H5)) -> 12488.18 | AK5: =IF($A5="","",[2]!B_CALC_PRICE($A5,$AJ$1,IF(情景分析!$D$6=1,$J5,IF(情景分析!$D$6=2,$E5,IF(情景分析!$D$6=4,IF($C5="银行间",$J5,$L5),$G5)))+AK$2/100,情景分析!$D$7,"",,,,"",)*IF($H5="",1,$H5)) -> 12503.251 | AL5: =IF($A5="","",[2]!B_CALC_PRICE($A5,$AJ$1,IF(情景分析!$D$6=1,$J5,IF(情景分析!$D$6=2,$E5,IF(情景分析!$D$6=4,IF($C5="银行间",$J5,$L5),$G5)))+AL$2/100,情景分析!$D$7,"",,,,"",)*IF($H5="",1,$H5)) -> 12518.347 | AM5: =IF($A5="","",[2]!B_CALC_PRICE($A5,$AJ$1,IF(情景分析!$D$6=1,$J5,IF(情景分析!$D$6=2,$E5,IF(情景分析!$D$6=4,IF($C5="银行间",$J5,$L5),$G5)))+AM$2/100,情景分析!$D$7,"",,,,"",)*IF($H5="",1,$H5)) -> 12548.618 | AN5: =IF($A5="","",[2]!B_CALC_PRICE($A5,$AJ$1,IF(情景分析!$D$6=1,$J5,IF(情景分析!$D$6=2,$E5,IF(情景分析!$D$6=4,IF($C5="银行间",$J5,$L5),$G5)))+AN$2/100,情景分析!$D$7,"",,,,"",)*IF($H5="",1,$H5)) -> 12578.993 | AO5: =IF($A5="","",[2]!B_CALC_PRICE($A5,$AJ$1,IF(情景分析!$D$6=1,$J5,IF(情景分析!$D$6=2,$E5,IF(情景分析!$D$6=4,IF($C5="银行间",$J5,$L5),$G5)))+AO$2/100,情景分析!$D$7,"",,,,"",)*IF($H5="",1,$H5)) -> 12594.219 | AP5: =IF($A5="","",[2]!B_CALC_PRICE($A5,$AJ$1,IF(情景分析!$D$6=1,$J5,IF(情景分析!$D$6=2,$E5,IF(情景分析!$D$6=4,IF($C5="银行间",$J5,$L5),$G5)))+AP$2/100,情景分析!$D$7,"",,,,"",)*IF($H5="",1,$H5)) -> 12609.472 | AQ5: =IF($A5="","",[2]!B_CALC_PRICE($A5,$AQ$1,IF(情景分析!$D$6=1,$J5,IF(情景分析!$D$6=2,$E5,IF(情景分析!$D$6=4,IF($C5="银行间",$J5,$L5),$G5)))+AQ$2/100,情景分析!$D$7,"",,,,"",)*IF($H5="",1,$H5)) -> 12346.08 | AR5: =IF($A5="","",[2]!B_CALC_PRICE($A5,$AQ$1,IF(情景分析!$D$6=1,$J5,IF(情景分析!$D$6=2,$E5,IF(情景分析!$D$6=4,IF($C5="银行间",$J5,$L5),$G5)))+AR$2/100,情景分析!$D$7,"",,,,"",)*IF($H5="",1,$H5)) -> 12356.699 | AS5: =IF($A5="","",[2]!B_CALC_PRICE($A5,$AQ$1,IF(情景分析!$D$6=1,$J5,IF(情景分析!$D$6=2,$E5,IF(情景分析!$D$6=4,IF($C5="银行间",$J5,$L5),$G5)))+AS$2/100,情景分析!$D$7,"",,,,"",)*IF($H5="",1,$H5)) -> 12367.332 | AT5: =IF($A5="","",[2]!B_CALC_PRICE($A5,$AQ$1,IF(情景分析!$D$6=1,$J5,IF(情景分析!$D$6=2,$E5,IF(情景分析!$D$6=4,IF($C5="银行间",$J5,$L5),$G5)))+AT$2/100,情景分析!$D$7,"",,,,"",)*IF($H5="",1,$H5)) -> 12388.641 | AU5: =IF($A5="","",[2]!B_CALC_PRICE($A5,$AQ$1,IF(情景分析!$D$6=1,$J5,IF(情景分析!$D$6=2,$E5,IF(情景分析!$D$6=4,IF($C5="银行间",$J5,$L5),$G5)))+AU$2/100,情景分析!$D$7,"",,,,"",)*IF($H5="",1,$H5)) -> 12410.008 | AV5: =IF($A5="","",[2]!B_CALC_PRICE($A5,$AQ$1,IF(情景分析!$D$6=1,$J5,IF(情景分析!$D$6=2,$E5,IF(情景分析!$D$6=4,IF($C5="银行间",$J5,$L5),$G5)))+AV$2/100,情景分析!$D$7,"",,,,"",)*IF($H5="",1,$H5)) -> 12420.714 | AW5: =IF($A5="","",[2]!B_CALC_PRICE($A5,$AQ$1,IF(情景分析!$D$6=1,$J5,IF(情景分析!$D$6=2,$E5,IF(情景分析!$D$6=4,IF($C5="银行间",$J5,$L5),$G5)))+AW$2/100,情景分析!$D$7,"",,,,"",)*IF($H5="",1,$H5)) -> 12431.433
A6: 102484859.IB | B6: =IF(A6="","",[2]!b_info_name(A6)) -> 24晋江产投MTN003 | C6: =[2]!b_info_listedmkt(A6) -> 银行间 | D6: =IFERROR(IF(A6="","", [2]!b_dq_avgprice(A6, 情景分析!$D$5, 情景分析!$D$7) * IF($H6="",1,$H6)),0) -> 0 | E6: =IF(A6="","", N([2]!b_dq_avgprice(A6,情景分析!$D$5,3))) -> 0 | F6: =IF($G6 = "", "", IFERROR( [2]!b_calc_pv(A6, 情景分析!$D$5,$G6, "1", 情景分析!$D$7), [2]!b_calc_pv(A6, 情景分析!$D$5,$G6, "2", 情景分析!$D$7) ) ) -> 54.862817 | G6: 20 | H6: 120 | I6: =IF(A6="","",IF(情景分析!$D$7=1,[2]!b_anal_net_cnbd(A6,情景分析!$D$5,1),[2]!b_anal_dirty_cnbd(A6,情景分析!$D$5,1))*IF($H6="",1,$H6)) -> 12142.716 | J6: =IF(A6="","",[2]!b_anal_yield_cnbd(A6,情景分析!$D$5,1)) -> 2.0775 | K6: =IF(A6="","",IF(情景分析!$D$7=1,[2]!b_anal_net_csi1(A6,情景分析!$D$5,1),[2]!b_anal_dirty_csi1(A6,情景分析!$D$5,1))*IF($H6="",1,$H6)) -> 12151.524 | L6: =IF(A6="","",[2]!b_anal_yield_csi1(A6,情景分析!$D$5,1)) -> 2.0371 | M6: =IF($C6="银行间",$I6,$K6) -> 12142.716 | N6: =IF($C6="银行间",$J6,$L6) -> 2.0775 | O6: =IF($A6="","",[2]!B_CALC_PRICE($A6,$O$1,IF(情景分析!$D$6=1,$J6,IF(情景分析!$D$6=2,$E6,IF(情景分析!$D$6=4,IF($C6="银行间",$J6,$L6),$G6)))+O$2/100,情景分析!$D$7,"",,,,"",)*IF($H6="",1,$H6)) -> 12183.011 | P6: =IF($A6="","",[2]!B_CALC_PRICE($A6,$O$1,IF(情景分析!$D$6=1,$J6,IF(情景分析!$D$6=2,$E6,IF(情景分析!$D$6=4,IF($C6="银行间",$J6,$L6),$G6)))+P$2/100,情景分析!$D$7,"",,,,"",)*IF($H6="",1,$H6)) -> 12205.998 | Q6: =IF($A6="","",[2]!B_CALC_PRICE($A6,$O$1,IF(情景分析!$D$6=1,$J6,IF(情景分析!$D$6=2,$E6,IF(情景分析!$D$6=4,IF($C6="银行间",$J6,$L6),$G6)))+Q$2/100,情景分析!$D$7,"",,,,"",)*IF($H6="",1,$H6)) -> 12229.042 | R6: =IF($A6="","",[2]!B_CALC_PRICE($A6,$O$1,IF(情景分析!$D$6=1,$J6,IF(情景分析!$D$6=2,$E6,IF(情景分析!$D$6=4,IF($C6="银行间",$J6,$L6),$G6)))+R$2/100,情景分析!$D$7,"",,,,"",)*IF($H6="",1,$H6)) -> 12275.296 | S6: =IF($A6="","",[2]!B_CALC_PRICE($A6,$O$1,IF(情景分析!$D$6=1,$J6,IF(情景分析!$D$6=2,$E6,IF(情景分析!$D$6=4,IF($C6="银行间",$J6,$L6),$G6)))+S$2/100,情景分析!$D$7,"",,,,"",)*IF($H6="",1,$H6)) -> 12321.775 | T6: =IF($A6="","",[2]!B_CALC_PRICE($A6,$O$1,IF(情景分析!$D$6=1,$J6,IF(情景分析!$D$6=2,$E6,IF(情景分析!$D$6=4,IF($C6="银行间",$J6,$L6),$G6)))+T$2/100,情景分析!$D$7,"",,,,"",)*IF($H6="",1,$H6)) -> 12345.1 | U6: =IF($A6="","",[2]!B_CALC_PRICE($A6,$O$1,IF(情景分析!$D$6=1,$J6,IF(情景分析!$D$6=2,$E6,IF(情景分析!$D$6=4,IF($C6="银行间",$J6,$L6),$G6)))+U$2/100,情景分析!$D$7,"",,,,"",)*IF($H6="",1,$H6)) -> 12368.48 | V6: =IF($A6="","",[2]!B_CALC_PRICE($A6,$V$1,IF(情景分析!$D$6=1,$J6,IF(情景分析!$D$6=2,$E6,IF(情景分析!$D$6=4,IF($C6="银行间",$J6,$L6),$G6)))+V$2/100,情景分析!$D$7,"",,,,"",)*IF($H6="",1,$H6)) -> 12179.973 | W6: =IF($A6="","",[2]!B_CALC_PRICE($A6,$V$1,IF(情景分析!$D$6=1,$J6,IF(情景分析!$D$6=2,$E6,IF(情景分析!$D$6=4,IF($C6="银行间",$J6,$L6),$G6)))+W$2/100,情景分析!$D$7,"",,,,"",)*IF($H6="",1,$H6)) -> 12202.601 | X6: =IF($A6="","",[2]!B_CALC_PRICE($A6,$V$1,IF(情景分析!$D$6=1,$J6,IF(情景分析!$D$6=2,$E6,IF(情景分析!$D$6=4,IF($C6="银行间",$J6,$L6),$G6)))+X$2/100,情景分析!$D$7,"",,,,"",)*IF($H6="",1,$H6)) -> 12225.283 | Y6: =IF($A6="","",[2]!B_CALC_PRICE($A6,$V$1,IF(情景分析!$D$6=1,$J6,IF(情景分析!$D$6=2,$E6,IF(情景分析!$D$6=4,IF($C6="银行间",$J6,$L6),$G6)))+Y$2/100,情景分析!$D$7,"",,,,"",)*IF($H6="",1,$H6)) -> 12270.809 | Z6: =IF($A6="","",[2]!B_CALC_PRICE($A6,$V$1,IF(情景分析!$D$6=1,$J6,IF(情景分析!$D$6=2,$E6,IF(情景分析!$D$6=4,IF($C6="银行间",$J6,$L6),$G6)))+Z$2/100,情景分析!$D$7,"",,,,"",)*IF($H6="",1,$H6)) -> 12316.553 | AA6: =IF($A6="","",[2]!B_CALC_PRICE($A6,$V$1,IF(情景分析!$D$6=1,$J6,IF(情景分析!$D$6=2,$E6,IF(情景分析!$D$6=4,IF($C6="银行间",$J6,$L6),$G6)))+AA$2/100,情景分析!$D$7,"",,,,"",)*IF($H6="",1,$H6)) -> 12339.508 | AB6: =IF($A6="","",[2]!B_CALC_PRICE($A6,$V$1,IF(情景分析!$D$6=1,$J6,IF(情景分析!$D$6=2,$E6,IF(情景分析!$D$6=4,IF($C6="银行间",$J6,$L6),$G6)))+AB$2/100,情景分析!$D$7,"",,,,"",)*IF($H6="",1,$H6)) -> 12362.517 | AC6: =IF($A6="","",[2]!B_CALC_PRICE($A6,$AC$1,IF(情景分析!$D$6=1,$J6,IF(情景分析!$D$6=2,$E6,IF(情景分析!$D$6=4,IF($C6="银行间",$J6,$L6),$G6)))+AC$2/100,情景分析!$D$7,"",,,,"",)*IF($H6="",1,$H6)) -> 12172.222 | AD6: =IF($A6="","",[2]!B_CALC_PRICE($A6,$AC$1,IF(情景分析!$D$6=1,$J6,IF(情景分析!$D$6=2,$E6,IF(情景分析!$D$6=4,IF($C6="银行间",$J6,$L6),$G6)))+AD$2/100,情景分析!$D$7,"",,,,"",)*IF($H6="",1,$H6)) -> 12193.933 | AE6: =IF($A6="","",[2]!B_CALC_PRICE($A6,$AC$1,IF(情景分析!$D$6=1,$J6,IF(情景分析!$D$6=2,$E6,IF(情景分析!$D$6=4,IF($C6="银行间",$J6,$L6),$G6)))+AE$2/100,情景分析!$D$7,"",,,,"",)*IF($H6="",1,$H6)) -> 12215.693 | AF6: =IF($A6="","",[2]!B_CALC_PRICE($A6,$AC$1,IF(情景分析!$D$6=1,$J6,IF(情景分析!$D$6=2,$E6,IF(情景分析!$D$6=4,IF($C6="银行间",$J6,$L6),$G6)))+AF$2/100,情景分析!$D$7,"",,,,"",)*IF($H6="",1,$H6)) -> 12259.366 | AG6: =IF($A6="","",[2]!B_CALC_PRICE($A6,$AC$1,IF(情景分析!$D$6=1,$J6,IF(情景分析!$D$6=2,$E6,IF(情景分析!$D$6=4,IF($C6="银行间",$J6,$L6),$G6)))+AG$2/100,情景分析!$D$7,"",,,,"",)*IF($H6="",1,$H6)) -> 12303.24 | AH6: =IF($A6="","",[2]!B_CALC_PRICE($A6,$AC$1,IF(情景分析!$D$6=1,$J6,IF(情景分析!$D$6=2,$E6,IF(情景分析!$D$6=4,IF($C6="银行间",$J6,$L6),$G6)))+AH$2/100,情景分析!$D$7,"",,,,"",)*IF($H6="",1,$H6)) -> 12325.254 | AI6: =IF($A6="","",[2]!B_CALC_PRICE($A6,$AC$1,IF(情景分析!$D$6=1,$J6,IF(情景分析!$D$6=2,$E6,IF(情景分析!$D$6=4,IF($C6="银行间",$J6,$L6),$G6)))+AI$2/100,情景分析!$D$7,"",,,,"",)*IF($H6="",1,$H6)) -> 12347.318 | AJ6: =IF($A6="","",[2]!B_CALC_PRICE($A6,$AJ$1,IF(情景分析!$D$6=1,$J6,IF(情景分析!$D$6=2,$E6,IF(情景分析!$D$6=4,IF($C6="银行间",$J6,$L6),$G6)))+AJ$2/100,情景分析!$D$7,"",,,,"",)*IF($H6="",1,$H6)) -> 12172.222 | AK6: =IF($A6="","",[2]!B_CALC_PRICE($A6,$AJ$1,IF(情景分析!$D$6=1,$J6,IF(情景分析!$D$6=2,$E6,IF(情景分析!$D$6=4,IF($C6="银行间",$J6,$L6),$G6)))+AK$2/100,情景分析!$D$7,"",,,,"",)*IF($H6="",1,$H6)) -> 12193.933 | AL6: =IF($A6="","",[2]!B_CALC_PRICE($A6,$AJ$1,IF(情景分析!$D$6=1,$J6,IF(情景分析!$D$6=2,$E6,IF(情景分析!$D$6=4,IF($C6="银行间",$J6,$L6),$G6)))+AL$2/100,情景分析!$D$7,"",,,,"",)*IF($H6="",1,$H6)) -> 12215.693 | AM6: =IF($A6="","",[2]!B_CALC_PRICE($A6,$AJ$1,IF(情景分析!$D$6=1,$J6,IF(情景分析!$D$6=2,$E6,IF(情景分析!$D$6=4,IF($C6="银行间",$J6,$L6),$G6)))+AM$2/100,情景分析!$D$7,"",,,,"",)*IF($H6="",1,$H6)) -> 12259.366 | AN6: =IF($A6="","",[2]!B_CALC_PRICE($A6,$AJ$1,IF(情景分析!$D$6=1,$J6,IF(情景分析!$D$6=2,$E6,IF(情景分析!$D$6=4,IF($C6="银行间",$J6,$L6),$G6)))+AN$2/100,情景分析!$D$7,"",,,,"",)*IF($H6="",1,$H6)) -> 12303.24 | AO6: =IF($A6="","",[2]!B_CALC_PRICE($A6,$AJ$1,IF(情景分析!$D$6=1,$J6,IF(情景分析!$D$6=2,$E6,IF(情景分析!$D$6=4,IF($C6="银行间",$J6,$L6),$G6)))+AO$2/100,情景分析!$D$7,"",,,,"",)*IF($H6="",1,$H6)) -> 12325.254 | AP6: =IF($A6="","",[2]!B_CALC_PRICE($A6,$AJ$1,IF(情景分析!$D$6=1,$J6,IF(情景分析!$D$6=2,$E6,IF(情景分析!$D$6=4,IF($C6="银行间",$J6,$L6),$G6)))+AP$2/100,情景分析!$D$7,"",,,,"",)*IF($H6="",1,$H6)) -> 12347.318 | AQ6: =IF($A6="","",[2]!B_CALC_PRICE($A6,$AQ$1,IF(情景分析!$D$6=1,$J6,IF(情景分析!$D$6=2,$E6,IF(情景分析!$D$6=4,IF($C6="银行间",$J6,$L6),$G6)))+AQ$2/100,情景分析!$D$7,"",,,,"",)*IF($H6="",1,$H6)) -> 12139.668 | AR6: =IF($A6="","",[2]!B_CALC_PRICE($A6,$AQ$1,IF(情景分析!$D$6=1,$J6,IF(情景分析!$D$6=2,$E6,IF(情景分析!$D$6=4,IF($C6="银行间",$J6,$L6),$G6)))+AR$2/100,情景分析!$D$7,"",,,,"",)*IF($H6="",1,$H6)) -> 12157.186 | AS6: =IF($A6="","",[2]!B_CALC_PRICE($A6,$AQ$1,IF(情景分析!$D$6=1,$J6,IF(情景分析!$D$6=2,$E6,IF(情景分析!$D$6=4,IF($C6="银行间",$J6,$L6),$G6)))+AS$2/100,情景分析!$D$7,"",,,,"",)*IF($H6="",1,$H6)) -> 12174.738 | AT6: =IF($A6="","",[2]!B_CALC_PRICE($A6,$AQ$1,IF(情景分析!$D$6=1,$J6,IF(情景分析!$D$6=2,$E6,IF(情景分析!$D$6=4,IF($C6="银行间",$J6,$L6),$G6)))+AT$2/100,情景分析!$D$7,"",,,,"",)*IF($H6="",1,$H6)) -> 12209.945 | AU6: =IF($A6="","",[2]!B_CALC_PRICE($A6,$AQ$1,IF(情景分析!$D$6=1,$J6,IF(情景分析!$D$6=2,$E6,IF(情景分析!$D$6=4,IF($C6="银行间",$J6,$L6),$G6)))+AU$2/100,情景分析!$D$7,"",,,,"",)*IF($H6="",1,$H6)) -> 12245.29 | AV6: =IF($A6="","",[2]!B_CALC_PRICE($A6,$AQ$1,IF(情景分析!$D$6=1,$J6,IF(情景分析!$D$6=2,$E6,IF(情景分析!$D$6=4,IF($C6="银行间",$J6,$L6),$G6)))+AV$2/100,情景分析!$D$7,"",,,,"",)*IF($H6="",1,$H6)) -> 12263.014 | AW6: =IF($A6="","",[2]!B_CALC_PRICE($A6,$AQ$1,IF(情景分析!$D$6=1,$J6,IF(情景分析!$D$6=2,$E6,IF(情景分析!$D$6=4,IF($C6="银行间",$J6,$L6),$G6)))+AW$2/100,情景分析!$D$7,"",,,,"",)*IF($H6="",1,$H6)) -> 12280.773
A7: 102482714.IB | B7: =IF(A7="","",[2]!b_info_name(A7)) -> 24晋江产投MTN002 | C7: =[2]!b_info_listedmkt(A7) -> 银行间 | D7: =IFERROR(IF(A7="","", [2]!b_dq_avgprice(A7, 情景分析!$D$5, 情景分析!$D$7) * IF($H7="",1,$H7)),0) -> 0 | E7: =IF(A7="","", N([2]!b_dq_avgprice(A7,情景分析!$D$5,3))) -> 0 | F7: =IF($G7 = "", "", IFERROR( [2]!b_calc_pv(A7, 情景分析!$D$5,$G7, "1", 情景分析!$D$7), [2]!b_calc_pv(A7, 情景分析!$D$5,$G7, "2", 情景分析!$D$7) ) ) -> 76.709465 | G7: 20 | H7: 120 | I7: =IF(A7="","",IF(情景分析!$D$7=1,[2]!b_anal_net_cnbd(A7,情景分析!$D$5,1),[2]!b_anal_dirty_cnbd(A7,情景分析!$D$5,1))*IF($H7="",1,$H7)) -> 12032.556 | J7: =IF(A7="","",[2]!b_anal_yield_cnbd(A7,情景分析!$D$5,1)) -> 1.8238 | K7: =IF(A7="","",IF(情景分析!$D$7=1,[2]!b_anal_net_csi1(A7,情景分析!$D$5,1),[2]!b_anal_dirty_csi1(A7,情景分析!$D$5,1))*IF($H7="",1,$H7)) -> 12032.412 | L7: =IF(A7="","",[2]!b_anal_yield_csi1(A7,情景分析!$D$5,1)) -> 1.8163 | M7: =IF($C7="银行间",$I7,$K7) -> 12032.556 | N7: =IF($C7="银行间",$J7,$L7) -> 1.8238 | O7: =IF($A7="","",[2]!B_CALC_PRICE($A7,$O$1,IF(情景分析!$D$6=1,$J7,IF(情景分析!$D$6=2,$E7,IF(情景分析!$D$6=4,IF($C7="银行间",$J7,$L7),$G7)))+O$2/100,情景分析!$D$7,"",,,,"",)*IF($H7="",1,$H7)) -> 12042.616 | P7: =IF($A7="","",[2]!B_CALC_PRICE($A7,$O$1,IF(情景分析!$D$6=1,$J7,IF(情景分析!$D$6=2,$E7,IF(情景分析!$D$6=4,IF($C7="银行间",$J7,$L7),$G7)))+P$2/100,情景分析!$D$7,"",,,,"",)*IF($H7="",1,$H7)) -> 12052.223 | Q7: =IF($A7="","",[2]!B_CALC_PRICE($A7,$O$1,IF(情景分析!$D$6=1,$J7,IF(情景分析!$D$6=2,$E7,IF(情景分析!$D$6=4,IF($C7="银行间",$J7,$L7),$G7)))+Q$2/100,情景分析!$D$7,"",,,,"",)*IF($H7="",1,$H7)) -> 12061.843 | R7: =IF($A7="","",[2]!B_CALC_PRICE($A7,$O$1,IF(情景分析!$D$6=1,$J7,IF(情景分析!$D$6=2,$E7,IF(情景分析!$D$6=4,IF($C7="银行间",$J7,$L7),$G7)))+R$2/100,情景分析!$D$7,"",,,,"",)*IF($H7="",1,$H7)) -> 12081.12 | S7: =IF($A7="","",[2]!B_CALC_PRICE($A7,$O$1,IF(情景分析!$D$6=1,$J7,IF(情景分析!$D$6=2,$E7,IF(情景分析!$D$6=4,IF($C7="银行间",$J7,$L7),$G7)))+S$2/100,情景分析!$D$7,"",,,,"",)*IF($H7="",1,$H7)) -> 12100.447 | T7: =IF($A7="","",[2]!B_CALC_PRICE($A7,$O$1,IF(情景分析!$D$6=1,$J7,IF(情景分析!$D$6=2,$E7,IF(情景分析!$D$6=4,IF($C7="银行间",$J7,$L7),$G7)))+T$2/100,情景分析!$D$7,"",,,,"",)*IF($H7="",1,$H7)) -> 12110.13 | U7: =IF($A7="","",[2]!B_CALC_PRICE($A7,$O$1,IF(情景分析!$D$6=1,$J7,IF(情景分析!$D$6=2,$E7,IF(情景分析!$D$6=4,IF($C7="银行间",$J7,$L7),$G7)))+U$2/100,情景分析!$D$7,"",,,,"",)*IF($H7="",1,$H7)) -> 12119.824 | V7: =IF($A7="","",[2]!B_CALC_PRICE($A7,$V$1,IF(情景分析!$D$6=1,$J7,IF(情景分析!$D$6=2,$E7,IF(情景分析!$D$6=4,IF($C7="银行间",$J7,$L7),$G7)))+V$2/100,情景分析!$D$7,"",,,,"",)*IF($H7="",1,$H7)) -> 12040.868 | W7: =IF($A7="","",[2]!B_CALC_PRICE($A7,$V$1,IF(情景分析!$D$6=1,$J7,IF(情景分析!$D$6=2,$E7,IF(情景分析!$D$6=4,IF($C7="银行间",$J7,$L7),$G7)))+W$2/100,情景分析!$D$7,"",,,,"",)*IF($H7="",1,$H7)) -> 12050.096 | X7: =IF($A7="","",[2]!B_CALC_PRICE($A7,$V$1,IF(情景分析!$D$6=1,$J7,IF(情景分析!$D$6=2,$E7,IF(情景分析!$D$6=4,IF($C7="银行间",$J7,$L7),$G7)))+X$2/100,情景分析!$D$7,"",,,,"",)*IF($H7="",1,$H7)) -> 12059.335 | Y7: =IF($A7="","",[2]!B_CALC_PRICE($A7,$V$1,IF(情景分析!$D$6=1,$J7,IF(情景分析!$D$6=2,$E7,IF(情景分析!$D$6=4,IF($C7="银行间",$J7,$L7),$G7)))+Y$2/100,情景分析!$D$7,"",,,,"",)*IF($H7="",1,$H7)) -> 12077.85 | Z7: =IF($A7="","",[2]!B_CALC_PRICE($A7,$V$1,IF(情景分析!$D$6=1,$J7,IF(情景分析!$D$6=2,$E7,IF(情景分析!$D$6=4,IF($C7="银行间",$J7,$L7),$G7)))+Z$2/100,情景分析!$D$7,"",,,,"",)*IF($H7="",1,$H7)) -> 12096.411 | AA7: =IF($A7="","",[2]!B_CALC_PRICE($A7,$V$1,IF(情景分析!$D$6=1,$J7,IF(情景分析!$D$6=2,$E7,IF(情景分析!$D$6=4,IF($C7="银行间",$J7,$L7),$G7)))+AA$2/100,情景分析!$D$7,"",,,,"",)*IF($H7="",1,$H7)) -> 12105.709 | AB7: =IF($A7="","",[2]!B_CALC_PRICE($A7,$V$1,IF(情景分析!$D$6=1,$J7,IF(情景分析!$D$6=2,$E7,IF(情景分析!$D$6=4,IF($C7="银行间",$J7,$L7),$G7)))+AB$2/100,情景分析!$D$7,"",,,,"",)*IF($H7="",1,$H7)) -> 12115.018 | AC7: =IF($A7="","",[2]!B_CALC_PRICE($A7,$AC$1,IF(情景分析!$D$6=1,$J7,IF(情景分析!$D$6=2,$E7,IF(情景分析!$D$6=4,IF($C7="银行间",$J7,$L7),$G7)))+AC$2/100,情景分析!$D$7,"",,,,"",)*IF($H7="",1,$H7)) -> 12036.52 | AD7: =IF($A7="","",[2]!B_CALC_PRICE($A7,$AC$1,IF(情景分析!$D$6=1,$J7,IF(情景分析!$D$6=2,$E7,IF(情景分析!$D$6=4,IF($C7="银行间",$J7,$L7),$G7)))+AD$2/100,情景分析!$D$7,"",,,,"",)*IF($H7="",1,$H7)) -> 12044.779 | AE7: =IF($A7="","",[2]!B_CALC_PRICE($A7,$AC$1,IF(情景分析!$D$6=1,$J7,IF(情景分析!$D$6=2,$E7,IF(情景分析!$D$6=4,IF($C7="银行间",$J7,$L7),$G7)))+AE$2/100,情景分析!$D$7,"",,,,"",)*IF($H7="",1,$H7)) -> 12053.048 | AF7: =IF($A7="","",[2]!B_CALC_PRICE($A7,$AC$1,IF(情景分析!$D$6=1,$J7,IF(情景分析!$D$6=2,$E7,IF(情景分析!$D$6=4,IF($C7="银行间",$J7,$L7),$G7)))+AF$2/100,情景分析!$D$7,"",,,,"",)*IF($H7="",1,$H7)) -> 12069.614 | AG7: =IF($A7="","",[2]!B_CALC_PRICE($A7,$AC$1,IF(情景分析!$D$6=1,$J7,IF(情景分析!$D$6=2,$E7,IF(情景分析!$D$6=4,IF($C7="银行间",$J7,$L7),$G7)))+AG$2/100,情景分析!$D$7,"",,,,"",)*IF($H7="",1,$H7)) -> 12086.22 | AH7: =IF($A7="","",[2]!B_CALC_PRICE($A7,$AC$1,IF(情景分析!$D$6=1,$J7,IF(情景分析!$D$6=2,$E7,IF(情景分析!$D$6=4,IF($C7="银行间",$J7,$L7),$G7)))+AH$2/100,情景分析!$D$7,"",,,,"",)*IF($H7="",1,$H7)) -> 12094.538 | AI7: =IF($A7="","",[2]!B_CALC_PRICE($A7,$AC$1,IF(情景分析!$D$6=1,$J7,IF(情景分析!$D$6=2,$E7,IF(情景分析!$D$6=4,IF($C7="银行间",$J7,$L7),$G7)))+AI$2/100,情景分析!$D$7,"",,,,"",)*IF($H7="",1,$H7)) -> 12102.865 | AJ7: =IF($A7="","",[2]!B_CALC_PRICE($A7,$AJ$1,IF(情景分析!$D$6=1,$J7,IF(情景分析!$D$6=2,$E7,IF(情景分析!$D$6=4,IF($C7="银行间",$J7,$L7),$G7)))+AJ$2/100,情景分析!$D$7,"",,,,"",)*IF($H7="",1,$H7)) -> 12036.52 | AK7: =IF($A7="","",[2]!B_CALC_PRICE($A7,$AJ$1,IF(情景分析!$D$6=1,$J7,IF(情景分析!$D$6=2,$E7,IF(情景分析!$D$6=4,IF($C7="银行间",$J7,$L7),$G7)))+AK$2/100,情景分析!$D$7,"",,,,"",)*IF($H7="",1,$H7)) -> 12044.779 | AL7: =IF($A7="","",[2]!B_CALC_PRICE($A7,$AJ$1,IF(情景分析!$D$6=1,$J7,IF(情景分析!$D$6=2,$E7,IF(情景分析!$D$6=4,IF($C7="银行间",$J7,$L7),$G7)))+AL$2/100,情景分析!$D$7,"",,,,"",)*IF($H7="",1,$H7)) -> 12053.048 | AM7: =IF($A7="","",[2]!B_CALC_PRICE($A7,$AJ$1,IF(情景分析!$D$6=1,$J7,IF(情景分析!$D$6=2,$E7,IF(情景分析!$D$6=4,IF($C7="银行间",$J7,$L7),$G7)))+AM$2/100,情景分析!$D$7,"",,,,"",)*IF($H7="",1,$H7)) -> 12069.614 | AN7: =IF($A7="","",[2]!B_CALC_PRICE($A7,$AJ$1,IF(情景分析!$D$6=1,$J7,IF(情景分析!$D$6=2,$E7,IF(情景分析!$D$6=4,IF($C7="银行间",$J7,$L7),$G7)))+AN$2/100,情景分析!$D$7,"",,,,"",)*IF($H7="",1,$H7)) -> 12086.22 | AO7: =IF($A7="","",[2]!B_CALC_PRICE($A7,$AJ$1,IF(情景分析!$D$6=1,$J7,IF(情景分析!$D$6=2,$E7,IF(情景分析!$D$6=4,IF($C7="银行间",$J7,$L7),$G7)))+AO$2/100,情景分析!$D$7,"",,,,"",)*IF($H7="",1,$H7)) -> 12094.538 | AP7: =IF($A7="","",[2]!B_CALC_PRICE($A7,$AJ$1,IF(情景分析!$D$6=1,$J7,IF(情景分析!$D$6=2,$E7,IF(情景分析!$D$6=4,IF($C7="银行间",$J7,$L7),$G7)))+AP$2/100,情景分析!$D$7,"",,,,"",)*IF($H7="",1,$H7)) -> 12102.865 | AQ7: =IF($A7="","",[2]!B_CALC_PRICE($A7,$AQ$1,IF(情景分析!$D$6=1,$J7,IF(情景分析!$D$6=2,$E7,IF(情景分析!$D$6=4,IF($C7="银行间",$J7,$L7),$G7)))+AQ$2/100,情景分析!$D$7,"",,,,"",)*IF($H7="",1,$H7)) -> 12016.322 | AR7: =IF($A7="","",[2]!B_CALC_PRICE($A7,$AQ$1,IF(情景分析!$D$6=1,$J7,IF(情景分析!$D$6=2,$E7,IF(情景分析!$D$6=4,IF($C7="银行间",$J7,$L7),$G7)))+AR$2/100,情景分析!$D$7,"",,,,"",)*IF($H7="",1,$H7)) -> 12020.236 | AS7: =IF($A7="","",[2]!B_CALC_PRICE($A7,$AQ$1,IF(情景分析!$D$6=1,$J7,IF(情景分析!$D$6=2,$E7,IF(情景分析!$D$6=4,IF($C7="银行间",$J7,$L7),$G7)))+AS$2/100,情景分析!$D$7,"",,,,"",)*IF($H7="",1,$H7)) -> 12024.153 | AT7: =IF($A7="","",[2]!B_CALC_PRICE($A7,$AQ$1,IF(情景分析!$D$6=1,$J7,IF(情景分析!$D$6=2,$E7,IF(情景分析!$D$6=4,IF($C7="银行间",$J7,$L7),$G7)))+AT$2/100,情景分析!$D$7,"",,,,"",)*IF($H7="",1,$H7)) -> 12031.994 | AU7: =IF($A7="","",[2]!B_CALC_PRICE($A7,$AQ$1,IF(情景分析!$D$6=1,$J7,IF(情景分析!$D$6=2,$E7,IF(情景分析!$D$6=4,IF($C7="银行间",$J7,$L7),$G7)))+AU$2/100,情景分析!$D$7,"",,,,"",)*IF($H7="",1,$H7)) -> 12039.845 | AV7: =IF($A7="","",[2]!B_CALC_PRICE($A7,$AQ$1,IF(情景分析!$D$6=1,$J7,IF(情景分析!$D$6=2,$E7,IF(情景分析!$D$6=4,IF($C7="银行间",$J7,$L7),$G7)))+AV$2/100,情景分析!$D$7,"",,,,"",)*IF($H7="",1,$H7)) -> 12043.774 | AW7: =IF($A7="","",[2]!B_CALC_PRICE($A7,$AQ$1,IF(情景分析!$D$6=1,$J7,IF(情景分析!$D$6=2,$E7,IF(情景分析!$D$6=4,IF($C7="银行间",$J7,$L7),$G7)))+AW$2/100,情景分析!$D$7,"",,,,"",)*IF($H7="",1,$H7)) -> 12047.706
A8: 102582457.IB | B8: =IF(A8="","",[2]!b_info_name(A8)) -> 25晋江城投MTN004 | C8: =[2]!b_info_listedmkt(A8) -> 银行间 | D8: =IFERROR(IF(A8="","", [2]!b_dq_avgprice(A8, 情景分析!$D$5, 情景分析!$D$7) * IF($H8="",1,$H8)),0) -> 11931.036 | E8: =IF(A8="","", N([2]!b_dq_avgprice(A8,情景分析!$D$5,3))) -> 0 | F8: =IF($G8 = "", "", IFERROR( [2]!b_calc_pv(A8, 情景分析!$D$5,$G8, "1", 情景分析!$D$7), [2]!b_calc_pv(A8, 情景分析!$D$5,$G8, "2", 情景分析!$D$7) ) ) -> 18.583981 | G8: 20 | H8: 120 | I8: =IF(A8="","",IF(情景分析!$D$7=1,[2]!b_anal_net_cnbd(A8,情景分析!$D$5,1),[2]!b_anal_dirty_cnbd(A8,情景分析!$D$5,1))*IF($H8="",1,$H8)) -> 11938.296 | J8: =IF(A8="","",[2]!b_anal_yield_cnbd(A8,情景分析!$D$5,1)) -> 2.5571 | K8: =IF(A8="","",IF(情景分析!$D$7=1,[2]!b_anal_net_csi1(A8,情景分析!$D$5,1),[2]!b_anal_dirty_csi1(A8,情景分析!$D$5,1))*IF($H8="",1,$H8)) -> 11936.004 | L8: =IF(A8="","",[2]!b_anal_yield_csi1(A8,情景分析!$D$5,1)) -> 2.56 | M8: =IF($C8="银行间",$I8,$K8) -> 11938.296 | N8: =IF($C8="银行间",$J8,$L8) -> 2.5571 | O8: =IF($A8="","",[2]!B_CALC_PRICE($A8,$O$1,IF(情景分析!$D$6=1,$J8,IF(情景分析!$D$6=2,$E8,IF(情景分析!$D$6=4,IF($C8="银行间",$J8,$L8),$G8)))+O$2/100,情景分析!$D$7,"",,,,"",)*IF($H8="",1,$H8)) -> 19343.945 | P8: =IF($A8="","",[2]!B_CALC_PRICE($A8,$O$1,IF(情景分析!$D$6=1,$J8,IF(情景分析!$D$6=2,$E8,IF(情景分析!$D$6=4,IF($C8="银行间",$J8,$L8),$G8)))+P$2/100,情景分析!$D$7,"",,,,"",)*IF($H8="",1,$H8)) -> 19599.538 | Q8: =IF($A8="","",[2]!B_CALC_PRICE($A8,$O$1,IF(情景分析!$D$6=1,$J8,IF(情景分析!$D$6=2,$E8,IF(情景分析!$D$6=4,IF($C8="银行间",$J8,$L8),$G8)))+Q$2/100,情景分析!$D$7,"",,,,"",)*IF($H8="",1,$H8)) -> 19859.962 | R8: =IF($A8="","",[2]!B_CALC_PRICE($A8,$O$1,IF(情景分析!$D$6=1,$J8,IF(情景分析!$D$6=2,$E8,IF(情景分析!$D$6=4,IF($C8="银行间",$J8,$L8),$G8)))+R$2/100,情景分析!$D$7,"",,,,"",)*IF($H8="",1,$H8)) -> 20395.735 | S8: =IF($A8="","",[2]!B_CALC_PRICE($A8,$O$1,IF(情景分析!$D$6=1,$J8,IF(情景分析!$D$6=2,$E8,IF(情景分析!$D$6=4,IF($C8="银行间",$J8,$L8),$G8)))+S$2/100,情景分析!$D$7,"",,,,"",)*IF($H8="",1,$H8)) -> 20952.152 | T8: =IF($A8="","",[2]!B_CALC_PRICE($A8,$O$1,IF(情景分析!$D$6=1,$J8,IF(情景分析!$D$6=2,$E8,IF(情景分析!$D$6=4,IF($C8="银行间",$J8,$L8),$G8)))+T$2/100,情景分析!$D$7,"",,,,"",)*IF($H8="",1,$H8)) -> 21238.393 | U8: =IF($A8="","",[2]!B_CALC_PRICE($A8,$O$1,IF(情景分析!$D$6=1,$J8,IF(情景分析!$D$6=2,$E8,IF(情景分析!$D$6=4,IF($C8="银行间",$J8,$L8),$G8)))+U$2/100,情景分析!$D$7,"",,,,"",)*IF($H8="",1,$H8)) -> 21530.149 | V8: =IF($A8="","",[2]!B_CALC_PRICE($A8,$V$1,IF(情景分析!$D$6=1,$J8,IF(情景分析!$D$6=2,$E8,IF(情景分析!$D$6=4,IF($C8="银行间",$J8,$L8),$G8)))+V$2/100,情景分析!$D$7,"",,,,"",)*IF($H8="",1,$H8)) -> 19359.518 | W8: =IF($A8="","",[2]!B_CALC_PRICE($A8,$V$1,IF(情景分析!$D$6=1,$J8,IF(情景分析!$D$6=2,$E8,IF(情景分析!$D$6=4,IF($C8="银行间",$J8,$L8),$G8)))+W$2/100,情景分析!$D$7,"",,,,"",)*IF($H8="",1,$H8)) -> 19614.937 | X8: =IF($A8="","",[2]!B_CALC_PRICE($A8,$V$1,IF(情景分析!$D$6=1,$J8,IF(情景分析!$D$6=2,$E8,IF(情景分析!$D$6=4,IF($C8="银行间",$J8,$L8),$G8)))+X$2/100,情景分析!$D$7,"",,,,"",)*IF($H8="",1,$H8)) -> 19875.178 | Y8: =IF($A8="","",[2]!B_CALC_PRICE($A8,$V$1,IF(情景分析!$D$6=1,$J8,IF(情景分析!$D$6=2,$E8,IF(情景分析!$D$6=4,IF($C8="银行间",$J8,$L8),$G8)))+Y$2/100,情景分析!$D$7,"",,,,"",)*IF($H8="",1,$H8)) -> 20410.559 | Z8: =IF($A8="","",[2]!B_CALC_PRICE($A8,$V$1,IF(情景分析!$D$6=1,$J8,IF(情景分析!$D$6=2,$E8,IF(情景分析!$D$6=4,IF($C8="银行间",$J8,$L8),$G8)))+Z$2/100,情景分析!$D$7,"",,,,"",)*IF($H8="",1,$H8)) -> 20966.547 | AA8: =IF($A8="","",[2]!B_CALC_PRICE($A8,$V$1,IF(情景分析!$D$6=1,$J8,IF(情景分析!$D$6=2,$E8,IF(情景分析!$D$6=4,IF($C8="银行间",$J8,$L8),$G8)))+AA$2/100,情景分析!$D$7,"",,,,"",)*IF($H8="",1,$H8)) -> 21252.559 | AB8: =IF($A8="","",[2]!B_CALC_PRICE($A8,$V$1,IF(情景分析!$D$6=1,$J8,IF(情景分析!$D$6=2,$E8,IF(情景分析!$D$6=4,IF($C8="银行间",$J8,$L8),$G8)))+AB$2/100,情景分析!$D$7,"",,,,"",)*IF($H8="",1,$H8)) -> 21544.075 | AC8: =IF($A8="","",[2]!B_CALC_PRICE($A8,$AC$1,IF(情景分析!$D$6=1,$J8,IF(情景分析!$D$6=2,$E8,IF(情景分析!$D$6=4,IF($C8="银行间",$J8,$L8),$G8)))+AC$2/100,情景分析!$D$7,"",,,,"",)*IF($H8="",1,$H8)) -> 19399.38 | AD8: =IF($A8="","",[2]!B_CALC_PRICE($A8,$AC$1,IF(情景分析!$D$6=1,$J8,IF(情景分析!$D$6=2,$E8,IF(情景分析!$D$6=4,IF($C8="银行间",$J8,$L8),$G8)))+AD$2/100,情景分析!$D$7,"",,,,"",)*IF($H8="",1,$H8)) -> 19654.349 | AE8: =IF($A8="","",[2]!B_CALC_PRICE($A8,$AC$1,IF(情景分析!$D$6=1,$J8,IF(情景分析!$D$6=2,$E8,IF(情景分析!$D$6=4,IF($C8="银行间",$J8,$L8),$G8)))+AE$2/100,情景分析!$D$7,"",,,,"",)*IF($H8="",1,$H8)) -> 19914.119 | AF8: =IF($A8="","",[2]!B_CALC_PRICE($A8,$AC$1,IF(情景分析!$D$6=1,$J8,IF(情景分析!$D$6=2,$E8,IF(情景分析!$D$6=4,IF($C8="银行间",$J8,$L8),$G8)))+AF$2/100,情景分析!$D$7,"",,,,"",)*IF($H8="",1,$H8)) -> 20448.491 | AG8: =IF($A8="","",[2]!B_CALC_PRICE($A8,$AC$1,IF(情景分析!$D$6=1,$J8,IF(情景分析!$D$6=2,$E8,IF(情景分析!$D$6=4,IF($C8="银行间",$J8,$L8),$G8)))+AG$2/100,情景分析!$D$7,"",,,,"",)*IF($H8="",1,$H8)) -> 21003.377 | AH8: =IF($A8="","",[2]!B_CALC_PRICE($A8,$AC$1,IF(情景分析!$D$6=1,$J8,IF(情景分析!$D$6=2,$E8,IF(情景分析!$D$6=4,IF($C8="银行间",$J8,$L8),$G8)))+AH$2/100,情景分析!$D$7,"",,,,"",)*IF($H8="",1,$H8)) -> 21288.8 | AI8: =IF($A8="","",[2]!B_CALC_PRICE($A8,$AC$1,IF(情景分析!$D$6=1,$J8,IF(情景分析!$D$6=2,$E8,IF(情景分析!$D$6=4,IF($C8="银行间",$J8,$L8),$G8)))+AI$2/100,情景分析!$D$7,"",,,,"",)*IF($H8="",1,$H8)) -> 21579.702 | AJ8: =IF($A8="","",[2]!B_CALC_PRICE($A8,$AJ$1,IF(情景分析!$D$6=1,$J8,IF(情景分析!$D$6=2,$E8,IF(情景分析!$D$6=4,IF($C8="银行间",$J8,$L8),$G8)))+AJ$2/100,情景分析!$D$7,"",,,,"",)*IF($H8="",1,$H8)) -> 19399.38 | AK8: =IF($A8="","",[2]!B_CALC_PRICE($A8,$AJ$1,IF(情景分析!$D$6=1,$J8,IF(情景分析!$D$6=2,$E8,IF(情景分析!$D$6=4,IF($C8="银行间",$J8,$L8),$G8)))+AK$2/100,情景分析!$D$7,"",,,,"",)*IF($H8="",1,$H8)) -> 19654.349 | AL8: =IF($A8="","",[2]!B_CALC_PRICE($A8,$AJ$1,IF(情景分析!$D$6=1,$J8,IF(情景分析!$D$6=2,$E8,IF(情景分析!$D$6=4,IF($C8="银行间",$J8,$L8),$G8)))+AL$2/100,情景分析!$D$7,"",,,,"",)*IF($H8="",1,$H8)) -> 19914.119 | AM8: =IF($A8="","",[2]!B_CALC_PRICE($A8,$AJ$1,IF(情景分析!$D$6=1,$J8,IF(情景分析!$D$6=2,$E8,IF(情景分析!$D$6=4,IF($C8="银行间",$J8,$L8),$G8)))+AM$2/100,情景分析!$D$7,"",,,,"",)*IF($H8="",1,$H8)) -> 20448.491 | AN8: =IF($A8="","",[2]!B_CALC_PRICE($A8,$AJ$1,IF(情景分析!$D$6=1,$J8,IF(情景分析!$D$6=2,$E8,IF(情景分析!$D$6=4,IF($C8="银行间",$J8,$L8),$G8)))+AN$2/100,情景分析!$D$7,"",,,,"",)*IF($H8="",1,$H8)) -> 21003.377 | AO8: =IF($A8="","",[2]!B_CALC_PRICE($A8,$AJ$1,IF(情景分析!$D$6=1,$J8,IF(情景分析!$D$6=2,$E8,IF(情景分析!$D$6=4,IF($C8="银行间",$J8,$L8),$G8)))+AO$2/100,情景分析!$D$7,"",,,,"",)*IF($H8="",1,$H8)) -> 21288.8 | AP8: =IF($A8="","",[2]!B_CALC_PRICE($A8,$AJ$1,IF(情景分析!$D$6=1,$J8,IF(情景分析!$D$6=2,$E8,IF(情景分析!$D$6=4,IF($C8="银行间",$J8,$L8),$G8)))+AP$2/100,情景分析!$D$7,"",,,,"",)*IF($H8="",1,$H8)) -> 21579.702 | AQ8: =IF($A8="","",[2]!B_CALC_PRICE($A8,$AQ$1,IF(情景分析!$D$6=1,$J8,IF(情景分析!$D$6=2,$E8,IF(情景分析!$D$6=4,IF($C8="银行间",$J8,$L8),$G8)))+AQ$2/100,情景分析!$D$7,"",,,,"",)*IF($H8="",1,$H8)) -> 19579.847 | AR8: =IF($A8="","",[2]!B_CALC_PRICE($A8,$AQ$1,IF(情景分析!$D$6=1,$J8,IF(情景分析!$D$6=2,$E8,IF(情景分析!$D$6=4,IF($C8="银行间",$J8,$L8),$G8)))+AR$2/100,情景分析!$D$7,"",,,,"",)*IF($H8="",1,$H8)) -> 19832.741 | AS8: =IF($A8="","",[2]!B_CALC_PRICE($A8,$AQ$1,IF(情景分析!$D$6=1,$J8,IF(情景分析!$D$6=2,$E8,IF(情景分析!$D$6=4,IF($C8="银行间",$J8,$L8),$G8)))+AS$2/100,情景分析!$D$7,"",,,,"",)*IF($H8="",1,$H8)) -> 20090.34 | AT8: =IF($A8="","",[2]!B_CALC_PRICE($A8,$AQ$1,IF(情景分析!$D$6=1,$J8,IF(情景分析!$D$6=2,$E8,IF(情景分析!$D$6=4,IF($C8="银行间",$J8,$L8),$G8)))+AT$2/100,情景分析!$D$7,"",,,,"",)*IF($H8="",1,$H8)) -> 20620.072 | AU8: =IF($A8="","",[2]!B_CALC_PRICE($A8,$AQ$1,IF(情景分析!$D$6=1,$J8,IF(情景分析!$D$6=2,$E8,IF(情景分析!$D$6=4,IF($C8="银行间",$J8,$L8),$G8)))+AU$2/100,情景分析!$D$7,"",,,,"",)*IF($H8="",1,$H8)) -> 21169.896 | AV8: =IF($A8="","",[2]!B_CALC_PRICE($A8,$AQ$1,IF(情景分析!$D$6=1,$J8,IF(情景分析!$D$6=2,$E8,IF(情景分析!$D$6=4,IF($C8="银行间",$J8,$L8),$G8)))+AV$2/100,情景分析!$D$7,"",,,,"",)*IF($H8="",1,$H8)) -> 21452.62 | AW8: =IF($A8="","",[2]!B_CALC_PRICE($A8,$AQ$1,IF(情景分析!$D$6=1,$J8,IF(情景分析!$D$6=2,$E8,IF(情景分析!$D$6=4,IF($C8="银行间",$J8,$L8),$G8)))+AW$2/100,情景分析!$D$7,"",,,,"",)*IF($H8="",1,$H8)) -> 21740.707
A9: 032580029.IB | B9: =IF(A9="","",[2]!b_info_name(A9)) -> 25泉州台商PPN001 | C9: =[2]!b_info_listedmkt(A9) -> 银行间 | D9: =IFERROR(IF(A9="","", [2]!b_dq_avgprice(A9, 情景分析!$D$5, 情景分析!$D$7) * IF($H9="",1,$H9)),0) -> 0 | E9: =IF(A9="","", N([2]!b_dq_avgprice(A9,情景分析!$D$5,3))) -> 0 | F9: =IF($G9 = "", "", IFERROR( [2]!b_calc_pv(A9, 情景分析!$D$5,$G9, "1", 情景分析!$D$7), [2]!b_calc_pv(A9, 情景分析!$D$5,$G9, "2", 情景分析!$D$7) ) ) -> 52.533519 | G9: 20 | H9: 120 | I9: =IF(A9="","",IF(情景分析!$D$7=1,[2]!b_anal_net_cnbd(A9,情景分析!$D$5,1),[2]!b_anal_dirty_cnbd(A9,情景分析!$D$5,1))*IF($H9="",1,$H9)) -> 12022.02 | J9: =IF(A9="","",[2]!b_anal_yield_cnbd(A9,情景分析!$D$5,1)) -> 2.2121 | K9: =IF(A9="","",IF(情景分析!$D$7=1,[2]!b_anal_net_csi1(A9,情景分析!$D$5,1),[2]!b_anal_dirty_csi1(A9,情景分析!$D$5,1))*IF($H9="",1,$H9)) -> 12026.316 | L9: =IF(A9="","",[2]!b_anal_yield_csi1(A9,情景分析!$D$5,1)) -> 2.1924 | M9: =IF($C9="银行间",$I9,$K9) -> 12022.02 | N9: =IF($C9="银行间",$J9,$L9) -> 2.2121 | O9: =IF($A9="","",[2]!B_CALC_PRICE($A9,$O$1,IF(情景分析!$D$6=1,$J9,IF(情景分析!$D$6=2,$E9,IF(情景分析!$D$6=4,IF($C9="银行间",$J9,$L9),$G9)))+O$2/100,情景分析!$D$7,"",,,,"",)*IF($H9="",1,$H9)) -> 11946.618 | P9: =IF($A9="","",[2]!B_CALC_PRICE($A9,$O$1,IF(情景分析!$D$6=1,$J9,IF(情景分析!$D$6=2,$E9,IF(情景分析!$D$6=4,IF($C9="银行间",$J9,$L9),$G9)))+P$2/100,情景分析!$D$7,"",,,,"",)*IF($H9="",1,$H9)) -> 11970.183 | Q9: =IF($A9="","",[2]!B_CALC_PRICE($A9,$O$1,IF(情景分析!$D$6=1,$J9,IF(情景分析!$D$6=2,$E9,IF(情景分析!$D$6=4,IF($C9="银行间",$J9,$L9),$G9)))+Q$2/100,情景分析!$D$7,"",,,,"",)*IF($H9="",1,$H9)) -> 11993.808 | R9: =IF($A9="","",[2]!B_CALC_PRICE($A9,$O$1,IF(情景分析!$D$6=1,$J9,IF(情景分析!$D$6=2,$E9,IF(情景分析!$D$6=4,IF($C9="银行间",$J9,$L9),$G9)))+R$2/100,情景分析!$D$7,"",,,,"",)*IF($H9="",1,$H9)) -> 12041.235 | S9: =IF($A9="","",[2]!B_CALC_PRICE($A9,$O$1,IF(情景分析!$D$6=1,$J9,IF(情景分析!$D$6=2,$E9,IF(情景分析!$D$6=4,IF($C9="银行间",$J9,$L9),$G9)))+S$2/100,情景分析!$D$7,"",,,,"",)*IF($H9="",1,$H9)) -> 12088.9 | T9: =IF($A9="","",[2]!B_CALC_PRICE($A9,$O$1,IF(情景分析!$D$6=1,$J9,IF(情景分析!$D$6=2,$E9,IF(情景分析!$D$6=4,IF($C9="银行间",$J9,$L9),$G9)))+T$2/100,情景分析!$D$7,"",,,,"",)*IF($H9="",1,$H9)) -> 12112.822 | U9: =IF($A9="","",[2]!B_CALC_PRICE($A9,$O$1,IF(情景分析!$D$6=1,$J9,IF(情景分析!$D$6=2,$E9,IF(情景分析!$D$6=4,IF($C9="银行间",$J9,$L9),$G9)))+U$2/100,情景分析!$D$7,"",,,,"",)*IF($H9="",1,$H9)) -> 12136.804 | V9: =IF($A9="","",[2]!B_CALC_PRICE($A9,$V$1,IF(情景分析!$D$6=1,$J9,IF(情景分析!$D$6=2,$E9,IF(情景分析!$D$6=4,IF($C9="银行间",$J9,$L9),$G9)))+V$2/100,情景分析!$D$7,"",,,,"",)*IF($H9="",1,$H9)) -> 11947.562 | W9: =IF($A9="","",[2]!B_CALC_PRICE($A9,$V$1,IF(情景分析!$D$6=1,$J9,IF(情景分析!$D$6=2,$E9,IF(情景分析!$D$6=4,IF($C9="银行间",$J9,$L9),$G9)))+W$2/100,情景分析!$D$7,"",,,,"",)*IF($H9="",1,$H9)) -> 11970.772 | X9: =IF($A9="","",[2]!B_CALC_PRICE($A9,$V$1,IF(情景分析!$D$6=1,$J9,IF(情景分析!$D$6=2,$E9,IF(情景分析!$D$6=4,IF($C9="银行间",$J9,$L9),$G9)))+X$2/100,情景分析!$D$7,"",,,,"",)*IF($H9="",1,$H9)) -> 11994.04 | Y9: =IF($A9="","",[2]!B_CALC_PRICE($A9,$V$1,IF(情景分析!$D$6=1,$J9,IF(情景分析!$D$6=2,$E9,IF(情景分析!$D$6=4,IF($C9="银行间",$J9,$L9),$G9)))+Y$2/100,情景分析!$D$7,"",,,,"",)*IF($H9="",1,$H9)) -> 12040.748 | Z9: =IF($A9="","",[2]!B_CALC_PRICE($A9,$V$1,IF(情景分析!$D$6=1,$J9,IF(情景分析!$D$6=2,$E9,IF(情景分析!$D$6=4,IF($C9="银行间",$J9,$L9),$G9)))+Z$2/100,情景分析!$D$7,"",,,,"",)*IF($H9="",1,$H9)) -> 12087.688 | AA9: =IF($A9="","",[2]!B_CALC_PRICE($A9,$V$1,IF(情景分析!$D$6=1,$J9,IF(情景分析!$D$6=2,$E9,IF(情景分析!$D$6=4,IF($C9="银行间",$J9,$L9),$G9)))+AA$2/100,情景分析!$D$7,"",,,,"",)*IF($H9="",1,$H9)) -> 12111.245 | AB9: =IF($A9="","",[2]!B_CALC_PRICE($A9,$V$1,IF(情景分析!$D$6=1,$J9,IF(情景分析!$D$6=2,$E9,IF(情景分析!$D$6=4,IF($C9="银行间",$J9,$L9),$G9)))+AB$2/100,情景分析!$D$7,"",,,,"",)*IF($H9="",1,$H9)) -> 12134.86 | AC9: =IF($A9="","",[2]!B_CALC_PRICE($A9,$AC$1,IF(情景分析!$D$6=1,$J9,IF(情景分析!$D$6=2,$E9,IF(情景分析!$D$6=4,IF($C9="银行间",$J9,$L9),$G9)))+AC$2/100,情景分析!$D$7,"",,,,"",)*IF($H9="",1,$H9)) -> 11949.754 | AD9: =IF($A9="","",[2]!B_CALC_PRICE($A9,$AC$1,IF(情景分析!$D$6=1,$J9,IF(情景分析!$D$6=2,$E9,IF(情景分析!$D$6=4,IF($C9="银行间",$J9,$L9),$G9)))+AD$2/100,情景分析!$D$7,"",,,,"",)*IF($H9="",1,$H9)) -> 11972.063 | AE9: =IF($A9="","",[2]!B_CALC_PRICE($A9,$AC$1,IF(情景分析!$D$6=1,$J9,IF(情景分析!$D$6=2,$E9,IF(情景分析!$D$6=4,IF($C9="银行间",$J9,$L9),$G9)))+AE$2/100,情景分析!$D$7,"",,,,"",)*IF($H9="",1,$H9)) -> 11994.426 | AF9: =IF($A9="","",[2]!B_CALC_PRICE($A9,$AC$1,IF(情景分析!$D$6=1,$J9,IF(情景分析!$D$6=2,$E9,IF(情景分析!$D$6=4,IF($C9="银行间",$J9,$L9),$G9)))+AF$2/100,情景分析!$D$7,"",,,,"",)*IF($H9="",1,$H9)) -> 12039.312 | AG9: =IF($A9="","",[2]!B_CALC_PRICE($A9,$AC$1,IF(情景分析!$D$6=1,$J9,IF(情景分析!$D$6=2,$E9,IF(情景分析!$D$6=4,IF($C9="银行间",$J9,$L9),$G9)))+AG$2/100,情景分析!$D$7,"",,,,"",)*IF($H9="",1,$H9)) -> 12084.413 | AH9: =IF($A9="","",[2]!B_CALC_PRICE($A9,$AC$1,IF(情景分析!$D$6=1,$J9,IF(情景分析!$D$6=2,$E9,IF(情景分析!$D$6=4,IF($C9="银行间",$J9,$L9),$G9)))+AH$2/100,情景分析!$D$7,"",,,,"",)*IF($H9="",1,$H9)) -> 12107.045 | AI9: =IF($A9="","",[2]!B_CALC_PRICE($A9,$AC$1,IF(情景分析!$D$6=1,$J9,IF(情景分析!$D$6=2,$E9,IF(情景分析!$D$6=4,IF($C9="银行间",$J9,$L9),$G9)))+AI$2/100,情景分析!$D$7,"",,,,"",)*IF($H9="",1,$H9)) -> 12129.731 | AJ9: =IF($A9="","",[2]!B_CALC_PRICE($A9,$AJ$1,IF(情景分析!$D$6=1,$J9,IF(情景分析!$D$6=2,$E9,IF(情景分析!$D$6=4,IF($C9="银行间",$J9,$L9),$G9)))+AJ$2/100,情景分析!$D$7,"",,,,"",)*IF($H9="",1,$H9)) -> 11949.754 | AK9: =IF($A9="","",[2]!B_CALC_PRICE($A9,$AJ$1,IF(情景分析!$D$6=1,$J9,IF(情景分析!$D$6=2,$E9,IF(情景分析!$D$6=4,IF($C9="银行间",$J9,$L9),$G9)))+AK$2/100,情景分析!$D$7,"",,,,"",)*IF($H9="",1,$H9)) -> 11972.063 | AL9: =IF($A9="","",[2]!B_CALC_PRICE($A9,$AJ$1,IF(情景分析!$D$6=1,$J9,IF(情景分析!$D$6=2,$E9,IF(情景分析!$D$6=4,IF($C9="银行间",$J9,$L9),$G9)))+AL$2/100,情景分析!$D$7,"",,,,"",)*IF($H9="",1,$H9)) -> 11994.426 | AM9: =IF($A9="","",[2]!B_CALC_PRICE($A9,$AJ$1,IF(情景分析!$D$6=1,$J9,IF(情景分析!$D$6=2,$E9,IF(情景分析!$D$6=4,IF($C9="银行间",$J9,$L9),$G9)))+AM$2/100,情景分析!$D$7,"",,,,"",)*IF($H9="",1,$H9)) -> 12039.312 | AN9: =IF($A9="","",[2]!B_CALC_PRICE($A9,$AJ$1,IF(情景分析!$D$6=1,$J9,IF(情景分析!$D$6=2,$E9,IF(情景分析!$D$6=4,IF($C9="银行间",$J9,$L9),$G9)))+AN$2/100,情景分析!$D$7,"",,,,"",)*IF($H9="",1,$H9)) -> 12084.413 | AO9: =IF($A9="","",[2]!B_CALC_PRICE($A9,$AJ$1,IF(情景分析!$D$6=1,$J9,IF(情景分析!$D$6=2,$E9,IF(情景分析!$D$6=4,IF($C9="银行间",$J9,$L9),$G9)))+AO$2/100,情景分析!$D$7,"",,,,"",)*IF($H9="",1,$H9)) -> 12107.045 | AP9: =IF($A9="","",[2]!B_CALC_PRICE($A9,$AJ$1,IF(情景分析!$D$6=1,$J9,IF(情景分析!$D$6=2,$E9,IF(情景分析!$D$6=4,IF($C9="银行间",$J9,$L9),$G9)))+AP$2/100,情景分析!$D$7,"",,,,"",)*IF($H9="",1,$H9)) -> 12129.731 | AQ9: =IF($A9="","",[2]!B_CALC_PRICE($A9,$AQ$1,IF(情景分析!$D$6=1,$J9,IF(情景分析!$D$6=2,$E9,IF(情景分析!$D$6=4,IF($C9="银行间",$J9,$L9),$G9)))+AQ$2/100,情景分析!$D$7,"",,,,"",)*IF($H9="",1,$H9)) -> 11958.519 | AR9: =IF($A9="","",[2]!B_CALC_PRICE($A9,$AQ$1,IF(情景分析!$D$6=1,$J9,IF(情景分析!$D$6=2,$E9,IF(情景分析!$D$6=4,IF($C9="银行间",$J9,$L9),$G9)))+AR$2/100,情景分析!$D$7,"",,,,"",)*IF($H9="",1,$H9)) -> 11976.773 | AS9: =IF($A9="","",[2]!B_CALC_PRICE($A9,$AQ$1,IF(情景分析!$D$6=1,$J9,IF(情景分析!$D$6=2,$E9,IF(情景分析!$D$6=4,IF($C9="银行间",$J9,$L9),$G9)))+AS$2/100,情景分析!$D$7,"",,,,"",)*IF($H9="",1,$H9)) -> 11995.065 | AT9: =IF($A9="","",[2]!B_CALC_PRICE($A9,$AQ$1,IF(情景分析!$D$6=1,$J9,IF(情景分析!$D$6=2,$E9,IF(情景分析!$D$6=4,IF($C9="银行间",$J9,$L9),$G9)))+AT$2/100,情景分析!$D$7,"",,,,"",)*IF($H9="",1,$H9)) -> 12031.76 | AU9: =IF($A9="","",[2]!B_CALC_PRICE($A9,$AQ$1,IF(情景分析!$D$6=1,$J9,IF(情景分析!$D$6=2,$E9,IF(情景分析!$D$6=4,IF($C9="银行间",$J9,$L9),$G9)))+AU$2/100,情景分析!$D$7,"",,,,"",)*IF($H9="",1,$H9)) -> 12068.604 | AV9: =IF($A9="","",[2]!B_CALC_PRICE($A9,$AQ$1,IF(情景分析!$D$6=1,$J9,IF(情景分析!$D$6=2,$E9,IF(情景分析!$D$6=4,IF($C9="银行间",$J9,$L9),$G9)))+AV$2/100,情景分析!$D$7,"",,,,"",)*IF($H9="",1,$H9)) -> 12087.083 | AW9: =IF($A9="","",[2]!B_CALC_PRICE($A9,$AQ$1,IF(情景分析!$D$6=1,$J9,IF(情景分析!$D$6=2,$E9,IF(情景分析!$D$6=4,IF($C9="银行间",$J9,$L9),$G9)))+AW$2/100,情景分析!$D$7,"",,,,"",)*IF($H9="",1,$H9)) -> 12105.6
A10: 102484859.IB | B10: =IF(A10="","",[2]!b_info_name(A10)) -> 24晋江产投MTN003 | C10: =[2]!b_info_listedmkt(A10) -> 银行间 | D10: =IFERROR(IF(A10="","", [2]!b_dq_avgprice(A10, 情景分析!$D$5, 情景分析!$D$7) * IF($H10="",1,$H10)),0) -> 0 | E10: =IF(A10="","", N([2]!b_dq_avgprice(A10,情景分析!$D$5,3))) -> 0 | F10: =IF($G10 = "", "", IFERROR( [2]!b_calc_pv(A10, 情景分析!$D$5,$G10, "1", 情景分析!$D$7), [2]!b_calc_pv(A10, 情景分析!$D$5,$G10, "2", 情景分析!$D$7) ) ) -> 54.862817 | G10: 20 | H10: 120 | I10: =IF(A10="","",IF(情景分析!$D$7=1,[2]!b_anal_net_cnbd(A10,情景分析!$D$5,1),[2]!b_anal_dirty_cnbd(A10,情景分析!$D$5,1))*IF($H10="",1,$H10)) -> 12142.716 | J10: =IF(A10="","",[2]!b_anal_yield_cnbd(A10,情景分析!$D$5,1)) -> 2.0775 | K10: =IF(A10="","",IF(情景分析!$D$7=1,[2]!b_anal_net_csi1(A10,情景分析!$D$5,1),[2]!b_anal_dirty_csi1(A10,情景分析!$D$5,1))*IF($H10="",1,$H10)) -> 12151.524 | L10: =IF(A10="","",[2]!b_anal_yield_csi1(A10,情景分析!$D$5,1)) -> 2.0371 | M10: =IF($C10="银行间",$I10,$K10) -> 12142.716 | N10: =IF($C10="银行间",$J10,$L10) -> 2.0775 | O10: =IF($A10="","",[2]!B_CALC_PRICE($A10,$O$1,IF(情景分析!$D$6=1,$J10,IF(情景分析!$D$6=2,$E10,IF(情景分析!$D$6=4,IF($C10="银行间",$J10,$L10),$G10)))+O$2/100,情景分析!$D$7,"",,,,"",)*IF($H10="",1,$H10)) -> 12183.011 | P10: =IF($A10="","",[2]!B_CALC_PRICE($A10,$O$1,IF(情景分析!$D$6=1,$J10,IF(情景分析!$D$6=2,$E10,IF(情景分析!$D$6=4,IF($C10="银行间",$J10,$L10),$G10)))+P$2/100,情景分析!$D$7,"",,,,"",)*IF($H10="",1,$H10)) -> 12205.998 | Q10: =IF($A10="","",[2]!B_CALC_PRICE($A10,$O$1,IF(情景分析!$D$6=1,$J10,IF(情景分析!$D$6=2,$E10,IF(情景分析!$D$6=4,IF($C10="银行间",$J10,$L10),$G10)))+Q$2/100,情景分析!$D$7,"",,,,"",)*IF($H10="",1,$H10)) -> 12229.042 | R10: =IF($A10="","",[2]!B_CALC_PRICE($A10,$O$1,IF(情景分析!$D$6=1,$J10,IF(情景分析!$D$6=2,$E10,IF(情景分析!$D$6=4,IF($C10="银行间",$J10,$L10),$G10)))+R$2/100,情景分析!$D$7,"",,,,"",)*IF($H10="",1,$H10)) -> 12275.296 | S10: =IF($A10="","",[2]!B_CALC_PRICE($A10,$O$1,IF(情景分析!$D$6=1,$J10,IF(情景分析!$D$6=2,$E10,IF(情景分析!$D$6=4,IF($C10="银行间",$J10,$L10),$G10)))+S$2/100,情景分析!$D$7,"",,,,"",)*IF($H10="",1,$H10)) -> 12321.775 | T10: =IF($A10="","",[2]!B_CALC_PRICE($A10,$O$1,IF(情景分析!$D$6=1,$J10,IF(情景分析!$D$6=2,$E10,IF(情景分析!$D$6=4,IF($C10="银行间",$J10,$L10),$G10)))+T$2/100,情景分析!$D$7,"",,,,"",)*IF($H10="",1,$H10)) -> 12345.1 | U10: =IF($A10="","",[2]!B_CALC_PRICE($A10,$O$1,IF(情景分析!$D$6=1,$J10,IF(情景分析!$D$6=2,$E10,IF(情景分析!$D$6=4,IF($C10="银行间",$J10,$L10),$G10)))+U$2/100,情景分析!$D$7,"",,,,"",)*IF($H10="",1,$H10)) -> 12368.48 | V10: =IF($A10="","",[2]!B_CALC_PRICE($A10,$V$1,IF(情景分析!$D$6=1,$J10,IF(情景分析!$D$6=2,$E10,IF(情景分析!$D$6=4,IF($C10="银行间",$J10,$L10),$G10)))+V$2/100,情景分析!$D$7,"",,,,"",)*IF($H10="",1,$H10)) -> 12179.973 | W10: =IF($A10="","",[2]!B_CALC_PRICE($A10,$V$1,IF(情景分析!$D$6=1,$J10,IF(情景分析!$D$6=2,$E10,IF(情景分析!$D$6=4,IF($C10="银行间",$J10,$L10),$G10)))+W$2/100,情景分析!$D$7,"",,,,"",)*IF($H10="",1,$H10)) -> 12202.601 | X10: =IF($A10="","",[2]!B_CALC_PRICE($A10,$V$1,IF(情景分析!$D$6=1,$J10,IF(情景分析!$D$6=2,$E10,IF(情景分析!$D$6=4,IF($C10="银行间",$J10,$L10),$G10)))+X$2/100,情景分析!$D$7,"",,,,"",)*IF($H10="",1,$H10)) -> 12225.283 | Y10: =IF($A10="","",[2]!B_CALC_PRICE($A10,$V$1,IF(情景分析!$D$6=1,$J10,IF(情景分析!$D$6=2,$E10,IF(情景分析!$D$6=4,IF($C10="银行间",$J10,$L10),$G10)))+Y$2/100,情景分析!$D$7,"",,,,"",)*IF($H10="",1,$H10)) -> 12270.809 | Z10: =IF($A10="","",[2]!B_CALC_PRICE($A10,$V$1,IF(情景分析!$D$6=1,$J10,IF(情景分析!$D$6=2,$E10,IF(情景分析!$D$6=4,IF($C10="银行间",$J10,$L10),$G10)))+Z$2/100,情景分析!$D$7,"",,,,"",)*IF($H10="",1,$H10)) -> 12316.553 | AA10: =IF($A10="","",[2]!B_CALC_PRICE($A10,$V$1,IF(情景分析!$D$6=1,$J10,IF(情景分析!$D$6=2,$E10,IF(情景分析!$D$6=4,IF($C10="银行间",$J10,$L10),$G10)))+AA$2/100,情景分析!$D$7,"",,,,"",)*IF($H10="",1,$H10)) -> 12339.508 | AB10: =IF($A10="","",[2]!B_CALC_PRICE($A10,$V$1,IF(情景分析!$D$6=1,$J10,IF(情景分析!$D$6=2,$E10,IF(情景分析!$D$6=4,IF($C10="银行间",$J10,$L10),$G10)))+AB$2/100,情景分析!$D$7,"",,,,"",)*IF($H10="",1,$H10)) -> 12362.517 | AC10: =IF($A10="","",[2]!B_CALC_PRICE($A10,$AC$1,IF(情景分析!$D$6=1,$J10,IF(情景分析!$D$6=2,$E10,IF(情景分析!$D$6=4,IF($C10="银行间",$J10,$L10),$G10)))+AC$2/100,情景分析!$D$7,"",,,,"",)*IF($H10="",1,$H10)) -> 12172.222 | AD10: =IF($A10="","",[2]!B_CALC_PRICE($A10,$AC$1,IF(情景分析!$D$6=1,$J10,IF(情景分析!$D$6=2,$E10,IF(情景分析!$D$6=4,IF($C10="银行间",$J10,$L10),$G10)))+AD$2/100,情景分析!$D$7,"",,,,"",)*IF($H10="",1,$H10)) -> 12193.933 | AE10: =IF($A10="","",[2]!B_CALC_PRICE($A10,$AC$1,IF(情景分析!$D$6=1,$J10,IF(情景分析!$D$6=2,$E10,IF(情景分析!$D$6=4,IF($C10="银行间",$J10,$L10),$G10)))+AE$2/100,情景分析!$D$7,"",,,,"",)*IF($H10="",1,$H10)) -> 12215.693 | AF10: =IF($A10="","",[2]!B_CALC_PRICE($A10,$AC$1,IF(情景分析!$D$6=1,$J10,IF(情景分析!$D$6=2,$E10,IF(情景分析!$D$6=4,IF($C10="银行间",$J10,$L10),$G10)))+AF$2/100,情景分析!$D$7,"",,,,"",)*IF($H10="",1,$H10)) -> 12259.366 | AG10: =IF($A10="","",[2]!B_CALC_PRICE($A10,$AC$1,IF(情景分析!$D$6=1,$J10,IF(情景分析!$D$6=2,$E10,IF(情景分析!$D$6=4,IF($C10="银行间",$J10,$L10),$G10)))+AG$2/100,情景分析!$D$7,"",,,,"",)*IF($H10="",1,$H10)) -> 12303.24 | AH10: =IF($A10="","",[2]!B_CALC_PRICE($A10,$AC$1,IF(情景分析!$D$6=1,$J10,IF(情景分析!$D$6=2,$E10,IF(情景分析!$D$6=4,IF($C10="银行间",$J10,$L10),$G10)))+AH$2/100,情景分析!$D$7,"",,,,"",)*IF($H10="",1,$H10)) -> 12325.254 | AI10: =IF($A10="","",[2]!B_CALC_PRICE($A10,$AC$1,IF(情景分析!$D$6=1,$J10,IF(情景分析!$D$6=2,$E10,IF(情景分析!$D$6=4,IF($C10="银行间",$J10,$L10),$G10)))+AI$2/100,情景分析!$D$7,"",,,,"",)*IF($H10="",1,$H10)) -> 12347.318 | AJ10: =IF($A10="","",[2]!B_CALC_PRICE($A10,$AJ$1,IF(情景分析!$D$6=1,$J10,IF(情景分析!$D$6=2,$E10,IF(情景分析!$D$6=4,IF($C10="银行间",$J10,$L10),$G10)))+AJ$2/100,情景分析!$D$7,"",,,,"",)*IF($H10="",1,$H10)) -> 12172.222 | AK10: =IF($A10="","",[2]!B_CALC_PRICE($A10,$AJ$1,IF(情景分析!$D$6=1,$J10,IF(情景分析!$D$6=2,$E10,IF(情景分析!$D$6=4,IF($C10="银行间",$J10,$L10),$G10)))+AK$2/100,情景分析!$D$7,"",,,,"",)*IF($H10="",1,$H10)) -> 12193.933 | AL10: =IF($A10="","",[2]!B_CALC_PRICE($A10,$AJ$1,IF(情景分析!$D$6=1,$J10,IF(情景分析!$D$6=2,$E10,IF(情景分析!$D$6=4,IF($C10="银行间",$J10,$L10),$G10)))+AL$2/100,情景分析!$D$7,"",,,,"",)*IF($H10="",1,$H10)) -> 12215.693 | AM10: =IF($A10="","",[2]!B_CALC_PRICE($A10,$AJ$1,IF(情景分析!$D$6=1,$J10,IF(情景分析!$D$6=2,$E10,IF(情景分析!$D$6=4,IF($C10="银行间",$J10,$L10),$G10)))+AM$2/100,情景分析!$D$7,"",,,,"",)*IF($H10="",1,$H10)) -> 12259.366 | AN10: =IF($A10="","",[2]!B_CALC_PRICE($A10,$AJ$1,IF(情景分析!$D$6=1,$J10,IF(情景分析!$D$6=2,$E10,IF(情景分析!$D$6=4,IF($C10="银行间",$J10,$L10),$G10)))+AN$2/100,情景分析!$D$7,"",,,,"",)*IF($H10="",1,$H10)) -> 12303.24 | AO10: =IF($A10="","",[2]!B_CALC_PRICE($A10,$AJ$1,IF(情景分析!$D$6=1,$J10,IF(情景分析!$D$6=2,$E10,IF(情景分析!$D$6=4,IF($C10="银行间",$J10,$L10),$G10)))+AO$2/100,情景分析!$D$7,"",,,,"",)*IF($H10="",1,$H10)) -> 12325.254 | AP10: =IF($A10="","",[2]!B_CALC_PRICE($A10,$AJ$1,IF(情景分析!$D$6=1,$J10,IF(情景分析!$D$6=2,$E10,IF(情景分析!$D$6=4,IF($C10="银行间",$J10,$L10),$G10)))+AP$2/100,情景分析!$D$7,"",,,,"",)*IF($H10="",1,$H10)) -> 12347.318 | AQ10: =IF($A10="","",[2]!B_CALC_PRICE($A10,$AQ$1,IF(情景分析!$D$6=1,$J10,IF(情景分析!$D$6=2,$E10,IF(情景分析!$D$6=4,IF($C10="银行间",$J10,$L10),$G10)))+AQ$2/100,情景分析!$D$7,"",,,,"",)*IF($H10="",1,$H10)) -> 12139.668 | AR10: =IF($A10="","",[2]!B_CALC_PRICE($A10,$AQ$1,IF(情景分析!$D$6=1,$J10,IF(情景分析!$D$6=2,$E10,IF(情景分析!$D$6=4,IF($C10="银行间",$J10,$L10),$G10)))+AR$2/100,情景分析!$D$7,"",,,,"",)*IF($H10="",1,$H10)) -> 12157.186 | AS10: =IF($A10="","",[2]!B_CALC_PRICE($A10,$AQ$1,IF(情景分析!$D$6=1,$J10,IF(情景分析!$D$6=2,$E10,IF(情景分析!$D$6=4,IF($C10="银行间",$J10,$L10),$G10)))+AS$2/100,情景分析!$D$7,"",,,,"",)*IF($H10="",1,$H10)) -> 12174.738 | AT10: =IF($A10="","",[2]!B_CALC_PRICE($A10,$AQ$1,IF(情景分析!$D$6=1,$J10,IF(情景分析!$D$6=2,$E10,IF(情景分析!$D$6=4,IF($C10="银行间",$J10,$L10),$G10)))+AT$2/100,情景分析!$D$7,"",,,,"",)*IF($H10="",1,$H10)) -> 12209.945 | AU10: =IF($A10="","",[2]!B_CALC_PRICE($A10,$AQ$1,IF(情景分析!$D$6=1,$J10,IF(情景分析!$D$6=2,$E10,IF(情景分析!$D$6=4,IF($C10="银行间",$J10,$L10),$G10)))+AU$2/100,情景分析!$D$7,"",,,,"",)*IF($H10="",1,$H10)) -> 12245.29 | AV10: =IF($A10="","",[2]!B_CALC_PRICE($A10,$AQ$1,IF(情景分析!$D$6=1,$J10,IF(情景分析!$D$6=2,$E10,IF(情景分析!$D$6=4,IF($C10="银行间",$J10,$L10),$G10)))+AV$2/100,情景分析!$D$7,"",,,,"",)*IF($H10="",1,$H10)) -> 12263.014 | AW10: =IF($A10="","",[2]!B_CALC_PRICE($A10,$AQ$1,IF(情景分析!$D$6=1,$J10,IF(情景分析!$D$6=2,$E10,IF(情景分析!$D$6=4,IF($C10="银行间",$J10,$L10),$G10)))+AW$2/100,情景分析!$D$7,"",,,,"",)*IF($H10="",1,$H10)) -> 12280.773
A11: 102484859.IB | B11: =IF(A11="","",[2]!b_info_name(A11)) -> 24晋江产投MTN003 | C11: =[2]!b_info_listedmkt(A11) -> 银行间 | D11: =IFERROR(IF(A11="","", [2]!b_dq_avgprice(A11, 情景分析!$D$5, 情景分析!$D$7) * IF($H11="",1,$H11)),0) -> 0 | E11: =IF(A11="","", N([2]!b_dq_avgprice(A11,情景分析!$D$5,3))) -> 0 | F11: =IF($G11 = "", "", IFERROR( [2]!b_calc_pv(A11, 情景分析!$D$5,$G11, "1", 情景分析!$D$7), [2]!b_calc_pv(A11, 情景分析!$D$5,$G11, "2", 情景分析!$D$7) ) ) -> 54.862817 | G11: 20 | H11: 120 | I11: =IF(A11="","",IF(情景分析!$D$7=1,[2]!b_anal_net_cnbd(A11,情景分析!$D$5,1),[2]!b_anal_dirty_cnbd(A11,情景分析!$D$5,1))*IF($H11="",1,$H11)) -> 12142.716 | J11: =IF(A11="","",[2]!b_anal_yield_cnbd(A11,情景分析!$D$5,1)) -> 2.0775 | K11: =IF(A11="","",IF(情景分析!$D$7=1,[2]!b_anal_net_csi1(A11,情景分析!$D$5,1),[2]!b_anal_dirty_csi1(A11,情景分析!$D$5,1))*IF($H11="",1,$H11)) -> 12151.524 | L11: =IF(A11="","",[2]!b_anal_yield_csi1(A11,情景分析!$D$5,1)) -> 2.0371 | M11: =IF($C11="银行间",$I11,$K11) -> 12142.716 | N11: =IF($C11="银行间",$J11,$L11) -> 2.0775 | O11: =IF($A11="","",[2]!B_CALC_PRICE($A11,$O$1,IF(情景分析!$D$6=1,$J11,IF(情景分析!$D$6=2,$E11,IF(情景分析!$D$6=4,IF($C11="银行间",$J11,$L11),$G11)))+O$2/100,情景分析!$D$7,"",,,,"",)*IF($H11="",1,$H11)) -> 12183.011 | P11: =IF($A11="","",[2]!B_CALC_PRICE($A11,$O$1,IF(情景分析!$D$6=1,$J11,IF(情景分析!$D$6=2,$E11,IF(情景分析!$D$6=4,IF($C11="银行间",$J11,$L11),$G11)))+P$2/100,情景分析!$D$7,"",,,,"",)*IF($H11="",1,$H11)) -> 12205.998 | Q11: =IF($A11="","",[2]!B_CALC_PRICE($A11,$O$1,IF(情景分析!$D$6=1,$J11,IF(情景分析!$D$6=2,$E11,IF(情景分析!$D$6=4,IF($C11="银行间",$J11,$L11),$G11)))+Q$2/100,情景分析!$D$7,"",,,,"",)*IF($H11="",1,$H11)) -> 12229.042 | R11: =IF($A11="","",[2]!B_CALC_PRICE($A11,$O$1,IF(情景分析!$D$6=1,$J11,IF(情景分析!$D$6=2,$E11,IF(情景分析!$D$6=4,IF($C11="银行间",$J11,$L11),$G11)))+R$2/100,情景分析!$D$7,"",,,,"",)*IF($H11="",1,$H11)) -> 12275.296 | S11: =IF($A11="","",[2]!B_CALC_PRICE($A11,$O$1,IF(情景分析!$D$6=1,$J11,IF(情景分析!$D$6=2,$E11,IF(情景分析!$D$6=4,IF($C11="银行间",$J11,$L11),$G11)))+S$2/100,情景分析!$D$7,"",,,,"",)*IF($H11="",1,$H11)) -> 12321.775 | T11: =IF($A11="","",[2]!B_CALC_PRICE($A11,$O$1,IF(情景分析!$D$6=1,$J11,IF(情景分析!$D$6=2,$E11,IF(情景分析!$D$6=4,IF($C11="银行间",$J11,$L11),$G11)))+T$2/100,情景分析!$D$7,"",,,,"",)*IF($H11="",1,$H11)) -> 12345.1 | U11: =IF($A11="","",[2]!B_CALC_PRICE($A11,$O$1,IF(情景分析!$D$6=1,$J11,IF(情景分析!$D$6=2,$E11,IF(情景分析!$D$6=4,IF($C11="银行间",$J11,$L11),$G11)))+U$2/100,情景分析!$D$7,"",,,,"",)*IF($H11="",1,$H11)) -> 12368.48 | V11: =IF($A11="","",[2]!B_CALC_PRICE($A11,$V$1,IF(情景分析!$D$6=1,$J11,IF(情景分析!$D$6=2,$E11,IF(情景分析!$D$6=4,IF($C11="银行间",$J11,$L11),$G11)))+V$2/100,情景分析!$D$7,"",,,,"",)*IF($H11="",1,$H11)) -> 12179.973 | W11: =IF($A11="","",[2]!B_CALC_PRICE($A11,$V$1,IF(情景分析!$D$6=1,$J11,IF(情景分析!$D$6=2,$E11,IF(情景分析!$D$6=4,IF($C11="银行间",$J11,$L11),$G11)))+W$2/100,情景分析!$D$7,"",,,,"",)*IF($H11="",1,$H11)) -> 12202.601 | X11: =IF($A11="","",[2]!B_CALC_PRICE($A11,$V$1,IF(情景分析!$D$6=1,$J11,IF(情景分析!$D$6=2,$E11,IF(情景分析!$D$6=4,IF($C11="银行间",$J11,$L11),$G11)))+X$2/100,情景分析!$D$7,"",,,,"",)*IF($H11="",1,$H11)) -> 12225.283 | Y11: =IF($A11="","",[2]!B_CALC_PRICE($A11,$V$1,IF(情景分析!$D$6=1,$J11,IF(情景分析!$D$6=2,$E11,IF(情景分析!$D$6=4,IF($C11="银行间",$J11,$L11),$G11)))+Y$2/100,情景分析!$D$7,"",,,,"",)*IF($H11="",1,$H11)) -> 12270.809 | Z11: =IF($A11="","",[2]!B_CALC_PRICE($A11,$V$1,IF(情景分析!$D$6=1,$J11,IF(情景分析!$D$6=2,$E11,IF(情景分析!$D$6=4,IF($C11="银行间",$J11,$L11),$G11)))+Z$2/100,情景分析!$D$7,"",,,,"",)*IF($H11="",1,$H11)) -> 12316.553 | AA11: =IF($A11="","",[2]!B_CALC_PRICE($A11,$V$1,IF(情景分析!$D$6=1,$J11,IF(情景分析!$D$6=2,$E11,IF(情景分析!$D$6=4,IF($C11="银行间",$J11,$L11),$G11)))+AA$2/100,情景分析!$D$7,"",,,,"",)*IF($H11="",1,$H11)) -> 12339.508 | AB11: =IF($A11="","",[2]!B_CALC_PRICE($A11,$V$1,IF(情景分析!$D$6=1,$J11,IF(情景分析!$D$6=2,$E11,IF(情景分析!$D$6=4,IF($C11="银行间",$J11,$L11),$G11)))+AB$2/100,情景分析!$D$7,"",,,,"",)*IF($H11="",1,$H11)) -> 12362.517 | AC11: =IF($A11="","",[2]!B_CALC_PRICE($A11,$AC$1,IF(情景分析!$D$6=1,$J11,IF(情景分析!$D$6=2,$E11,IF(情景分析!$D$6=4,IF($C11="银行间",$J11,$L11),$G11)))+AC$2/100,情景分析!$D$7,"",,,,"",)*IF($H11="",1,$H11)) -> 12172.222 | AD11: =IF($A11="","",[2]!B_CALC_PRICE($A11,$AC$1,IF(情景分析!$D$6=1,$J11,IF(情景分析!$D$6=2,$E11,IF(情景分析!$D$6=4,IF($C11="银行间",$J11,$L11),$G11)))+AD$2/100,情景分析!$D$7,"",,,,"",)*IF($H11="",1,$H11)) -> 12193.933 | AE11: =IF($A11="","",[2]!B_CALC_PRICE($A11,$AC$1,IF(情景分析!$D$6=1,$J11,IF(情景分析!$D$6=2,$E11,IF(情景分析!$D$6=4,IF($C11="银行间",$J11,$L11),$G11)))+AE$2/100,情景分析!$D$7,"",,,,"",)*IF($H11="",1,$H11)) -> 12215.693 | AF11: =IF($A11="","",[2]!B_CALC_PRICE($A11,$AC$1,IF(情景分析!$D$6=1,$J11,IF(情景分析!$D$6=2,$E11,IF(情景分析!$D$6=4,IF($C11="银行间",$J11,$L11),$G11)))+AF$2/100,情景分析!$D$7,"",,,,"",)*IF($H11="",1,$H11)) -> 12259.366 | AG11: =IF($A11="","",[2]!B_CALC_PRICE($A11,$AC$1,IF(情景分析!$D$6=1,$J11,IF(情景分析!$D$6=2,$E11,IF(情景分析!$D$6=4,IF($C11="银行间",$J11,$L11),$G11)))+AG$2/100,情景分析!$D$7,"",,,,"",)*IF($H11="",1,$H11)) -> 12303.24 | AH11: =IF($A11="","",[2]!B_CALC_PRICE($A11,$AC$1,IF(情景分析!$D$6=1,$J11,IF(情景分析!$D$6=2,$E11,IF(情景分析!$D$6=4,IF($C11="银行间",$J11,$L11),$G11)))+AH$2/100,情景分析!$D$7,"",,,,"",)*IF($H11="",1,$H11)) -> 12325.254 | AI11: =IF($A11="","",[2]!B_CALC_PRICE($A11,$AC$1,IF(情景分析!$D$6=1,$J11,IF(情景分析!$D$6=2,$E11,IF(情景分析!$D$6=4,IF($C11="银行间",$J11,$L11),$G11)))+AI$2/100,情景分析!$D$7,"",,,,"",)*IF($H11="",1,$H11)) -> 12347.318 | AJ11: =IF($A11="","",[2]!B_CALC_PRICE($A11,$AJ$1,IF(情景分析!$D$6=1,$J11,IF(情景分析!$D$6=2,$E11,IF(情景分析!$D$6=4,IF($C11="银行间",$J11,$L11),$G11)))+AJ$2/100,情景分析!$D$7,"",,,,"",)*IF($H11="",1,$H11)) -> 12172.222 | AK11: =IF($A11="","",[2]!B_CALC_PRICE($A11,$AJ$1,IF(情景分析!$D$6=1,$J11,IF(情景分析!$D$6=2,$E11,IF(情景分析!$D$6=4,IF($C11="银行间",$J11,$L11),$G11)))+AK$2/100,情景分析!$D$7,"",,,,"",)*IF($H11="",1,$H11)) -> 12193.933 | AL11: =IF($A11="","",[2]!B_CALC_PRICE($A11,$AJ$1,IF(情景分析!$D$6=1,$J11,IF(情景分析!$D$6=2,$E11,IF(情景分析!$D$6=4,IF($C11="银行间",$J11,$L11),$G11)))+AL$2/100,情景分析!$D$7,"",,,,"",)*IF($H11="",1,$H11)) -> 12215.693 | AM11: =IF($A11="","",[2]!B_CALC_PRICE($A11,$AJ$1,IF(情景分析!$D$6=1,$J11,IF(情景分析!$D$6=2,$E11,IF(情景分析!$D$6=4,IF($C11="银行间",$J11,$L11),$G11)))+AM$2/100,情景分析!$D$7,"",,,,"",)*IF($H11="",1,$H11)) -> 12259.366 | AN11: =IF($A11="","",[2]!B_CALC_PRICE($A11,$AJ$1,IF(情景分析!$D$6=1,$J11,IF(情景分析!$D$6=2,$E11,IF(情景分析!$D$6=4,IF($C11="银行间",$J11,$L11),$G11)))+AN$2/100,情景分析!$D$7,"",,,,"",)*IF($H11="",1,$H11)) -> 12303.24 | AO11: =IF($A11="","",[2]!B_CALC_PRICE($A11,$AJ$1,IF(情景分析!$D$6=1,$J11,IF(情景分析!$D$6=2,$E11,IF(情景分析!$D$6=4,IF($C11="银行间",$J11,$L11),$G11)))+AO$2/100,情景分析!$D$7,"",,,,"",)*IF($H11="",1,$H11)) -> 12325.254 | AP11: =IF($A11="","",[2]!B_CALC_PRICE($A11,$AJ$1,IF(情景分析!$D$6=1,$J11,IF(情景分析!$D$6=2,$E11,IF(情景分析!$D$6=4,IF($C11="银行间",$J11,$L11),$G11)))+AP$2/100,情景分析!$D$7,"",,,,"",)*IF($H11="",1,$H11)) -> 12347.318 | AQ11: =IF($A11="","",[2]!B_CALC_PRICE($A11,$AQ$1,IF(情景分析!$D$6=1,$J11,IF(情景分析!$D$6=2,$E11,IF(情景分析!$D$6=4,IF($C11="银行间",$J11,$L11),$G11)))+AQ$2/100,情景分析!$D$7,"",,,,"",)*IF($H11="",1,$H11)) -> 12139.668 | AR11: =IF($A11="","",[2]!B_CALC_PRICE($A11,$AQ$1,IF(情景分析!$D$6=1,$J11,IF(情景分析!$D$6=2,$E11,IF(情景分析!$D$6=4,IF($C11="银行间",$J11,$L11),$G11)))+AR$2/100,情景分析!$D$7,"",,,,"",)*IF($H11="",1,$H11)) -> 12157.186 | AS11: =IF($A11="","",[2]!B_CALC_PRICE($A11,$AQ$1,IF(情景分析!$D$6=1,$J11,IF(情景分析!$D$6=2,$E11,IF(情景分析!$D$6=4,IF($C11="银行间",$J11,$L11),$G11)))+AS$2/100,情景分析!$D$7,"",,,,"",)*IF($H11="",1,$H11)) -> 12174.738 | AT11: =IF($A11="","",[2]!B_CALC_PRICE($A11,$AQ$1,IF(情景分析!$D$6=1,$J11,IF(情景分析!$D$6=2,$E11,IF(情景分析!$D$6=4,IF($C11="银行间",$J11,$L11),$G11)))+AT$2/100,情景分析!$D$7,"",,,,"",)*IF($H11="",1,$H11)) -> 12209.945 | AU11: =IF($A11="","",[2]!B_CALC_PRICE($A11,$AQ$1,IF(情景分析!$D$6=1,$J11,IF(情景分析!$D$6=2,$E11,IF(情景分析!$D$6=4,IF($C11="银行间",$J11,$L11),$G11)))+AU$2/100,情景分析!$D$7,"",,,,"",)*IF($H11="",1,$H11)) -> 12245.29 | AV11: =IF($A11="","",[2]!B_CALC_PRICE($A11,$AQ$1,IF(情景分析!$D$6=1,$J11,IF(情景分析!$D$6=2,$E11,IF(情景分析!$D$6=4,IF($C11="银行间",$J11,$L11),$G11)))+AV$2/100,情景分析!$D$7,"",,,,"",)*IF($H11="",1,$H11)) -> 12263.014 | AW11: =IF($A11="","",[2]!B_CALC_PRICE($A11,$AQ$1,IF(情景分析!$D$6=1,$J11,IF(情景分析!$D$6=2,$E11,IF(情景分析!$D$6=4,IF($C11="银行间",$J11,$L11),$G11)))+AW$2/100,情景分析!$D$7,"",,,,"",)*IF($H11="",1,$H11)) -> 12280.773
