Workbook

Sheet 指数历史估值比较
D1: 指数历史估值比较
B3: 指数代码 | D3: 882004.WI | F3: 对比指数 | H3: 881001.WI | J3: 指数指标 | L3: 市盈率PE
B4: 指数简称 | D4: =[1]!s_info_name(D3) -> 可选消费 | F4: 对比指数简称 | H4: =[1]!s_info_name(H3) -> 万得全A | J4: 差异比较方式 | L4: 绝对差额
B8: =L3&"历史比较" -> 市盈率PE历史比较
Q21: 市盈率PE
Q22: 市净率PB
Q23: 市销率PS
Q24: 股息率(近12个月)
Q32: 绝对差额
F33: =D4 -> 可选消费 | H33: =H4 -> 万得全A | J33: =L4 -> 绝对差额 | Q33: 比值
D34: =Data!A5 -> 45382 | F34: =IF(L$3="市盈率PE",Data!B5,IF(L$3="市净率PB",Data!C5,IF(L$3="市销率PS",Data!D5,IF(L$3="股息率(近12个月)",)))) -> 27.340099 | H34: =IF(L$3="市盈率PE",Data!H5,IF(L$3="市净率PB",Data!I5,IF(L$3="市销率PS",Data!J5,IF(L$3="股息率(近12个月)",)))) -> 16.697201 | J34: =IFERROR(IF(L$4="绝对差额",F34-H34,IF(L$4="比值",F34/H34,)),0) -> 10.642899
D35: =Data!A6 -> 45291 | F35: =IF(L$3="市盈率PE",Data!B6,IF(L$3="市净率PB",Data!C6,IF(L$3="市销率PS",Data!D6,IF(L$3="股息率(近12个月)",)))) -> 29.5534 | H35: =IF(L$3="市盈率PE",Data!H6,IF(L$3="市净率PB",Data!I6,IF(L$3="市销率PS",Data!J6,IF(L$3="股息率(近12个月)",)))) -> 16.6675 | J35: =IFERROR(IF(L$4="绝对差额",F35-H35,IF(L$4="比值",F35/H35,)),0) -> 12.8859
D36: =Data!A7 -> 45199 | F36: =IF(L$3="市盈率PE",Data!B7,IF(L$3="市净率PB",Data!C7,IF(L$3="市销率PS",Data!D7,IF(L$3="股息率(近12个月)",)))) -> 32.738701 | H36: =IF(L$3="市盈率PE",Data!H7,IF(L$3="市净率PB",Data!I7,IF(L$3="市销率PS",Data!J7,IF(L$3="股息率(近12个月)",)))) -> 17.3321 | J36: =IFERROR(IF(L$4="绝对差额",F36-H36,IF(L$4="比值",F36/H36,)),0) -> 15.406601
D37: =Data!A8 -> 45107 | F37: =IF(L$3="市盈率PE",Data!B8,IF(L$3="市净率PB",Data!C8,IF(L$3="市销率PS",Data!D8,IF(L$3="股息率(近12个月)",)))) -> 37.57 | H37: =IF(L$3="市盈率PE",Data!H8,IF(L$3="市净率PB",Data!I8,IF(L$3="市销率PS",Data!J8,IF(L$3="股息率(近12个月)",)))) -> 17.6133 | J37: =IFERROR(IF(L$4="绝对差额",F37-H37,IF(L$4="比值",F37/H37,)),0) -> 19.956699
D38: =Data!A9 -> 45016 | F38: =IF(L$3="市盈率PE",Data!B9,IF(L$3="市净率PB",Data!C9,IF(L$3="市销率PS",Data!D9,IF(L$3="股息率(近12个月)",)))) -> 41.427101 | H38: =IF(L$3="市盈率PE",Data!H9,IF(L$3="市净率PB",Data!I9,IF(L$3="市销率PS",Data!J9,IF(L$3="股息率(近12个月)",)))) -> 17.921 | J38: =IFERROR(IF(L$4="绝对差额",F38-H38,IF(L$4="比值",F38/H38,)),0) -> 23.506102
D39: =Data!A10 -> 44926 | F39: =IF(L$3="市盈率PE",Data!B10,IF(L$3="市净率PB",Data!C10,IF(L$3="市销率PS",Data!D10,IF(L$3="股息率(近12个月)",)))) -> 41.1511 | H39: =IF(L$3="市盈率PE",Data!H10,IF(L$3="市净率PB",Data!I10,IF(L$3="市销率PS",Data!J10,IF(L$3="股息率(近12个月)",)))) -> 16.717699 | J39: =IFERROR(IF(L$4="绝对差额",F39-H39,IF(L$4="比值",F39/H39,)),0) -> 24.433401
D40: =Data!A11 -> 44834 | F40: =IF(L$3="市盈率PE",Data!B11,IF(L$3="市净率PB",Data!C11,IF(L$3="市销率PS",Data!D11,IF(L$3="股息率(近12个月)",)))) -> 41.038601 | H40: =IF(L$3="市盈率PE",Data!H11,IF(L$3="市净率PB",Data!I11,IF(L$3="市销率PS",Data!J11,IF(L$3="股息率(近12个月)",)))) -> 16.218201 | J40: =IFERROR(IF(L$4="绝对差额",F40-H40,IF(L$4="比值",F40/H40,)),0) -> 24.8204
D41: =Data!A12 -> 44742 | F41: =IF(L$3="市盈率PE",Data!B12,IF(L$3="市净率PB",Data!C12,IF(L$3="市销率PS",Data!D12,IF(L$3="股息率(近12个月)",)))) -> 45.249199 | H41: =IF(L$3="市盈率PE",Data!H12,IF(L$3="市净率PB",Data!I12,IF(L$3="市销率PS",Data!J12,IF(L$3="股息率(近12个月)",)))) -> 18.2582 | J41: =IFERROR(IF(L$4="绝对差额",F41-H41,IF(L$4="比值",F41/H41,)),0) -> 26.990999
D42: =Data!A13 -> 44651 | F42: =IF(L$3="市盈率PE",Data!B13,IF(L$3="市净率PB",Data!C13,IF(L$3="市销率PS",Data!D13,IF(L$3="股息率(近12个月)",)))) -> 34.195599 | H42: =IF(L$3="市盈率PE",Data!H13,IF(L$3="市净率PB",Data!I13,IF(L$3="市销率PS",Data!J13,IF(L$3="股息率(近12个月)",)))) -> 17.5522 | J42: =IFERROR(IF(L$4="绝对差额",F42-H42,IF(L$4="比值",F42/H42,)),0) -> 16.643398
D43: =Data!A14 -> 44561 | F43: =IF(L$3="市盈率PE",Data!B14,IF(L$3="市净率PB",Data!C14,IF(L$3="市销率PS",Data!D14,IF(L$3="股息率(近12个月)",)))) -> 40.805 | H43: =IF(L$3="市盈率PE",Data!H14,IF(L$3="市净率PB",Data!I14,IF(L$3="市销率PS",Data!J14,IF(L$3="股息率(近12个月)",)))) -> 20.1092 | J43: =IFERROR(IF(L$4="绝对差额",F43-H43,IF(L$4="比值",F43/H43,)),0) -> 20.695801
D44: =Data!A15 -> 44469 | F44: =IF(L$3="市盈率PE",Data!B15,IF(L$3="市净率PB",Data!C15,IF(L$3="市销率PS",Data!D15,IF(L$3="股息率(近12个月)",)))) -> 33.939301 | H44: =IF(L$3="市盈率PE",Data!H15,IF(L$3="市净率PB",Data!I15,IF(L$3="市销率PS",Data!J15,IF(L$3="股息率(近12个月)",)))) -> 19.1147 | J44: =IFERROR(IF(L$4="绝对差额",F44-H44,IF(L$4="比值",F44/H44,)),0) -> 14.8246
D45: =Data!A16 -> 44377 | F45: =IF(L$3="市盈率PE",Data!B16,IF(L$3="市净率PB",Data!C16,IF(L$3="市销率PS",Data!D16,IF(L$3="股息率(近12个月)",)))) -> 38.728699 | H45: =IF(L$3="市盈率PE",Data!H16,IF(L$3="市净率PB",Data!I16,IF(L$3="市销率PS",Data!J16,IF(L$3="股息率(近12个月)",)))) -> 20.886 | J45: =IFERROR(IF(L$4="绝对差额",F45-H45,IF(L$4="比值",F45/H45,)),0) -> 17.842699
... D102: =Data!A73 -> 39172 | F102: =IF(L$3="市盈率PE",Data!B73,IF(L$3="市净率PB",Data!C73,IF(L$3="市销率PS",Data!D73,IF(L$3="股息率(近12个月)",)))) -> 91.011803 | H102: =IF(L$3="市盈率PE",Data!H73,IF(L$3="市净率PB",Data!I73,IF(L$3="市销率PS",Data!J73,IF(L$3="股息率(近12个月)",)))) -> 45.782299 | J102: =IFERROR(IF(L$4="绝对差额",F102-H102,IF(L$4="比值",F102/H102,)),0) -> 45.229504

Sheet Wind模板
A1: 指数历史估值比较

Sheet Data
B1: =[1]!s_info_name(B2) -> 可选消费 | H1: =[1]!s_info_name(H2) -> 万得全A
B2: =指数历史估值比较!D3 -> 882004.WI | H2: =指数历史估值比较!H3 -> 881001.WI
A3: 日期 | B3: 市盈率PE(TTM) | C3: 市净率PB(LF,内地) | D3: 市销率PS(TTM) | E3: 股息率(近12个月) | G3: 日期 | H3: 市盈率PE(TTM) | I3: 市净率PB(LF,内地) | J3: 市销率PS(TTM) | K3: 股息率(近12个月)
A4: Date | B4: pe_ttm | C4: pb_lf | D4: ps_ttm | E4: dividendyield2 | G4: Date | H4: pe_ttm | I4: pb_lf | J4: ps_ttm | K4: dividendyield2
A5: 45382 | B5: =[1]!WSD(B2,B4:E4,"-69Q","","Per=FQ","Days=Alldays","TradingCalendar=SSE","Sort=D","rptType=1","cols=4;rows=69") -> 27.340099 | C5: 2.0834999 | D5: 1.2058 | E5: 1.6685 | G5: 45382 | H5: =[1]!WSD(H2,H4:K4,"-69Q","","Per=FQ","Days=Alldays","TradingCalendar=SSE","Sort=D","rptType=1","cols=4;rows=69") -> 16.697201 | I5: 1.4554 | J5: 1.2104 | K5: 2.2012
A6: 45291 | B6: 29.5534 | C6: 2.0904 | D6: 1.2149 | E6: 1.7747 | G6: 45291 | H6: 16.6675 | I6: 1.473 | J6: 1.2051 | K6: 2.1945
A7: 45199 | B7: 32.738701 | C7: 2.2044001 | D7: 1.2752 | E7: 1.7283 | G7: 45199 | H7: 17.3321 | I7: 1.5568 | J7: 1.2504 | K7: 2.1324
A8: 45107 | B8: 37.57 | C8: 2.3087001 | D8: 1.3668 | E8: 1.7472 | G8: 45107 | H8: 17.6133 | I8: 1.6267 | J8: 1.2947 | K8: 2.1184
A9: 45016 | B9: 41.427101 | C9: 2.3317001 | D9: 1.378 | E9: 1.7341 | G9: 45016 | H9: 17.921 | I9: 1.6777 | J9: 1.3272 | K9: 1.917
A10: 44926 | B10: 41.1511 | C10: 2.2167001 | D10: 1.3237 | E10: 1.7233 | G10: 44926 | H10: 16.717699 | I10: 1.5877 | J10: 1.2399 | K10: 2.0572
A11: 44834 | B11: 41.038601 | C11: 2.1781001 | D11: 1.2995 | E11: 1.9264 | G11: 44834 | H11: 16.218201 | I11: 1.5778 | J11: 1.2198 | K11: 2.0866
A12: 44742 | B12: 45.249199 | C12: 2.5929999 | D12: 1.4915 | E12: 1.7261 | G12: 44742 | H12: 18.2582 | I12: 1.7939 | J12: 1.3828 | K12: 1.6922
A13: 44651 | B13: 34.195599 | C13: 2.2307999 | D13: 1.2714 | E13: 1.7423 | G13: 44651 | H13: 17.5522 | I13: 1.7418 | J13: 1.356 | K13: 1.6336
A14: 44561 | B14: 40.805 | C14: 2.7916 | D14: 1.5688 | E14: 1.4416 | G14: 44561 | H14: 20.1092 | I14: 2.0295 | J14: 1.5638 | K14: 1.4398
A15: 44469 | B15: 33.939301 | C15: 2.5980999 | D15: 1.4253 | E15: 1.5547 | G15: 44469 | H15: 19.1147 | I15: 2.0074 | J15: 1.5515 | K15: 1.5034
A16: 44377 | B16: 38.728699 | C16: 2.8575001 | D16: 1.6002 | E16: 1.2537 | G16: 44377 | H16: 20.886 | I16: 2.0666001 | J16: 1.6473 | K16: 1.5252
A17: 44286 | B17: 53.500099 | C17: 2.6459999 | D17: 1.6129 | E17: 1.3313 | G17: 44286 | H17: 21.4877 | I17: 1.939 | J17: 1.6347 | K17: 1.4699
... A73: 39172 | B73: 91.011803 | C73: 3.9662001 | D73: 1.5662 | E73: 0.5752 | G73: 39172 | H73: 45.782299 | I73: 4.0313001 | J73: 2.5719 | K73: 0.5888
