Workbook
Name Bubble: "Bubble"
Name Chart: "Chart"
Name Heatmap: "Heatmap"
Name Histogram: "Histogram"
Name Map: "Map"
Name PieChart: "PieChart"
Name Scatter: "Scatter"
Name Series: "Series"
Name Table: "Table"

Sheet 全行业vs全A季累营收
C1: 全行业 | D1: 全部非金融行业 | E1: 全A营收季累同比（右轴）
B2: 45260 | C2: 0.40299098 | D2: 0.39266272 | E2: #N/A
B3: 45230 | C3: 0.40846521 | D3: 0.39702903 | E3: #N/A
B4: 45199 | C4: 0.40568481 | D4: 0.39352271 | E4: 0.011691
B5: 45169 | C5: 0.38654449 | D5: 0.36786218 | E5: #N/A
B6: 45138 | C6: 0.36663919 | D6: 0.3443694 | E6: #N/A
B7: 45107 | C7: 0.36253525 | D7: 0.33854718 | E7: 0.01365
B8: 45077 | C8: 0.38350771 | D8: 0.36381014 | E8: #N/A
B9: 45046 | C9: 0.3793763 | D9: 0.36078027 | E9: #N/A
B10: 45016 | C10: 0.37777582 | D10: 0.35963576 | E10: 0.018708
B11: 44985 | C11: 0.33396517 | D11: 0.31291272 | E11: #N/A
B12: 44957 | C12: 0.31499302 | D12: 0.29377035 | E12: #N/A
B13: 44926 | C13: 0.30731759 | D13: 0.28350565 | E13: 0.071806
B14: 44895 | C14: 0.33301453 | D14: 0.31384457 | E14: #N/A
B15: 44865 | C15: 0.34876071 | D15: 0.33388393 | E15: #N/A
B16: 44834 | C16: 0.36281271 | D16: 0.35247154 | E16: 0.085554
B17: 44804 | C17: 0.36433901 | D17: 0.35373099 | E17: #N/A
B18: 44773 | C18: 0.37034735 | D18: 0.35773937 | E18: #N/A
B19: 44742 | C19: 0.36250265 | D19: 0.35302877 | E19: 0.093098
B20: 44712 | C20: 0.36553946 | D20: 0.35837592 | E20: #N/A
B21: 44681 | C21: 0.38324265 | D21: 0.38288156 | E21: #N/A
B22: 44651 | C22: 0.42450623 | D22: 0.42890064 | E22: 0.121342
B23: 44620 | C23: 0.46851336 | D23: 0.47834714 | E23: #N/A
B24: 44592 | C24: 0.50212224 | D24: 0.51635929 | E24: #N/A
B25: 44561 | C25: 0.51064684 | D25: 0.52399777 | E25: 0.192332
B26: 44530 | C26: 0.53209755 | D26: 0.5382992 | E26: #N/A
B27: 44500 | C27: 0.54165502 | D27: 0.55300428 | E27: #N/A
B28: 44469 | C28: 0.54965187 | D28: 0.56386055 | E28: 0.233109
B29: 44439 | C29: 0.53925161 | D29: 0.55579579 | E29: #N/A
B30: 44408 | C30: 0.53934841 | D30: 0.55622287 | E30: #N/A
B31: 44377 | C31: 0.5534033 | D31: 0.57077013 | E31: 0.269793
B32: 44347 | C32: 0.56742179 | D32: 0.58309501 | E32: #N/A
B33: 44316 | C33: 0.57830313 | D33: 0.5891569 | E33: #N/A
B34: 44286 | C34: 0.58394866 | D34: 0.5944296 | E34: 0.316118
B35: 44255 | C35: 0.57924482 | D35: 0.58408109 | E35: #N/A
B36: 44227 | C36: 0.5567736 | D36: 0.55814149 | E36: #N/A
B37: 44196 | C37: 0.47593493 | D37: 0.46531519 | E37: 0.03758
B38: 44165 | C38: 0.42755875 | D38: 0.41488498 | E38: #N/A
B39: 44135 | C39: 0.39546685 | D39: 0.38134149 | E39: #N/A
B40: 44104 | C40: 0.3547226 | D40: 0.33649621 | E40: 0.013846
B41: 44074 | C41: 0.33026436 | D41: 0.31035134 | E41: #N/A
B42: 44043 | C42: 0.32626704 | D42: 0.30411196 | E42: #N/A
B43: 44012 | C43: 0.31355459 | D43: 0.29349191 | E43: -0.019055
B44: 43982 | C44: 0.3006448 | D44: 0.27853887 | E44: #N/A
B45: 43951 | C45: 0.27539971 | D45: 0.25051126 | E45: #N/A
B46: 43921 | C46: 0.23885046 | D46: 0.2082794 | E46: -0.080933
B47: 43890 | C47: 0.24471834 | D47: 0.21297231 | E47: #N/A
B48: 43861 | C48: 0.28904974 | D48: 0.25167685 | E48: #N/A
B49: 43830 | C49: 0.36046555 | D49: 0.32639345 | E49: 0.094052
B50: 43799 | C50: 0.38663054 | D50: 0.34372099 | E50: #N/A
B51: 43769 | C51: 0.37835261 | D51: 0.33524747 | E51: #N/A
B52: 43738 | C52: 0.36974825 | D52: 0.3231119 | E52: 0.093757
B53: 43708 | C53: 0.37261655 | D53: 0.32579392 | E53: #N/A
B54: 43677 | C54: 0.37807534 | D54: 0.33244093 | E54: #N/A
B55: 43646 | C55: 0.38997043 | D55: 0.3463622 | E55: 0.101151
B56: 43616 | C56: 0.3981346 | D56: 0.3543308 | E56: #N/A
B57: 43585 | C57: 0.4025844 | D57: 0.36059453 | E57: #N/A
B58: 43555 | C58: 0.3930566 | D58: 0.34694878 | E58: 0.116109
B59: 43524 | C59: 0.40107938 | D59: 0.35354121 | E59: #N/A
B60: 43496 | C60: 0.40557441 | D60: 0.36543762 | E60: #N/A
B61: 43465 | C61: 0.43110223 | D61: 0.40581866 | E61: 0.120821
B62: 43434 | C62: 0.43251242 | D62: 0.42312021 | E62: #N/A
B63: 43404 | C63: 0.4526531 | D63: 0.44497834 | E63: #N/A
B64: 43373 | C64: 0.45285106 | D64: 0.44892157 | E64: 0.127573
B65: 43343 | C65: 0.46110009 | D65: 0.46027237 | E65: #N/A
B66: 43312 | C66: 0.47182213 | D66: 0.47874136 | E66: #N/A
B67: 43281 | C67: 0.49375436 | D67: 0.50460068 | E67: 0.125927
B68: 43251 | C68: 0.50109629 | D68: 0.51873725 | E68: #N/A
B69: 43220 | C69: 0.49934724 | D69: 0.51787043 | E69: #N/A
B70: 43190 | C70: 0.49053264 | D70: 0.51099784 | E70: 0.116603
B71: 43159 | C71: 0.51455579 | D71: 0.53509166 | E71: #N/A
B72: 43131 | C72: 0.52538846 | D72: 0.54607754 | E72: #N/A
B73: 43100 | C73: 0.53945169 | D73: 0.55109785 | E73: 0.187802
B74: 43069 | C74: 0.53902489 | D74: 0.53951451 | E74: #N/A
B75: 43039 | C75: 0.54021516 | D75: 0.54222748 | E75: #N/A
B76: 43008 | C76: 0.54545372 | D76: 0.54896945 | E76: 0.214914
B77: 42978 | C77: 0.54284326 | D77: 0.54421655 | E77: #N/A
B78: 42947 | C78: 0.53458758 | D78: 0.53741492 | E78: #N/A
B79: 42916 | C79: 0.52534396 | D79: 0.53173598 | E79: 0.214605
B80: 42886 | C80: 0.51676715 | D80: 0.52622459 | E80: #N/A
B81: 42855 | C81: 0.50560621 | D81: 0.51445004 | E81: #N/A
B82: 42825 | C82: 0.49787649 | D82: 0.50510989 | E82: 0.221336
B83: 42794 | C83: 0.47290533 | D83: 0.47612744 | E83: #N/A
B84: 42766 | C84: 0.4754158 | D84: 0.48169679 | E84: #N/A
B85: 42735 | C85: 0.48501136 | D85: 0.48669262 | E85: 0.084797
B86: 42704 | C86: 0.48333908 | D86: 0.48636039 | E86: #N/A
B87: 42674 | C87: 0.46953623 | D87: 0.46645725 | E87: #N/A
B88: 42643 | C88: 0.45809204 | D88: 0.45004565 | E88: 0.045584
B89: 42613 | C89: 0.43935566 | D89: 0.42917153 | E89: #N/A
B90: 42582 | C90: 0.4224095 | D90: 0.40976393 | E90: #N/A
B91: 42551 | C91: 0.40711921 | D91: 0.39355566 | E91: 0.024295
B92: 42521 | C92: 0.41993749 | D92: 0.40460616 | E92: #N/A
B93: 42490 | C93: 0.42778798 | D93: 0.40948265 | E93: #N/A
B94: 42460 | C94: 0.40680566 | D94: 0.38685365 | E94: 0.047912
B95: 42429 | C95: 0.38438253 | D95: 0.36533445 | E95: #N/A
B96: 42400 | C96: 0.35780618 | D96: 0.33388554 | E96: #N/A

Sheet 面板-总览
A1: 一级行业 | R1: 二级行业 | AI1: 三级行业
A2: 景气指数 | B2: 44895 | C2: 44926 | D2: 44957 | E2: 44985 | F2: 45016 | G2: 45046 | H2: 45077 | I2: 45107 | J2: 45138 | K2: 45169 | L2: 45199 | M2: 45230 | N2: 45260 | O2: 3M变化 | R2: 景气指数 | S2: 44895 | T2: 44926 | U2: 44957 | V2: 44985 | W2: 45016 | X2: 45046 | Y2: 45077 | Z2: 45107 | AA2: 45138 | AB2: 45169 | AC2: 45199 | AD2: 45230 | AE2: 45260 | AF2: 3M变化 | AI2: 景气指数 | AJ2: 44895 | AK2: 44926 | AL2: 44957 | AM2: 44985 | AN2: 45016 | AO2: 45046 | AP2: 45077 | AQ2: 45107 | AR2: 45138 | AS2: 45169 | AT2: 45199 | AU2: 45230 | AV2: 45260 | AW2: 3M变化
A3: 石油石化 | B3: =INDEX('面板-景气指数'!$37:$242,MATCH('面板-总览'!$A3,'面板-景气指数'!$A$37:$A$242,0),MATCH('面板-总览'!B$2,'面板-景气指数'!$36:$36,0)) -> 0.5681 | C3: =INDEX('面板-景气指数'!$37:$242,MATCH('面板-总览'!$A3,'面板-景气指数'!$A$37:$A$242,0),MATCH('面板-总览'!C$2,'面板-景气指数'!$36:$36,0)) -> 0.5428 | D3: =INDEX('面板-景气指数'!$37:$242,MATCH('面板-总览'!$A3,'面板-景气指数'!$A$37:$A$242,0),MATCH('面板-总览'!D$2,'面板-景气指数'!$36:$36,0)) -> 0.60375 | E3: =INDEX('面板-景气指数'!$37:$242,MATCH('面板-总览'!$A3,'面板-景气指数'!$A$37:$A$242,0),MATCH('面板-总览'!E$2,'面板-景气指数'!$36:$36,0)) -> 0.64545 | F3: =INDEX('面板-景气指数'!$37:$242,MATCH('面板-总览'!$A3,'面板-景气指数'!$A$37:$A$242,0),MATCH('面板-总览'!F$2,'面板-景气指数'!$36:$36,0)) -> 0.78815 | G3: =INDEX('面板-景气指数'!$37:$242,MATCH('面板-总览'!$A3,'面板-景气指数'!$A$37:$A$242,0),MATCH('面板-总览'!G$2,'面板-景气指数'!$36:$36,0)) -> 0.78095 | H3: =INDEX('面板-景气指数'!$37:$242,MATCH('面板-总览'!$A3,'面板-景气指数'!$A$37:$A$242,0),MATCH('面板-总览'!H$2,'面板-景气指数'!$36:$36,0)) -> 0.75055 | I3: =INDEX('面板-景气指数'!$37:$242,MATCH('面板-总览'!$A3,'面板-景气指数'!$A$37:$A$242,0),MATCH('面板-总览'!I$2,'面板-景气指数'!$36:$36,0)) -> 0.6088 | ... N3: =INDEX('面板-景气指数'!$37:$242,MATCH('面板-总览'!$A3,'面板-景气指数'!$A$37:$A$242,0),MATCH('面板-总览'!N$2,'面板-景气指数'!$36:$36,0)) -> 0.63245 | P3: =N3-K3 -> -0.11015 | R3: 油气开采/油服工程 | S3: =INDEX('面板-景气指数'!$37:$242,MATCH('面板-总览'!$R3,'面板-景气指数'!$A$37:$A$242,0),MATCH('面板-总览'!S$2,'面板-景气指数'!$36:$36,0)) -> 0.72969231 | T3: =INDEX('面板-景气指数'!$37:$242,MATCH('面板-总览'!$R3,'面板-景气指数'!$A$37:$A$242,0),MATCH('面板-总览'!T$2,'面板-景气指数'!$36:$36,0)) -> 0.71930769 | U3: =INDEX('面板-景气指数'!$37:$242,MATCH('面板-总览'!$R3,'面板-景气指数'!$A$37:$A$242,0),MATCH('面板-总览'!U$2,'面板-景气指数'!$36:$36,0)) -> 0.70323077 | V3: =INDEX('面板-景气指数'!$37:$242,MATCH('面板-总览'!$R3,'面板-景气指数'!$A$37:$A$242,0),MATCH('面板-总览'!V$2,'面板-景气指数'!$36:$36,0)) -> 0.692 | W3: =INDEX('面板-景气指数'!$37:$242,MATCH('面板-总览'!$R3,'面板-景气指数'!$A$37:$A$242,0),MATCH('面板-总览'!W$2,'面板-景气指数'!$36:$36,0)) -> 0.68592308 | X3: =INDEX('面板-景气指数'!$37:$242,MATCH('面板-总览'!$R3,'面板-景气指数'!$A$37:$A$242,0),MATCH('面板-总览'!X$2,'面板-景气指数'!$36:$36,0)) -> 0.663 | Y3: =INDEX('面板-景气指数'!$37:$242,MATCH('面板-总览'!$R3,'面板-景气指数'!$A$37:$A$242,0),MATCH('面板-总览'!Y$2,'面板-景气指数'!$36:$36,0)) -> 0.62215385 | Z3: =INDEX('面板-景气指数'!$37:$242,MATCH('面板-总览'!$R3,'面板-景气指数'!$A$37:$A$242,0),MATCH('面板-总览'!Z$2,'面板-景气指数'!$36:$36,0)) -> 0.66738462 | ... AE3: =INDEX('面板-景气指数'!$37:$242,MATCH('面板-总览'!$R3,'面板-景气指数'!$A$37:$A$242,0),MATCH('面板-总览'!AE$2,'面板-景气指数'!$36:$36,0)) -> 0.68384615 | AG3: =AE3-AB3 -> -0.065 | AI3: 铜 | AJ3: =INDEX('面板-景气指数'!$37:$242,MATCH('面板-总览'!$AI3,'面板-景气指数'!$A$37:$A$242,0),MATCH('面板-总览'!AJ$2,'面板-景气指数'!$36:$36,0)) -> 0.159 | AK3: =INDEX('面板-景气指数'!$37:$242,MATCH('面板-总览'!$AI3,'面板-景气指数'!$A$37:$A$242,0),MATCH('面板-总览'!AK$2,'面板-景气指数'!$36:$36,0)) -> 0.308 | AL3: =INDEX('面板-景气指数'!$37:$242,MATCH('面板-总览'!$AI3,'面板-景气指数'!$A$37:$A$242,0),MATCH('面板-总览'!AL$2,'面板-景气指数'!$36:$36,0)) -> 0.404 | AM3: =INDEX('面板-景气指数'!$37:$242,MATCH('面板-总览'!$AI3,'面板-景气指数'!$A$37:$A$242,0),MATCH('面板-总览'!AM$2,'面板-景气指数'!$36:$36,0)) -> 0.372 | AN3: =INDEX('面板-景气指数'!$37:$242,MATCH('面板-总览'!$AI3,'面板-景气指数'!$A$37:$A$242,0),MATCH('面板-总览'!AN$2,'面板-景气指数'!$36:$36,0)) -> 0.297 | AO3: =INDEX('面板-景气指数'!$37:$242,MATCH('面板-总览'!$AI3,'面板-景气指数'!$A$37:$A$242,0),MATCH('面板-总览'!AO$2,'面板-景气指数'!$36:$36,0)) -> 0.202 | AP3: =INDEX('面板-景气指数'!$37:$242,MATCH('面板-总览'!$AI3,'面板-景气指数'!$A$37:$A$242,0),MATCH('面板-总览'!AP$2,'面板-景气指数'!$36:$36,0)) -> 0.276 | AQ3: =INDEX('面板-景气指数'!$37:$242,MATCH('面板-总览'!$AI3,'面板-景气指数'!$A$37:$A$242,0),MATCH('面板-总览'!AQ$2,'面板-景气指数'!$36:$36,0)) -> 0.478 | ... AV3: =INDEX('面板-景气指数'!$37:$242,MATCH('面板-总览'!$AI3,'面板-景气指数'!$A$37:$A$242,0),MATCH('面板-总览'!AV$2,'面板-景气指数'!$36:$36,0)) -> 0.5 | AX3: =AV3-AS3 -> -0.17
A4: 煤炭 | B4: =INDEX('面板-景气指数'!$37:$242,MATCH('面板-总览'!$A4,'面板-景气指数'!$A$37:$A$242,0),MATCH('面板-总览'!B$2,'面板-景气指数'!$36:$36,0)) -> 0.825 | C4: =INDEX('面板-景气指数'!$37:$242,MATCH('面板-总览'!$A4,'面板-景气指数'!$A$37:$A$242,0),MATCH('面板-总览'!C$2,'面板-景气指数'!$36:$36,0)) -> 0.8485 | D4: =INDEX('面板-景气指数'!$37:$242,MATCH('面板-总览'!$A4,'面板-景气指数'!$A$37:$A$242,0),MATCH('面板-总览'!D$2,'面板-景气指数'!$36:$36,0)) -> 0.81 | E4: =INDEX('面板-景气指数'!$37:$242,MATCH('面板-总览'!$A4,'面板-景气指数'!$A$37:$A$242,0),MATCH('面板-总览'!E$2,'面板-景气指数'!$36:$36,0)) -> 0.83983333 | F4: =INDEX('面板-景气指数'!$37:$242,MATCH('面板-总览'!$A4,'面板-景气指数'!$A$37:$A$242,0),MATCH('面板-总览'!F$2,'面板-景气指数'!$36:$36,0)) -> 0.84333333 | G4: =INDEX('面板-景气指数'!$37:$242,MATCH('面板-总览'!$A4,'面板-景气指数'!$A$37:$A$242,0),MATCH('面板-总览'!G$2,'面板-景气指数'!$36:$36,0)) -> 0.8305 | H4: =INDEX('面板-景气指数'!$37:$242,MATCH('面板-总览'!$A4,'面板-景气指数'!$A$37:$A$242,0),MATCH('面板-总览'!H$2,'面板-景气指数'!$36:$36,0)) -> 0.7695 | I4: =INDEX('面板-景气指数'!$37:$242,MATCH('面板-总览'!$A4,'面板-景气指数'!$A$37:$A$242,0),MATCH('面板-总览'!I$2,'面板-景气指数'!$36:$36,0)) -> 0.6895 | ... N4: =INDEX('面板-景气指数'!$37:$242,MATCH('面板-总览'!$A4,'面板-景气指数'!$A$37:$A$242,0),MATCH('面板-总览'!N$2,'面板-景气指数'!$36:$36,0)) -> 0.69716667 | P4: =N4-K4 -> 0.059833333 | R4: 炼化及贸易 | S4: =INDEX('面板-景气指数'!$37:$242,MATCH('面板-总览'!$R4,'面板-景气指数'!$A$37:$A$242,0),MATCH('面板-总览'!S$2,'面板-景气指数'!$36:$36,0)) -> 0.268 | T4: =INDEX('面板-景气指数'!$37:$242,MATCH('面板-总览'!$R4,'面板-景气指数'!$A$37:$A$242,0),MATCH('面板-总览'!T$2,'面板-景气指数'!$36:$36,0)) -> 0.215 | U4: =INDEX('面板-景气指数'!$37:$242,MATCH('面板-总览'!$R4,'面板-景气指数'!$A$37:$A$242,0),MATCH('面板-总览'!U$2,'面板-景气指数'!$36:$36,0)) -> 0.419 | V4: =INDEX('面板-景气指数'!$37:$242,MATCH('面板-总览'!$R4,'面板-景气指数'!$A$37:$A$242,0),MATCH('面板-总览'!V$2,'面板-景气指数'!$36:$36,0)) -> 0.559 | W4: =INDEX('面板-景气指数'!$37:$242,MATCH('面板-总览'!$R4,'面板-景气指数'!$A$37:$A$242,0),MATCH('面板-总览'!W$2,'面板-景气指数'!$36:$36,0)) -> 0.978 | X4: =INDEX('面板-景气指数'!$37:$242,MATCH('面板-总览'!$R4,'面板-景气指数'!$A$37:$A$242,0),MATCH('面板-总览'!X$2,'面板-景气指数'!$36:$36,0)) -> 1 | Y4: =INDEX('面板-景气指数'!$37:$242,MATCH('面板-总览'!$R4,'面板-景气指数'!$A$37:$A$242,0),MATCH('面板-总览'!Y$2,'面板-景气指数'!$36:$36,0)) -> 0.989 | Z4: =INDEX('面板-景气指数'!$37:$242,MATCH('面板-总览'!$R4,'面板-景气指数'!$A$37:$A$242,0),MATCH('面板-总览'!Z$2,'面板-景气指数'!$36:$36,0)) -> 0.5 | ... AE4: =INDEX('面板-景气指数'!$37:$242,MATCH('面板-总览'!$R4,'面板-景气指数'!$A$37:$A$242,0),MATCH('面板-总览'!AE$2,'面板-景气指数'!$36:$36,0)) -> 0.537 | AG4: =AE4-AB4 -> -0.194 | AI4: 铝 | AJ4: =INDEX('面板-景气指数'!$37:$242,MATCH('面板-总览'!$AI4,'面板-景气指数'!$A$37:$A$242,0),MATCH('面板-总览'!AJ$2,'面板-景气指数'!$36:$36,0)) -> 0.202 | AK4: =INDEX('面板-景气指数'!$37:$242,MATCH('面板-总览'!$AI4,'面板-景气指数'!$A$37:$A$242,0),MATCH('面板-总览'!AK$2,'面板-景气指数'!$36:$36,0)) -> 0.223 | AL4: =INDEX('面板-景气指数'!$37:$242,MATCH('面板-总览'!$AI4,'面板-景气指数'!$A$37:$A$242,0),MATCH('面板-总览'!AL$2,'面板-景气指数'!$36:$36,0)) -> 0.085 | AM4: =INDEX('面板-景气指数'!$37:$242,MATCH('面板-总览'!$AI4,'面板-景气指数'!$A$37:$A$242,0),MATCH('面板-总览'!AM$2,'面板-景气指数'!$36:$36,0)) -> 0.01 | AN4: =INDEX('面板-景气指数'!$37:$242,MATCH('面板-总览'!$AI4,'面板-景气指数'!$A$37:$A$242,0),MATCH('面板-总览'!AN$2,'面板-景气指数'!$36:$36,0)) -> 0.021 | AO4: =INDEX('面板-景气指数'!$37:$242,MATCH('面板-总览'!$AI4,'面板-景气指数'!$A$37:$A$242,0),MATCH('面板-总览'!AO$2,'面板-景气指数'!$36:$36,0)) -> 0.053 | AP4: =INDEX('面板-景气指数'!$37:$242,MATCH('面板-总览'!$AI4,'面板-景气指数'!$A$37:$A$242,0),MATCH('面板-总览'!AP$2,'面板-景气指数'!$36:$36,0)) -> 0.127 | AQ4: =INDEX('面板-景气指数'!$37:$242,MATCH('面板-总览'!$AI4,'面板-景气指数'!$A$37:$A$242,0),MATCH('面板-总览'!AQ$2,'面板-景气指数'!$36:$36,0)) -> 0.244 | ... AV4: =INDEX('面板-景气指数'!$37:$242,MATCH('面板-总览'!$AI4,'面板-景气指数'!$A$37:$A$242,0),MATCH('面板-总览'!AV$2,'面板-景气指数'!$36:$36,0)) -> 0.436 | AX4: =AV4-AS4 -> -0.01
A5: 有色金属 | B5: =INDEX('面板-景气指数'!$37:$242,MATCH('面板-总览'!$A5,'面板-景气指数'!$A$37:$A$242,0),MATCH('面板-总览'!B$2,'面板-景气指数'!$36:$36,0)) -> 0.33502201 | C5: =INDEX('面板-景气指数'!$37:$242,MATCH('面板-总览'!$A5,'面板-景气指数'!$A$37:$A$242,0),MATCH('面板-总览'!C$2,'面板-景气指数'!$36:$36,0)) -> 0.40476141 | D5: =INDEX('面板-景气指数'!$37:$242,MATCH('面板-总览'!$A5,'面板-景气指数'!$A$37:$A$242,0),MATCH('面板-总览'!D$2,'面板-景气指数'!$36:$36,0)) -> 0.41246195 | E5: =INDEX('面板-景气指数'!$37:$242,MATCH('面板-总览'!$A5,'面板-景气指数'!$A$37:$A$242,0),MATCH('面板-总览'!E$2,'面板-景气指数'!$36:$36,0)) -> 0.36255989 | F5: =INDEX('面板-景气指数'!$37:$242,MATCH('面板-总览'!$A5,'面板-景气指数'!$A$37:$A$242,0),MATCH('面板-总览'!F$2,'面板-景气指数'!$36:$36,0)) -> 0.30899881 | G5: =INDEX('面板-景气指数'!$37:$242,MATCH('面板-总览'!$A5,'面板-景气指数'!$A$37:$A$242,0),MATCH('面板-总览'!G$2,'面板-景气指数'!$36:$36,0)) -> 0.27583766 | H5: =INDEX('面板-景气指数'!$37:$242,MATCH('面板-总览'!$A5,'面板-景气指数'!$A$37:$A$242,0),MATCH('面板-总览'!H$2,'面板-景气指数'!$36:$36,0)) -> 0.31889132 | I5: =INDEX('面板-景气指数'!$37:$242,MATCH('面板-总览'!$A5,'面板-景气指数'!$A$37:$A$242,0),MATCH('面板-总览'!I$2,'面板-景气指数'!$36:$36,0)) -> 0.43705637 | ... N5: =INDEX('面板-景气指数'!$37:$242,MATCH('面板-总览'!$A5,'面板-景气指数'!$A$37:$A$242,0),MATCH('面板-总览'!N$2,'面板-景气指数'!$36:$36,0)) -> 0.51621997 | P5: =N5-K5 -> -0.069922501 | R5: 动力煤 | S5: =INDEX('面板-景气指数'!$37:$242,MATCH('面板-总览'!$R5,'面板-景气指数'!$A$37:$A$242,0),MATCH('面板-总览'!S$2,'面板-景气指数'!$36:$36,0)) -> 0.936 | T5: =INDEX('面板-景气指数'!$37:$242,MATCH('面板-总览'!$R5,'面板-景气指数'!$A$37:$A$242,0),MATCH('面板-总览'!T$2,'面板-景气指数'!$36:$36,0)) -> 0.989 | U5: =INDEX('面板-景气指数'!$37:$242,MATCH('面板-总览'!$R5,'面板-景气指数'!$A$37:$A$242,0),MATCH('面板-总览'!U$2,'面板-景气指数'!$36:$36,0)) -> 0.893 | V5: =INDEX('面板-景气指数'!$37:$242,MATCH('面板-总览'!$R5,'面板-景气指数'!$A$37:$A$242,0),MATCH('面板-总览'!V$2,'面板-景气指数'!$36:$36,0)) -> 0.872 | W5: =INDEX('面板-景气指数'!$37:$242,MATCH('面板-总览'!$R5,'面板-景气指数'!$A$37:$A$242,0),MATCH('面板-总览'!W$2,'面板-景气指数'!$36:$36,0)) -> 0.861 | X5: =INDEX('面板-景气指数'!$37:$242,MATCH('面板-总览'!$R5,'面板-景气指数'!$A$37:$A$242,0),MATCH('面板-总览'!X$2,'面板-景气指数'!$36:$36,0)) -> 0.84 | Y5: =INDEX('面板-景气指数'!$37:$242,MATCH('面板-总览'!$R5,'面板-景气指数'!$A$37:$A$242,0),MATCH('面板-总览'!Y$2,'面板-景气指数'!$36:$36,0)) -> 0.776 | Z5: =INDEX('面板-景气指数'!$37:$242,MATCH('面板-总览'!$R5,'面板-景气指数'!$A$37:$A$242,0),MATCH('面板-总览'!Z$2,'面板-景气指数'!$36:$36,0)) -> 0.67 | ... AE5: =INDEX('面板-景气指数'!$37:$242,MATCH('面板-总览'!$R5,'面板-景气指数'!$A$37:$A$242,0),MATCH('面板-总览'!AE$2,'面板-景气指数'!$36:$36,0)) -> 0.712 | AG5: =AE5-AB5 -> 0.074 | AI5: 铅锌 | AJ5: =INDEX('面板-景气指数'!$37:$242,MATCH('面板-总览'!$AI5,'面板-景气指数'!$A$37:$A$242,0),MATCH('面板-总览'!AJ$2,'面板-景气指数'!$36:$36,0)) -> 0.478 | AK5: =INDEX('面板-景气指数'!$37:$242,MATCH('面板-总览'!$AI5,'面板-景气指数'!$A$37:$A$242,0),MATCH('面板-总览'!AK$2,'面板-景气指数'!$36:$36,0)) -> 0.473 | AL5: =INDEX('面板-景气指数'!$37:$242,MATCH('面板-总览'!$AI5,'面板-景气指数'!$A$37:$A$242,0),MATCH('面板-总览'!AL$2,'面板-景气指数'!$36:$36,0)) -> 0.441 | AM5: =INDEX('面板-景气指数'!$37:$242,MATCH('面板-总览'!$AI5,'面板-景气指数'!$A$37:$A$242,0),MATCH('面板-总览'!AM$2,'面板-景气指数'!$36:$36,0)) -> 0.4035 | AN5: =INDEX('面板-景气指数'!$37:$242,MATCH('面板-总览'!$AI5,'面板-景气指数'!$A$37:$A$242,0),MATCH('面板-总览'!AN$2,'面板-景气指数'!$36:$36,0)) -> 0.313 | AO5: =INDEX('面板-景气指数'!$37:$242,MATCH('面板-总览'!$AI5,'面板-景气指数'!$A$37:$A$242,0),MATCH('面板-总览'!AO$2,'面板-景气指数'!$36:$36,0)) -> 0.2285 | AP5: =INDEX('面板-景气指数'!$37:$242,MATCH('面板-总览'!$AI5,'面板-景气指数'!$A$37:$A$242,0),MATCH('面板-总览'!AP$2,'面板-景气指数'!$36:$36,0)) -> 0.2335 | AQ5: =INDEX('面板-景气指数'!$37:$242,MATCH('面板-总览'!$AI5,'面板-景气指数'!$A$37:$A$242,0),MATCH('面板-总览'!AQ$2,'面板-景气指数'!$36:$36,0)) -> 0.324 | ... AV5: =INDEX('面板-景气指数'!$37:$242,MATCH('面板-总览'!$AI5,'面板-景气指数'!$A$37:$A$242,0),MATCH('面板-总览'!AV$2,'面板-景气指数'!$36:$36,0)) -> 0.51 | AX5: =AV5-AS5 -> 0.032
A6: 基础化工 | B6: =INDEX('面板-景气指数'!$37:$242,MATCH('面板-总览'!$A6,'面板-景气指数'!$A$37:$A$242,0),MATCH('面板-总览'!B$2,'面板-景气指数'!$36:$36,0)) -> 0.42497993 | C6: =INDEX('面板-景气指数'!$37:$242,MATCH('面板-总览'!$A6,'面板-景气指数'!$A$37:$A$242,0),MATCH('面板-总览'!C$2,'面板-景气指数'!$36:$36,0)) -> 0.4427579 | D6: =INDEX('面板-景气指数'!$37:$242,MATCH('面板-总览'!$A6,'面板-景气指数'!$A$37:$A$242,0),MATCH('面板-总览'!D$2,'面板-景气指数'!$36:$36,0)) -> 0.41965731 | E6: =INDEX('面板-景气指数'!$37:$242,MATCH('面板-总览'!$A6,'面板-景气指数'!$A$37:$A$242,0),MATCH('面板-总览'!E$2,'面板-景气指数'!$36:$36,0)) -> 0.35059498 | F6: =INDEX('面板-景气指数'!$37:$242,MATCH('面板-总览'!$A6,'面板-景气指数'!$A$37:$A$242,0),MATCH('面板-总览'!F$2,'面板-景气指数'!$36:$36,0)) -> 0.28251238 | G6: =INDEX('面板-景气指数'!$37:$242,MATCH('面板-总览'!$A6,'面板-景气指数'!$A$37:$A$242,0),MATCH('面板-总览'!G$2,'面板-景气指数'!$36:$36,0)) -> 0.19747851 | H6: =INDEX('面板-景气指数'!$37:$242,MATCH('面板-总览'!$A6,'面板-景气指数'!$A$37:$A$242,0),MATCH('面板-总览'!H$2,'面板-景气指数'!$36:$36,0)) -> 0.19373464 | I6: =INDEX('面板-景气指数'!$37:$242,MATCH('面板-总览'!$A6,'面板-景气指数'!$A$37:$A$242,0),MATCH('面板-总览'!I$2,'面板-景气指数'!$36:$36,0)) -> 0.2320715 | ... N6: =INDEX('面板-景气指数'!$37:$242,MATCH('面板-总览'!$A6,'面板-景气指数'!$A$37:$A$242,0),MATCH('面板-总览'!N$2,'面板-景气指数'!$36:$36,0)) -> 0.35494094 | P6: =N6-K6 -> 0.0030502845 | R6: 焦煤 | S6: =INDEX('面板-景气指数'!$37:$242,MATCH('面板-总览'!$R6,'面板-景气指数'!$A$37:$A$242,0),MATCH('面板-总览'!S$2,'面板-景气指数'!$36:$36,0)) -> 0.861 | T6: =INDEX('面板-景气指数'!$37:$242,MATCH('面板-总览'!$R6,'面板-景气指数'!$A$37:$A$242,0),MATCH('面板-总览'!T$2,'面板-景气指数'!$36:$36,0)) -> 0.851 | U6: =INDEX('面板-景气指数'!$37:$242,MATCH('面板-总览'!$R6,'面板-景气指数'!$A$37:$A$242,0),MATCH('面板-总览'!U$2,'面板-景气指数'!$36:$36,0)) -> 0.84 | V6: =INDEX('面板-景气指数'!$37:$242,MATCH('面板-总览'!$R6,'面板-景气指数'!$A$37:$A$242,0),MATCH('面板-总览'!V$2,'面板-景气指数'!$36:$36,0)) -> 0.819 | W6: =INDEX('面板-景气指数'!$37:$242,MATCH('面板-总览'!$R6,'面板-景气指数'!$A$37:$A$242,0),MATCH('面板-总览'!W$2,'面板-景气指数'!$36:$36,0)) -> 0.787 | X6: =INDEX('面板-景气指数'!$37:$242,MATCH('面板-总览'!$R6,'面板-景气指数'!$A$37:$A$242,0),MATCH('面板-总览'!X$2,'面板-景气指数'!$36:$36,0)) -> 0.776 | Y6: =INDEX('面板-景气指数'!$37:$242,MATCH('面板-总览'!$R6,'面板-景气指数'!$A$37:$A$242,0),MATCH('面板-总览'!Y$2,'面板-景气指数'!$36:$36,0)) -> 0.734 | Z6: =INDEX('面板-景气指数'!$37:$242,MATCH('面板-总览'!$R6,'面板-景气指数'!$A$37:$A$242,0),MATCH('面板-总览'!Z$2,'面板-景气指数'!$36:$36,0)) -> 0.68 | ... AE6: =INDEX('面板-景气指数'!$37:$242,MATCH('面板-总览'!$R6,'面板-景气指数'!$A$37:$A$242,0),MATCH('面板-总览'!AE$2,'面板-景气指数'!$36:$36,0)) -> 0.755 | AG6: =AE6-AB6 -> 0.138 | AI6: 黄金 | AJ6: =INDEX('面板-景气指数'!$37:$242,MATCH('面板-总览'!$AI6,'面板-景气指数'!$A$37:$A$242,0),MATCH('面板-总览'!AJ$2,'面板-景气指数'!$36:$36,0)) -> 0.148 | AK6: =INDEX('面板-景气指数'!$37:$242,MATCH('面板-总览'!$AI6,'面板-景气指数'!$A$37:$A$242,0),MATCH('面板-总览'!AK$2,'面板-景气指数'!$36:$36,0)) -> 0.329 | AL6: =INDEX('面板-景气指数'!$37:$242,MATCH('面板-总览'!$AI6,'面板-景气指数'!$A$37:$A$242,0),MATCH('面板-总览'!AL$2,'面板-景气指数'!$36:$36,0)) -> 0.393 | AM6: =INDEX('面板-景气指数'!$37:$242,MATCH('面板-总览'!$AI6,'面板-景气指数'!$A$37:$A$242,0),MATCH('面板-总览'!AM$2,'面板-景气指数'!$36:$36,0)) -> 0.361 | AN6: =INDEX('面板-景气指数'!$37:$242,MATCH('面板-总览'!$AI6,'面板-景气指数'!$A$37:$A$242,0),MATCH('面板-总览'!AN$2,'面板-景气指数'!$36:$36,0)) -> 0.351 | AO6: =INDEX('面板-景气指数'!$37:$242,MATCH('面板-总览'!$AI6,'面板-景气指数'!$A$37:$A$242,0),MATCH('面板-总览'!AO$2,'面板-景气指数'!$36:$36,0)) -> 0.457 | AP6: =INDEX('面板-景气指数'!$37:$242,MATCH('面板-总览'!$AI6,'面板-景气指数'!$A$37:$A$242,0),MATCH('面板-总览'!AP$2,'面板-景气指数'!$36:$36,0)) -> 0.553 | AQ6: =INDEX('面板-景气指数'!$37:$242,MATCH('面板-总览'!$AI6,'面板-景气指数'!$A$37:$A$242,0),MATCH('面板-总览'!AQ$2,'面板-景气指数'!$36:$36,0)) -> 0.648 | ... AV6: =INDEX('面板-景气指数'!$37:$242,MATCH('面板-总览'!$AI6,'面板-景气指数'!$A$37:$A$242,0),MATCH('面板-总览'!AV$2,'面板-景气指数'!$36:$36,0)) -> 0.765 | AX6: =AV6-AS6 -> 0.053
A7: 钢铁 | B7: =INDEX('面板-景气指数'!$37:$242,MATCH('面板-总览'!$A7,'面板-景气指数'!$A$37:$A$242,0),MATCH('面板-总览'!B$2,'面板-景气指数'!$36:$36,0)) -> 0.075298268 | C7: =INDEX('面板-景气指数'!$37:$242,MATCH('面板-总览'!$A7,'面板-景气指数'!$A$37:$A$242,0),MATCH('面板-总览'!C$2,'面板-景气指数'!$36:$36,0)) -> 0.088926921 | D7: =INDEX('面板-景气指数'!$37:$242,MATCH('面板-总览'!$A7,'面板-景气指数'!$A$37:$A$242,0),MATCH('面板-总览'!D$2,'面板-景气指数'!$36:$36,0)) -> 0.14488932 | E7: =INDEX('面板-景气指数'!$37:$242,MATCH('面板-总览'!$A7,'面板-景气指数'!$A$37:$A$242,0),MATCH('面板-总览'!E$2,'面板-景气指数'!$36:$36,0)) -> 0.20605129 | F7: =INDEX('面板-景气指数'!$37:$242,MATCH('面板-总览'!$A7,'面板-景气指数'!$A$37:$A$242,0),MATCH('面板-总览'!F$2,'面板-景气指数'!$36:$36,0)) -> 0.20569194 | G7: =INDEX('面板-景气指数'!$37:$242,MATCH('面板-总览'!$A7,'面板-景气指数'!$A$37:$A$242,0),MATCH('面板-总览'!G$2,'面板-景气指数'!$36:$36,0)) -> 0.14934464 | H7: =INDEX('面板-景气指数'!$37:$242,MATCH('面板-总览'!$A7,'面板-景气指数'!$A$37:$A$242,0),MATCH('面板-总览'!H$2,'面板-景气指数'!$36:$36,0)) -> 0.15276635 | I7: =INDEX('面板-景气指数'!$37:$242,MATCH('面板-总览'!$A7,'面板-景气指数'!$A$37:$A$242,0),MATCH('面板-总览'!I$2,'面板-景气指数'!$36:$36,0)) -> 0.22038271 | ... N7: =INDEX('面板-景气指数'!$37:$242,MATCH('面板-总览'!$A7,'面板-景气指数'!$A$37:$A$242,0),MATCH('面板-总览'!N$2,'面板-景气指数'!$36:$36,0)) -> 0.33945338 | P7: =N7-K7 -> -0.014449071 | R7: 无烟煤 | S7: =INDEX('面板-景气指数'!$37:$242,MATCH('面板-总览'!$R7,'面板-景气指数'!$A$37:$A$242,0),MATCH('面板-总览'!S$2,'面板-景气指数'!$36:$36,0)) -> 0.936 | T7: =INDEX('面板-景气指数'!$37:$242,MATCH('面板-总览'!$R7,'面板-景气指数'!$A$37:$A$242,0),MATCH('面板-总览'!T$2,'面板-景气指数'!$36:$36,0)) -> 0.946 | U7: =INDEX('面板-景气指数'!$37:$242,MATCH('面板-总览'!$R7,'面板-景气指数'!$A$37:$A$242,0),MATCH('面板-总览'!U$2,'面板-景气指数'!$36:$36,0)) -> 0.978 | V7: =INDEX('面板-景气指数'!$37:$242,MATCH('面板-总览'!$R7,'面板-景气指数'!$A$37:$A$242,0),MATCH('面板-总览'!V$2,'面板-景气指数'!$36:$36,0)) -> 0.968 | W7: =INDEX('面板-景气指数'!$37:$242,MATCH('面板-总览'!$R7,'面板-景气指数'!$A$37:$A$242,0),MATCH('面板-总览'!W$2,'面板-景气指数'!$36:$36,0)) -> 0.872 | X7: =INDEX('面板-景气指数'!$37:$242,MATCH('面板-总览'!$R7,'面板-景气指数'!$A$37:$A$242,0),MATCH('面板-总览'!X$2,'面板-景气指数'!$36:$36,0)) -> 0.797 | Y7: =INDEX('面板-景气指数'!$37:$242,MATCH('面板-总览'!$R7,'面板-景气指数'!$A$37:$A$242,0),MATCH('面板-总览'!Y$2,'面板-景气指数'!$36:$36,0)) -> 0.755 | Z7: =INDEX('面板-景气指数'!$37:$242,MATCH('面板-总览'!$R7,'面板-景气指数'!$A$37:$A$242,0),MATCH('面板-总览'!Z$2,'面板-景气指数'!$36:$36,0)) -> 0.702 | ... AE7: =INDEX('面板-景气指数'!$37:$242,MATCH('面板-总览'!$R7,'面板-景气指数'!$A$37:$A$242,0),MATCH('面板-总览'!AE$2,'面板-景气指数'!$36:$36,0)) -> 0.765 | AG7: =AE7-AB7 -> 0.053 | AI7: 白银 | AJ7: =INDEX('面板-景气指数'!$37:$242,MATCH('面板-总览'!$AI7,'面板-景气指数'!$A$37:$A$242,0),MATCH('面板-总览'!AJ$2,'面板-景气指数'!$36:$36,0)) -> 0.223 | AK7: =INDEX('面板-景气指数'!$37:$242,MATCH('面板-总览'!$AI7,'面板-景气指数'!$A$37:$A$242,0),MATCH('面板-总览'!AK$2,'面板-景气指数'!$36:$36,0)) -> 0.468 | AL7: =INDEX('面板-景气指数'!$37:$242,MATCH('面板-总览'!$AI7,'面板-景气指数'!$A$37:$A$242,0),MATCH('面板-总览'!AL$2,'面板-景气指数'!$36:$36,0)) -> 0.51 | AM7: =INDEX('面板-景气指数'!$37:$242,MATCH('面板-总览'!$AI7,'面板-景气指数'!$A$37:$A$242,0),MATCH('面板-总览'!AM$2,'面板-景气指数'!$36:$36,0)) -> 0.34 | AN7: =INDEX('面板-景气指数'!$37:$242,MATCH('面板-总览'!$AI7,'面板-景气指数'!$A$37:$A$242,0),MATCH('面板-总览'!AN$2,'面板-景气指数'!$36:$36,0)) -> 0.329 | AO7: =INDEX('面板-景气指数'!$37:$242,MATCH('面板-总览'!$AI7,'面板-景气指数'!$A$37:$A$242,0),MATCH('面板-总览'!AO$2,'面板-景气指数'!$36:$36,0)) -> 0.521 | AP7: =INDEX('面板-景气指数'!$37:$242,MATCH('面板-总览'!$AI7,'面板-景气指数'!$A$37:$A$242,0),MATCH('面板-总览'!AP$2,'面板-景气指数'!$36:$36,0)) -> 0.595 | AQ7: =INDEX('面板-景气指数'!$37:$242,MATCH('面板-总览'!$AI7,'面板-景气指数'!$A$37:$A$242,0),MATCH('面板-总览'!AQ$2,'面板-景气指数'!$36:$36,0)) -> 0.702 | ... AV7: =INDEX('面板-景气指数'!$37:$242,MATCH('面板-总览'!$AI7,'面板-景气指数'!$A$37:$A$242,0),MATCH('面板-总览'!AV$2,'面板-景气指数'!$36:$36,0)) -> 0.627 | AX7: =AV7-AS7 -> -0.213
A8: 建筑材料 | B8: =INDEX('面板-景气指数'!$37:$242,MATCH('面板-总览'!$A8,'面板-景气指数'!$A$37:$A$242,0),MATCH('面板-总览'!B$2,'面板-景气指数'!$36:$36,0)) -> 0.087214839 | C8: =INDEX('面板-景气指数'!$37:$242,MATCH('面板-总览'!$A8,'面板-景气指数'!$A$37:$A$242,0),MATCH('面板-总览'!C$2,'面板-景气指数'!$36:$36,0)) -> 0.092587174 | D8: =INDEX('面板-景气指数'!$37:$242,MATCH('面板-总览'!$A8,'面板-景气指数'!$A$37:$A$242,0),MATCH('面板-总览'!D$2,'面板-景气指数'!$36:$36,0)) -> 0.16430475 | E8: =INDEX('面板-景气指数'!$37:$242,MATCH('面板-总览'!$A8,'面板-景气指数'!$A$37:$A$242,0),MATCH('面板-总览'!E$2,'面板-景气指数'!$36:$36,0)) -> 0.23096377 | F8: =INDEX('面板-景气指数'!$37:$242,MATCH('面板-总览'!$A8,'面板-景气指数'!$A$37:$A$242,0),MATCH('面板-总览'!F$2,'面板-景气指数'!$36:$36,0)) -> 0.26288066 | G8: =INDEX('面板-景气指数'!$37:$242,MATCH('面板-总览'!$A8,'面板-景气指数'!$A$37:$A$242,0),MATCH('面板-总览'!G$2,'面板-景气指数'!$36:$36,0)) -> 0.27610237 | H8: =INDEX('面板-景气指数'!$37:$242,MATCH('面板-总览'!$A8,'面板-景气指数'!$A$37:$A$242,0),MATCH('面板-总览'!H$2,'面板-景气指数'!$36:$36,0)) -> 0.2530502 | I8: =INDEX('面板-景气指数'!$37:$242,MATCH('面板-总览'!$A8,'面板-景气指数'!$A$37:$A$242,0),MATCH('面板-总览'!I$2,'面板-景气指数'!$36:$36,0)) -> 0.2542023 | ... N8: =INDEX('面板-景气指数'!$37:$242,MATCH('面板-总览'!$A8,'面板-景气指数'!$A$37:$A$242,0),MATCH('面板-总览'!N$2,'面板-景气指数'!$36:$36,0)) -> 0.2779487 | P8: =N8-K8 -> 0.020865038 | R8: 工业金属 | S8: =INDEX('面板-景气指数'!$37:$242,MATCH('面板-总览'!$R8,'面板-景气指数'!$A$37:$A$242,0),MATCH('面板-总览'!S$2,'面板-景气指数'!$36:$36,0)) -> 0.32398416 | T8: =INDEX('面板-景气指数'!$37:$242,MATCH('面板-总览'!$R8,'面板-景气指数'!$A$37:$A$242,0),MATCH('面板-总览'!T$2,'面板-景气指数'!$36:$36,0)) -> 0.37910184 | U8: =INDEX('面板-景气指数'!$37:$242,MATCH('面板-总览'!$R8,'面板-景气指数'!$A$37:$A$242,0),MATCH('面板-总览'!U$2,'面板-景气指数'!$36:$36,0)) -> 0.38013127 | V8: =INDEX('面板-景气指数'!$37:$242,MATCH('面板-总览'!$R8,'面板-景气指数'!$A$37:$A$242,0),MATCH('面板-总览'!V$2,'面板-景气指数'!$36:$36,0)) -> 0.33967748 | W8: =INDEX('面板-景气指数'!$37:$242,MATCH('面板-总览'!$R8,'面板-景气指数'!$A$37:$A$242,0),MATCH('面板-总览'!W$2,'面板-景气指数'!$36:$36,0)) -> 0.26835364 | X8: =INDEX('面板-景气指数'!$37:$242,MATCH('面板-总览'!$R8,'面板-景气指数'!$A$37:$A$242,0),MATCH('面板-总览'!X$2,'面板-景气指数'!$36:$36,0)) -> 0.19545376 | Y8: =INDEX('面板-景气指数'!$37:$242,MATCH('面板-总览'!$R8,'面板-景气指数'!$A$37:$A$242,0),MATCH('面板-总览'!Y$2,'面板-景气指数'!$36:$36,0)) -> 0.2350021 | Z8: =INDEX('面板-景气指数'!$37:$242,MATCH('面板-总览'!$R8,'面板-景气指数'!$A$37:$A$242,0),MATCH('面板-总览'!Z$2,'面板-景气指数'!$36:$36,0)) -> 0.37004765 | ... AE8: =INDEX('面板-景气指数'!$37:$242,MATCH('面板-总览'!$R8,'面板-景气指数'!$A$37:$A$242,0),MATCH('面板-总览'!AE$2,'面板-景气指数'!$36:$36,0)) -> 0.49649789 | AG8: =AE8-AB8 -> -0.047903749 | AI8: 稀土 | AJ8: =INDEX('面板-景气指数'!$37:$242,MATCH('面板-总览'!$AI8,'面板-景气指数'!$A$37:$A$242,0),MATCH('面板-总览'!AJ$2,'面板-景气指数'!$36:$36,0)) -> 0.872 | AK8: =INDEX('面板-景气指数'!$37:$242,MATCH('面板-总览'!$AI8,'面板-景气指数'!$A$37:$A$242,0),MATCH('面板-总览'!AK$2,'面板-景气指数'!$36:$36,0)) -> 0.882 | AL8: =INDEX('面板-景气指数'!$37:$242,MATCH('面板-总览'!$AI8,'面板-景气指数'!$A$37:$A$242,0),MATCH('面板-总览'!AL$2,'面板-景气指数'!$36:$36,0)) -> 0.893 | AM8: =INDEX('面板-景气指数'!$37:$242,MATCH('面板-总览'!$AI8,'面板-景气指数'!$A$37:$A$242,0),MATCH('面板-总览'!AM$2,'面板-景气指数'!$36:$36,0)) -> 0.84 | AN8: =INDEX('面板-景气指数'!$37:$242,MATCH('面板-总览'!$AI8,'面板-景气指数'!$A$37:$A$242,0),MATCH('面板-总览'!AN$2,'面板-景气指数'!$36:$36,0)) -> 0.808 | AO8: =INDEX('面板-景气指数'!$37:$242,MATCH('面板-总览'!$AI8,'面板-景气指数'!$A$37:$A$242,0),MATCH('面板-总览'!AO$2,'面板-景气指数'!$36:$36,0)) -> 0.691 | AP8: =INDEX('面板-景气指数'!$37:$242,MATCH('面板-总览'!$AI8,'面板-景气指数'!$A$37:$A$242,0),MATCH('面板-总览'!AP$2,'面板-景气指数'!$36:$36,0)) -> 0.67 | AQ8: =INDEX('面板-景气指数'!$37:$242,MATCH('面板-总览'!$AI8,'面板-景气指数'!$A$37:$A$242,0),MATCH('面板-总览'!AQ$2,'面板-景气指数'!$36:$36,0)) -> 0.648 | ... AV8: =INDEX('面板-景气指数'!$37:$242,MATCH('面板-总览'!$AI8,'面板-景气指数'!$A$37:$A$242,0),MATCH('面板-总览'!AV$2,'面板-景气指数'!$36:$36,0)) -> 0.734 | AX8: =AV8-AS8 -> 0.054
A9: 机械设备 | B9: =INDEX('面板-景气指数'!$37:$242,MATCH('面板-总览'!$A9,'面板-景气指数'!$A$37:$A$242,0),MATCH('面板-总览'!B$2,'面板-景气指数'!$36:$36,0)) -> 0.33039148 | C9: =INDEX('面板-景气指数'!$37:$242,MATCH('面板-总览'!$A9,'面板-景气指数'!$A$37:$A$242,0),MATCH('面板-总览'!C$2,'面板-景气指数'!$36:$36,0)) -> 0.23464843 | D9: =INDEX('面板-景气指数'!$37:$242,MATCH('面板-总览'!$A9,'面板-景气指数'!$A$37:$A$242,0),MATCH('面板-总览'!D$2,'面板-景气指数'!$36:$36,0)) -> 0.30875052 | E9: =INDEX('面板-景气指数'!$37:$242,MATCH('面板-总览'!$A9,'面板-景气指数'!$A$37:$A$242,0),MATCH('面板-总览'!E$2,'面板-景气指数'!$36:$36,0)) -> 0.37022063 | F9: =INDEX('面板-景气指数'!$37:$242,MATCH('面板-总览'!$A9,'面板-景气指数'!$A$37:$A$242,0),MATCH('面板-总览'!F$2,'面板-景气指数'!$36:$36,0)) -> 0.37031435 | G9: =INDEX('面板-景气指数'!$37:$242,MATCH('面板-总览'!$A9,'面板-景气指数'!$A$37:$A$242,0),MATCH('面板-总览'!G$2,'面板-景气指数'!$36:$36,0)) -> 0.30940397 | H9: =INDEX('面板-景气指数'!$37:$242,MATCH('面板-总览'!$A9,'面板-景气指数'!$A$37:$A$242,0),MATCH('面板-总览'!H$2,'面板-景气指数'!$36:$36,0)) -> 0.27417594 | I9: =INDEX('面板-景气指数'!$37:$242,MATCH('面板-总览'!$A9,'面板-景气指数'!$A$37:$A$242,0),MATCH('面板-总览'!I$2,'面板-景气指数'!$36:$36,0)) -> 0.2242322 | ... N9: =INDEX('面板-景气指数'!$37:$242,MATCH('面板-总览'!$A9,'面板-景气指数'!$A$37:$A$242,0),MATCH('面板-总览'!N$2,'面板-景气指数'!$36:$36,0)) -> 0.4357197 | P9: =N9-K9 -> 0.12767485 | R9: 贵金属 | S9: =INDEX('面板-景气指数'!$37:$242,MATCH('面板-总览'!$R9,'面板-景气指数'!$A$37:$A$242,0),MATCH('面板-总览'!S$2,'面板-景气指数'!$36:$36,0)) -> 0.1855 | T9: =INDEX('面板-景气指数'!$37:$242,MATCH('面板-总览'!$R9,'面板-景气指数'!$A$37:$A$242,0),MATCH('面板-总览'!T$2,'面板-景气指数'!$36:$36,0)) -> 0.3985 | U9: =INDEX('面板-景气指数'!$37:$242,MATCH('面板-总览'!$R9,'面板-景气指数'!$A$37:$A$242,0),MATCH('面板-总览'!U$2,'面板-景气指数'!$36:$36,0)) -> 0.4515 | V9: =INDEX('面板-景气指数'!$37:$242,MATCH('面板-总览'!$R9,'面板-景气指数'!$A$37:$A$242,0),MATCH('面板-总览'!V$2,'面板-景气指数'!$36:$36,0)) -> 0.3505 | W9: =INDEX('面板-景气指数'!$37:$242,MATCH('面板-总览'!$R9,'面板-景气指数'!$A$37:$A$242,0),MATCH('面板-总览'!W$2,'面板-景气指数'!$36:$36,0)) -> 0.34 | X9: =INDEX('面板-景气指数'!$37:$242,MATCH('面板-总览'!$R9,'面板-景气指数'!$A$37:$A$242,0),MATCH('面板-总览'!X$2,'面板-景气指数'!$36:$36,0)) -> 0.489 | Y9: =INDEX('面板-景气指数'!$37:$242,MATCH('面板-总览'!$R9,'面板-景气指数'!$A$37:$A$242,0),MATCH('面板-总览'!Y$2,'面板-景气指数'!$36:$36,0)) -> 0.574 | Z9: =INDEX('面板-景气指数'!$37:$242,MATCH('面板-总览'!$R9,'面板-景气指数'!$A$37:$A$242,0),MATCH('面板-总览'!Z$2,'面板-景气指数'!$36:$36,0)) -> 0.675 | ... AE9: =INDEX('面板-景气指数'!$37:$242,MATCH('面板-总览'!$R9,'面板-景气指数'!$A$37:$A$242,0),MATCH('面板-总览'!AE$2,'面板-景气指数'!$36:$36,0)) -> 0.696 | AG9: =AE9-AB9 -> -0.08 | AI9: 钨 | AJ9: =INDEX('面板-景气指数'!$37:$242,MATCH('面板-总览'!$AI9,'面板-景气指数'!$A$37:$A$242,0),MATCH('面板-总览'!AJ$2,'面板-景气指数'!$36:$36,0)) -> 0.372 | AK9: =INDEX('面板-景气指数'!$37:$242,MATCH('面板-总览'!$AI9,'面板-景气指数'!$A$37:$A$242,0),MATCH('面板-总览'!AK$2,'面板-景气指数'!$36:$36,0)) -> 0.414 | AL9: =INDEX('面板-景气指数'!$37:$242,MATCH('面板-总览'!$AI9,'面板-景气指数'!$A$37:$A$242,0),MATCH('面板-总览'!AL$2,'面板-景气指数'!$36:$36,0)) -> 0.436 | AM9: =INDEX('面板-景气指数'!$37:$242,MATCH('面板-总览'!$AI9,'面板-景气指数'!$A$37:$A$242,0),MATCH('面板-总览'!AM$2,'面板-景气指数'!$36:$36,0)) -> 0.393 | AN9: =INDEX('面板-景气指数'!$37:$242,MATCH('面板-总览'!$AI9,'面板-景气指数'!$A$37:$A$242,0),MATCH('面板-总览'!AN$2,'面板-景气指数'!$36:$36,0)) -> 0.351 | AO9: =INDEX('面板-景气指数'!$37:$242,MATCH('面板-总览'!$AI9,'面板-景气指数'!$A$37:$A$242,0),MATCH('面板-总览'!AO$2,'面板-景气指数'!$36:$36,0)) -> 0.382 | AP9: =INDEX('面板-景气指数'!$37:$242,MATCH('面板-总览'!$AI9,'面板-景气指数'!$A$37:$A$242,0),MATCH('面板-总览'!AP$2,'面板-景气指数'!$36:$36,0)) -> 0.478 | AQ9: =INDEX('面板-景气指数'!$37:$242,MATCH('面板-总览'!$AI9,'面板-景气指数'!$A$37:$A$242,0),MATCH('面板-总览'!AQ$2,'面板-景气指数'!$36:$36,0)) -> 0.574 | ... AV9: =INDEX('面板-景气指数'!$37:$242,MATCH('面板-总览'!$AI9,'面板-景气指数'!$A$37:$A$242,0),MATCH('面板-总览'!AV$2,'面板-景气指数'!$36:$36,0)) -> 0.595 | AX9: =AV9-AS9 -> 0.095
A10: 电力设备 | B10: =INDEX('面板-景气指数'!$37:$242,MATCH('面板-总览'!$A10,'面板-景气指数'!$A$37:$A$242,0),MATCH('面板-总览'!B$2,'面板-景气指数'!$36:$36,0)) -> 0.55293114 | C10: =INDEX('面板-景气指数'!$37:$242,MATCH('面板-总览'!$A10,'面板-景气指数'!$A$37:$A$242,0),MATCH('面板-总览'!C$2,'面板-景气指数'!$36:$36,0)) -> 0.49393139 | D10: =INDEX('面板-景气指数'!$37:$242,MATCH('面板-总览'!$A10,'面板-景气指数'!$A$37:$A$242,0),MATCH('面板-总览'!D$2,'面板-景气指数'!$36:$36,0)) -> 0.39883164 | E10: =INDEX('面板-景气指数'!$37:$242,MATCH('面板-总览'!$A10,'面板-景气指数'!$A$37:$A$242,0),MATCH('面板-总览'!E$2,'面板-景气指数'!$36:$36,0)) -> 0.41121242 | F10: =INDEX('面板-景气指数'!$37:$242,MATCH('面板-总览'!$A10,'面板-景气指数'!$A$37:$A$242,0),MATCH('面板-总览'!F$2,'面板-景气指数'!$36:$36,0)) -> 0.47011912 | G10: =INDEX('面板-景气指数'!$37:$242,MATCH('面板-总览'!$A10,'面板-景气指数'!$A$37:$A$242,0),MATCH('面板-总览'!G$2,'面板-景气指数'!$36:$36,0)) -> 0.49141718 | H10: =INDEX('面板-景气指数'!$37:$242,MATCH('面板-总览'!$A10,'面板-景气指数'!$A$37:$A$242,0),MATCH('面板-总览'!H$2,'面板-景气指数'!$36:$36,0)) -> 0.49594429 | I10: =INDEX('面板-景气指数'!$37:$242,MATCH('面板-总览'!$A10,'面板-景气指数'!$A$37:$A$242,0),MATCH('面板-总览'!I$2,'面板-景气指数'!$36:$36,0)) -> 0.47438515 | ... N10: =INDEX('面板-景气指数'!$37:$242,MATCH('面板-总览'!$A10,'面板-景气指数'!$A$37:$A$242,0),MATCH('面板-总览'!N$2,'面板-景气指数'!$36:$36,0)) -> 0.4098391 | P10: =N10-K10 -> -0.0088537247 | R10: 小金属 | S10: =INDEX('面板-景气指数'!$37:$242,MATCH('面板-总览'!$R10,'面板-景气指数'!$A$37:$A$242,0),MATCH('面板-总览'!S$2,'面板-景气指数'!$36:$36,0)) -> 0.53675 | T10: =INDEX('面板-景气指数'!$37:$242,MATCH('面板-总览'!$R10,'面板-景气指数'!$A$37:$A$242,0),MATCH('面板-总览'!T$2,'面板-景气指数'!$36:$36,0)) -> 0.5765 | U10: =INDEX('面板-景气指数'!$37:$242,MATCH('面板-总览'!$R10,'面板-景气指数'!$A$37:$A$242,0),MATCH('面板-总览'!U$2,'面板-景气指数'!$36:$36,0)) -> 0.598 | V10: =INDEX('面板-景气指数'!$37:$242,MATCH('面板-总览'!$R10,'面板-景气指数'!$A$37:$A$242,0),MATCH('面板-总览'!V$2,'面板-景气指数'!$36:$36,0)) -> 0.566 | W10: =INDEX('面板-景气指数'!$37:$242,MATCH('面板-总览'!$R10,'面板-景气指数'!$A$37:$A$242,0),MATCH('面板-总览'!W$2,'面板-景气指数'!$36:$36,0)) -> 0.52375 | X10: =INDEX('面板-景气指数'!$37:$242,MATCH('面板-总览'!$R10,'面板-景气指数'!$A$37:$A$242,0),MATCH('面板-总览'!X$2,'面板-景气指数'!$36:$36,0)) -> 0.43275 | Y10: =INDEX('面板-景气指数'!$37:$242,MATCH('面板-总览'!$R10,'面板-景气指数'!$A$37:$A$242,0),MATCH('面板-总览'!Y$2,'面板-景气指数'!$36:$36,0)) -> 0.449 | Z10: =INDEX('面板-景气指数'!$37:$242,MATCH('面板-总览'!$R10,'面板-景气指数'!$A$37:$A$242,0),MATCH('面板-总览'!Z$2,'面板-景气指数'!$36:$36,0)) -> 0.5445 | ... AE10: =INDEX('面板-景气指数'!$37:$242,MATCH('面板-总览'!$R10,'面板-景气指数'!$A$37:$A$242,0),MATCH('面板-总览'!AE$2,'面板-景气指数'!$36:$36,0)) -> 0.56325 | AG10: =AE10-AB10 -> -0.1385 | AI10: 钼 | AJ10: =INDEX('面板-景气指数'!$37:$242,MATCH('面板-总览'!$AI10,'面板-景气指数'!$A$37:$A$242,0),MATCH('面板-总览'!AJ$2,'面板-景气指数'!$36:$36,0)) -> 0.893 | AK10: =INDEX('面板-景气指数'!$37:$242,MATCH('面板-总览'!$AI10,'面板-景气指数'!$A$37:$A$242,0),MATCH('面板-总览'!AK$2,'面板-景气指数'!$36:$36,0)) -> 0.957 | AL10: =INDEX('面板-景气指数'!$37:$242,MATCH('面板-总览'!$AI10,'面板-景气指数'!$A$37:$A$242,0),MATCH('面板-总览'!AL$2,'面板-景气指数'!$36:$36,0)) -> 1 | AM10: =INDEX('面板-景气指数'!$37:$242,MATCH('面板-总览'!$AI10,'面板-景气指数'!$A$37:$A$242,0),MATCH('面板-总览'!AM$2,'面板-景气指数'!$36:$36,0)) -> 0.989 | AN10: =INDEX('面板-景气指数'!$37:$242,MATCH('面板-总览'!$AI10,'面板-景气指数'!$A$37:$A$242,0),MATCH('面板-总览'!AN$2,'面板-景气指数'!$36:$36,0)) -> 0.936 | AO10: =INDEX('面板-景气指数'!$37:$242,MATCH('面板-总览'!$AI10,'面板-景气指数'!$A$37:$A$242,0),MATCH('面板-总览'!AO$2,'面板-景气指数'!$36:$36,0)) -> 0.627 | AP10: =INDEX('面板-景气指数'!$37:$242,MATCH('面板-总览'!$AI10,'面板-景气指数'!$A$37:$A$242,0),MATCH('面板-总览'!AP$2,'面板-景气指数'!$36:$36,0)) -> 0.553 | AQ10: =INDEX('面板-景气指数'!$37:$242,MATCH('面板-总览'!$AI10,'面板-景气指数'!$A$37:$A$242,0),MATCH('面板-总览'!AQ$2,'面板-景气指数'!$36:$36,0)) -> 0.691 | ... AV10: =INDEX('面板-景气指数'!$37:$242,MATCH('面板-总览'!$AI10,'面板-景气指数'!$A$37:$A$242,0),MATCH('面板-总览'!AV$2,'面板-景气指数'!$36:$36,0)) -> 0.265 | AX10: =AV10-AS10 -> -0.66
A11: 国防军工 | B11: =INDEX('面板-景气指数'!$37:$242,MATCH('面板-总览'!$A11,'面板-景气指数'!$A$37:$A$242,0),MATCH('面板-总览'!B$2,'面板-景气指数'!$36:$36,0)) -> 0.56605613 | C11: =INDEX('面板-景气指数'!$37:$242,MATCH('面板-总览'!$A11,'面板-景气指数'!$A$37:$A$242,0),MATCH('面板-总览'!C$2,'面板-景气指数'!$36:$36,0)) -> 0.55060621 | D11: =INDEX('面板-景气指数'!$37:$242,MATCH('面板-总览'!$A11,'面板-景气指数'!$A$37:$A$242,0),MATCH('面板-总览'!D$2,'面板-景气指数'!$36:$36,0)) -> 0.44931731 | E11: =INDEX('面板-景气指数'!$37:$242,MATCH('面板-总览'!$A11,'面板-景气指数'!$A$37:$A$242,0),MATCH('面板-总览'!E$2,'面板-景气指数'!$36:$36,0)) -> 0.36216855 | F11: =INDEX('面板-景气指数'!$37:$242,MATCH('面板-总览'!$A11,'面板-景气指数'!$A$37:$A$242,0),MATCH('面板-总览'!F$2,'面板-景气指数'!$36:$36,0)) -> 0.36373833 | G11: =INDEX('面板-景气指数'!$37:$242,MATCH('面板-总览'!$A11,'面板-景气指数'!$A$37:$A$242,0),MATCH('面板-总览'!G$2,'面板-景气指数'!$36:$36,0)) -> 0.32209694 | H11: =INDEX('面板-景气指数'!$37:$242,MATCH('面板-总览'!$A11,'面板-景气指数'!$A$37:$A$242,0),MATCH('面板-总览'!H$2,'面板-景气指数'!$36:$36,0)) -> 0.31213806 | I11: =INDEX('面板-景气指数'!$37:$242,MATCH('面板-总览'!$A11,'面板-景气指数'!$A$37:$A$242,0),MATCH('面板-总览'!I$2,'面板-景气指数'!$36:$36,0)) -> 0.28736996 | ... N11: =INDEX('面板-景气指数'!$37:$242,MATCH('面板-总览'!$A11,'面板-景气指数'!$A$37:$A$242,0),MATCH('面板-总览'!N$2,'面板-景气指数'!$36:$36,0)) -> 0.29066285 | P11: =N11-K11 -> 0.0057071721 | R11: 能源金属 | S11: =INDEX('面板-景气指数'!$37:$242,MATCH('面板-总览'!$R11,'面板-景气指数'!$A$37:$A$242,0),MATCH('面板-总览'!S$2,'面板-景气指数'!$36:$36,0)) -> 0.67166667 | T11: =INDEX('面板-景气指数'!$37:$242,MATCH('面板-总览'!$R11,'面板-景气指数'!$A$37:$A$242,0),MATCH('面板-总览'!T$2,'面板-景气指数'!$36:$36,0)) -> 0.629 | U11: =INDEX('面板-景气指数'!$37:$242,MATCH('面板-总览'!$R11,'面板-景气指数'!$A$37:$A$242,0),MATCH('面板-总览'!U$2,'面板-景气指数'!$36:$36,0)) -> 0.55766667 | V11: =INDEX('面板-景气指数'!$37:$242,MATCH('面板-总览'!$R11,'面板-景气指数'!$A$37:$A$242,0),MATCH('面板-总览'!V$2,'面板-景气指数'!$36:$36,0)) -> 0.38466667 | W11: =INDEX('面板-景气指数'!$37:$242,MATCH('面板-总览'!$R11,'面板-景气指数'!$A$37:$A$242,0),MATCH('面板-总览'!W$2,'面板-景气指数'!$36:$36,0)) -> 0.228 | X11: =INDEX('面板-景气指数'!$37:$242,MATCH('面板-总览'!$R11,'面板-景气指数'!$A$37:$A$242,0),MATCH('面板-总览'!X$2,'面板-景气指数'!$36:$36,0)) -> 0.092666667 | Y11: =INDEX('面板-景气指数'!$37:$242,MATCH('面板-总览'!$R11,'面板-景气指数'!$A$37:$A$242,0),MATCH('面板-总览'!Y$2,'面板-景气指数'!$36:$36,0)) -> 0.123 | Z11: =INDEX('面板-景气指数'!$37:$242,MATCH('面板-总览'!$R11,'面板-景气指数'!$A$37:$A$242,0),MATCH('面板-总览'!Z$2,'面板-景气指数'!$36:$36,0)) -> 0.196 | ... AE11: =INDEX('面板-景气指数'!$37:$242,MATCH('面板-总览'!$R11,'面板-景气指数'!$A$37:$A$242,0),MATCH('面板-总览'!AE$2,'面板-景气指数'!$36:$36,0)) -> 0.11166667 | AG11: =AE11-AB11 -> -0.07 | AI11: 其它小金属 | AJ11: =INDEX('面板-景气指数'!$37:$242,MATCH('面板-总览'!$AI11,'面板-景气指数'!$A$37:$A$242,0),MATCH('面板-总览'!AJ$2,'面板-景气指数'!$36:$36,0)) -> 0.01 | AK11: =INDEX('面板-景气指数'!$37:$242,MATCH('面板-总览'!$AI11,'面板-景气指数'!$A$37:$A$242,0),MATCH('面板-总览'!AK$2,'面板-景气指数'!$36:$36,0)) -> 0.053 | AL11: =INDEX('面板-景气指数'!$37:$242,MATCH('面板-总览'!$AI11,'面板-景气指数'!$A$37:$A$242,0),MATCH('面板-总览'!AL$2,'面板-景气指数'!$36:$36,0)) -> 0.063 | AM11: =INDEX('面板-景气指数'!$37:$242,MATCH('面板-总览'!$AI11,'面板-景气指数'!$A$37:$A$242,0),MATCH('面板-总览'!AM$2,'面板-景气指数'!$36:$36,0)) -> 0.042 | AN11: =INDEX('面板-景气指数'!$37:$242,MATCH('面板-总览'!$AI11,'面板-景气指数'!$A$37:$A$242,0),MATCH('面板-总览'!AN$2,'面板-景气指数'!$36:$36,0)) -> 0 | AO11: =INDEX('面板-景气指数'!$37:$242,MATCH('面板-总览'!$AI11,'面板-景气指数'!$A$37:$A$242,0),MATCH('面板-总览'!AO$2,'面板-景气指数'!$36:$36,0)) -> 0.031 | AP11: =INDEX('面板-景气指数'!$37:$242,MATCH('面板-总览'!$AI11,'面板-景气指数'!$A$37:$A$242,0),MATCH('面板-总览'!AP$2,'面板-景气指数'!$36:$36,0)) -> 0.095 | AQ11: =INDEX('面板-景气指数'!$37:$242,MATCH('面板-总览'!$AI11,'面板-景气指数'!$A$37:$A$242,0),MATCH('面板-总览'!AQ$2,'面板-景气指数'!$36:$36,0)) -> 0.265 | ... AV11: =INDEX('面板-景气指数'!$37:$242,MATCH('面板-总览'!$AI11,'面板-景气指数'!$A$37:$A$242,0),MATCH('面板-总览'!AV$2,'面板-景气指数'!$36:$36,0)) -> 0.659 | AX11: =AV11-AS11 -> -0.043
A12: 农林牧渔 | B12: =INDEX('面板-景气指数'!$37:$242,MATCH('面板-总览'!$A12,'面板-景气指数'!$A$37:$A$242,0),MATCH('面板-总览'!B$2,'面板-景气指数'!$36:$36,0)) -> 0.64732336 | C12: =INDEX('面板-景气指数'!$37:$242,MATCH('面板-总览'!$A12,'面板-景气指数'!$A$37:$A$242,0),MATCH('面板-总览'!C$2,'面板-景气指数'!$36:$36,0)) -> 0.52467337 | D12: =INDEX('面板-景气指数'!$37:$242,MATCH('面板-总览'!$A12,'面板-景气指数'!$A$37:$A$242,0),MATCH('面板-总览'!D$2,'面板-景气指数'!$36:$36,0)) -> 0.42204549 | E12: =INDEX('面板-景气指数'!$37:$242,MATCH('面板-总览'!$A12,'面板-景气指数'!$A$37:$A$242,0),MATCH('面板-总览'!E$2,'面板-景气指数'!$36:$36,0)) -> 0.34955774 | F12: =INDEX('面板-景气指数'!$37:$242,MATCH('面板-总览'!$A12,'面板-景气指数'!$A$37:$A$242,0),MATCH('面板-总览'!F$2,'面板-景气指数'!$36:$36,0)) -> 0.28910387 | G12: =INDEX('面板-景气指数'!$37:$242,MATCH('面板-总览'!$A12,'面板-景气指数'!$A$37:$A$242,0),MATCH('面板-总览'!G$2,'面板-景气指数'!$36:$36,0)) -> 0.20418046 | H12: =INDEX('面板-景气指数'!$37:$242,MATCH('面板-总览'!$A12,'面板-景气指数'!$A$37:$A$242,0),MATCH('面板-总览'!H$2,'面板-景气指数'!$36:$36,0)) -> 0.15985486 | I12: =INDEX('面板-景气指数'!$37:$242,MATCH('面板-总览'!$A12,'面板-景气指数'!$A$37:$A$242,0),MATCH('面板-总览'!I$2,'面板-景气指数'!$36:$36,0)) -> 0.16524427 | ... N12: =INDEX('面板-景气指数'!$37:$242,MATCH('面板-总览'!$A12,'面板-景气指数'!$A$37:$A$242,0),MATCH('面板-总览'!N$2,'面板-景气指数'!$36:$36,0)) -> 0.11910765 | P12: =N12-K12 -> -0.10374527 | R12: 金属新材料 | S12: =INDEX('面板-景气指数'!$37:$242,MATCH('面板-总览'!$R12,'面板-景气指数'!$A$37:$A$242,0),MATCH('面板-总览'!S$2,'面板-景气指数'!$36:$36,0)) -> 0.265 | T12: =INDEX('面板-景气指数'!$37:$242,MATCH('面板-总览'!$R12,'面板-景气指数'!$A$37:$A$242,0),MATCH('面板-总览'!T$2,'面板-景气指数'!$36:$36,0)) -> 0.148 | U12: =INDEX('面板-景气指数'!$37:$242,MATCH('面板-总览'!$R12,'面板-景气指数'!$A$37:$A$242,0),MATCH('面板-总览'!U$2,'面板-景气指数'!$36:$36,0)) -> 0.053 | V12: =INDEX('面板-景气指数'!$37:$242,MATCH('面板-总览'!$R12,'面板-景气指数'!$A$37:$A$242,0),MATCH('面板-总览'!V$2,'面板-景气指数'!$36:$36,0)) -> 0.021 | W12: =INDEX('面板-景气指数'!$37:$242,MATCH('面板-总览'!$R12,'面板-景气指数'!$A$37:$A$242,0),MATCH('面板-总览'!W$2,'面板-景气指数'!$36:$36,0)) -> 0 | X12: =INDEX('面板-景气指数'!$37:$242,MATCH('面板-总览'!$R12,'面板-景气指数'!$A$37:$A$242,0),MATCH('面板-总览'!X$2,'面板-景气指数'!$36:$36,0)) -> 0.01 | Y12: =INDEX('面板-景气指数'!$37:$242,MATCH('面板-总览'!$R12,'面板-景气指数'!$A$37:$A$242,0),MATCH('面板-总览'!Y$2,'面板-景气指数'!$36:$36,0)) -> 0.042 | Z12: =INDEX('面板-景气指数'!$37:$242,MATCH('面板-总览'!$R12,'面板-景气指数'!$A$37:$A$242,0),MATCH('面板-总览'!Z$2,'面板-景气指数'!$36:$36,0)) -> 0.106 | ... AE12: =INDEX('面板-景气指数'!$37:$242,MATCH('面板-总览'!$R12,'面板-景气指数'!$A$37:$A$242,0),MATCH('面板-总览'!AE$2,'面板-景气指数'!$36:$36,0)) -> 0.063 | AG12: =AE12-AB12 -> -0.064 | AI12: 锂 | AJ12: =INDEX('面板-景气指数'!$37:$242,MATCH('面板-总览'!$AI12,'面板-景气指数'!$A$37:$A$242,0),MATCH('面板-总览'!AJ$2,'面板-景气指数'!$36:$36,0)) -> 0.788 | AK12: =INDEX('面板-景气指数'!$37:$242,MATCH('面板-总览'!$AI12,'面板-景气指数'!$A$37:$A$242,0),MATCH('面板-总览'!AK$2,'面板-景气指数'!$36:$36,0)) -> 0.76 | AL12: =INDEX('面板-景气指数'!$37:$242,MATCH('面板-总览'!$AI12,'面板-景气指数'!$A$37:$A$242,0),MATCH('面板-总览'!AL$2,'面板-景气指数'!$36:$36,0)) -> 0.69 | AM12: =INDEX('面板-景气指数'!$37:$242,MATCH('面板-总览'!$AI12,'面板-景气指数'!$A$37:$A$242,0),MATCH('面板-总览'!AM$2,'面板-景气指数'!$36:$36,0)) -> 0.577 | AN12: =INDEX('面板-景气指数'!$37:$242,MATCH('面板-总览'!$AI12,'面板-景气指数'!$A$37:$A$242,0),MATCH('面板-总览'!AN$2,'面板-景气指数'!$36:$36,0)) -> 0.436 | AO12: =INDEX('面板-景气指数'!$37:$242,MATCH('面板-总览'!$AI12,'面板-景气指数'!$A$37:$A$242,0),MATCH('面板-总览'!AO$2,'面板-景气指数'!$36:$36,0)) -> 0.14 | AP12: =INDEX('面板-景气指数'!$37:$242,MATCH('面板-总览'!$AI12,'面板-景气指数'!$A$37:$A$242,0),MATCH('面板-总览'!AP$2,'面板-景气指数'!$36:$36,0)) -> 0.169 | AQ12: =INDEX('面板-景气指数'!$37:$242,MATCH('面板-总览'!$AI12,'面板-景气指数'!$A$37:$A$242,0),MATCH('面板-总览'!AQ$2,'面板-景气指数'!$36:$36,0)) -> 0.338 | ... AV12: =INDEX('面板-景气指数'!$37:$242,MATCH('面板-总览'!$AI12,'面板-景气指数'!$A$37:$A$242,0),MATCH('面板-总览'!AV$2,'面板-景气指数'!$36:$36,0)) -> 0 | AX12: =AV12-AS12 -> -0.112
A13: 食品饮料 | B13: =INDEX('面板-景气指数'!$37:$242,MATCH('面板-总览'!$A13,'面板-景气指数'!$A$37:$A$242,0),MATCH('面板-总览'!B$2,'面板-景气指数'!$36:$36,0)) -> 0.30995808 | C13: =INDEX('面板-景气指数'!$37:$242,MATCH('面板-总览'!$A13,'面板-景气指数'!$A$37:$A$242,0),MATCH('面板-总览'!C$2,'面板-景气指数'!$36:$36,0)) -> 0.26931727 | D13: =INDEX('面板-景气指数'!$37:$242,MATCH('面板-总览'!$A13,'面板-景气指数'!$A$37:$A$242,0),MATCH('面板-总览'!D$2,'面板-景气指数'!$36:$36,0)) -> 0.26517991 | E13: =INDEX('面板-景气指数'!$37:$242,MATCH('面板-总览'!$A13,'面板-景气指数'!$A$37:$A$242,0),MATCH('面板-总览'!E$2,'面板-景气指数'!$36:$36,0)) -> 0.30905792 | F13: =INDEX('面板-景气指数'!$37:$242,MATCH('面板-总览'!$A13,'面板-景气指数'!$A$37:$A$242,0),MATCH('面板-总览'!F$2,'面板-景气指数'!$36:$36,0)) -> 0.32775999 | G13: =INDEX('面板-景气指数'!$37:$242,MATCH('面板-总览'!$A13,'面板-景气指数'!$A$37:$A$242,0),MATCH('面板-总览'!G$2,'面板-景气指数'!$36:$36,0)) -> 0.32319099 | H13: =INDEX('面板-景气指数'!$37:$242,MATCH('面板-总览'!$A13,'面板-景气指数'!$A$37:$A$242,0),MATCH('面板-总览'!H$2,'面板-景气指数'!$36:$36,0)) -> 0.31267556 | I13: =INDEX('面板-景气指数'!$37:$242,MATCH('面板-总览'!$A13,'面板-景气指数'!$A$37:$A$242,0),MATCH('面板-总览'!I$2,'面板-景气指数'!$36:$36,0)) -> 0.31245057 | ... N13: =INDEX('面板-景气指数'!$37:$242,MATCH('面板-总览'!$A13,'面板-景气指数'!$A$37:$A$242,0),MATCH('面板-总览'!N$2,'面板-景气指数'!$36:$36,0)) -> 0.40664393 | P13: =N13-K13 -> 0.070400321 | R13: 化学原料 | S13: =INDEX('面板-景气指数'!$37:$242,MATCH('面板-总览'!$R13,'面板-景气指数'!$A$37:$A$242,0),MATCH('面板-总览'!S$2,'面板-景气指数'!$36:$36,0)) -> 0.16300334 | T13: =INDEX('面板-景气指数'!$37:$242,MATCH('面板-总览'!$R13,'面板-景气指数'!$A$37:$A$242,0),MATCH('面板-总览'!T$2,'面板-景气指数'!$36:$36,0)) -> 0.20435886 | U13: =INDEX('面板-景气指数'!$37:$242,MATCH('面板-总览'!$R13,'面板-景气指数'!$A$37:$A$242,0),MATCH('面板-总览'!U$2,'面板-景气指数'!$36:$36,0)) -> 0.23705861 | V13: =INDEX('面板-景气指数'!$37:$242,MATCH('面板-总览'!$R13,'面板-景气指数'!$A$37:$A$242,0),MATCH('面板-总览'!V$2,'面板-景气指数'!$36:$36,0)) -> 0.25443411 | W13: =INDEX('面板-景气指数'!$37:$242,MATCH('面板-总览'!$R13,'面板-景气指数'!$A$37:$A$242,0),MATCH('面板-总览'!W$2,'面板-景气指数'!$36:$36,0)) -> 0.25948103 | X13: =INDEX('面板-景气指数'!$37:$242,MATCH('面板-总览'!$R13,'面板-景气指数'!$A$37:$A$242,0),MATCH('面板-总览'!X$2,'面板-景气指数'!$36:$36,0)) -> 0.21745641 | Y13: =INDEX('面板-景气指数'!$37:$242,MATCH('面板-总览'!$R13,'面板-景气指数'!$A$37:$A$242,0),MATCH('面板-总览'!Y$2,'面板-景气指数'!$36:$36,0)) -> 0.18432678 | Z13: =INDEX('面板-景气指数'!$37:$242,MATCH('面板-总览'!$R13,'面板-景气指数'!$A$37:$A$242,0),MATCH('面板-总览'!Z$2,'面板-景气指数'!$36:$36,0)) -> 0.19344491 | ... AE13: =INDEX('面板-景气指数'!$37:$242,MATCH('面板-总览'!$R13,'面板-景气指数'!$A$37:$A$242,0),MATCH('面板-总览'!AE$2,'面板-景气指数'!$36:$36,0)) -> 0.4052134 | AG13: =AE13-AB13 -> 0.060955515 | AI13: 钴 | AJ13: =INDEX('面板-景气指数'!$37:$242,MATCH('面板-总览'!$AI13,'面板-景气指数'!$A$37:$A$242,0),MATCH('面板-总览'!AJ$2,'面板-景气指数'!$36:$36,0)) -> 0.323 | AK13: =INDEX('面板-景气指数'!$37:$242,MATCH('面板-总览'!$AI13,'面板-景气指数'!$A$37:$A$242,0),MATCH('面板-总览'!AK$2,'面板-景气指数'!$36:$36,0)) -> 0.191 | AL13: =INDEX('面板-景气指数'!$37:$242,MATCH('面板-总览'!$AI13,'面板-景气指数'!$A$37:$A$242,0),MATCH('面板-总览'!AL$2,'面板-景气指数'!$36:$36,0)) -> 0.132 | AM13: =INDEX('面板-景气指数'!$37:$242,MATCH('面板-总览'!$AI13,'面板-景气指数'!$A$37:$A$242,0),MATCH('面板-总览'!AM$2,'面板-景气指数'!$36:$36,0)) -> 0.088 | AN13: =INDEX('面板-景气指数'!$37:$242,MATCH('面板-总览'!$AI13,'面板-景气指数'!$A$37:$A$242,0),MATCH('面板-总览'!AN$2,'面板-景气指数'!$36:$36,0)) -> 0.014 | AO13: =INDEX('面板-景气指数'!$37:$242,MATCH('面板-总览'!$AI13,'面板-景气指数'!$A$37:$A$242,0),MATCH('面板-总览'!AO$2,'面板-景气指数'!$36:$36,0)) -> 0 | AP13: =INDEX('面板-景气指数'!$37:$242,MATCH('面板-总览'!$AI13,'面板-景气指数'!$A$37:$A$242,0),MATCH('面板-总览'!AP$2,'面板-景气指数'!$36:$36,0)) -> 0.073 | AQ13: =INDEX('面板-景气指数'!$37:$242,MATCH('面板-总览'!$AI13,'面板-景气指数'!$A$37:$A$242,0),MATCH('面板-总览'!AQ$2,'面板-景气指数'!$36:$36,0)) -> 0.176 | ... AV13: =INDEX('面板-景气指数'!$37:$242,MATCH('面板-总览'!$AI13,'面板-景气指数'!$A$37:$A$242,0),MATCH('面板-总览'!AV$2,'面板-景气指数'!$36:$36,0)) -> 0.25 | AX13: =AV13-AS13 -> -0.088
A14: 医药生物 | B14: =INDEX('面板-景气指数'!$37:$242,MATCH('面板-总览'!$A14,'面板-景气指数'!$A$37:$A$242,0),MATCH('面板-总览'!B$2,'面板-景气指数'!$36:$36,0)) -> 0.39485501 | C14: =INDEX('面板-景气指数'!$37:$242,MATCH('面板-总览'!$A14,'面板-景气指数'!$A$37:$A$242,0),MATCH('面板-总览'!C$2,'面板-景气指数'!$36:$36,0)) -> 0.37754164 | D14: =INDEX('面板-景气指数'!$37:$242,MATCH('面板-总览'!$A14,'面板-景气指数'!$A$37:$A$242,0),MATCH('面板-总览'!D$2,'面板-景气指数'!$36:$36,0)) -> 0.40413502 | E14: =INDEX('面板-景气指数'!$37:$242,MATCH('面板-总览'!$A14,'面板-景气指数'!$A$37:$A$242,0),MATCH('面板-总览'!E$2,'面板-景气指数'!$36:$36,0)) -> 0.41370575 | F14: =INDEX('面板-景气指数'!$37:$242,MATCH('面板-总览'!$A14,'面板-景气指数'!$A$37:$A$242,0),MATCH('面板-总览'!F$2,'面板-景气指数'!$36:$36,0)) -> 0.36527943 | G14: =INDEX('面板-景气指数'!$37:$242,MATCH('面板-总览'!$A14,'面板-景气指数'!$A$37:$A$242,0),MATCH('面板-总览'!G$2,'面板-景气指数'!$36:$36,0)) -> 0.24755847 | H14: =INDEX('面板-景气指数'!$37:$242,MATCH('面板-总览'!$A14,'面板-景气指数'!$A$37:$A$242,0),MATCH('面板-总览'!H$2,'面板-景气指数'!$36:$36,0)) -> 0.23342928 | I14: =INDEX('面板-景气指数'!$37:$242,MATCH('面板-总览'!$A14,'面板-景气指数'!$A$37:$A$242,0),MATCH('面板-总览'!I$2,'面板-景气指数'!$36:$36,0)) -> 0.24242296 | ... N14: =INDEX('面板-景气指数'!$37:$242,MATCH('面板-总览'!$A14,'面板-景气指数'!$A$37:$A$242,0),MATCH('面板-总览'!N$2,'面板-景气指数'!$36:$36,0)) -> 0.25957937 | P14: =N14-K14 -> 0.033667691 | R14: 化学制品 | S14: =INDEX('面板-景气指数'!$37:$242,MATCH('面板-总览'!$R14,'面板-景气指数'!$A$37:$A$242,0),MATCH('面板-总览'!S$2,'面板-景气指数'!$36:$36,0)) -> 0.37844739 | T14: =INDEX('面板-景气指数'!$37:$242,MATCH('面板-总览'!$R14,'面板-景气指数'!$A$37:$A$242,0),MATCH('面板-总览'!T$2,'面板-景气指数'!$36:$36,0)) -> 0.37494788 | U14: =INDEX('面板-景气指数'!$37:$242,MATCH('面板-总览'!$R14,'面板-景气指数'!$A$37:$A$242,0),MATCH('面板-总览'!U$2,'面板-景气指数'!$36:$36,0)) -> 0.36904072 | V14: =INDEX('面板-景气指数'!$37:$242,MATCH('面板-总览'!$R14,'面板-景气指数'!$A$37:$A$242,0),MATCH('面板-总览'!V$2,'面板-景气指数'!$36:$36,0)) -> 0.2926654 | W14: =INDEX('面板-景气指数'!$37:$242,MATCH('面板-总览'!$R14,'面板-景气指数'!$A$37:$A$242,0),MATCH('面板-总览'!W$2,'面板-景气指数'!$36:$36,0)) -> 0.23703918 | X14: =INDEX('面板-景气指数'!$37:$242,MATCH('面板-总览'!$R14,'面板-景气指数'!$A$37:$A$242,0),MATCH('面板-总览'!X$2,'面板-景气指数'!$36:$36,0)) -> 0.1913979 | Y14: =INDEX('面板-景气指数'!$37:$242,MATCH('面板-总览'!$R14,'面板-景气指数'!$A$37:$A$242,0),MATCH('面板-总览'!Y$2,'面板-景气指数'!$36:$36,0)) -> 0.18788879 | Z14: =INDEX('面板-景气指数'!$37:$242,MATCH('面板-总览'!$R14,'面板-景气指数'!$A$37:$A$242,0),MATCH('面板-总览'!Z$2,'面板-景气指数'!$36:$36,0)) -> 0.24728316 | ... AE14: =INDEX('面板-景气指数'!$37:$242,MATCH('面板-总览'!$R14,'面板-景气指数'!$A$37:$A$242,0),MATCH('面板-总览'!AE$2,'面板-景气指数'!$36:$36,0)) -> 0.45025494 | AG14: =AE14-AB14 -> -0.033758878 | AI14: 镍 | AJ14: =INDEX('面板-景气指数'!$37:$242,MATCH('面板-总览'!$AI14,'面板-景气指数'!$A$37:$A$242,0),MATCH('面板-总览'!AJ$2,'面板-景气指数'!$36:$36,0)) -> 0.904 | AK14: =INDEX('面板-景气指数'!$37:$242,MATCH('面板-总览'!$AI14,'面板-景气指数'!$A$37:$A$242,0),MATCH('面板-总览'!AK$2,'面板-景气指数'!$36:$36,0)) -> 0.936 | AL14: =INDEX('面板-景气指数'!$37:$242,MATCH('面板-总览'!$AI14,'面板-景气指数'!$A$37:$A$242,0),MATCH('面板-总览'!AL$2,'面板-景气指数'!$36:$36,0)) -> 0.851 | AM14: =INDEX('面板-景气指数'!$37:$242,MATCH('面板-总览'!$AI14,'面板-景气指数'!$A$37:$A$242,0),MATCH('面板-总览'!AM$2,'面板-景气指数'!$36:$36,0)) -> 0.489 | AN14: =INDEX('面板-景气指数'!$37:$242,MATCH('面板-总览'!$AI14,'面板-景气指数'!$A$37:$A$242,0),MATCH('面板-总览'!AN$2,'面板-景气指数'!$36:$36,0)) -> 0.234 | AO14: =INDEX('面板-景气指数'!$37:$242,MATCH('面板-总览'!$AI14,'面板-景气指数'!$A$37:$A$242,0),MATCH('面板-总览'!AO$2,'面板-景气指数'!$36:$36,0)) -> 0.138 | AP14: =INDEX('面板-景气指数'!$37:$242,MATCH('面板-总览'!$AI14,'面板-景气指数'!$A$37:$A$242,0),MATCH('面板-总览'!AP$2,'面板-景气指数'!$36:$36,0)) -> 0.127 | AQ14: =INDEX('面板-景气指数'!$37:$242,MATCH('面板-总览'!$AI14,'面板-景气指数'!$A$37:$A$242,0),MATCH('面板-总览'!AQ$2,'面板-景气指数'!$36:$36,0)) -> 0.074 | ... AV14: =INDEX('面板-景气指数'!$37:$242,MATCH('面板-总览'!$AI14,'面板-景气指数'!$A$37:$A$242,0),MATCH('面板-总览'!AV$2,'面板-景气指数'!$36:$36,0)) -> 0.085 | AX14: =AV14-AS14 -> -0.01
... A31: 交通运输 | B31: =INDEX('面板-景气指数'!$37:$242,MATCH('面板-总览'!$A31,'面板-景气指数'!$A$37:$A$242,0),MATCH('面板-总览'!B$2,'面板-景气指数'!$36:$36,0)) -> 0.18802966 | C31: =INDEX('面板-景气指数'!$37:$242,MATCH('面板-总览'!$A31,'面板-景气指数'!$A$37:$A$242,0),MATCH('面板-总览'!C$2,'面板-景气指数'!$36:$36,0)) -> 0.20834337 | D31: =INDEX('面板-景气指数'!$37:$242,MATCH('面板-总览'!$A31,'面板-景气指数'!$A$37:$A$242,0),MATCH('面板-总览'!D$2,'面板-景气指数'!$36:$36,0)) -> 0.22863861 | E31: =INDEX('面板-景气指数'!$37:$242,MATCH('面板-总览'!$A31,'面板-景气指数'!$A$37:$A$242,0),MATCH('面板-总览'!E$2,'面板-景气指数'!$36:$36,0)) -> 0.31106878 | F31: =INDEX('面板-景气指数'!$37:$242,MATCH('面板-总览'!$A31,'面板-景气指数'!$A$37:$A$242,0),MATCH('面板-总览'!F$2,'面板-景气指数'!$36:$36,0)) -> 0.41999701 | G31: =INDEX('面板-景气指数'!$37:$242,MATCH('面板-总览'!$A31,'面板-景气指数'!$A$37:$A$242,0),MATCH('面板-总览'!G$2,'面板-景气指数'!$36:$36,0)) -> 0.46237767 | H31: =INDEX('面板-景气指数'!$37:$242,MATCH('面板-总览'!$A31,'面板-景气指数'!$A$37:$A$242,0),MATCH('面板-总览'!H$2,'面板-景气指数'!$36:$36,0)) -> 0.39642086 | I31: =INDEX('面板-景气指数'!$37:$242,MATCH('面板-总览'!$A31,'面板-景气指数'!$A$37:$A$242,0),MATCH('面板-总览'!I$2,'面板-景气指数'!$36:$36,0)) -> 0.36897028 | ... N31: =INDEX('面板-景气指数'!$37:$242,MATCH('面板-总览'!$A31,'面板-景气指数'!$A$37:$A$242,0),MATCH('面板-总览'!N$2,'面板-景气指数'!$36:$36,0)) -> 0.4732714 | P31: =N31-K31 -> 0.076774085 | R31: 电池 | S31: =INDEX('面板-景气指数'!$37:$242,MATCH('面板-总览'!$R31,'面板-景气指数'!$A$37:$A$242,0),MATCH('面板-总览'!S$2,'面板-景气指数'!$36:$36,0)) -> 0.48833333 | T31: =INDEX('面板-景气指数'!$37:$242,MATCH('面板-总览'!$R31,'面板-景气指数'!$A$37:$A$242,0),MATCH('面板-总览'!T$2,'面板-景气指数'!$36:$36,0)) -> 0.35766667 | U31: =INDEX('面板-景气指数'!$37:$242,MATCH('面板-总览'!$R31,'面板-景气指数'!$A$37:$A$242,0),MATCH('面板-总览'!U$2,'面板-景气指数'!$36:$36,0)) -> 0.35045833 | V31: =INDEX('面板-景气指数'!$37:$242,MATCH('面板-总览'!$R31,'面板-景气指数'!$A$37:$A$242,0),MATCH('面板-总览'!V$2,'面板-景气指数'!$36:$36,0)) -> 0.30408333 | W31: =INDEX('面板-景气指数'!$37:$242,MATCH('面板-总览'!$R31,'面板-景气指数'!$A$37:$A$242,0),MATCH('面板-总览'!W$2,'面板-景气指数'!$36:$36,0)) -> 0.3855 | X31: =INDEX('面板-景气指数'!$37:$242,MATCH('面板-总览'!$R31,'面板-景气指数'!$A$37:$A$242,0),MATCH('面板-总览'!X$2,'面板-景气指数'!$36:$36,0)) -> 0.35891667 | Y31: =INDEX('面板-景气指数'!$37:$242,MATCH('面板-总览'!$R31,'面板-景气指数'!$A$37:$A$242,0),MATCH('面板-总览'!Y$2,'面板-景气指数'!$36:$36,0)) -> 0.38220833 | Z31: =INDEX('面板-景气指数'!$37:$242,MATCH('面板-总览'!$R31,'面板-景气指数'!$A$37:$A$242,0),MATCH('面板-总览'!Z$2,'面板-景气指数'!$36:$36,0)) -> 0.34533333 | ... AE31: =INDEX('面板-景气指数'!$37:$242,MATCH('面板-总览'!$R31,'面板-景气指数'!$A$37:$A$242,0),MATCH('面板-总览'!AE$2,'面板-景气指数'!$36:$36,0)) -> 0.24795833 | AG31: =AE31-AB31 -> -0.035125 | AI31: 其他化学纤维 | AJ31: =INDEX('面板-景气指数'!$37:$242,MATCH('面板-总览'!$AI31,'面板-景气指数'!$A$37:$A$242,0),MATCH('面板-总览'!AJ$2,'面板-景气指数'!$36:$36,0)) -> 0.5045 | AK31: =INDEX('面板-景气指数'!$37:$242,MATCH('面板-总览'!$AI31,'面板-景气指数'!$A$37:$A$242,0),MATCH('面板-总览'!AK$2,'面板-景气指数'!$36:$36,0)) -> 0.4945 | AL31: =INDEX('面板-景气指数'!$37:$242,MATCH('面板-总览'!$AI31,'面板-景气指数'!$A$37:$A$242,0),MATCH('面板-总览'!AL$2,'面板-景气指数'!$36:$36,0)) -> 0.425 | AM31: =INDEX('面板-景气指数'!$37:$242,MATCH('面板-总览'!$AI31,'面板-景气指数'!$A$37:$A$242,0),MATCH('面板-总览'!AM$2,'面板-景气指数'!$36:$36,0)) -> 0.2865 | AN31: =INDEX('面板-景气指数'!$37:$242,MATCH('面板-总览'!$AI31,'面板-景气指数'!$A$37:$A$242,0),MATCH('面板-总览'!AN$2,'面板-景气指数'!$36:$36,0)) -> 0.2605 | AO31: =INDEX('面板-景气指数'!$37:$242,MATCH('面板-总览'!$AI31,'面板-景气指数'!$A$37:$A$242,0),MATCH('面板-总览'!AO$2,'面板-景气指数'!$36:$36,0)) -> 0.239 | AP31: =INDEX('面板-景气指数'!$37:$242,MATCH('面板-总览'!$AI31,'面板-景气指数'!$A$37:$A$242,0),MATCH('面板-总览'!AP$2,'面板-景气指数'!$36:$36,0)) -> 0.308 | AQ31: =INDEX('面板-景气指数'!$37:$242,MATCH('面板-总览'!$AI31,'面板-景气指数'!$A$37:$A$242,0),MATCH('面板-总览'!AQ$2,'面板-景气指数'!$36:$36,0)) -> 0.345 | ... AV31: =INDEX('面板-景气指数'!$37:$242,MATCH('面板-总览'!$AI31,'面板-景气指数'!$A$37:$A$242,0),MATCH('面板-总览'!AV$2,'面板-景气指数'!$36:$36,0)) -> 0.3135 | AX31: =AV31-AS31 -> -0.0315
R32: 电网设备 | S32: =INDEX('面板-景气指数'!$37:$242,MATCH('面板-总览'!$R32,'面板-景气指数'!$A$37:$A$242,0),MATCH('面板-总览'!S$2,'面板-景气指数'!$36:$36,0)) -> 0.622 | T32: =INDEX('面板-景气指数'!$37:$242,MATCH('面板-总览'!$R32,'面板-景气指数'!$A$37:$A$242,0),MATCH('面板-总览'!T$2,'面板-景气指数'!$36:$36,0)) -> 0.6115 | U32: =INDEX('面板-景气指数'!$37:$242,MATCH('面板-总览'!$R32,'面板-景气指数'!$A$37:$A$242,0),MATCH('面板-总览'!U$2,'面板-景气指数'!$36:$36,0)) -> 0.324 | V32: =INDEX('面板-景气指数'!$37:$242,MATCH('面板-总览'!$R32,'面板-景气指数'!$A$37:$A$242,0),MATCH('面板-总览'!V$2,'面板-景气指数'!$36:$36,0)) -> 0.308 | W32: =INDEX('面板-景气指数'!$37:$242,MATCH('面板-总览'!$R32,'面板-景气指数'!$A$37:$A$242,0),MATCH('面板-总览'!W$2,'面板-景气指数'!$36:$36,0)) -> 0.345 | X32: =INDEX('面板-景气指数'!$37:$242,MATCH('面板-总览'!$R32,'面板-景气指数'!$A$37:$A$242,0),MATCH('面板-总览'!X$2,'面板-景气指数'!$36:$36,0)) -> 0.3985 | Y32: =INDEX('面板-景气指数'!$37:$242,MATCH('面板-总览'!$R32,'面板-景气指数'!$A$37:$A$242,0),MATCH('面板-总览'!Y$2,'面板-景气指数'!$36:$36,0)) -> 0.4145 | Z32: =INDEX('面板-景气指数'!$37:$242,MATCH('面板-总览'!$R32,'面板-景气指数'!$A$37:$A$242,0),MATCH('面板-总览'!Z$2,'面板-景气指数'!$36:$36,0)) -> 0.441 | ... AE32: =INDEX('面板-景气指数'!$37:$242,MATCH('面板-总览'!$R32,'面板-景气指数'!$A$37:$A$242,0),MATCH('面板-总览'!AE$2,'面板-景气指数'!$36:$36,0)) -> 0.409 | AG32: =AE32-AB32 -> 0.032 | AI32: 其他塑料制品 | AJ32: =INDEX('面板-景气指数'!$37:$242,MATCH('面板-总览'!$AI32,'面板-景气指数'!$A$37:$A$242,0),MATCH('面板-总览'!AJ$2,'面板-景气指数'!$36:$36,0)) -> 0.308 | AK32: =INDEX('面板-景气指数'!$37:$242,MATCH('面板-总览'!$AI32,'面板-景气指数'!$A$37:$A$242,0),MATCH('面板-总览'!AK$2,'面板-景气指数'!$36:$36,0)) -> 0.351 | AL32: =INDEX('面板-景气指数'!$37:$242,MATCH('面板-总览'!$AI32,'面板-景气指数'!$A$37:$A$242,0),MATCH('面板-总览'!AL$2,'面板-景气指数'!$36:$36,0)) -> 0.329 | AM32: =INDEX('面板-景气指数'!$37:$242,MATCH('面板-总览'!$AI32,'面板-景气指数'!$A$37:$A$242,0),MATCH('面板-总览'!AM$2,'面板-景气指数'!$36:$36,0)) -> 0.255 | AN32: =INDEX('面板-景气指数'!$37:$242,MATCH('面板-总览'!$AI32,'面板-景气指数'!$A$37:$A$242,0),MATCH('面板-总览'!AN$2,'面板-景气指数'!$36:$36,0)) -> 0.202 | AO32: =INDEX('面板-景气指数'!$37:$242,MATCH('面板-总览'!$AI32,'面板-景气指数'!$A$37:$A$242,0),MATCH('面板-总览'!AO$2,'面板-景气指数'!$36:$36,0)) -> 0.223 | AP32: =INDEX('面板-景气指数'!$37:$242,MATCH('面板-总览'!$AI32,'面板-景气指数'!$A$37:$A$242,0),MATCH('面板-总览'!AP$2,'面板-景气指数'!$36:$36,0)) -> 0.276 | AQ32: =INDEX('面板-景气指数'!$37:$242,MATCH('面板-总览'!$AI32,'面板-景气指数'!$A$37:$A$242,0),MATCH('面板-总览'!AQ$2,'面板-景气指数'!$36:$36,0)) -> 0.478 | ... AV32: =INDEX('面板-景气指数'!$37:$242,MATCH('面板-总览'!$AI32,'面板-景气指数'!$A$37:$A$242,0),MATCH('面板-总览'!AV$2,'面板-景气指数'!$36:$36,0)) -> 0.691 | AX32: =AV32-AS32 -> -0.074
R33: 航海装备 | S33: =INDEX('面板-景气指数'!$37:$242,MATCH('面板-总览'!$R33,'面板-景气指数'!$A$37:$A$242,0),MATCH('面板-总览'!S$2,'面板-景气指数'!$36:$36,0)) -> 0.7045 | T33: =INDEX('面板-景气指数'!$37:$242,MATCH('面板-总览'!$R33,'面板-景气指数'!$A$37:$A$242,0),MATCH('面板-总览'!T$2,'面板-景气指数'!$36:$36,0)) -> 0.69625 | U33: =INDEX('面板-景气指数'!$37:$242,MATCH('面板-总览'!$R33,'面板-景气指数'!$A$37:$A$242,0),MATCH('面板-总览'!U$2,'面板-景气指数'!$36:$36,0)) -> 0.59525 | V33: =INDEX('面板-景气指数'!$37:$242,MATCH('面板-总览'!$R33,'面板-景气指数'!$A$37:$A$242,0),MATCH('面板-总览'!V$2,'面板-景气指数'!$36:$36,0)) -> 0.598 | W33: =INDEX('面板-景气指数'!$37:$242,MATCH('面板-总览'!$R33,'面板-景气指数'!$A$37:$A$242,0),MATCH('面板-总览'!W$2,'面板-景气指数'!$36:$36,0)) -> 0.627 | X33: =INDEX('面板-景气指数'!$37:$242,MATCH('面板-总览'!$R33,'面板-景气指数'!$A$37:$A$242,0),MATCH('面板-总览'!X$2,'面板-景气指数'!$36:$36,0)) -> 0.68025 | Y33: =INDEX('面板-景气指数'!$37:$242,MATCH('面板-总览'!$R33,'面板-景气指数'!$A$37:$A$242,0),MATCH('面板-总览'!Y$2,'面板-景气指数'!$36:$36,0)) -> 0.68825 | Z33: =INDEX('面板-景气指数'!$37:$242,MATCH('面板-总览'!$R33,'面板-景气指数'!$A$37:$A$242,0),MATCH('面板-总览'!Z$2,'面板-景气指数'!$36:$36,0)) -> 0.65675 | ... AE33: =INDEX('面板-景气指数'!$37:$242,MATCH('面板-总览'!$R33,'面板-景气指数'!$A$37:$A$242,0),MATCH('面板-总览'!AE$2,'面板-景气指数'!$36:$36,0)) -> 0.6805 | AG33: =AE33-AB33 -> -0.00225 | AI33: 改性塑料 | AJ33: =INDEX('面板-景气指数'!$37:$242,MATCH('面板-总览'!$AI33,'面板-景气指数'!$A$37:$A$242,0),MATCH('面板-总览'!AJ$2,'面板-景气指数'!$36:$36,0)) -> 0.223 | AK33: =INDEX('面板-景气指数'!$37:$242,MATCH('面板-总览'!$AI33,'面板-景气指数'!$A$37:$A$242,0),MATCH('面板-总览'!AK$2,'面板-景气指数'!$36:$36,0)) -> 0.287 | AL33: =INDEX('面板-景气指数'!$37:$242,MATCH('面板-总览'!$AI33,'面板-景气指数'!$A$37:$A$242,0),MATCH('面板-总览'!AL$2,'面板-景气指数'!$36:$36,0)) -> 0.2865 | AM33: =INDEX('面板-景气指数'!$37:$242,MATCH('面板-总览'!$AI33,'面板-景气指数'!$A$37:$A$242,0),MATCH('面板-总览'!AM$2,'面板-景气指数'!$36:$36,0)) -> 0.24175 | AN33: =INDEX('面板-景气指数'!$37:$242,MATCH('面板-总览'!$AI33,'面板-景气指数'!$A$37:$A$242,0),MATCH('面板-总览'!AN$2,'面板-景气指数'!$36:$36,0)) -> 0.17775 | AO33: =INDEX('面板-景气指数'!$37:$242,MATCH('面板-总览'!$AI33,'面板-景气指数'!$A$37:$A$242,0),MATCH('面板-总览'!AO$2,'面板-景气指数'!$36:$36,0)) -> 0.172 | AP33: =INDEX('面板-景气指数'!$37:$242,MATCH('面板-总览'!$AI33,'面板-景气指数'!$A$37:$A$242,0),MATCH('面板-总览'!AP$2,'面板-景气指数'!$36:$36,0)) -> 0.20675 | AQ33: =INDEX('面板-景气指数'!$37:$242,MATCH('面板-总览'!$AI33,'面板-景气指数'!$A$37:$A$242,0),MATCH('面板-总览'!AQ$2,'面板-景气指数'!$36:$36,0)) -> 0.273 | ... AV33: =INDEX('面板-景气指数'!$37:$242,MATCH('面板-总览'!$AI33,'面板-景气指数'!$A$37:$A$242,0),MATCH('面板-总览'!AV$2,'面板-景气指数'!$36:$36,0)) -> 0.48125 | AX33: =AV33-AS33 -> 0.1225
R34: 航空装备 | S34: =INDEX('面板-景气指数'!$37:$242,MATCH('面板-总览'!$R34,'面板-景气指数'!$A$37:$A$242,0),MATCH('面板-总览'!S$2,'面板-景气指数'!$36:$36,0)) -> 0.5845 | T34: =INDEX('面板-景气指数'!$37:$242,MATCH('面板-总览'!$R34,'面板-景气指数'!$A$37:$A$242,0),MATCH('面板-总览'!T$2,'面板-景气指数'!$36:$36,0)) -> 0.606 | U34: =INDEX('面板-景气指数'!$37:$242,MATCH('面板-总览'!$R34,'面板-景气指数'!$A$37:$A$242,0),MATCH('面板-总览'!U$2,'面板-景气指数'!$36:$36,0)) -> 0.4675 | V34: =INDEX('面板-景气指数'!$37:$242,MATCH('面板-总览'!$R34,'面板-景气指数'!$A$37:$A$242,0),MATCH('面板-总览'!V$2,'面板-景气指数'!$36:$36,0)) -> 0.308 | W34: =INDEX('面板-景气指数'!$37:$242,MATCH('面板-总览'!$R34,'面板-景气指数'!$A$37:$A$242,0),MATCH('面板-总览'!W$2,'面板-景气指数'!$36:$36,0)) -> 0.2705 | X34: =INDEX('面板-景气指数'!$37:$242,MATCH('面板-总览'!$R34,'面板-景气指数'!$A$37:$A$242,0),MATCH('面板-总览'!X$2,'面板-景气指数'!$36:$36,0)) -> 0.154 | Y34: =INDEX('面板-景气指数'!$37:$242,MATCH('面板-总览'!$R34,'面板-景气指数'!$A$37:$A$242,0),MATCH('面板-总览'!Y$2,'面板-景气指数'!$36:$36,0)) -> 0.1215 | Z34: =INDEX('面板-景气指数'!$37:$242,MATCH('面板-总览'!$R34,'面板-景气指数'!$A$37:$A$242,0),MATCH('面板-总览'!Z$2,'面板-景气指数'!$36:$36,0)) -> 0.085 | ... AE34: =INDEX('面板-景气指数'!$37:$242,MATCH('面板-总览'!$R34,'面板-景气指数'!$A$37:$A$242,0),MATCH('面板-总览'!AE$2,'面板-景气指数'!$36:$36,0)) -> 0.0155 | AG34: =AE34-AB34 -> -0.0105 | AI34: 合成树脂 | AJ34: =INDEX('面板-景气指数'!$37:$242,MATCH('面板-总览'!$AI34,'面板-景气指数'!$A$37:$A$242,0),MATCH('面板-总览'!AJ$2,'面板-景气指数'!$36:$36,0)) -> 0.414 | AK34: =INDEX('面板-景气指数'!$37:$242,MATCH('面板-总览'!$AI34,'面板-景气指数'!$A$37:$A$242,0),MATCH('面板-总览'!AK$2,'面板-景气指数'!$36:$36,0)) -> 0.393 | AL34: =INDEX('面板-景气指数'!$37:$242,MATCH('面板-总览'!$AI34,'面板-景气指数'!$A$37:$A$242,0),MATCH('面板-总览'!AL$2,'面板-景气指数'!$36:$36,0)) -> 0.34 | AM34: =INDEX('面板-景气指数'!$37:$242,MATCH('面板-总览'!$AI34,'面板-景气指数'!$A$37:$A$242,0),MATCH('面板-总览'!AM$2,'面板-景气指数'!$36:$36,0)) -> 0.329 | AN34: =INDEX('面板-景气指数'!$37:$242,MATCH('面板-总览'!$AI34,'面板-景气指数'!$A$37:$A$242,0),MATCH('面板-总览'!AN$2,'面板-景气指数'!$36:$36,0)) -> 0.382 | AO34: =INDEX('面板-景气指数'!$37:$242,MATCH('面板-总览'!$AI34,'面板-景气指数'!$A$37:$A$242,0),MATCH('面板-总览'!AO$2,'面板-景气指数'!$36:$36,0)) -> 0.404 | AP34: =INDEX('面板-景气指数'!$37:$242,MATCH('面板-总览'!$AI34,'面板-景气指数'!$A$37:$A$242,0),MATCH('面板-总览'!AP$2,'面板-景气指数'!$36:$36,0)) -> 0.436 | AQ34: =INDEX('面板-景气指数'!$37:$242,MATCH('面板-总览'!$AI34,'面板-景气指数'!$A$37:$A$242,0),MATCH('面板-总览'!AQ$2,'面板-景气指数'!$36:$36,0)) -> 0.5 | ... AV34: =INDEX('面板-景气指数'!$37:$242,MATCH('面板-总览'!$AI34,'面板-景气指数'!$A$37:$A$242,0),MATCH('面板-总览'!AV$2,'面板-景气指数'!$36:$36,0)) -> 0.617 | AX34: =AV34-AS34 -> 0.054
R35: 军工电子 | S35: =INDEX('面板-景气指数'!$37:$242,MATCH('面板-总览'!$R35,'面板-景气指数'!$A$37:$A$242,0),MATCH('面板-总览'!S$2,'面板-景气指数'!$36:$36,0)) -> 0.308 | T35: =INDEX('面板-景气指数'!$37:$242,MATCH('面板-总览'!$R35,'面板-景气指数'!$A$37:$A$242,0),MATCH('面板-总览'!T$2,'面板-景气指数'!$36:$36,0)) -> 0.202 | U35: =INDEX('面板-景气指数'!$37:$242,MATCH('面板-总览'!$R35,'面板-景气指数'!$A$37:$A$242,0),MATCH('面板-总览'!U$2,'面板-景气指数'!$36:$36,0)) -> 0.18 | V35: =INDEX('面板-景气指数'!$37:$242,MATCH('面板-总览'!$R35,'面板-景气指数'!$A$37:$A$242,0),MATCH('面板-总览'!V$2,'面板-景气指数'!$36:$36,0)) -> 0.106 | W35: =INDEX('面板-景气指数'!$37:$242,MATCH('面板-总览'!$R35,'面板-景气指数'!$A$37:$A$242,0),MATCH('面板-总览'!W$2,'面板-景气指数'!$36:$36,0)) -> 0.148 | X35: =INDEX('面板-景气指数'!$37:$242,MATCH('面板-总览'!$R35,'面板-景气指数'!$A$37:$A$242,0),MATCH('面板-总览'!X$2,'面板-景气指数'!$36:$36,0)) -> 0.117 | Y35: =INDEX('面板-景气指数'!$37:$242,MATCH('面板-总览'!$R35,'面板-景气指数'!$A$37:$A$242,0),MATCH('面板-总览'!Y$2,'面板-景气指数'!$36:$36,0)) -> 0.127 | Z35: =INDEX('面板-景气指数'!$37:$242,MATCH('面板-总览'!$R35,'面板-景气指数'!$A$37:$A$242,0),MATCH('面板-总览'!Z$2,'面板-景气指数'!$36:$36,0)) -> 0.138 | ... AE35: =INDEX('面板-景气指数'!$37:$242,MATCH('面板-总览'!$R35,'面板-景气指数'!$A$37:$A$242,0),MATCH('面板-总览'!AE$2,'面板-景气指数'!$36:$36,0)) -> 0.265 | AG35: =AE35-AB35 -> 0.053 | AI35: 膜材料 | AJ35: =INDEX('面板-景气指数'!$37:$242,MATCH('面板-总览'!$AI35,'面板-景气指数'!$A$37:$A$242,0),MATCH('面板-总览'!AJ$2,'面板-景气指数'!$36:$36,0)) -> 0.468 | AK35: =INDEX('面板-景气指数'!$37:$242,MATCH('面板-总览'!$AI35,'面板-景气指数'!$A$37:$A$242,0),MATCH('面板-总览'!AK$2,'面板-景气指数'!$36:$36,0)) -> 0.457 | AL35: =INDEX('面板-景气指数'!$37:$242,MATCH('面板-总览'!$AI35,'面板-景气指数'!$A$37:$A$242,0),MATCH('面板-总览'!AL$2,'面板-景气指数'!$36:$36,0)) -> 0.425 | AM35: =INDEX('面板-景气指数'!$37:$242,MATCH('面板-总览'!$AI35,'面板-景气指数'!$A$37:$A$242,0),MATCH('面板-总览'!AM$2,'面板-景气指数'!$36:$36,0)) -> 0.351 | AN35: =INDEX('面板-景气指数'!$37:$242,MATCH('面板-总览'!$AI35,'面板-景气指数'!$A$37:$A$242,0),MATCH('面板-总览'!AN$2,'面板-景气指数'!$36:$36,0)) -> 0.319 | AO35: =INDEX('面板-景气指数'!$37:$242,MATCH('面板-总览'!$AI35,'面板-景气指数'!$A$37:$A$242,0),MATCH('面板-总览'!AO$2,'面板-景气指数'!$36:$36,0)) -> 0.34 | AP35: =INDEX('面板-景气指数'!$37:$242,MATCH('面板-总览'!$AI35,'面板-景气指数'!$A$37:$A$242,0),MATCH('面板-总览'!AP$2,'面板-景气指数'!$36:$36,0)) -> 0.202 | AQ35: =INDEX('面板-景气指数'!$37:$242,MATCH('面板-总览'!$AI35,'面板-景气指数'!$A$37:$A$242,0),MATCH('面板-总览'!AQ$2,'面板-景气指数'!$36:$36,0)) -> 0.148 | ... AV35: =INDEX('面板-景气指数'!$37:$242,MATCH('面板-总览'!$AI35,'面板-景气指数'!$A$37:$A$242,0),MATCH('面板-总览'!AV$2,'面板-景气指数'!$36:$36,0)) -> 0.404 | AX35: =AV35-AS35 -> -0.01
R36: 半导体 | S36: =INDEX('面板-景气指数'!$37:$242,MATCH('面板-总览'!$R36,'面板-景气指数'!$A$37:$A$242,0),MATCH('面板-总览'!S$2,'面板-景气指数'!$36:$36,0)) -> 0.35578571 | T36: =INDEX('面板-景气指数'!$37:$242,MATCH('面板-总览'!$R36,'面板-景气指数'!$A$37:$A$242,0),MATCH('面板-总览'!T$2,'面板-景气指数'!$36:$36,0)) -> 0.26885714 | U36: =INDEX('面板-景气指数'!$37:$242,MATCH('面板-总览'!$R36,'面板-景气指数'!$A$37:$A$242,0),MATCH('面板-总览'!U$2,'面板-景气指数'!$36:$36,0)) -> 0.24921429 | V36: =INDEX('面板-景气指数'!$37:$242,MATCH('面板-总览'!$R36,'面板-景气指数'!$A$37:$A$242,0),MATCH('面板-总览'!V$2,'面板-景气指数'!$36:$36,0)) -> 0.244 | W36: =INDEX('面板-景气指数'!$37:$242,MATCH('面板-总览'!$R36,'面板-景气指数'!$A$37:$A$242,0),MATCH('面板-总览'!W$2,'面板-景气指数'!$36:$36,0)) -> 0.25285714 | X36: =INDEX('面板-景气指数'!$37:$242,MATCH('面板-总览'!$R36,'面板-景气指数'!$A$37:$A$242,0),MATCH('面板-总览'!X$2,'面板-景气指数'!$36:$36,0)) -> 0.23035714 | Y36: =INDEX('面板-景气指数'!$37:$242,MATCH('面板-总览'!$R36,'面板-景气指数'!$A$37:$A$242,0),MATCH('面板-总览'!Y$2,'面板-景气指数'!$36:$36,0)) -> 0.22357143 | Z36: =INDEX('面板-景气指数'!$37:$242,MATCH('面板-总览'!$R36,'面板-景气指数'!$A$37:$A$242,0),MATCH('面板-总览'!Z$2,'面板-景气指数'!$36:$36,0)) -> 0.19335714 | ... AE36: =INDEX('面板-景气指数'!$37:$242,MATCH('面板-总览'!$R36,'面板-景气指数'!$A$37:$A$242,0),MATCH('面板-总览'!AE$2,'面板-景气指数'!$36:$36,0)) -> 0.34085714 | AG36: =AE36-AB36 -> 0.10878571 | AI36: 其他橡胶制品 | AJ36: =INDEX('面板-景气指数'!$37:$242,MATCH('面板-总览'!$AI36,'面板-景气指数'!$A$37:$A$242,0),MATCH('面板-总览'!AJ$2,'面板-景气指数'!$36:$36,0)) -> 0.117 | AK36: =INDEX('面板-景气指数'!$37:$242,MATCH('面板-总览'!$AI36,'面板-景气指数'!$A$37:$A$242,0),MATCH('面板-总览'!AK$2,'面板-景气指数'!$36:$36,0)) -> 0.297 | AL36: =INDEX('面板-景气指数'!$37:$242,MATCH('面板-总览'!$AI36,'面板-景气指数'!$A$37:$A$242,0),MATCH('面板-总览'!AL$2,'面板-景气指数'!$36:$36,0)) -> 0.329 | AM36: =INDEX('面板-景气指数'!$37:$242,MATCH('面板-总览'!$AI36,'面板-景气指数'!$A$37:$A$242,0),MATCH('面板-总览'!AM$2,'面板-景气指数'!$36:$36,0)) -> 0.319 | AN36: =INDEX('面板-景气指数'!$37:$242,MATCH('面板-总览'!$AI36,'面板-景气指数'!$A$37:$A$242,0),MATCH('面板-总览'!AN$2,'面板-景气指数'!$36:$36,0)) -> 0.276 | AO36: =INDEX('面板-景气指数'!$37:$242,MATCH('面板-总览'!$AI36,'面板-景气指数'!$A$37:$A$242,0),MATCH('面板-总览'!AO$2,'面板-景气指数'!$36:$36,0)) -> 0.255 | AP36: =INDEX('面板-景气指数'!$37:$242,MATCH('面板-总览'!$AI36,'面板-景气指数'!$A$37:$A$242,0),MATCH('面板-总览'!AP$2,'面板-景气指数'!$36:$36,0)) -> 0.34 | AQ36: =INDEX('面板-景气指数'!$37:$242,MATCH('面板-总览'!$AI36,'面板-景气指数'!$A$37:$A$242,0),MATCH('面板-总览'!AQ$2,'面板-景气指数'!$36:$36,0)) -> 0.414 | ... AV36: =INDEX('面板-景气指数'!$37:$242,MATCH('面板-总览'!$AI36,'面板-景气指数'!$A$37:$A$242,0),MATCH('面板-总览'!AV$2,'面板-景气指数'!$36:$36,0)) -> 0.723 | AX36: =AV36-AS36 -> 0.149
R37: 元件 | S37: =INDEX('面板-景气指数'!$37:$242,MATCH('面板-总览'!$R37,'面板-景气指数'!$A$37:$A$242,0),MATCH('面板-总览'!S$2,'面板-景气指数'!$36:$36,0)) -> 0.2525 | T37: =INDEX('面板-景气指数'!$37:$242,MATCH('面板-总览'!$R37,'面板-景气指数'!$A$37:$A$242,0),MATCH('面板-总览'!T$2,'面板-景气指数'!$36:$36,0)) -> 0.14325 | U37: =INDEX('面板-景气指数'!$37:$242,MATCH('面板-总览'!$R37,'面板-景气指数'!$A$37:$A$242,0),MATCH('面板-总览'!U$2,'面板-景气指数'!$36:$36,0)) -> 0.14025 | V37: =INDEX('面板-景气指数'!$37:$242,MATCH('面板-总览'!$R37,'面板-景气指数'!$A$37:$A$242,0),MATCH('面板-总览'!V$2,'面板-景气指数'!$36:$36,0)) -> 0.0875 | W37: =INDEX('面板-景气指数'!$37:$242,MATCH('面板-总览'!$R37,'面板-景气指数'!$A$37:$A$242,0),MATCH('面板-总览'!W$2,'面板-景气指数'!$36:$36,0)) -> 0.09525 | X37: =INDEX('面板-景气指数'!$37:$242,MATCH('面板-总览'!$R37,'面板-景气指数'!$A$37:$A$242,0),MATCH('面板-总览'!X$2,'面板-景气指数'!$36:$36,0)) -> 0.047 | Y37: =INDEX('面板-景气指数'!$37:$242,MATCH('面板-总览'!$R37,'面板-景气指数'!$A$37:$A$242,0),MATCH('面板-总览'!Y$2,'面板-景气指数'!$36:$36,0)) -> 0.0475 | Z37: =INDEX('面板-景气指数'!$37:$242,MATCH('面板-总览'!$R37,'面板-景气指数'!$A$37:$A$242,0),MATCH('面板-总览'!Z$2,'面板-景气指数'!$36:$36,0)) -> 0.053 | ... AE37: =INDEX('面板-景气指数'!$37:$242,MATCH('面板-总览'!$R37,'面板-景气指数'!$A$37:$A$242,0),MATCH('面板-总览'!AE$2,'面板-景气指数'!$36:$36,0)) -> 0.146 | AG37: =AE37-AB37 -> 0.056 | AI37: 炭黑 | AJ37: =INDEX('面板-景气指数'!$37:$242,MATCH('面板-总览'!$AI37,'面板-景气指数'!$A$37:$A$242,0),MATCH('面板-总览'!AJ$2,'面板-景气指数'!$36:$36,0)) -> 0.712 | AK37: =INDEX('面板-景气指数'!$37:$242,MATCH('面板-总览'!$AI37,'面板-景气指数'!$A$37:$A$242,0),MATCH('面板-总览'!AK$2,'面板-景气指数'!$36:$36,0)) -> 0.872 | AL37: =INDEX('面板-景气指数'!$37:$242,MATCH('面板-总览'!$AI37,'面板-景气指数'!$A$37:$A$242,0),MATCH('面板-总览'!AL$2,'面板-景气指数'!$36:$36,0)) -> 0.861 | AM37: =INDEX('面板-景气指数'!$37:$242,MATCH('面板-总览'!$AI37,'面板-景气指数'!$A$37:$A$242,0),MATCH('面板-总览'!AM$2,'面板-景气指数'!$36:$36,0)) -> 0.914 | AN37: =INDEX('面板-景气指数'!$37:$242,MATCH('面板-总览'!$AI37,'面板-景气指数'!$A$37:$A$242,0),MATCH('面板-总览'!AN$2,'面板-景气指数'!$36:$36,0)) -> 0.946 | AO37: =INDEX('面板-景气指数'!$37:$242,MATCH('面板-总览'!$AI37,'面板-景气指数'!$A$37:$A$242,0),MATCH('面板-总览'!AO$2,'面板-景气指数'!$36:$36,0)) -> 0.957 | AP37: =INDEX('面板-景气指数'!$37:$242,MATCH('面板-总览'!$AI37,'面板-景气指数'!$A$37:$A$242,0),MATCH('面板-总览'!AP$2,'面板-景气指数'!$36:$36,0)) -> 0.936 | AQ37: =INDEX('面板-景气指数'!$37:$242,MATCH('面板-总览'!$AI37,'面板-景气指数'!$A$37:$A$242,0),MATCH('面板-总览'!AQ$2,'面板-景气指数'!$36:$36,0)) -> 0.808 | ... AV37: =INDEX('面板-景气指数'!$37:$242,MATCH('面板-总览'!$AI37,'面板-景气指数'!$A$37:$A$242,0),MATCH('面板-总览'!AV$2,'面板-景气指数'!$36:$36,0)) -> 0.968 | AX37: =AV37-AS37 -> 0.043
R38: 光学光电子 | S38: =INDEX('面板-景气指数'!$37:$242,MATCH('面板-总览'!$R38,'面板-景气指数'!$A$37:$A$242,0),MATCH('面板-总览'!S$2,'面板-景气指数'!$36:$36,0)) -> 0.0869 | T38: =INDEX('面板-景气指数'!$37:$242,MATCH('面板-总览'!$R38,'面板-景气指数'!$A$37:$A$242,0),MATCH('面板-总览'!T$2,'面板-景气指数'!$36:$36,0)) -> 0.05 | U38: =INDEX('面板-景气指数'!$37:$242,MATCH('面板-总览'!$R38,'面板-景气指数'!$A$37:$A$242,0),MATCH('面板-总览'!U$2,'面板-景气指数'!$36:$36,0)) -> 0.0646 | V38: =INDEX('面板-景气指数'!$37:$242,MATCH('面板-总览'!$R38,'面板-景气指数'!$A$37:$A$242,0),MATCH('面板-总览'!V$2,'面板-景气指数'!$36:$36,0)) -> 0.0883 | W38: =INDEX('面板-景气指数'!$37:$242,MATCH('面板-总览'!$R38,'面板-景气指数'!$A$37:$A$242,0),MATCH('面板-总览'!W$2,'面板-景气指数'!$36:$36,0)) -> 0.1401 | X38: =INDEX('面板-景气指数'!$37:$242,MATCH('面板-总览'!$R38,'面板-景气指数'!$A$37:$A$242,0),MATCH('面板-总览'!X$2,'面板-景气指数'!$36:$36,0)) -> 0.1877 | Y38: =INDEX('面板-景气指数'!$37:$242,MATCH('面板-总览'!$R38,'面板-景气指数'!$A$37:$A$242,0),MATCH('面板-总览'!Y$2,'面板-景气指数'!$36:$36,0)) -> 0.2752 | Z38: =INDEX('面板-景气指数'!$37:$242,MATCH('面板-总览'!$R38,'面板-景气指数'!$A$37:$A$242,0),MATCH('面板-总览'!Z$2,'面板-景气指数'!$36:$36,0)) -> 0.3395 | ... AE38: =INDEX('面板-景气指数'!$37:$242,MATCH('面板-总览'!$R38,'面板-景气指数'!$A$37:$A$242,0),MATCH('面板-总览'!AE$2,'面板-景气指数'!$36:$36,0)) -> 0.4546 | AG38: =AE38-AB38 -> -0.0289 | AI38: 氮肥 | AJ38: =INDEX('面板-景气指数'!$37:$242,MATCH('面板-总览'!$AI38,'面板-景气指数'!$A$37:$A$242,0),MATCH('面板-总览'!AJ$2,'面板-景气指数'!$36:$36,0)) -> 0.408 | AK38: =INDEX('面板-景气指数'!$37:$242,MATCH('面板-总览'!$AI38,'面板-景气指数'!$A$37:$A$242,0),MATCH('面板-总览'!AK$2,'面板-景气指数'!$36:$36,0)) -> 0.553625 | AL38: =INDEX('面板-景气指数'!$37:$242,MATCH('面板-总览'!$AI38,'面板-景气指数'!$A$37:$A$242,0),MATCH('面板-总览'!AL$2,'面板-景气指数'!$36:$36,0)) -> 0.53425 | AM38: =INDEX('面板-景气指数'!$37:$242,MATCH('面板-总览'!$AI38,'面板-景气指数'!$A$37:$A$242,0),MATCH('面板-总览'!AM$2,'面板-景气指数'!$36:$36,0)) -> 0.469875 | AN38: =INDEX('面板-景气指数'!$37:$242,MATCH('面板-总览'!$AI38,'面板-景气指数'!$A$37:$A$242,0),MATCH('面板-总览'!AN$2,'面板-景气指数'!$36:$36,0)) -> 0.3315 | AO38: =INDEX('面板-景气指数'!$37:$242,MATCH('面板-总览'!$AI38,'面板-景气指数'!$A$37:$A$242,0),MATCH('面板-总览'!AO$2,'面板-景气指数'!$36:$36,0)) -> 0.1155 | AP38: =INDEX('面板-景气指数'!$37:$242,MATCH('面板-总览'!$AI38,'面板-景气指数'!$A$37:$A$242,0),MATCH('面板-总览'!AP$2,'面板-景气指数'!$36:$36,0)) -> 0.0625 | AQ38: =INDEX('面板-景气指数'!$37:$242,MATCH('面板-总览'!$AI38,'面板-景气指数'!$A$37:$A$242,0),MATCH('面板-总览'!AQ$2,'面板-景气指数'!$36:$36,0)) -> 0.179125 | ... AV38: =INDEX('面板-景气指数'!$37:$242,MATCH('面板-总览'!$AI38,'面板-景气指数'!$A$37:$A$242,0),MATCH('面板-总览'!AV$2,'面板-景气指数'!$36:$36,0)) -> 0.408125 | AX38: =AV38-AS38 -> -0.117
R39: 消费电子 | S39: =INDEX('面板-景气指数'!$37:$242,MATCH('面板-总览'!$R39,'面板-景气指数'!$A$37:$A$242,0),MATCH('面板-总览'!S$2,'面板-景气指数'!$36:$36,0)) -> 0.30754545 | T39: =INDEX('面板-景气指数'!$37:$242,MATCH('面板-总览'!$R39,'面板-景气指数'!$A$37:$A$242,0),MATCH('面板-总览'!T$2,'面板-景气指数'!$36:$36,0)) -> 0.26027273 | U39: =INDEX('面板-景气指数'!$37:$242,MATCH('面板-总览'!$R39,'面板-景气指数'!$A$37:$A$242,0),MATCH('面板-总览'!U$2,'面板-景气指数'!$36:$36,0)) -> 0.24345455 | V39: =INDEX('面板-景气指数'!$37:$242,MATCH('面板-总览'!$R39,'面板-景气指数'!$A$37:$A$242,0),MATCH('面板-总览'!V$2,'面板-景气指数'!$36:$36,0)) -> 0.26409091 | W39: =INDEX('面板-景气指数'!$37:$242,MATCH('面板-总览'!$R39,'面板-景气指数'!$A$37:$A$242,0),MATCH('面板-总览'!W$2,'面板-景气指数'!$36:$36,0)) -> 0.26818182 | X39: =INDEX('面板-景气指数'!$37:$242,MATCH('面板-总览'!$R39,'面板-景气指数'!$A$37:$A$242,0),MATCH('面板-总览'!X$2,'面板-景气指数'!$36:$36,0)) -> 0.26190909 | Y39: =INDEX('面板-景气指数'!$37:$242,MATCH('面板-总览'!$R39,'面板-景气指数'!$A$37:$A$242,0),MATCH('面板-总览'!Y$2,'面板-景气指数'!$36:$36,0)) -> 0.24809091 | Z39: =INDEX('面板-景气指数'!$37:$242,MATCH('面板-总览'!$R39,'面板-景气指数'!$A$37:$A$242,0),MATCH('面板-总览'!Z$2,'面板-景气指数'!$36:$36,0)) -> 0.21790909 | ... AE39: =INDEX('面板-景气指数'!$37:$242,MATCH('面板-总览'!$R39,'面板-景气指数'!$A$37:$A$242,0),MATCH('面板-总览'!AE$2,'面板-景气指数'!$36:$36,0)) -> 0.45227273 | AG39: =AE39-AB39 -> 0.16727273 | AI39: 磷肥及磷化工 | AJ39: =INDEX('面板-景气指数'!$37:$242,MATCH('面板-总览'!$AI39,'面板-景气指数'!$A$37:$A$242,0),MATCH('面板-总览'!AJ$2,'面板-景气指数'!$36:$36,0)) -> 0.7495 | AK39: =INDEX('面板-景气指数'!$37:$242,MATCH('面板-总览'!$AI39,'面板-景气指数'!$A$37:$A$242,0),MATCH('面板-总览'!AK$2,'面板-景气指数'!$36:$36,0)) -> 0.824 | AL39: =INDEX('面板-景气指数'!$37:$242,MATCH('面板-总览'!$AI39,'面板-景气指数'!$A$37:$A$242,0),MATCH('面板-总览'!AL$2,'面板-景气指数'!$36:$36,0)) -> 0.8345 | AM39: =INDEX('面板-景气指数'!$37:$242,MATCH('面板-总览'!$AI39,'面板-景气指数'!$A$37:$A$242,0),MATCH('面板-总览'!AM$2,'面板-景气指数'!$36:$36,0)) -> 0.712 | AN39: =INDEX('面板-景气指数'!$37:$242,MATCH('面板-总览'!$AI39,'面板-景气指数'!$A$37:$A$242,0),MATCH('面板-总览'!AN$2,'面板-景气指数'!$36:$36,0)) -> 0.404 | AO39: =INDEX('面板-景气指数'!$37:$242,MATCH('面板-总览'!$AI39,'面板-景气指数'!$A$37:$A$242,0),MATCH('面板-总览'!AO$2,'面板-景气指数'!$36:$36,0)) -> 0.037 | AP39: =INDEX('面板-景气指数'!$37:$242,MATCH('面板-总览'!$AI39,'面板-景气指数'!$A$37:$A$242,0),MATCH('面板-总览'!AP$2,'面板-景气指数'!$36:$36,0)) -> 0.01 | AQ39: =INDEX('面板-景气指数'!$37:$242,MATCH('面板-总览'!$AI39,'面板-景气指数'!$A$37:$A$242,0),MATCH('面板-总览'!AQ$2,'面板-景气指数'!$36:$36,0)) -> 0 | ... AV39: =INDEX('面板-景气指数'!$37:$242,MATCH('面板-总览'!$AI39,'面板-景气指数'!$A$37:$A$242,0),MATCH('面板-总览'!AV$2,'面板-景气指数'!$36:$36,0)) -> 0.6695 | AX39: =AV39-AS39 -> 0.383
R40: 通信服务 | S40: =INDEX('面板-景气指数'!$37:$242,MATCH('面板-总览'!$R40,'面板-景气指数'!$A$37:$A$242,0),MATCH('面板-总览'!S$2,'面板-景气指数'!$36:$36,0)) -> 0.14025 | T40: =INDEX('面板-景气指数'!$37:$242,MATCH('面板-总览'!$R40,'面板-景气指数'!$A$37:$A$242,0),MATCH('面板-总览'!T$2,'面板-景气指数'!$36:$36,0)) -> 0.16675 | U40: =INDEX('面板-景气指数'!$37:$242,MATCH('面板-总览'!$R40,'面板-景气指数'!$A$37:$A$242,0),MATCH('面板-总览'!U$2,'面板-景气指数'!$36:$36,0)) -> 0.11425 | V40: =INDEX('面板-景气指数'!$37:$242,MATCH('面板-总览'!$R40,'面板-景气指数'!$A$37:$A$242,0),MATCH('面板-总览'!V$2,'面板-景气指数'!$36:$36,0)) -> 0 | W40: =INDEX('面板-景气指数'!$37:$242,MATCH('面板-总览'!$R40,'面板-景气指数'!$A$37:$A$242,0),MATCH('面板-总览'!W$2,'面板-景气指数'!$36:$36,0)) -> 0.01825 | X40: =INDEX('面板-景气指数'!$37:$242,MATCH('面板-总览'!$R40,'面板-景气指数'!$A$37:$A$242,0),MATCH('面板-总览'!X$2,'面板-景气指数'!$36:$36,0)) -> 0.01275 | Y40: =INDEX('面板-景气指数'!$37:$242,MATCH('面板-总览'!$R40,'面板-景气指数'!$A$37:$A$242,0),MATCH('面板-总览'!Y$2,'面板-景气指数'!$36:$36,0)) -> 0.079 | Z40: =INDEX('面板-景气指数'!$37:$242,MATCH('面板-总览'!$R40,'面板-景气指数'!$A$37:$A$242,0),MATCH('面板-总览'!Z$2,'面板-景气指数'!$36:$36,0)) -> 0.05775 | ... AE40: =INDEX('面板-景气指数'!$37:$242,MATCH('面板-总览'!$R40,'面板-景气指数'!$A$37:$A$242,0),MATCH('面板-总览'!AE$2,'面板-景气指数'!$36:$36,0)) -> 0.074 | AG40: =AE40-AB40 -> 0.035 | AI40: 农药 | AJ40: =INDEX('面板-景气指数'!$37:$242,MATCH('面板-总览'!$AI40,'面板-景气指数'!$A$37:$A$242,0),MATCH('面板-总览'!AJ$2,'面板-景气指数'!$36:$36,0)) -> 0.489 | AK40: =INDEX('面板-景气指数'!$37:$242,MATCH('面板-总览'!$AI40,'面板-景气指数'!$A$37:$A$242,0),MATCH('面板-总览'!AK$2,'面板-景气指数'!$36:$36,0)) -> 0.473 | AL40: =INDEX('面板-景气指数'!$37:$242,MATCH('面板-总览'!$AI40,'面板-景气指数'!$A$37:$A$242,0),MATCH('面板-总览'!AL$2,'面板-景气指数'!$36:$36,0)) -> 0.4625 | AM40: =INDEX('面板-景气指数'!$37:$242,MATCH('面板-总览'!$AI40,'面板-景气指数'!$A$37:$A$242,0),MATCH('面板-总览'!AM$2,'面板-景气指数'!$36:$36,0)) -> 0.4355 | AN40: =INDEX('面板-景气指数'!$37:$242,MATCH('面板-总览'!$AI40,'面板-景气指数'!$A$37:$A$242,0),MATCH('面板-总览'!AN$2,'面板-景气指数'!$36:$36,0)) -> 0.4095 | AO40: =INDEX('面板-景气指数'!$37:$242,MATCH('面板-总览'!$AI40,'面板-景气指数'!$A$37:$A$242,0),MATCH('面板-总览'!AO$2,'面板-景气指数'!$36:$36,0)) -> 0.2015 | AP40: =INDEX('面板-景气指数'!$37:$242,MATCH('面板-总览'!$AI40,'面板-景气指数'!$A$37:$A$242,0),MATCH('面板-总览'!AP$2,'面板-景气指数'!$36:$36,0)) -> 0.0365 | AQ40: =INDEX('面板-景气指数'!$37:$242,MATCH('面板-总览'!$AI40,'面板-景气指数'!$A$37:$A$242,0),MATCH('面板-总览'!AQ$2,'面板-景气指数'!$36:$36,0)) -> 0.0105 | ... AV40: =INDEX('面板-景气指数'!$37:$242,MATCH('面板-总览'!$AI40,'面板-景气指数'!$A$37:$A$242,0),MATCH('面板-总览'!AV$2,'面板-景气指数'!$36:$36,0)) -> 0.037 | AX40: =AV40-AS40 -> -0.106
R41: 通信设备 | S41: =INDEX('面板-景气指数'!$37:$242,MATCH('面板-总览'!$R41,'面板-景气指数'!$A$37:$A$242,0),MATCH('面板-总览'!S$2,'面板-景气指数'!$36:$36,0)) -> 0.55414286 | T41: =INDEX('面板-景气指数'!$37:$242,MATCH('面板-总览'!$R41,'面板-景气指数'!$A$37:$A$242,0),MATCH('面板-总览'!T$2,'面板-景气指数'!$36:$36,0)) -> 0.44292857 | U41: =INDEX('面板-景气指数'!$37:$242,MATCH('面板-总览'!$R41,'面板-景气指数'!$A$37:$A$242,0),MATCH('面板-总览'!U$2,'面板-景气指数'!$36:$36,0)) -> 0.25128571 | V41: =INDEX('面板-景气指数'!$37:$242,MATCH('面板-总览'!$R41,'面板-景气指数'!$A$37:$A$242,0),MATCH('面板-总览'!V$2,'面板-景气指数'!$36:$36,0)) -> 0.22692857 | W41: =INDEX('面板-景气指数'!$37:$242,MATCH('面板-总览'!$R41,'面板-景气指数'!$A$37:$A$242,0),MATCH('面板-总览'!W$2,'面板-景气指数'!$36:$36,0)) -> 0.31878571 | X41: =INDEX('面板-景气指数'!$37:$242,MATCH('面板-总览'!$R41,'面板-景气指数'!$A$37:$A$242,0),MATCH('面板-总览'!X$2,'面板-景气指数'!$36:$36,0)) -> 0.3825 | Y41: =INDEX('面板-景气指数'!$37:$242,MATCH('面板-总览'!$R41,'面板-景气指数'!$A$37:$A$242,0),MATCH('面板-总览'!Y$2,'面板-景气指数'!$36:$36,0)) -> 0.41021429 | Z41: =INDEX('面板-景气指数'!$37:$242,MATCH('面板-总览'!$R41,'面板-景气指数'!$A$37:$A$242,0),MATCH('面板-总览'!Z$2,'面板-景气指数'!$36:$36,0)) -> 0.37242857 | ... AE41: =INDEX('面板-景气指数'!$37:$242,MATCH('面板-总览'!$R41,'面板-景气指数'!$A$37:$A$242,0),MATCH('面板-总览'!AE$2,'面板-景气指数'!$36:$36,0)) -> 0.29314286 | AG41: =AE41-AB41 -> 0.10292857 | AI41: 钾肥 | AJ41: =INDEX('面板-景气指数'!$37:$242,MATCH('面板-总览'!$AI41,'面板-景气指数'!$A$37:$A$242,0),MATCH('面板-总览'!AJ$2,'面板-景气指数'!$36:$36,0)) -> 0.425 | AK41: =INDEX('面板-景气指数'!$37:$242,MATCH('面板-总览'!$AI41,'面板-景气指数'!$A$37:$A$242,0),MATCH('面板-总览'!AK$2,'面板-景气指数'!$36:$36,0)) -> 0.319 | AL41: =INDEX('面板-景气指数'!$37:$242,MATCH('面板-总览'!$AI41,'面板-景气指数'!$A$37:$A$242,0),MATCH('面板-总览'!AL$2,'面板-景气指数'!$36:$36,0)) -> 0.287 | AM41: =INDEX('面板-景气指数'!$37:$242,MATCH('面板-总览'!$AI41,'面板-景气指数'!$A$37:$A$242,0),MATCH('面板-总览'!AM$2,'面板-景气指数'!$36:$36,0)) -> 0.127 | AN41: =INDEX('面板-景气指数'!$37:$242,MATCH('面板-总览'!$AI41,'面板-景气指数'!$A$37:$A$242,0),MATCH('面板-总览'!AN$2,'面板-景气指数'!$36:$36,0)) -> 0.063 | AO41: =INDEX('面板-景气指数'!$37:$242,MATCH('面板-总览'!$AI41,'面板-景气指数'!$A$37:$A$242,0),MATCH('面板-总览'!AO$2,'面板-景气指数'!$36:$36,0)) -> 0.042 | AP41: =INDEX('面板-景气指数'!$37:$242,MATCH('面板-总览'!$AI41,'面板-景气指数'!$A$37:$A$242,0),MATCH('面板-总览'!AP$2,'面板-景气指数'!$36:$36,0)) -> 0.021 | AQ41: =INDEX('面板-景气指数'!$37:$242,MATCH('面板-总览'!$AI41,'面板-景气指数'!$A$37:$A$242,0),MATCH('面板-总览'!AQ$2,'面板-景气指数'!$36:$36,0)) -> 0 | ... AV41: =INDEX('面板-景气指数'!$37:$242,MATCH('面板-总览'!$AI41,'面板-景气指数'!$A$37:$A$242,0),MATCH('面板-总览'!AV$2,'面板-景气指数'!$36:$36,0)) -> 0.085 | AX41: =AV41-AS41 -> 0.054
R42: 计算机设备 | S42: =INDEX('面板-景气指数'!$37:$242,MATCH('面板-总览'!$R42,'面板-景气指数'!$A$37:$A$242,0),MATCH('面板-总览'!S$2,'面板-景气指数'!$36:$36,0)) -> 0.2071 | T42: =INDEX('面板-景气指数'!$37:$242,MATCH('面板-总览'!$R42,'面板-景气指数'!$A$37:$A$242,0),MATCH('面板-总览'!T$2,'面板-景气指数'!$36:$36,0)) -> 0.409 | U42: =INDEX('面板-景气指数'!$37:$242,MATCH('面板-总览'!$R42,'面板-景气指数'!$A$37:$A$242,0),MATCH('面板-总览'!U$2,'面板-景气指数'!$36:$36,0)) -> 0.0958 | V42: =INDEX('面板-景气指数'!$37:$242,MATCH('面板-总览'!$R42,'面板-景气指数'!$A$37:$A$242,0),MATCH('面板-总览'!V$2,'面板-景气指数'!$36:$36,0)) -> 0.0423 | W42: =INDEX('面板-景气指数'!$37:$242,MATCH('面板-总览'!$R42,'面板-景气指数'!$A$37:$A$242,0),MATCH('面板-总览'!W$2,'面板-景气指数'!$36:$36,0)) -> 0.056 | X42: =INDEX('面板-景气指数'!$37:$242,MATCH('面板-总览'!$R42,'面板-景气指数'!$A$37:$A$242,0),MATCH('面板-总览'!X$2,'面板-景气指数'!$36:$36,0)) -> 0.0798 | Y42: =INDEX('面板-景气指数'!$37:$242,MATCH('面板-总览'!$R42,'面板-景气指数'!$A$37:$A$242,0),MATCH('面板-总览'!Y$2,'面板-景气指数'!$36:$36,0)) -> 0.0958 | Z42: =INDEX('面板-景气指数'!$37:$242,MATCH('面板-总览'!$R42,'面板-景气指数'!$A$37:$A$242,0),MATCH('面板-总览'!Z$2,'面板-景气指数'!$36:$36,0)) -> 0.0947 | ... AE42: =INDEX('面板-景气指数'!$37:$242,MATCH('面板-总览'!$R42,'面板-景气指数'!$A$37:$A$242,0),MATCH('面板-总览'!AE$2,'面板-景气指数'!$36:$36,0)) -> 0.2382 | AG42: =AE42-AB42 -> 0.0628 | AI42: 复合肥 | AJ42: =INDEX('面板-景气指数'!$37:$242,MATCH('面板-总览'!$AI42,'面板-景气指数'!$A$37:$A$242,0),MATCH('面板-总览'!AJ$2,'面板-景气指数'!$36:$36,0)) -> 0.617 | AK42: =INDEX('面板-景气指数'!$37:$242,MATCH('面板-总览'!$AI42,'面板-景气指数'!$A$37:$A$242,0),MATCH('面板-总览'!AK$2,'面板-景气指数'!$36:$36,0)) -> 0.627 | AL42: =INDEX('面板-景气指数'!$37:$242,MATCH('面板-总览'!$AI42,'面板-景气指数'!$A$37:$A$242,0),MATCH('面板-总览'!AL$2,'面板-景气指数'!$36:$36,0)) -> 0.638 | AM42: =INDEX('面板-景气指数'!$37:$242,MATCH('面板-总览'!$AI42,'面板-景气指数'!$A$37:$A$242,0),MATCH('面板-总览'!AM$2,'面板-景气指数'!$36:$36,0)) -> 0.51 | AN42: =INDEX('面板-景气指数'!$37:$242,MATCH('面板-总览'!$AI42,'面板-景气指数'!$A$37:$A$242,0),MATCH('面板-总览'!AN$2,'面板-景气指数'!$36:$36,0)) -> 0.319 | AO42: =INDEX('面板-景气指数'!$37:$242,MATCH('面板-总览'!$AI42,'面板-景气指数'!$A$37:$A$242,0),MATCH('面板-总览'!AO$2,'面板-景气指数'!$36:$36,0)) -> 0.138 | AP42: =INDEX('面板-景气指数'!$37:$242,MATCH('面板-总览'!$AI42,'面板-景气指数'!$A$37:$A$242,0),MATCH('面板-总览'!AP$2,'面板-景气指数'!$36:$36,0)) -> 0.063 | AQ42: =INDEX('面板-景气指数'!$37:$242,MATCH('面板-总览'!$AI42,'面板-景气指数'!$A$37:$A$242,0),MATCH('面板-总览'!AQ$2,'面板-景气指数'!$36:$36,0)) -> 0 | ... AV42: =INDEX('面板-景气指数'!$37:$242,MATCH('面板-总览'!$AI42,'面板-景气指数'!$A$37:$A$242,0),MATCH('面板-总览'!AV$2,'面板-景气指数'!$36:$36,0)) -> 0.234 | AX42: =AV42-AS42 -> 0.128
R43: 软件开发 | S43: =INDEX('面板-景气指数'!$37:$242,MATCH('面板-总览'!$R43,'面板-景气指数'!$A$37:$A$242,0),MATCH('面板-总览'!S$2,'面板-景气指数'!$36:$36,0)) -> 0.197625 | T43: =INDEX('面板-景气指数'!$37:$242,MATCH('面板-总览'!$R43,'面板-景气指数'!$A$37:$A$242,0),MATCH('面板-总览'!T$2,'面板-景气指数'!$36:$36,0)) -> 0.229375 | U43: =INDEX('面板-景气指数'!$37:$242,MATCH('面板-总览'!$R43,'面板-景气指数'!$A$37:$A$242,0),MATCH('面板-总览'!U$2,'面板-景气指数'!$36:$36,0)) -> 0.28375 | V43: =INDEX('面板-景气指数'!$37:$242,MATCH('面板-总览'!$R43,'面板-景气指数'!$A$37:$A$242,0),MATCH('面板-总览'!V$2,'面板-景气指数'!$36:$36,0)) -> 0.297875 | W43: =INDEX('面板-景气指数'!$37:$242,MATCH('面板-总览'!$R43,'面板-景气指数'!$A$37:$A$242,0),MATCH('面板-总览'!W$2,'面板-景气指数'!$36:$36,0)) -> 0.289875 | X43: =INDEX('面板-景气指数'!$37:$242,MATCH('面板-总览'!$R43,'面板-景气指数'!$A$37:$A$242,0),MATCH('面板-总览'!X$2,'面板-景气指数'!$36:$36,0)) -> 0.27975 | Y43: =INDEX('面板-景气指数'!$37:$242,MATCH('面板-总览'!$R43,'面板-景气指数'!$A$37:$A$242,0),MATCH('面板-总览'!Y$2,'面板-景气指数'!$36:$36,0)) -> 0.287 | Z43: =INDEX('面板-景气指数'!$37:$242,MATCH('面板-总览'!$R43,'面板-景气指数'!$A$37:$A$242,0),MATCH('面板-总览'!Z$2,'面板-景气指数'!$36:$36,0)) -> 0.34775 | ... AE43: =INDEX('面板-景气指数'!$37:$242,MATCH('面板-总览'!$R43,'面板-景气指数'!$A$37:$A$242,0),MATCH('面板-总览'!AE$2,'面板-景气指数'!$36:$36,0)) -> 0.348125 | AG43: =AE43-AB43 -> 0.041625 | AI43: 机床工具 | AJ43: =INDEX('面板-景气指数'!$37:$242,MATCH('面板-总览'!$AI43,'面板-景气指数'!$A$37:$A$242,0),MATCH('面板-总览'!AJ$2,'面板-景气指数'!$36:$36,0)) -> 0.30225 | AK43: =INDEX('面板-景气指数'!$37:$242,MATCH('面板-总览'!$AI43,'面板-景气指数'!$A$37:$A$242,0),MATCH('面板-总览'!AK$2,'面板-景气指数'!$36:$36,0)) -> 0.22025 | AL43: =INDEX('面板-景气指数'!$37:$242,MATCH('面板-总览'!$AI43,'面板-景气指数'!$A$37:$A$242,0),MATCH('面板-总览'!AL$2,'面板-景气指数'!$36:$36,0)) -> 0.337 | AM43: =INDEX('面板-景气指数'!$37:$242,MATCH('面板-总览'!$AI43,'面板-景气指数'!$A$37:$A$242,0),MATCH('面板-总览'!AM$2,'面板-景气指数'!$36:$36,0)) -> 0.4675 | AN43: =INDEX('面板-景气指数'!$37:$242,MATCH('面板-总览'!$AI43,'面板-景气指数'!$A$37:$A$242,0),MATCH('面板-总览'!AN$2,'面板-景气指数'!$36:$36,0)) -> 0.37725 | AO43: =INDEX('面板-景气指数'!$37:$242,MATCH('面板-总览'!$AI43,'面板-景气指数'!$A$37:$A$242,0),MATCH('面板-总览'!AO$2,'面板-景气指数'!$36:$36,0)) -> 0.25475 | AP43: =INDEX('面板-景气指数'!$37:$242,MATCH('面板-总览'!$AI43,'面板-景气指数'!$A$37:$A$242,0),MATCH('面板-总览'!AP$2,'面板-景气指数'!$36:$36,0)) -> 0.19375 | AQ43: =INDEX('面板-景气指数'!$37:$242,MATCH('面板-总览'!$AI43,'面板-景气指数'!$A$37:$A$242,0),MATCH('面板-总览'!AQ$2,'面板-景气指数'!$36:$36,0)) -> 0.18275 | ... AV43: =INDEX('面板-景气指数'!$37:$242,MATCH('面板-总览'!$AI43,'面板-景气指数'!$A$37:$A$242,0),MATCH('面板-总览'!AV$2,'面板-景气指数'!$36:$36,0)) -> 0.702 | AX43: =AV43-AS43 -> 0.2315
... R50: 互联网电商 | S50: =INDEX('面板-景气指数'!$37:$242,MATCH('面板-总览'!$R50,'面板-景气指数'!$A$37:$A$242,0),MATCH('面板-总览'!S$2,'面板-景气指数'!$36:$36,0)) -> 0.1059525 | T50: =INDEX('面板-景气指数'!$37:$242,MATCH('面板-总览'!$R50,'面板-景气指数'!$A$37:$A$242,0),MATCH('面板-总览'!T$2,'面板-景气指数'!$36:$36,0)) -> 0.11933487 | U50: =INDEX('面板-景气指数'!$37:$242,MATCH('面板-总览'!$R50,'面板-景气指数'!$A$37:$A$242,0),MATCH('面板-总览'!U$2,'面板-景气指数'!$36:$36,0)) -> 0.17654843 | V50: =INDEX('面板-景气指数'!$37:$242,MATCH('面板-总览'!$R50,'面板-景气指数'!$A$37:$A$242,0),MATCH('面板-总览'!V$2,'面板-景气指数'!$36:$36,0)) -> 0.25798169 | W50: =INDEX('面板-景气指数'!$37:$242,MATCH('面板-总览'!$R50,'面板-景气指数'!$A$37:$A$242,0),MATCH('面板-总览'!W$2,'面板-景气指数'!$36:$36,0)) -> 0.30673071 | X50: =INDEX('面板-景气指数'!$37:$242,MATCH('面板-总览'!$R50,'面板-景气指数'!$A$37:$A$242,0),MATCH('面板-总览'!X$2,'面板-景气指数'!$36:$36,0)) -> 0.42476199 | Y50: =INDEX('面板-景气指数'!$37:$242,MATCH('面板-总览'!$R50,'面板-景气指数'!$A$37:$A$242,0),MATCH('面板-总览'!Y$2,'面板-景气指数'!$36:$36,0)) -> 0.46665548 | Z50: =INDEX('面板-景气指数'!$37:$242,MATCH('面板-总览'!$R50,'面板-景气指数'!$A$37:$A$242,0),MATCH('面板-总览'!Z$2,'面板-景气指数'!$36:$36,0)) -> 0.48277202 | ... AE50: =INDEX('面板-景气指数'!$37:$242,MATCH('面板-总览'!$R50,'面板-景气指数'!$A$37:$A$242,0),MATCH('面板-总览'!AE$2,'面板-景气指数'!$36:$36,0)) -> 0.41705821 | AG50: =AE50-AB50 -> -0.021686418 | AI50: 集成电路封测 | AJ50: =INDEX('面板-景气指数'!$37:$242,MATCH('面板-总览'!$AI50,'面板-景气指数'!$A$37:$A$242,0),MATCH('面板-总览'!AJ$2,'面板-景气指数'!$36:$36,0)) -> 0.255 | AK50: =INDEX('面板-景气指数'!$37:$242,MATCH('面板-总览'!$AI50,'面板-景气指数'!$A$37:$A$242,0),MATCH('面板-总览'!AK$2,'面板-景气指数'!$36:$36,0)) -> 0.202 | AL50: =INDEX('面板-景气指数'!$37:$242,MATCH('面板-总览'!$AI50,'面板-景气指数'!$A$37:$A$242,0),MATCH('面板-总览'!AL$2,'面板-景气指数'!$36:$36,0)) -> 0.17 | AM50: =INDEX('面板-景气指数'!$37:$242,MATCH('面板-总览'!$AI50,'面板-景气指数'!$A$37:$A$242,0),MATCH('面板-总览'!AM$2,'面板-景气指数'!$36:$36,0)) -> 0.148 | AN50: =INDEX('面板-景气指数'!$37:$242,MATCH('面板-总览'!$AI50,'面板-景气指数'!$A$37:$A$242,0),MATCH('面板-总览'!AN$2,'面板-景气指数'!$36:$36,0)) -> 0.127 | AO50: =INDEX('面板-景气指数'!$37:$242,MATCH('面板-总览'!$AI50,'面板-景气指数'!$A$37:$A$242,0),MATCH('面板-总览'!AO$2,'面板-景气指数'!$36:$36,0)) -> 0.095 | AP50: =INDEX('面板-景气指数'!$37:$242,MATCH('面板-总览'!$AI50,'面板-景气指数'!$A$37:$A$242,0),MATCH('面板-总览'!AP$2,'面板-景气指数'!$36:$36,0)) -> 0.085 | AQ50: =INDEX('面板-景气指数'!$37:$242,MATCH('面板-总览'!$AI50,'面板-景气指数'!$A$37:$A$242,0),MATCH('面板-总览'!AQ$2,'面板-景气指数'!$36:$36,0)) -> 0.138 | ... AV50: =INDEX('面板-景气指数'!$37:$242,MATCH('面板-总览'!$AI50,'面板-景气指数'!$A$37:$A$242,0),MATCH('面板-总览'!AV$2,'面板-景气指数'!$36:$36,0)) -> 0.234 | AX50: =AV50-AS50 -> 0.043
AI51: 模拟芯片设计 | AJ51: =INDEX('面板-景气指数'!$37:$242,MATCH('面板-总览'!$AI51,'面板-景气指数'!$A$37:$A$242,0),MATCH('面板-总览'!AJ$2,'面板-景气指数'!$36:$36,0)) -> 0.2385 | AK51: =INDEX('面板-景气指数'!$37:$242,MATCH('面板-总览'!$AI51,'面板-景气指数'!$A$37:$A$242,0),MATCH('面板-总览'!AK$2,'面板-景气指数'!$36:$36,0)) -> 0.2015 | AL51: =INDEX('面板-景气指数'!$37:$242,MATCH('面板-总览'!$AI51,'面板-景气指数'!$A$37:$A$242,0),MATCH('面板-总览'!AL$2,'面板-景气指数'!$36:$36,0)) -> 0.1165 | AM51: =INDEX('面板-景气指数'!$37:$242,MATCH('面板-总览'!$AI51,'面板-景气指数'!$A$37:$A$242,0),MATCH('面板-总览'!AM$2,'面板-景气指数'!$36:$36,0)) -> 0.1005 | AN51: =INDEX('面板-景气指数'!$37:$242,MATCH('面板-总览'!$AI51,'面板-景气指数'!$A$37:$A$242,0),MATCH('面板-总览'!AN$2,'面板-景气指数'!$36:$36,0)) -> 0.1005 | AO51: =INDEX('面板-景气指数'!$37:$242,MATCH('面板-总览'!$AI51,'面板-景气指数'!$A$37:$A$242,0),MATCH('面板-总览'!AO$2,'面板-景气指数'!$36:$36,0)) -> 0.106 | AP51: =INDEX('面板-景气指数'!$37:$242,MATCH('面板-总览'!$AI51,'面板-景气指数'!$A$37:$A$242,0),MATCH('面板-总览'!AP$2,'面板-景气指数'!$36:$36,0)) -> 0.1275 | AQ51: =INDEX('面板-景气指数'!$37:$242,MATCH('面板-总览'!$AI51,'面板-景气指数'!$A$37:$A$242,0),MATCH('面板-总览'!AQ$2,'面板-景气指数'!$36:$36,0)) -> 0.154 | ... AV51: =INDEX('面板-景气指数'!$37:$242,MATCH('面板-总览'!$AI51,'面板-景气指数'!$A$37:$A$242,0),MATCH('面板-总览'!AV$2,'面板-景气指数'!$36:$36,0)) -> 0.239 | AX51: =AV51-AS51 -> 0.0795
R52: 景气指数 | S52: 44895 | T52: 44926 | U52: 44957 | V52: 44985 | W52: 45016 | X52: 45046 | Y52: 45077 | Z52: 45107 | AA52: 45138 | AB52: 45169 | AC52: 45199 | AD52: 45230 | AE52: 45260 | AF52: 3M变化 | AI52: 分立器件 | AJ52: =INDEX('面板-景气指数'!$37:$242,MATCH('面板-总览'!$AI52,'面板-景气指数'!$A$37:$A$242,0),MATCH('面板-总览'!AJ$2,'面板-景气指数'!$36:$36,0)) -> 0.393 | AK52: =INDEX('面板-景气指数'!$37:$242,MATCH('面板-总览'!$AI52,'面板-景气指数'!$A$37:$A$242,0),MATCH('面板-总览'!AK$2,'面板-景气指数'!$36:$36,0)) -> 0.234 | AL52: =INDEX('面板-景气指数'!$37:$242,MATCH('面板-总览'!$AI52,'面板-景气指数'!$A$37:$A$242,0),MATCH('面板-总览'!AL$2,'面板-景气指数'!$36:$36,0)) -> 0.4195 | AM52: =INDEX('面板-景气指数'!$37:$242,MATCH('面板-总览'!$AI52,'面板-景气指数'!$A$37:$A$242,0),MATCH('面板-总览'!AM$2,'面板-景气指数'!$36:$36,0)) -> 0.4675 | AN52: =INDEX('面板-景气指数'!$37:$242,MATCH('面板-总览'!$AI52,'面板-景气指数'!$A$37:$A$242,0),MATCH('面板-总览'!AN$2,'面板-景气指数'!$36:$36,0)) -> 0.5685 | AO52: =INDEX('面板-景气指数'!$37:$242,MATCH('面板-总览'!$AI52,'面板-景气指数'!$A$37:$A$242,0),MATCH('面板-总览'!AO$2,'面板-景气指数'!$36:$36,0)) -> 0.606 | AP52: =INDEX('面板-景气指数'!$37:$242,MATCH('面板-总览'!$AI52,'面板-景气指数'!$A$37:$A$242,0),MATCH('面板-总览'!AP$2,'面板-景气指数'!$36:$36,0)) -> 0.5685 | AQ52: =INDEX('面板-景气指数'!$37:$242,MATCH('面板-总览'!$AI52,'面板-景气指数'!$A$37:$A$242,0),MATCH('面板-总览'!AQ$2,'面板-景气指数'!$36:$36,0)) -> 0.292 | ... AV52: =INDEX('面板-景气指数'!$37:$242,MATCH('面板-总览'!$AI52,'面板-景气指数'!$A$37:$A$242,0),MATCH('面板-总览'!AV$2,'面板-景气指数'!$36:$36,0)) -> 0.4195 | AX52: =AV52-AS52 -> 0.058
R53: 乘用车 | S53: =INDEX('面板-景气指数'!$37:$242,MATCH('面板-总览'!$R53,'面板-景气指数'!$A$37:$A$242,0),MATCH('面板-总览'!S$2,'面板-景气指数'!$36:$36,0)) -> 0.81166667 | T53: =INDEX('面板-景气指数'!$37:$242,MATCH('面板-总览'!$R53,'面板-景气指数'!$A$37:$A$242,0),MATCH('面板-总览'!T$2,'面板-景气指数'!$36:$36,0)) -> 0.39133333 | U53: =INDEX('面板-景气指数'!$37:$242,MATCH('面板-总览'!$R53,'面板-景气指数'!$A$37:$A$242,0),MATCH('面板-总览'!U$2,'面板-景气指数'!$36:$36,0)) -> 0.333 | V53: =INDEX('面板-景气指数'!$37:$242,MATCH('面板-总览'!$R53,'面板-景气指数'!$A$37:$A$242,0),MATCH('面板-总览'!V$2,'面板-景气指数'!$36:$36,0)) -> 0.27033333 | W53: =INDEX('面板-景气指数'!$37:$242,MATCH('面板-总览'!$R53,'面板-景气指数'!$A$37:$A$242,0),MATCH('面板-总览'!W$2,'面板-景气指数'!$36:$36,0)) -> 0.3895 | X53: =INDEX('面板-景气指数'!$37:$242,MATCH('面板-总览'!$R53,'面板-景气指数'!$A$37:$A$242,0),MATCH('面板-总览'!X$2,'面板-景气指数'!$36:$36,0)) -> 0.54766667 | Y53: =INDEX('面板-景气指数'!$37:$242,MATCH('面板-总览'!$R53,'面板-景气指数'!$A$37:$A$242,0),MATCH('面板-总览'!Y$2,'面板-景气指数'!$36:$36,0)) -> 0.764 | Z53: =INDEX('面板-景气指数'!$37:$242,MATCH('面板-总览'!$R53,'面板-景气指数'!$A$37:$A$242,0),MATCH('面板-总览'!Z$2,'面板-景气指数'!$36:$36,0)) -> 0.62366667 | ... AE53: =INDEX('面板-景气指数'!$37:$242,MATCH('面板-总览'!$R53,'面板-景气指数'!$A$37:$A$242,0),MATCH('面板-总览'!AE$2,'面板-景气指数'!$36:$36,0)) -> 0.79766667 | AG53: =AE53-AB53 -> 0.3055 | AI53: 印制电路板 | AJ53: =INDEX('面板-景气指数'!$37:$242,MATCH('面板-总览'!$AI53,'面板-景气指数'!$A$37:$A$242,0),MATCH('面板-总览'!AJ$2,'面板-景气指数'!$36:$36,0)) -> 0.25166667 | AK53: =INDEX('面板-景气指数'!$37:$242,MATCH('面板-总览'!$AI53,'面板-景气指数'!$A$37:$A$242,0),MATCH('面板-总览'!AK$2,'面板-景气指数'!$36:$36,0)) -> 0.14166667 | AL53: =INDEX('面板-景气指数'!$37:$242,MATCH('面板-总览'!$AI53,'面板-景气指数'!$A$37:$A$242,0),MATCH('面板-总览'!AL$2,'面板-景气指数'!$36:$36,0)) -> 0.134 | AM53: =INDEX('面板-景气指数'!$37:$242,MATCH('面板-总览'!$AI53,'面板-景气指数'!$A$37:$A$242,0),MATCH('面板-总览'!AM$2,'面板-景气指数'!$36:$36,0)) -> 0.092 | AN53: =INDEX('面板-景气指数'!$37:$242,MATCH('面板-总览'!$AI53,'面板-景气指数'!$A$37:$A$242,0),MATCH('面板-总览'!AN$2,'面板-景气指数'!$36:$36,0)) -> 0.070333333 | AO53: =INDEX('面板-景气指数'!$37:$242,MATCH('面板-总览'!$AI53,'面板-景气指数'!$A$37:$A$242,0),MATCH('面板-总览'!AO$2,'面板-景气指数'!$36:$36,0)) -> 0.031 | AP53: =INDEX('面板-景气指数'!$37:$242,MATCH('面板-总览'!$AI53,'面板-景气指数'!$A$37:$A$242,0),MATCH('面板-总览'!AP$2,'面板-景气指数'!$36:$36,0)) -> 0.028 | AQ53: =INDEX('面板-景气指数'!$37:$242,MATCH('面板-总览'!$AI53,'面板-景气指数'!$A$37:$A$242,0),MATCH('面板-总览'!AQ$2,'面板-景气指数'!$36:$36,0)) -> 0.024666667 | ... AV53: =INDEX('面板-景气指数'!$37:$242,MATCH('面板-总览'!$AI53,'面板-景气指数'!$A$37:$A$242,0),MATCH('面板-总览'!AV$2,'面板-景气指数'!$36:$36,0)) -> 0.088333333 | AX53: =AV53-AS53 -> 0.060333333
R54: 汽车零部件 | S54: =INDEX('面板-景气指数'!$37:$242,MATCH('面板-总览'!$R54,'面板-景气指数'!$A$37:$A$242,0),MATCH('面板-总览'!S$2,'面板-景气指数'!$36:$36,0)) -> 0.138 | T54: =INDEX('面板-景气指数'!$37:$242,MATCH('面板-总览'!$R54,'面板-景气指数'!$A$37:$A$242,0),MATCH('面板-总览'!T$2,'面板-景气指数'!$36:$36,0)) -> 0.106 | U54: =INDEX('面板-景气指数'!$37:$242,MATCH('面板-总览'!$R54,'面板-景气指数'!$A$37:$A$242,0),MATCH('面板-总览'!U$2,'面板-景气指数'!$36:$36,0)) -> 0.074 | V54: =INDEX('面板-景气指数'!$37:$242,MATCH('面板-总览'!$R54,'面板-景气指数'!$A$37:$A$242,0),MATCH('面板-总览'!V$2,'面板-景气指数'!$36:$36,0)) -> 0.127 | W54: =INDEX('面板-景气指数'!$37:$242,MATCH('面板-总览'!$R54,'面板-景气指数'!$A$37:$A$242,0),MATCH('面板-总览'!W$2,'面板-景气指数'!$36:$36,0)) -> 0.191 | X54: =INDEX('面板-景气指数'!$37:$242,MATCH('面板-总览'!$R54,'面板-景气指数'!$A$37:$A$242,0),MATCH('面板-总览'!X$2,'面板-景气指数'!$36:$36,0)) -> 0.457 | Y54: =INDEX('面板-景气指数'!$37:$242,MATCH('面板-总览'!$R54,'面板-景气指数'!$A$37:$A$242,0),MATCH('面板-总览'!Y$2,'面板-景气指数'!$36:$36,0)) -> 0.648 | Z54: =INDEX('面板-景气指数'!$37:$242,MATCH('面板-总览'!$R54,'面板-景气指数'!$A$37:$A$242,0),MATCH('面板-总览'!Z$2,'面板-景气指数'!$36:$36,0)) -> 0.468 | ... AE54: =INDEX('面板-景气指数'!$37:$242,MATCH('面板-总览'!$R54,'面板-景气指数'!$A$37:$A$242,0),MATCH('面板-总览'!AE$2,'面板-景气指数'!$36:$36,0)) -> 0.787 | AG54: =AE54-AB54 -> 0.405 | AI54: 被动元件 | AJ54: =INDEX('面板-景气指数'!$37:$242,MATCH('面板-总览'!$AI54,'面板-景气指数'!$A$37:$A$242,0),MATCH('面板-总览'!AJ$2,'面板-景气指数'!$36:$36,0)) -> 0.255 | AK54: =INDEX('面板-景气指数'!$37:$242,MATCH('面板-总览'!$AI54,'面板-景气指数'!$A$37:$A$242,0),MATCH('面板-总览'!AK$2,'面板-景气指数'!$36:$36,0)) -> 0.148 | AL54: =INDEX('面板-景气指数'!$37:$242,MATCH('面板-总览'!$AI54,'面板-景气指数'!$A$37:$A$242,0),MATCH('面板-总览'!AL$2,'面板-景气指数'!$36:$36,0)) -> 0.159 | AM54: =INDEX('面板-景气指数'!$37:$242,MATCH('面板-总览'!$AI54,'面板-景气指数'!$A$37:$A$242,0),MATCH('面板-总览'!AM$2,'面板-景气指数'!$36:$36,0)) -> 0.074 | AN54: =INDEX('面板-景气指数'!$37:$242,MATCH('面板-总览'!$AI54,'面板-景气指数'!$A$37:$A$242,0),MATCH('面板-总览'!AN$2,'面板-景气指数'!$36:$36,0)) -> 0.17 | AO54: =INDEX('面板-景气指数'!$37:$242,MATCH('面板-总览'!$AI54,'面板-景气指数'!$A$37:$A$242,0),MATCH('面板-总览'!AO$2,'面板-景气指数'!$36:$36,0)) -> 0.095 | AP54: =INDEX('面板-景气指数'!$37:$242,MATCH('面板-总览'!$AI54,'面板-景气指数'!$A$37:$A$242,0),MATCH('面板-总览'!AP$2,'面板-景气指数'!$36:$36,0)) -> 0.106 | AQ54: =INDEX('面板-景气指数'!$37:$242,MATCH('面板-总览'!$AI54,'面板-景气指数'!$A$37:$A$242,0),MATCH('面板-总览'!AQ$2,'面板-景气指数'!$36:$36,0)) -> 0.138 | ... AV54: =INDEX('面板-景气指数'!$37:$242,MATCH('面板-总览'!$AI54,'面板-景气指数'!$A$37:$A$242,0),MATCH('面板-总览'!AV$2,'面板-景气指数'!$36:$36,0)) -> 0.319 | AX54: =AV54-AS54 -> 0.043
R55: 摩托车及其他 | S55: =INDEX('面板-景气指数'!$37:$242,MATCH('面板-总览'!$R55,'面板-景气指数'!$A$37:$A$242,0),MATCH('面板-总览'!S$2,'面板-景气指数'!$36:$36,0)) -> 0 | T55: =INDEX('面板-景气指数'!$37:$242,MATCH('面板-总览'!$R55,'面板-景气指数'!$A$37:$A$242,0),MATCH('面板-总览'!T$2,'面板-景气指数'!$36:$36,0)) -> 0.021 | U55: =INDEX('面板-景气指数'!$37:$242,MATCH('面板-总览'!$R55,'面板-景气指数'!$A$37:$A$242,0),MATCH('面板-总览'!U$2,'面板-景气指数'!$36:$36,0)) -> 0.031 | V55: =INDEX('面板-景气指数'!$37:$242,MATCH('面板-总览'!$R55,'面板-景气指数'!$A$37:$A$242,0),MATCH('面板-总览'!V$2,'面板-景气指数'!$36:$36,0)) -> 0.17 | W55: =INDEX('面板-景气指数'!$37:$242,MATCH('面板-总览'!$R55,'面板-景气指数'!$A$37:$A$242,0),MATCH('面板-总览'!W$2,'面板-景气指数'!$36:$36,0)) -> 0.297 | X55: =INDEX('面板-景气指数'!$37:$242,MATCH('面板-总览'!$R55,'面板-景气指数'!$A$37:$A$242,0),MATCH('面板-总览'!X$2,'面板-景气指数'!$36:$36,0)) -> 0.457 | Y55: =INDEX('面板-景气指数'!$37:$242,MATCH('面板-总览'!$R55,'面板-景气指数'!$A$37:$A$242,0),MATCH('面板-总览'!Y$2,'面板-景气指数'!$36:$36,0)) -> 0.478 | Z55: =INDEX('面板-景气指数'!$37:$242,MATCH('面板-总览'!$R55,'面板-景气指数'!$A$37:$A$242,0),MATCH('面板-总览'!Z$2,'面板-景气指数'!$36:$36,0)) -> 0.351 | ... AE55: =INDEX('面板-景气指数'!$37:$242,MATCH('面板-总览'!$R55,'面板-景气指数'!$A$37:$A$242,0),MATCH('面板-总览'!AE$2,'面板-景气指数'!$36:$36,0)) -> 0.585 | AG55: =AE55-AB55 -> 0.224 | AI55: 面板 | AJ55: =INDEX('面板-景气指数'!$37:$242,MATCH('面板-总览'!$AI55,'面板-景气指数'!$A$37:$A$242,0),MATCH('面板-总览'!AJ$2,'面板-景气指数'!$36:$36,0)) -> 0.042285714 | AK55: =INDEX('面板-景气指数'!$37:$242,MATCH('面板-总览'!$AI55,'面板-景气指数'!$A$37:$A$242,0),MATCH('面板-总览'!AK$2,'面板-景气指数'!$36:$36,0)) -> 0.041142857 | AL55: =INDEX('面板-景气指数'!$37:$242,MATCH('面板-总览'!$AI55,'面板-景气指数'!$A$37:$A$242,0),MATCH('面板-总览'!AL$2,'面板-景气指数'!$36:$36,0)) -> 0.060571429 | AM55: =INDEX('面板-景气指数'!$37:$242,MATCH('面板-总览'!$AI55,'面板-景气指数'!$A$37:$A$242,0),MATCH('面板-总览'!AM$2,'面板-景气指数'!$36:$36,0)) -> 0.068571429 | AN55: =INDEX('面板-景气指数'!$37:$242,MATCH('面板-总览'!$AI55,'面板-景气指数'!$A$37:$A$242,0),MATCH('面板-总览'!AN$2,'面板-景气指数'!$36:$36,0)) -> 0.10914286 | AO55: =INDEX('面板-景气指数'!$37:$242,MATCH('面板-总览'!$AI55,'面板-景气指数'!$A$37:$A$242,0),MATCH('面板-总览'!AO$2,'面板-景气指数'!$36:$36,0)) -> 0.21828571 | AP55: =INDEX('面板-景气指数'!$37:$242,MATCH('面板-总览'!$AI55,'面板-景气指数'!$A$37:$A$242,0),MATCH('面板-总览'!AP$2,'面板-景气指数'!$36:$36,0)) -> 0.34457143 | AQ55: =INDEX('面板-景气指数'!$37:$242,MATCH('面板-总览'!$AI55,'面板-景气指数'!$A$37:$A$242,0),MATCH('面板-总览'!AQ$2,'面板-景气指数'!$36:$36,0)) -> 0.41685714 | ... AV55: =INDEX('面板-景气指数'!$37:$242,MATCH('面板-总览'!$AI55,'面板-景气指数'!$A$37:$A$242,0),MATCH('面板-总览'!AV$2,'面板-景气指数'!$36:$36,0)) -> 0.41557143 | AX55: =AV55-AS55 -> -0.091285714
R56: 商用车 | S56: =INDEX('面板-景气指数'!$37:$242,MATCH('面板-总览'!$R56,'面板-景气指数'!$A$37:$A$242,0),MATCH('面板-总览'!S$2,'面板-景气指数'!$36:$36,0)) -> 0.5365 | T56: =INDEX('面板-景气指数'!$37:$242,MATCH('面板-总览'!$R56,'面板-景气指数'!$A$37:$A$242,0),MATCH('面板-总览'!T$2,'面板-景气指数'!$36:$36,0)) -> 0.4625 | U56: =INDEX('面板-景气指数'!$37:$242,MATCH('面板-总览'!$R56,'面板-景气指数'!$A$37:$A$242,0),MATCH('面板-总览'!U$2,'面板-景气指数'!$36:$36,0)) -> 0.494 | V56: =INDEX('面板-景气指数'!$37:$242,MATCH('面板-总览'!$R56,'面板-景气指数'!$A$37:$A$242,0),MATCH('面板-总览'!V$2,'面板-景气指数'!$36:$36,0)) -> 0.521 | W56: =INDEX('面板-景气指数'!$37:$242,MATCH('面板-总览'!$R56,'面板-景气指数'!$A$37:$A$242,0),MATCH('面板-总览'!W$2,'面板-景气指数'!$36:$36,0)) -> 0.872 | X56: =INDEX('面板-景气指数'!$37:$242,MATCH('面板-总览'!$R56,'面板-景气指数'!$A$37:$A$242,0),MATCH('面板-总览'!X$2,'面板-景气指数'!$36:$36,0)) -> 0.7865 | Y56: =INDEX('面板-景气指数'!$37:$242,MATCH('面板-总览'!$R56,'面板-景气指数'!$A$37:$A$242,0),MATCH('面板-总览'!Y$2,'面板-景气指数'!$36:$36,0)) -> 0.8345 | Z56: =INDEX('面板-景气指数'!$37:$242,MATCH('面板-总览'!$R56,'面板-景气指数'!$A$37:$A$242,0),MATCH('面板-总览'!Z$2,'面板-景气指数'!$36:$36,0)) -> 0.7815 | ... AE56: =INDEX('面板-景气指数'!$37:$242,MATCH('面板-总览'!$R56,'面板-景气指数'!$A$37:$A$242,0),MATCH('面板-总览'!AE$2,'面板-景气指数'!$36:$36,0)) -> 0.712 | AG56: =AE56-AB56 -> -0.0105 | AI56: LED | AJ56: =INDEX('面板-景气指数'!$37:$242,MATCH('面板-总览'!$AI56,'面板-景气指数'!$A$37:$A$242,0),MATCH('面板-总览'!AJ$2,'面板-景气指数'!$36:$36,0)) -> 0.021 | AK56: =INDEX('面板-景气指数'!$37:$242,MATCH('面板-总览'!$AI56,'面板-景气指数'!$A$37:$A$242,0),MATCH('面板-总览'!AK$2,'面板-景气指数'!$36:$36,0)) -> 0 | AL56: =INDEX('面板-景气指数'!$37:$242,MATCH('面板-总览'!$AI56,'面板-景气指数'!$A$37:$A$242,0),MATCH('面板-总览'!AL$2,'面板-景气指数'!$36:$36,0)) -> 0.01 | AM56: =INDEX('面板-景气指数'!$37:$242,MATCH('面板-总览'!$AI56,'面板-景气指数'!$A$37:$A$242,0),MATCH('面板-总览'!AM$2,'面板-景气指数'!$36:$36,0)) -> 0.053 | AN56: =INDEX('面板-景气指数'!$37:$242,MATCH('面板-总览'!$AI56,'面板-景气指数'!$A$37:$A$242,0),MATCH('面板-总览'!AN$2,'面板-景气指数'!$36:$36,0)) -> 0.085 | AO56: =INDEX('面板-景气指数'!$37:$242,MATCH('面板-总览'!$AI56,'面板-景气指数'!$A$37:$A$242,0),MATCH('面板-总览'!AO$2,'面板-景气指数'!$36:$36,0)) -> 0.095 | AP56: =INDEX('面板-景气指数'!$37:$242,MATCH('面板-总览'!$AI56,'面板-景气指数'!$A$37:$A$242,0),MATCH('面板-总览'!AP$2,'面板-景气指数'!$36:$36,0)) -> 0.117 | AQ56: =INDEX('面板-景气指数'!$37:$242,MATCH('面板-总览'!$AI56,'面板-景气指数'!$A$37:$A$242,0),MATCH('面板-总览'!AQ$2,'面板-景气指数'!$36:$36,0)) -> 0.18 | ... AV56: =INDEX('面板-景气指数'!$37:$242,MATCH('面板-总览'!$AI56,'面板-景气指数'!$A$37:$A$242,0),MATCH('面板-总览'!AV$2,'面板-景气指数'!$36:$36,0)) -> 0.68 | AX56: =AV56-AS56 -> 0.18
R57: 白色家电 | S57: =INDEX('面板-景气指数'!$37:$242,MATCH('面板-总览'!$R57,'面板-景气指数'!$A$37:$A$242,0),MATCH('面板-总览'!S$2,'面板-景气指数'!$36:$36,0)) -> 0.20462876 | T57: =INDEX('面板-景气指数'!$37:$242,MATCH('面板-总览'!$R57,'面板-景气指数'!$A$37:$A$242,0),MATCH('面板-总览'!T$2,'面板-景气指数'!$36:$36,0)) -> 0.12619982 | U57: =INDEX('面板-景气指数'!$37:$242,MATCH('面板-总览'!$R57,'面板-景气指数'!$A$37:$A$242,0),MATCH('面板-总览'!U$2,'面板-景气指数'!$36:$36,0)) -> 0.37529897 | V57: =INDEX('面板-景气指数'!$37:$242,MATCH('面板-总览'!$R57,'面板-景气指数'!$A$37:$A$242,0),MATCH('面板-总览'!V$2,'面板-景气指数'!$36:$36,0)) -> 0.45590776 | W57: =INDEX('面板-景气指数'!$37:$242,MATCH('面板-总览'!$R57,'面板-景气指数'!$A$37:$A$242,0),MATCH('面板-总览'!W$2,'面板-景气指数'!$36:$36,0)) -> 0.65175682 | X57: =INDEX('面板-景气指数'!$37:$242,MATCH('面板-总览'!$R57,'面板-景气指数'!$A$37:$A$242,0),MATCH('面板-总览'!X$2,'面板-景气指数'!$36:$36,0)) -> 0.61011995 | Y57: =INDEX('面板-景气指数'!$37:$242,MATCH('面板-总览'!$R57,'面板-景气指数'!$A$37:$A$242,0),MATCH('面板-总览'!Y$2,'面板-景气指数'!$36:$36,0)) -> 0.72543153 | Z57: =INDEX('面板-景气指数'!$37:$242,MATCH('面板-总览'!$R57,'面板-景气指数'!$A$37:$A$242,0),MATCH('面板-总览'!Z$2,'面板-景气指数'!$36:$36,0)) -> 0.72623662 | ... AE57: =INDEX('面板-景气指数'!$37:$242,MATCH('面板-总览'!$R57,'面板-景气指数'!$A$37:$A$242,0),MATCH('面板-总览'!AE$2,'面板-景气指数'!$36:$36,0)) -> 0.73317548 | AG57: =AE57-AB57 -> 0.058938567 | AI57: 光学元件 | AJ57: =INDEX('面板-景气指数'!$37:$242,MATCH('面板-总览'!$AI57,'面板-景气指数'!$A$37:$A$242,0),MATCH('面板-总览'!AJ$2,'面板-景气指数'!$36:$36,0)) -> 0.276 | AK57: =INDEX('面板-景气指数'!$37:$242,MATCH('面板-总览'!$AI57,'面板-景气指数'!$A$37:$A$242,0),MATCH('面板-总览'!AK$2,'面板-景气指数'!$36:$36,0)) -> 0.106 | AL57: =INDEX('面板-景气指数'!$37:$242,MATCH('面板-总览'!$AI57,'面板-景气指数'!$A$37:$A$242,0),MATCH('面板-总览'!AL$2,'面板-景气指数'!$36:$36,0)) -> 0.106 | AM57: =INDEX('面板-景气指数'!$37:$242,MATCH('面板-总览'!$AI57,'面板-景气指数'!$A$37:$A$242,0),MATCH('面板-总览'!AM$2,'面板-景气指数'!$36:$36,0)) -> 0.175 | AN57: =INDEX('面板-景气指数'!$37:$242,MATCH('面板-总览'!$AI57,'面板-景气指数'!$A$37:$A$242,0),MATCH('面板-总览'!AN$2,'面板-景气指数'!$36:$36,0)) -> 0.276 | AO57: =INDEX('面板-景气指数'!$37:$242,MATCH('面板-总览'!$AI57,'面板-景气指数'!$A$37:$A$242,0),MATCH('面板-总览'!AO$2,'面板-景气指数'!$36:$36,0)) -> 0.127 | AP57: =INDEX('面板-景气指数'!$37:$242,MATCH('面板-总览'!$AI57,'面板-景气指数'!$A$37:$A$242,0),MATCH('面板-总览'!AP$2,'面板-景气指数'!$36:$36,0)) -> 0.1115 | AQ57: =INDEX('面板-景气指数'!$37:$242,MATCH('面板-总览'!$AI57,'面板-景气指数'!$A$37:$A$242,0),MATCH('面板-总览'!AQ$2,'面板-景气指数'!$36:$36,0)) -> 0.1485 | ... AV57: =INDEX('面板-景气指数'!$37:$242,MATCH('面板-总览'!$AI57,'面板-景气指数'!$A$37:$A$242,0),MATCH('面板-总览'!AV$2,'面板-景气指数'!$36:$36,0)) -> 0.4785 | AX57: =AV57-AS57 -> 0.085
R58: 黑色家电 | S58: =INDEX('面板-景气指数'!$37:$242,MATCH('面板-总览'!$R58,'面板-景气指数'!$A$37:$A$242,0),MATCH('面板-总览'!S$2,'面板-景气指数'!$36:$36,0)) -> 0.397 | T58: =INDEX('面板-景气指数'!$37:$242,MATCH('面板-总览'!$R58,'面板-景气指数'!$A$37:$A$242,0),MATCH('面板-总览'!T$2,'面板-景气指数'!$36:$36,0)) -> 0.216 | U58: =INDEX('面板-景气指数'!$37:$242,MATCH('面板-总览'!$R58,'面板-景气指数'!$A$37:$A$242,0),MATCH('面板-总览'!U$2,'面板-景气指数'!$36:$36,0)) -> 0.373 | V58: =INDEX('面板-景气指数'!$37:$242,MATCH('面板-总览'!$R58,'面板-景气指数'!$A$37:$A$242,0),MATCH('面板-总览'!V$2,'面板-景气指数'!$36:$36,0)) -> 0.373 | W58: =INDEX('面板-景气指数'!$37:$242,MATCH('面板-总览'!$R58,'面板-景气指数'!$A$37:$A$242,0),MATCH('面板-总览'!W$2,'面板-景气指数'!$36:$36,0)) -> 0.433 | X58: =INDEX('面板-景气指数'!$37:$242,MATCH('面板-总览'!$R58,'面板-景气指数'!$A$37:$A$242,0),MATCH('面板-总览'!X$2,'面板-景气指数'!$36:$36,0)) -> 0.301 | Y58: =INDEX('面板-景气指数'!$37:$242,MATCH('面板-总览'!$R58,'面板-景气指数'!$A$37:$A$242,0),MATCH('面板-总览'!Y$2,'面板-景气指数'!$36:$36,0)) -> 0.228 | Z58: =INDEX('面板-景气指数'!$37:$242,MATCH('面板-总览'!$R58,'面板-景气指数'!$A$37:$A$242,0),MATCH('面板-总览'!Z$2,'面板-景气指数'!$36:$36,0)) -> 0.096 | ... AE58: =INDEX('面板-景气指数'!$37:$242,MATCH('面板-总览'!$R58,'面板-景气指数'!$A$37:$A$242,0),MATCH('面板-总览'!AE$2,'面板-景气指数'!$36:$36,0)) -> 0.289 | AG58: =AE58-AB58 -> 0.277 | AI58: 消费电子零组件 | AJ58: =INDEX('面板-景气指数'!$37:$242,MATCH('面板-总览'!$AI58,'面板-景气指数'!$A$37:$A$242,0),MATCH('面板-总览'!AJ$2,'面板-景气指数'!$36:$36,0)) -> 0.235 | AK58: =INDEX('面板-景气指数'!$37:$242,MATCH('面板-总览'!$AI58,'面板-景气指数'!$A$37:$A$242,0),MATCH('面板-总览'!AK$2,'面板-景气指数'!$36:$36,0)) -> 0.16414286 | AL58: =INDEX('面板-景气指数'!$37:$242,MATCH('面板-总览'!$AI58,'面板-景气指数'!$A$37:$A$242,0),MATCH('面板-总览'!AL$2,'面板-景气指数'!$36:$36,0)) -> 0.10671429 | AM58: =INDEX('面板-景气指数'!$37:$242,MATCH('面板-总览'!$AI58,'面板-景气指数'!$A$37:$A$242,0),MATCH('面板-总览'!AM$2,'面板-景气指数'!$36:$36,0)) -> 0.091142857 | AN58: =INDEX('面板-景气指数'!$37:$242,MATCH('面板-总览'!$AI58,'面板-景气指数'!$A$37:$A$242,0),MATCH('面板-总览'!AN$2,'面板-景气指数'!$36:$36,0)) -> 0.069142857 | AO58: =INDEX('面板-景气指数'!$37:$242,MATCH('面板-总览'!$AI58,'面板-景气指数'!$A$37:$A$242,0),MATCH('面板-总览'!AO$2,'面板-景气指数'!$36:$36,0)) -> 0.055714286 | AP58: =INDEX('面板-景气指数'!$37:$242,MATCH('面板-总览'!$AI58,'面板-景气指数'!$A$37:$A$242,0),MATCH('面板-总览'!AP$2,'面板-景气指数'!$36:$36,0)) -> 0.069571429 | AQ58: =INDEX('面板-景气指数'!$37:$242,MATCH('面板-总览'!$AI58,'面板-景气指数'!$A$37:$A$242,0),MATCH('面板-总览'!AQ$2,'面板-景气指数'!$36:$36,0)) -> 0.060142857 | ... AV58: =INDEX('面板-景气指数'!$37:$242,MATCH('面板-总览'!$AI58,'面板-景气指数'!$A$37:$A$242,0),MATCH('面板-总览'!AV$2,'面板-景气指数'!$36:$36,0)) -> 0.44585714 | AX58: =AV58-AS58 -> 0.31028571
R59: 小家电 | S59: =INDEX('面板-景气指数'!$37:$242,MATCH('面板-总览'!$R59,'面板-景气指数'!$A$37:$A$242,0),MATCH('面板-总览'!S$2,'面板-景气指数'!$36:$36,0)) -> 0.2525 | T59: =INDEX('面板-景气指数'!$37:$242,MATCH('面板-总览'!$R59,'面板-景气指数'!$A$37:$A$242,0),MATCH('面板-总览'!T$2,'面板-景气指数'!$36:$36,0)) -> 0.126 | U59: =INDEX('面板-景气指数'!$37:$242,MATCH('面板-总览'!$R59,'面板-景气指数'!$A$37:$A$242,0),MATCH('面板-总览'!U$2,'面板-景气指数'!$36:$36,0)) -> 0.2225 | V59: =INDEX('面板-景气指数'!$37:$242,MATCH('面板-总览'!$R59,'面板-景气指数'!$A$37:$A$242,0),MATCH('面板-总览'!V$2,'面板-景气指数'!$36:$36,0)) -> 0.2225 | W59: =INDEX('面板-景气指数'!$37:$242,MATCH('面板-总览'!$R59,'面板-景气指数'!$A$37:$A$242,0),MATCH('面板-总览'!W$2,'面板-景气指数'!$36:$36,0)) -> 0.2585 | X59: =INDEX('面板-景气指数'!$37:$242,MATCH('面板-总览'!$R59,'面板-景气指数'!$A$37:$A$242,0),MATCH('面板-总览'!X$2,'面板-景气指数'!$36:$36,0)) -> 0.21 | Y59: =INDEX('面板-景气指数'!$37:$242,MATCH('面板-总览'!$R59,'面板-景气指数'!$A$37:$A$242,0),MATCH('面板-总览'!Y$2,'面板-景气指数'!$36:$36,0)) -> 0.1565 | Z59: =INDEX('面板-景气指数'!$37:$242,MATCH('面板-总览'!$R59,'面板-景气指数'!$A$37:$A$242,0),MATCH('面板-总览'!Z$2,'面板-景气指数'!$36:$36,0)) -> 0.1625 | ... AE59: =INDEX('面板-景气指数'!$37:$242,MATCH('面板-总览'!$R59,'面板-景气指数'!$A$37:$A$242,0),MATCH('面板-总览'!AE$2,'面板-景气指数'!$36:$36,0)) -> 0.493 | AG59: =AE59-AB59 -> 0.198 | AI59: 品牌消费电子 | AJ59: =INDEX('面板-景气指数'!$37:$242,MATCH('面板-总览'!$AI59,'面板-景气指数'!$A$37:$A$242,0),MATCH('面板-总览'!AJ$2,'面板-景气指数'!$36:$36,0)) -> 0.4345 | AK59: =INDEX('面板-景气指数'!$37:$242,MATCH('面板-总览'!$AI59,'面板-景气指数'!$A$37:$A$242,0),MATCH('面板-总览'!AK$2,'面板-景气指数'!$36:$36,0)) -> 0.4285 | AL59: =INDEX('面板-景气指数'!$37:$242,MATCH('面板-总览'!$AI59,'面板-景气指数'!$A$37:$A$242,0),MATCH('面板-总览'!AL$2,'面板-景气指数'!$36:$36,0)) -> 0.48275 | AM59: =INDEX('面板-景气指数'!$37:$242,MATCH('面板-总览'!$AI59,'面板-景气指数'!$A$37:$A$242,0),MATCH('面板-总览'!AM$2,'面板-景气指数'!$36:$36,0)) -> 0.56675 | AN59: =INDEX('面板-景气指数'!$37:$242,MATCH('面板-总览'!$AI59,'面板-景气指数'!$A$37:$A$242,0),MATCH('面板-总览'!AN$2,'面板-景气指数'!$36:$36,0)) -> 0.6165 | AO59: =INDEX('面板-景气指数'!$37:$242,MATCH('面板-总览'!$AI59,'面板-景气指数'!$A$37:$A$242,0),MATCH('面板-总览'!AO$2,'面板-景气指数'!$36:$36,0)) -> 0.62275 | AP59: =INDEX('面板-景气指数'!$37:$242,MATCH('面板-总览'!$AI59,'面板-景气指数'!$A$37:$A$242,0),MATCH('面板-总览'!AP$2,'面板-景气指数'!$36:$36,0)) -> 0.5605 | AQ59: =INDEX('面板-景气指数'!$37:$242,MATCH('面板-总览'!$AI59,'面板-景气指数'!$A$37:$A$242,0),MATCH('面板-总览'!AQ$2,'面板-景气指数'!$36:$36,0)) -> 0.494 | ... AV59: =INDEX('面板-景气指数'!$37:$242,MATCH('面板-总览'!$AI59,'面板-景气指数'!$A$37:$A$242,0),MATCH('面板-总览'!AV$2,'面板-景气指数'!$36:$36,0)) -> 0.4635 | AX59: =AV59-AS59 -> -0.083
R60: 厨卫电器 | S60: =INDEX('面板-景气指数'!$37:$242,MATCH('面板-总览'!$R60,'面板-景气指数'!$A$37:$A$242,0),MATCH('面板-总览'!S$2,'面板-景气指数'!$36:$36,0)) -> 0.0585 | T60: =INDEX('面板-景气指数'!$37:$242,MATCH('面板-总览'!$R60,'面板-景气指数'!$A$37:$A$242,0),MATCH('面板-总览'!T$2,'面板-景气指数'!$36:$36,0)) -> 0.0585 | U60: =INDEX('面板-景气指数'!$37:$242,MATCH('面板-总览'!$R60,'面板-景气指数'!$A$37:$A$242,0),MATCH('面板-总览'!U$2,'面板-景气指数'!$36:$36,0)) -> 0.3045 | V60: =INDEX('面板-景气指数'!$37:$242,MATCH('面板-总览'!$R60,'面板-景气指数'!$A$37:$A$242,0),MATCH('面板-总览'!V$2,'面板-景气指数'!$36:$36,0)) -> 0.466 | W60: =INDEX('面板-景气指数'!$37:$242,MATCH('面板-总览'!$R60,'面板-景气指数'!$A$37:$A$242,0),MATCH('面板-总览'!W$2,'面板-景气指数'!$36:$36,0)) -> 0.661 | X60: =INDEX('面板-景气指数'!$37:$242,MATCH('面板-总览'!$R60,'面板-景气指数'!$A$37:$A$242,0),MATCH('面板-总览'!X$2,'面板-景气指数'!$36:$36,0)) -> 0.652 | Y60: =INDEX('面板-景气指数'!$37:$242,MATCH('面板-总览'!$R60,'面板-景气指数'!$A$37:$A$242,0),MATCH('面板-总览'!Y$2,'面板-景气指数'!$36:$36,0)) -> 0.627 | Z60: =INDEX('面板-景气指数'!$37:$242,MATCH('面板-总览'!$R60,'面板-景气指数'!$A$37:$A$242,0),MATCH('面板-总览'!Z$2,'面板-景气指数'!$36:$36,0)) -> 0.5245 | ... AE60: =INDEX('面板-景气指数'!$37:$242,MATCH('面板-总览'!$R60,'面板-景气指数'!$A$37:$A$242,0),MATCH('面板-总览'!AE$2,'面板-景气指数'!$36:$36,0)) -> 0.788 | AG60: =AE60-AB60 -> 0.094 | AI60: 原料药 | AJ60: =INDEX('面板-景气指数'!$37:$242,MATCH('面板-总览'!$AI60,'面板-景气指数'!$A$37:$A$242,0),MATCH('面板-总览'!AJ$2,'面板-景气指数'!$36:$36,0)) -> 0.6405 | AK60: =INDEX('面板-景气指数'!$37:$242,MATCH('面板-总览'!$AI60,'面板-景气指数'!$A$37:$A$242,0),MATCH('面板-总览'!AK$2,'面板-景气指数'!$36:$36,0)) -> 0.62475 | AL60: =INDEX('面板-景气指数'!$37:$242,MATCH('面板-总览'!$AI60,'面板-景气指数'!$A$37:$A$242,0),MATCH('面板-总览'!AL$2,'面板-景气指数'!$36:$36,0)) -> 0.606 | AM60: =INDEX('面板-景气指数'!$37:$242,MATCH('面板-总览'!$AI60,'面板-景气指数'!$A$37:$A$242,0),MATCH('面板-总览'!AM$2,'面板-景气指数'!$36:$36,0)) -> 0.59 | AN60: =INDEX('面板-景气指数'!$37:$242,MATCH('面板-总览'!$AI60,'面板-景气指数'!$A$37:$A$242,0),MATCH('面板-总览'!AN$2,'面板-景气指数'!$36:$36,0)) -> 0.582 | AO60: =INDEX('面板-景气指数'!$37:$242,MATCH('面板-总览'!$AI60,'面板-景气指数'!$A$37:$A$242,0),MATCH('面板-总览'!AO$2,'面板-景气指数'!$36:$36,0)) -> 0.5715 | AP60: =INDEX('面板-景气指数'!$37:$242,MATCH('面板-总览'!$AI60,'面板-景气指数'!$A$37:$A$242,0),MATCH('面板-总览'!AP$2,'面板-景气指数'!$36:$36,0)) -> 0.53425 | AQ60: =INDEX('面板-景气指数'!$37:$242,MATCH('面板-总览'!$AI60,'面板-景气指数'!$A$37:$A$242,0),MATCH('面板-总览'!AQ$2,'面板-景气指数'!$36:$36,0)) -> 0.51825 | ... AV60: =INDEX('面板-景气指数'!$37:$242,MATCH('面板-总览'!$AI60,'面板-景气指数'!$A$37:$A$242,0),MATCH('面板-总览'!AV$2,'面板-景气指数'!$36:$36,0)) -> 0.4705 | AX60: =AV60-AS60 -> -0.0265
R61: 一般零售 | S61: =INDEX('面板-景气指数'!$37:$242,MATCH('面板-总览'!$R61,'面板-景气指数'!$A$37:$A$242,0),MATCH('面板-总览'!S$2,'面板-景气指数'!$36:$36,0)) -> 0.191 | T61: =INDEX('面板-景气指数'!$37:$242,MATCH('面板-总览'!$R61,'面板-景气指数'!$A$37:$A$242,0),MATCH('面板-总览'!T$2,'面板-景气指数'!$36:$36,0)) -> 0.159 | U61: =INDEX('面板-景气指数'!$37:$242,MATCH('面板-总览'!$R61,'面板-景气指数'!$A$37:$A$242,0),MATCH('面板-总览'!U$2,'面板-景气指数'!$36:$36,0)) -> 0.148 | V61: =INDEX('面板-景气指数'!$37:$242,MATCH('面板-总览'!$R61,'面板-景气指数'!$A$37:$A$242,0),MATCH('面板-总览'!V$2,'面板-景气指数'!$36:$36,0)) -> 0.202 | W61: =INDEX('面板-景气指数'!$37:$242,MATCH('面板-总览'!$R61,'面板-景气指数'!$A$37:$A$242,0),MATCH('面板-总览'!W$2,'面板-景气指数'!$36:$36,0)) -> 0.329 | X61: =INDEX('面板-景气指数'!$37:$242,MATCH('面板-总览'!$R61,'面板-景气指数'!$A$37:$A$242,0),MATCH('面板-总览'!X$2,'面板-景气指数'!$36:$36,0)) -> 0.404 | Y61: =INDEX('面板-景气指数'!$37:$242,MATCH('面板-总览'!$R61,'面板-景气指数'!$A$37:$A$242,0),MATCH('面板-总览'!Y$2,'面板-景气指数'!$36:$36,0)) -> 0.436 | Z61: =INDEX('面板-景气指数'!$37:$242,MATCH('面板-总览'!$R61,'面板-景气指数'!$A$37:$A$242,0),MATCH('面板-总览'!Z$2,'面板-景气指数'!$36:$36,0)) -> 0.5 | ... AE61: =INDEX('面板-景气指数'!$37:$242,MATCH('面板-总览'!$R61,'面板-景气指数'!$A$37:$A$242,0),MATCH('面板-总览'!AE$2,'面板-景气指数'!$36:$36,0)) -> 0.489 | AG61: =AE61-AB61 -> -0.011 | AI61: 化学制剂 | AJ61: =INDEX('面板-景气指数'!$37:$242,MATCH('面板-总览'!$AI61,'面板-景气指数'!$A$37:$A$242,0),MATCH('面板-总览'!AJ$2,'面板-景气指数'!$36:$36,0)) -> 0.7865 | AK61: =INDEX('面板-景气指数'!$37:$242,MATCH('面板-总览'!$AI61,'面板-景气指数'!$A$37:$A$242,0),MATCH('面板-总览'!AK$2,'面板-景气指数'!$36:$36,0)) -> 0.792 | AL61: =INDEX('面板-景气指数'!$37:$242,MATCH('面板-总览'!$AI61,'面板-景气指数'!$A$37:$A$242,0),MATCH('面板-总览'!AL$2,'面板-景气指数'!$36:$36,0)) -> 0.824 | AM61: =INDEX('面板-景气指数'!$37:$242,MATCH('面板-总览'!$AI61,'面板-景气指数'!$A$37:$A$242,0),MATCH('面板-总览'!AM$2,'面板-景气指数'!$36:$36,0)) -> 0.808 | AN61: =INDEX('面板-景气指数'!$37:$242,MATCH('面板-总览'!$AI61,'面板-景气指数'!$A$37:$A$242,0),MATCH('面板-总览'!AN$2,'面板-景气指数'!$36:$36,0)) -> 0.8025 | AO61: =INDEX('面板-景气指数'!$37:$242,MATCH('面板-总览'!$AI61,'面板-景气指数'!$A$37:$A$242,0),MATCH('面板-总览'!AO$2,'面板-景气指数'!$36:$36,0)) -> 0.776 | AP61: =INDEX('面板-景气指数'!$37:$242,MATCH('面板-总览'!$AI61,'面板-景气指数'!$A$37:$A$242,0),MATCH('面板-总览'!AP$2,'面板-景气指数'!$36:$36,0)) -> 0.728 | AQ61: =INDEX('面板-景气指数'!$37:$242,MATCH('面板-总览'!$AI61,'面板-景气指数'!$A$37:$A$242,0),MATCH('面板-总览'!AQ$2,'面板-景气指数'!$36:$36,0)) -> 0.7015 | ... AV61: =INDEX('面板-景气指数'!$37:$242,MATCH('面板-总览'!$AI61,'面板-景气指数'!$A$37:$A$242,0),MATCH('面板-总览'!AV$2,'面板-景气指数'!$36:$36,0)) -> 0.4145 | AX61: =AV61-AS61 -> -0.0745
R62: 旅游零售 | S62: =INDEX('面板-景气指数'!$37:$242,MATCH('面板-总览'!$R62,'面板-景气指数'!$A$37:$A$242,0),MATCH('面板-总览'!S$2,'面板-景气指数'!$36:$36,0)) -> 0.167 | T62: =INDEX('面板-景气指数'!$37:$242,MATCH('面板-总览'!$R62,'面板-景气指数'!$A$37:$A$242,0),MATCH('面板-总览'!T$2,'面板-景气指数'!$36:$36,0)) -> 0.23366667 | U62: =INDEX('面板-景气指数'!$37:$242,MATCH('面板-总览'!$R62,'面板-景气指数'!$A$37:$A$242,0),MATCH('面板-总览'!U$2,'面板-景气指数'!$36:$36,0)) -> 0.469 | V62: =INDEX('面板-景气指数'!$37:$242,MATCH('面板-总览'!$R62,'面板-景气指数'!$A$37:$A$242,0),MATCH('面板-总览'!V$2,'面板-景气指数'!$36:$36,0)) -> 0.703 | W62: =INDEX('面板-景气指数'!$37:$242,MATCH('面板-总览'!$R62,'面板-景气指数'!$A$37:$A$242,0),MATCH('面板-总览'!W$2,'面板-景气指数'!$36:$36,0)) -> 0.827 | X62: =INDEX('面板-景气指数'!$37:$242,MATCH('面板-总览'!$R62,'面板-景气指数'!$A$37:$A$242,0),MATCH('面板-总览'!X$2,'面板-景气指数'!$36:$36,0)) -> 0.86066667 | Y62: =INDEX('面板-景气指数'!$37:$242,MATCH('面板-总览'!$R62,'面板-景气指数'!$A$37:$A$242,0),MATCH('面板-总览'!Y$2,'面板-景气指数'!$36:$36,0)) -> 0.81933333 | Z62: =INDEX('面板-景气指数'!$37:$242,MATCH('面板-总览'!$R62,'面板-景气指数'!$A$37:$A$242,0),MATCH('面板-总览'!Z$2,'面板-景气指数'!$36:$36,0)) -> 0.65466667 | ... AE62: =INDEX('面板-景气指数'!$37:$242,MATCH('面板-总览'!$R62,'面板-景气指数'!$A$37:$A$242,0),MATCH('面板-总览'!AE$2,'面板-景气指数'!$36:$36,0)) -> 0.778 | AG62: =AE62-AB62 -> -0.082666667 | AI62: 医院 | AJ62: =INDEX('面板-景气指数'!$37:$242,MATCH('面板-总览'!$AI62,'面板-景气指数'!$A$37:$A$242,0),MATCH('面板-总览'!AJ$2,'面板-景气指数'!$36:$36,0)) -> 0.31 | AK62: =INDEX('面板-景气指数'!$37:$242,MATCH('面板-总览'!$AI62,'面板-景气指数'!$A$37:$A$242,0),MATCH('面板-总览'!AK$2,'面板-景气指数'!$36:$36,0)) -> 0.297 | AL62: =INDEX('面板-景气指数'!$37:$242,MATCH('面板-总览'!$AI62,'面板-景气指数'!$A$37:$A$242,0),MATCH('面板-总览'!AL$2,'面板-景气指数'!$36:$36,0)) -> 0.47233333 | AM62: =INDEX('面板-景气指数'!$37:$242,MATCH('面板-总览'!$AI62,'面板-景气指数'!$A$37:$A$242,0),MATCH('面板-总览'!AM$2,'面板-景气指数'!$36:$36,0)) -> 0.75966667 | AN62: =INDEX('面板-景气指数'!$37:$242,MATCH('面板-总览'!$AI62,'面板-景气指数'!$A$37:$A$242,0),MATCH('面板-总览'!AN$2,'面板-景气指数'!$36:$36,0)) -> 0.85066667 | AO62: =INDEX('面板-景气指数'!$37:$242,MATCH('面板-总览'!$AI62,'面板-景气指数'!$A$37:$A$242,0),MATCH('面板-总览'!AO$2,'面板-景气指数'!$36:$36,0)) -> 0.82266667 | AP62: =INDEX('面板-景气指数'!$37:$242,MATCH('面板-总览'!$AI62,'面板-景气指数'!$A$37:$A$242,0),MATCH('面板-总览'!AP$2,'面板-景气指数'!$36:$36,0)) -> 0.79466667 | AQ62: =INDEX('面板-景气指数'!$37:$242,MATCH('面板-总览'!$AI62,'面板-景气指数'!$A$37:$A$242,0),MATCH('面板-总览'!AQ$2,'面板-景气指数'!$36:$36,0)) -> 0.60666667 | ... AV62: =INDEX('面板-景气指数'!$37:$242,MATCH('面板-总览'!$AI62,'面板-景气指数'!$A$37:$A$242,0),MATCH('面板-总览'!AV$2,'面板-景气指数'!$36:$36,0)) -> 0.717 | AX62: =AV62-AS62 -> 0.14533333
R63: 酒店餐饮 | S63: =INDEX('面板-景气指数'!$37:$242,MATCH('面板-总览'!$R63,'面板-景气指数'!$A$37:$A$242,0),MATCH('面板-总览'!S$2,'面板-景气指数'!$36:$36,0)) -> 0.47266667 | T63: =INDEX('面板-景气指数'!$37:$242,MATCH('面板-总览'!$R63,'面板-景气指数'!$A$37:$A$242,0),MATCH('面板-总览'!T$2,'面板-景气指数'!$36:$36,0)) -> 0.51833333 | U63: =INDEX('面板-景气指数'!$37:$242,MATCH('面板-总览'!$R63,'面板-景气指数'!$A$37:$A$242,0),MATCH('面板-总览'!U$2,'面板-景气指数'!$36:$36,0)) -> 0.561 | V63: =INDEX('面板-景气指数'!$37:$242,MATCH('面板-总览'!$R63,'面板-景气指数'!$A$37:$A$242,0),MATCH('面板-总览'!V$2,'面板-景气指数'!$36:$36,0)) -> 0.81566667 | W63: =INDEX('面板-景气指数'!$37:$242,MATCH('面板-总览'!$R63,'面板-景气指数'!$A$37:$A$242,0),MATCH('面板-总览'!W$2,'面板-景气指数'!$36:$36,0)) -> 0.89333333 | X63: =INDEX('面板-景气指数'!$37:$242,MATCH('面板-总览'!$R63,'面板-景气指数'!$A$37:$A$242,0),MATCH('面板-总览'!X$2,'面板-景气指数'!$36:$36,0)) -> 0.92866667 | Y63: =INDEX('面板-景气指数'!$37:$242,MATCH('面板-总览'!$R63,'面板-景气指数'!$A$37:$A$242,0),MATCH('面板-总览'!Y$2,'面板-景气指数'!$36:$36,0)) -> 0.91466667 | Z63: =INDEX('面板-景气指数'!$37:$242,MATCH('面板-总览'!$R63,'面板-景气指数'!$A$37:$A$242,0),MATCH('面板-总览'!Z$2,'面板-景气指数'!$36:$36,0)) -> 0.83 | ... AE63: =INDEX('面板-景气指数'!$37:$242,MATCH('面板-总览'!$R63,'面板-景气指数'!$A$37:$A$242,0),MATCH('面板-总览'!AE$2,'面板-景气指数'!$36:$36,0)) -> 0.83366667 | AG63: =AE63-AB63 -> 0.060666667 | AI63: 医疗研发外包 | AJ63: =INDEX('面板-景气指数'!$37:$242,MATCH('面板-总览'!$AI63,'面板-景气指数'!$A$37:$A$242,0),MATCH('面板-总览'!AJ$2,'面板-景气指数'!$36:$36,0)) -> 0.2055 | AK63: =INDEX('面板-景气指数'!$37:$242,MATCH('面板-总览'!$AI63,'面板-景气指数'!$A$37:$A$242,0),MATCH('面板-总览'!AK$2,'面板-景气指数'!$36:$36,0)) -> 0.21 | AL63: =INDEX('面板-景气指数'!$37:$242,MATCH('面板-总览'!$AI63,'面板-景气指数'!$A$37:$A$242,0),MATCH('面板-总览'!AL$2,'面板-景气指数'!$36:$36,0)) -> 0.36 | AM63: =INDEX('面板-景气指数'!$37:$242,MATCH('面板-总览'!$AI63,'面板-景气指数'!$A$37:$A$242,0),MATCH('面板-总览'!AM$2,'面板-景气指数'!$36:$36,0)) -> 0.596 | AN63: =INDEX('面板-景气指数'!$37:$242,MATCH('面板-总览'!$AI63,'面板-景气指数'!$A$37:$A$242,0),MATCH('面板-总览'!AN$2,'面板-景气指数'!$36:$36,0)) -> 0.6995 | AO63: =INDEX('面板-景气指数'!$37:$242,MATCH('面板-总览'!$AI63,'面板-景气指数'!$A$37:$A$242,0),MATCH('面板-总览'!AO$2,'面板-景气指数'!$36:$36,0)) -> 0.9085 | AP63: =INDEX('面板-景气指数'!$37:$242,MATCH('面板-总览'!$AI63,'面板-景气指数'!$A$37:$A$242,0),MATCH('面板-总览'!AP$2,'面板-景气指数'!$36:$36,0)) -> 0.672 | AQ63: =INDEX('面板-景气指数'!$37:$242,MATCH('面板-总览'!$AI63,'面板-景气指数'!$A$37:$A$242,0),MATCH('面板-总览'!AQ$2,'面板-景气指数'!$36:$36,0)) -> 0.783 | ... AV63: =INDEX('面板-景气指数'!$37:$242,MATCH('面板-总览'!$AI63,'面板-景气指数'!$A$37:$A$242,0),MATCH('面板-总览'!AV$2,'面板-景气指数'!$36:$36,0)) -> 0.5365 | AX63: =AV63-AS63 -> 0.0155
R64: 旅游及景区 | S64: =INDEX('面板-景气指数'!$37:$242,MATCH('面板-总览'!$R64,'面板-景气指数'!$A$37:$A$242,0),MATCH('面板-总览'!S$2,'面板-景气指数'!$36:$36,0)) -> 0.0955 | T64: =INDEX('面板-景气指数'!$37:$242,MATCH('面板-总览'!$R64,'面板-景气指数'!$A$37:$A$242,0),MATCH('面板-总览'!T$2,'面板-景气指数'!$36:$36,0)) -> 0.228 | U64: =INDEX('面板-景气指数'!$37:$242,MATCH('面板-总览'!$R64,'面板-景气指数'!$A$37:$A$242,0),MATCH('面板-总览'!U$2,'面板-景气指数'!$36:$36,0)) -> 0.5685 | V64: =INDEX('面板-景气指数'!$37:$242,MATCH('面板-总览'!$R64,'面板-景气指数'!$A$37:$A$242,0),MATCH('面板-总览'!V$2,'面板-景气指数'!$36:$36,0)) -> 0.776 | W64: =INDEX('面板-景气指数'!$37:$242,MATCH('面板-总览'!$R64,'面板-景气指数'!$A$37:$A$242,0),MATCH('面板-总览'!W$2,'面板-景气指数'!$36:$36,0)) -> 0.813 | X64: =INDEX('面板-景气指数'!$37:$242,MATCH('面板-总览'!$R64,'面板-景气指数'!$A$37:$A$242,0),MATCH('面板-总览'!X$2,'面板-景气指数'!$36:$36,0)) -> 0.888 | Y64: =INDEX('面板-景气指数'!$37:$242,MATCH('面板-总览'!$R64,'面板-景气指数'!$A$37:$A$242,0),MATCH('面板-总览'!Y$2,'面板-景气指数'!$36:$36,0)) -> 0.8985 | Z64: =INDEX('面板-景气指数'!$37:$242,MATCH('面板-总览'!$R64,'面板-景气指数'!$A$37:$A$242,0),MATCH('面板-总览'!Z$2,'面板-景气指数'!$36:$36,0)) -> 0.861 | ... AE64: =INDEX('面板-景气指数'!$37:$242,MATCH('面板-总览'!$R64,'面板-景气指数'!$A$37:$A$242,0),MATCH('面板-总览'!AE$2,'面板-景气指数'!$36:$36,0)) -> 0.8665 | AG64: =AE64-AB64 -> -0.0265 | AI64: 快递 | AJ64: =INDEX('面板-景气指数'!$37:$242,MATCH('面板-总览'!$AI64,'面板-景气指数'!$A$37:$A$242,0),MATCH('面板-总览'!AJ$2,'面板-景气指数'!$36:$36,0)) -> 0.1055 | AK64: =INDEX('面板-景气指数'!$37:$242,MATCH('面板-总览'!$AI64,'面板-景气指数'!$A$37:$A$242,0),MATCH('面板-总览'!AK$2,'面板-景气指数'!$36:$36,0)) -> 0.214 | AL64: =INDEX('面板-景气指数'!$37:$242,MATCH('面板-总览'!$AI64,'面板-景气指数'!$A$37:$A$242,0),MATCH('面板-总览'!AL$2,'面板-景气指数'!$36:$36,0)) -> 0.2265 | AM64: =INDEX('面板-景气指数'!$37:$242,MATCH('面板-总览'!$AI64,'面板-景气指数'!$A$37:$A$242,0),MATCH('面板-总览'!AM$2,'面板-景气指数'!$36:$36,0)) -> 0.1895 | AN64: =INDEX('面板-景气指数'!$37:$242,MATCH('面板-总览'!$AI64,'面板-景气指数'!$A$37:$A$242,0),MATCH('面板-总览'!AN$2,'面板-景气指数'!$36:$36,0)) -> 0.1145 | AO64: =INDEX('面板-景气指数'!$37:$242,MATCH('面板-总览'!$AI64,'面板-景气指数'!$A$37:$A$242,0),MATCH('面板-总览'!AO$2,'面板-景气指数'!$36:$36,0)) -> 0.128 | AP64: =INDEX('面板-景气指数'!$37:$242,MATCH('面板-总览'!$AI64,'面板-景气指数'!$A$37:$A$242,0),MATCH('面板-总览'!AP$2,'面板-景气指数'!$36:$36,0)) -> 0.169 | AQ64: =INDEX('面板-景气指数'!$37:$242,MATCH('面板-总览'!$AI64,'面板-景气指数'!$A$37:$A$242,0),MATCH('面板-总览'!AQ$2,'面板-景气指数'!$36:$36,0)) -> 0.2385 | ... AV64: =INDEX('面板-景气指数'!$37:$242,MATCH('面板-总览'!$AI64,'面板-景气指数'!$A$37:$A$242,0),MATCH('面板-总览'!AV$2,'面板-景气指数'!$36:$36,0)) -> 0.2765 | AX64: =AV64-AS64 -> -0.024
... R71: 化妆品 | S71: =INDEX('面板-景气指数'!$37:$242,MATCH('面板-总览'!$R71,'面板-景气指数'!$A$37:$A$242,0),MATCH('面板-总览'!S$2,'面板-景气指数'!$36:$36,0)) -> 0.031 | T71: =INDEX('面板-景气指数'!$37:$242,MATCH('面板-总览'!$R71,'面板-景气指数'!$A$37:$A$242,0),MATCH('面板-总览'!T$2,'面板-景气指数'!$36:$36,0)) -> 0.021 | U71: =INDEX('面板-景气指数'!$37:$242,MATCH('面板-总览'!$R71,'面板-景气指数'!$A$37:$A$242,0),MATCH('面板-总览'!U$2,'面板-景气指数'!$36:$36,0)) -> 0.053 | V71: =INDEX('面板-景气指数'!$37:$242,MATCH('面板-总览'!$R71,'面板-景气指数'!$A$37:$A$242,0),MATCH('面板-总览'!V$2,'面板-景气指数'!$36:$36,0)) -> 0.361 | W71: =INDEX('面板-景气指数'!$37:$242,MATCH('面板-总览'!$R71,'面板-景气指数'!$A$37:$A$242,0),MATCH('面板-总览'!W$2,'面板-景气指数'!$36:$36,0)) -> 0.68 | X71: =INDEX('面板-景气指数'!$37:$242,MATCH('面板-总览'!$R71,'面板-景气指数'!$A$37:$A$242,0),MATCH('面板-总览'!X$2,'面板-景气指数'!$36:$36,0)) -> 0.808 | Y71: =INDEX('面板-景气指数'!$37:$242,MATCH('面板-总览'!$R71,'面板-景气指数'!$A$37:$A$242,0),MATCH('面板-总览'!Y$2,'面板-景气指数'!$36:$36,0)) -> 0.712 | Z71: =INDEX('面板-景气指数'!$37:$242,MATCH('面板-总览'!$R71,'面板-景气指数'!$A$37:$A$242,0),MATCH('面板-总览'!Z$2,'面板-景气指数'!$36:$36,0)) -> 0.234 | ... AE71: =INDEX('面板-景气指数'!$37:$242,MATCH('面板-总览'!$R71,'面板-景气指数'!$A$37:$A$242,0),MATCH('面板-总览'!AE$2,'面板-景气指数'!$36:$36,0)) -> 0.159 | AG71: =AE71-AB71 -> -0.032 | AI71: 光伏发电 | AJ71: =INDEX('面板-景气指数'!$37:$242,MATCH('面板-总览'!$AI71,'面板-景气指数'!$A$37:$A$242,0),MATCH('面板-总览'!AJ$2,'面板-景气指数'!$36:$36,0)) -> 0.762 | AK71: =INDEX('面板-景气指数'!$37:$242,MATCH('面板-总览'!$AI71,'面板-景气指数'!$A$37:$A$242,0),MATCH('面板-总览'!AK$2,'面板-景气指数'!$36:$36,0)) -> 0.7165 | AL71: =INDEX('面板-景气指数'!$37:$242,MATCH('面板-总览'!$AI71,'面板-景气指数'!$A$37:$A$242,0),MATCH('面板-总览'!AL$2,'面板-景气指数'!$36:$36,0)) -> 0.5105 | AM71: =INDEX('面板-景气指数'!$37:$242,MATCH('面板-总览'!$AI71,'面板-景气指数'!$A$37:$A$242,0),MATCH('面板-总览'!AM$2,'面板-景气指数'!$36:$36,0)) -> 0.415 | AN71: =INDEX('面板-景气指数'!$37:$242,MATCH('面板-总览'!$AI71,'面板-景气指数'!$A$37:$A$242,0),MATCH('面板-总览'!AN$2,'面板-景气指数'!$36:$36,0)) -> 0.2305 | AO71: =INDEX('面板-景气指数'!$37:$242,MATCH('面板-总览'!$AI71,'面板-景气指数'!$A$37:$A$242,0),MATCH('面板-总览'!AO$2,'面板-景气指数'!$36:$36,0)) -> 0.163 | AP71: =INDEX('面板-景气指数'!$37:$242,MATCH('面板-总览'!$AI71,'面板-景气指数'!$A$37:$A$242,0),MATCH('面板-总览'!AP$2,'面板-景气指数'!$36:$36,0)) -> 0.0565 | AQ71: =INDEX('面板-景气指数'!$37:$242,MATCH('面板-总览'!$AI71,'面板-景气指数'!$A$37:$A$242,0),MATCH('面板-总览'!AQ$2,'面板-景气指数'!$36:$36,0)) -> 0.036 | ... AV71: =INDEX('面板-景气指数'!$37:$242,MATCH('面板-总览'!$AI71,'面板-景气指数'!$A$37:$A$242,0),MATCH('面板-总览'!AV$2,'面板-景气指数'!$36:$36,0)) -> 0.277 | AX71: =AV71-AS71 -> 0.13
R72: 个护用品 | S72: =INDEX('面板-景气指数'!$37:$242,MATCH('面板-总览'!$R72,'面板-景气指数'!$A$37:$A$242,0),MATCH('面板-总览'!S$2,'面板-景气指数'!$36:$36,0)) -> 0.4335 | T72: =INDEX('面板-景气指数'!$37:$242,MATCH('面板-总览'!$R72,'面板-景气指数'!$A$37:$A$242,0),MATCH('面板-总览'!T$2,'面板-景气指数'!$36:$36,0)) -> 0.314 | U72: =INDEX('面板-景气指数'!$37:$242,MATCH('面板-总览'!$R72,'面板-景气指数'!$A$37:$A$242,0),MATCH('面板-总览'!U$2,'面板-景气指数'!$36:$36,0)) -> 0.355 | V72: =INDEX('面板-景气指数'!$37:$242,MATCH('面板-总览'!$R72,'面板-景气指数'!$A$37:$A$242,0),MATCH('面板-总览'!V$2,'面板-景气指数'!$36:$36,0)) -> 0.2895 | W72: =INDEX('面板-景气指数'!$37:$242,MATCH('面板-总览'!$R72,'面板-景气指数'!$A$37:$A$242,0),MATCH('面板-总览'!W$2,'面板-景气指数'!$36:$36,0)) -> 0.334 | X72: =INDEX('面板-景气指数'!$37:$242,MATCH('面板-总览'!$R72,'面板-景气指数'!$A$37:$A$242,0),MATCH('面板-总览'!X$2,'面板-景气指数'!$36:$36,0)) -> 0.318 | Y72: =INDEX('面板-景气指数'!$37:$242,MATCH('面板-总览'!$R72,'面板-景气指数'!$A$37:$A$242,0),MATCH('面板-总览'!Y$2,'面板-景气指数'!$36:$36,0)) -> 0.1845 | Z72: =INDEX('面板-景气指数'!$37:$242,MATCH('面板-总览'!$R72,'面板-景气指数'!$A$37:$A$242,0),MATCH('面板-总览'!Z$2,'面板-景气指数'!$36:$36,0)) -> 0.069 | ... AE72: =INDEX('面板-景气指数'!$37:$242,MATCH('面板-总览'!$R72,'面板-景气指数'!$A$37:$A$242,0),MATCH('面板-总览'!AE$2,'面板-景气指数'!$36:$36,0)) -> 0.154 | AG72: =AE72-AB72 -> 0.0725
R73: 医疗美容 | S73: =INDEX('面板-景气指数'!$37:$242,MATCH('面板-总览'!$R73,'面板-景气指数'!$A$37:$A$242,0),MATCH('面板-总览'!S$2,'面板-景气指数'!$36:$36,0)) -> 0.6765 | T73: =INDEX('面板-景气指数'!$37:$242,MATCH('面板-总览'!$R73,'面板-景气指数'!$A$37:$A$242,0),MATCH('面板-总览'!T$2,'面板-景气指数'!$36:$36,0)) -> 0.6885 | U73: =INDEX('面板-景气指数'!$37:$242,MATCH('面板-总览'!$R73,'面板-景气指数'!$A$37:$A$242,0),MATCH('面板-总览'!U$2,'面板-景气指数'!$36:$36,0)) -> 0.66133333 | V73: =INDEX('面板-景气指数'!$37:$242,MATCH('面板-总览'!$R73,'面板-景气指数'!$A$37:$A$242,0),MATCH('面板-总览'!V$2,'面板-景气指数'!$36:$36,0)) -> 0.66766667 | W73: =INDEX('面板-景气指数'!$37:$242,MATCH('面板-总览'!$R73,'面板-景气指数'!$A$37:$A$242,0),MATCH('面板-总览'!W$2,'面板-景气指数'!$36:$36,0)) -> 0.71633333 | X73: =INDEX('面板-景气指数'!$37:$242,MATCH('面板-总览'!$R73,'面板-景气指数'!$A$37:$A$242,0),MATCH('面板-总览'!X$2,'面板-景气指数'!$36:$36,0)) -> 0.7625 | Y73: =INDEX('面板-景气指数'!$37:$242,MATCH('面板-总览'!$R73,'面板-景气指数'!$A$37:$A$242,0),MATCH('面板-总览'!Y$2,'面板-景气指数'!$36:$36,0)) -> 0.74466667 | Z73: =INDEX('面板-景气指数'!$37:$242,MATCH('面板-总览'!$R73,'面板-景气指数'!$A$37:$A$242,0),MATCH('面板-总览'!Z$2,'面板-景气指数'!$36:$36,0)) -> 0.62933333 | ... AE73: =INDEX('面板-景气指数'!$37:$242,MATCH('面板-总览'!$R73,'面板-景气指数'!$A$37:$A$242,0),MATCH('面板-总览'!AE$2,'面板-景气指数'!$36:$36,0)) -> 0.248 | AG73: =AE73-AB73 -> -0.1775
R74: 养殖业 | S74: =INDEX('面板-景气指数'!$37:$242,MATCH('面板-总览'!$R74,'面板-景气指数'!$A$37:$A$242,0),MATCH('面板-总览'!S$2,'面板-景气指数'!$36:$36,0)) -> 0.66 | T74: =INDEX('面板-景气指数'!$37:$242,MATCH('面板-总览'!$R74,'面板-景气指数'!$A$37:$A$242,0),MATCH('面板-总览'!T$2,'面板-景气指数'!$36:$36,0)) -> 0.4876 | U74: =INDEX('面板-景气指数'!$37:$242,MATCH('面板-总览'!$R74,'面板-景气指数'!$A$37:$A$242,0),MATCH('面板-总览'!U$2,'面板-景气指数'!$36:$36,0)) -> 0.3572 | V74: =INDEX('面板-景气指数'!$37:$242,MATCH('面板-总览'!$R74,'面板-景气指数'!$A$37:$A$242,0),MATCH('面板-总览'!V$2,'面板-景气指数'!$36:$36,0)) -> 0.3154 | W74: =INDEX('面板-景气指数'!$37:$242,MATCH('面板-总览'!$R74,'面板-景气指数'!$A$37:$A$242,0),MATCH('面板-总览'!W$2,'面板-景气指数'!$36:$36,0)) -> 0.338 | X74: =INDEX('面板-景气指数'!$37:$242,MATCH('面板-总览'!$R74,'面板-景气指数'!$A$37:$A$242,0),MATCH('面板-总览'!X$2,'面板-景气指数'!$36:$36,0)) -> 0.2984 | Y74: =INDEX('面板-景气指数'!$37:$242,MATCH('面板-总览'!$R74,'面板-景气指数'!$A$37:$A$242,0),MATCH('面板-总览'!Y$2,'面板-景气指数'!$36:$36,0)) -> 0.2103 | Z74: =INDEX('面板-景气指数'!$37:$242,MATCH('面板-总览'!$R74,'面板-景气指数'!$A$37:$A$242,0),MATCH('面板-总览'!Z$2,'面板-景气指数'!$36:$36,0)) -> 0.1824 | ... AE74: =INDEX('面板-景气指数'!$37:$242,MATCH('面板-总览'!$R74,'面板-景气指数'!$A$37:$A$242,0),MATCH('面板-总览'!AE$2,'面板-景气指数'!$36:$36,0)) -> 0.2165 | AG74: =AE74-AB74 -> -0.0478
R75: 动物保健 | S75: =INDEX('面板-景气指数'!$37:$242,MATCH('面板-总览'!$R75,'面板-景气指数'!$A$37:$A$242,0),MATCH('面板-总览'!S$2,'面板-景气指数'!$36:$36,0)) -> 0.723 | T75: =INDEX('面板-景气指数'!$37:$242,MATCH('面板-总览'!$R75,'面板-景气指数'!$A$37:$A$242,0),MATCH('面板-总览'!T$2,'面板-景气指数'!$36:$36,0)) -> 0.521 | U75: =INDEX('面板-景气指数'!$37:$242,MATCH('面板-总览'!$R75,'面板-景气指数'!$A$37:$A$242,0),MATCH('面板-总览'!U$2,'面板-景气指数'!$36:$36,0)) -> 0.212 | V75: =INDEX('面板-景气指数'!$37:$242,MATCH('面板-总览'!$R75,'面板-景气指数'!$A$37:$A$242,0),MATCH('面板-总览'!V$2,'面板-景气指数'!$36:$36,0)) -> 0.106 | W75: =INDEX('面板-景气指数'!$37:$242,MATCH('面板-总览'!$R75,'面板-景气指数'!$A$37:$A$242,0),MATCH('面板-总览'!W$2,'面板-景气指数'!$36:$36,0)) -> 0.095 | X75: =INDEX('面板-景气指数'!$37:$242,MATCH('面板-总览'!$R75,'面板-景气指数'!$A$37:$A$242,0),MATCH('面板-总览'!X$2,'面板-景气指数'!$36:$36,0)) -> 0.085 | Y75: =INDEX('面板-景气指数'!$37:$242,MATCH('面板-总览'!$R75,'面板-景气指数'!$A$37:$A$242,0),MATCH('面板-总览'!Y$2,'面板-景气指数'!$36:$36,0)) -> 0.053 | Z75: =INDEX('面板-景气指数'!$37:$242,MATCH('面板-总览'!$R75,'面板-景气指数'!$A$37:$A$242,0),MATCH('面板-总览'!Z$2,'面板-景气指数'!$36:$36,0)) -> 0.063 | ... AE75: =INDEX('面板-景气指数'!$37:$242,MATCH('面板-总览'!$R75,'面板-景气指数'!$A$37:$A$242,0),MATCH('面板-总览'!AE$2,'面板-景气指数'!$36:$36,0)) -> 0.191 | AG75: =AE75-AB75 -> -0.032
R76: 饲料 | S76: =INDEX('面板-景气指数'!$37:$242,MATCH('面板-总览'!$R76,'面板-景气指数'!$A$37:$A$242,0),MATCH('面板-总览'!S$2,'面板-景气指数'!$36:$36,0)) -> 0.861 | T76: =INDEX('面板-景气指数'!$37:$242,MATCH('面板-总览'!$R76,'面板-景气指数'!$A$37:$A$242,0),MATCH('面板-总览'!T$2,'面板-景气指数'!$36:$36,0)) -> 0.829 | U76: =INDEX('面板-景气指数'!$37:$242,MATCH('面板-总览'!$R76,'面板-景气指数'!$A$37:$A$242,0),MATCH('面板-总览'!U$2,'面板-景气指数'!$36:$36,0)) -> 0.617 | V76: =INDEX('面板-景气指数'!$37:$242,MATCH('面板-总览'!$R76,'面板-景气指数'!$A$37:$A$242,0),MATCH('面板-总览'!V$2,'面板-景气指数'!$36:$36,0)) -> 0.414 | W76: =INDEX('面板-景气指数'!$37:$242,MATCH('面板-总览'!$R76,'面板-景气指数'!$A$37:$A$242,0),MATCH('面板-总览'!W$2,'面板-景气指数'!$36:$36,0)) -> 0.17 | X76: =INDEX('面板-景气指数'!$37:$242,MATCH('面板-总览'!$R76,'面板-景气指数'!$A$37:$A$242,0),MATCH('面板-总览'!X$2,'面板-景气指数'!$36:$36,0)) -> 0.063 | Y76: =INDEX('面板-景气指数'!$37:$242,MATCH('面板-总览'!$R76,'面板-景气指数'!$A$37:$A$242,0),MATCH('面板-总览'!Y$2,'面板-景气指数'!$36:$36,0)) -> 0.18 | Z76: =INDEX('面板-景气指数'!$37:$242,MATCH('面板-总览'!$R76,'面板-景气指数'!$A$37:$A$242,0),MATCH('面板-总览'!Z$2,'面板-景气指数'!$36:$36,0)) -> 0.319 | ... AE76: =INDEX('面板-景气指数'!$37:$242,MATCH('面板-总览'!$R76,'面板-景气指数'!$A$37:$A$242,0),MATCH('面板-总览'!AE$2,'面板-景气指数'!$36:$36,0)) -> 0 | AG76: =AE76-AB76 -> -0.425
R77: 农产品加工 | S77: =INDEX('面板-景气指数'!$37:$242,MATCH('面板-总览'!$R77,'面板-景气指数'!$A$37:$A$242,0),MATCH('面板-总览'!S$2,'面板-景气指数'!$36:$36,0)) -> 0.52129474 | T77: =INDEX('面板-景气指数'!$37:$242,MATCH('面板-总览'!$R77,'面板-景气指数'!$A$37:$A$242,0),MATCH('面板-总览'!T$2,'面板-景气指数'!$36:$36,0)) -> 0.3989036 | U77: =INDEX('面板-景气指数'!$37:$242,MATCH('面板-总览'!$R77,'面板-景气指数'!$A$37:$A$242,0),MATCH('面板-总览'!U$2,'面板-景气指数'!$36:$36,0)) -> 0.38662257 | V77: =INDEX('面板-景气指数'!$37:$242,MATCH('面板-总览'!$R77,'面板-景气指数'!$A$37:$A$242,0),MATCH('面板-总览'!V$2,'面板-景气指数'!$36:$36,0)) -> 0.35631744 | W77: =INDEX('面板-景气指数'!$37:$242,MATCH('面板-总览'!$R77,'面板-景气指数'!$A$37:$A$242,0),MATCH('面板-总览'!W$2,'面板-景气指数'!$36:$36,0)) -> 0.31565507 | X77: =INDEX('面板-景气指数'!$37:$242,MATCH('面板-总览'!$R77,'面板-景气指数'!$A$37:$A$242,0),MATCH('面板-总览'!X$2,'面板-景气指数'!$36:$36,0)) -> 0.19877808 | Y77: =INDEX('面板-景气指数'!$37:$242,MATCH('面板-总览'!$R77,'面板-景气指数'!$A$37:$A$242,0),MATCH('面板-总览'!Y$2,'面板-景气指数'!$36:$36,0)) -> 0.10871057 | Z77: =INDEX('面板-景气指数'!$37:$242,MATCH('面板-总览'!$R77,'面板-景气指数'!$A$37:$A$242,0),MATCH('面板-总览'!Z$2,'面板-景气指数'!$36:$36,0)) -> 0.073801075 | ... AE77: =INDEX('面板-景气指数'!$37:$242,MATCH('面板-总览'!$R77,'面板-景气指数'!$A$37:$A$242,0),MATCH('面板-总览'!AE$2,'面板-景气指数'!$36:$36,0)) -> 0.091529849 | AG77: =AE77-AB77 -> 0.011252727
R78: 白酒 | S78: =INDEX('面板-景气指数'!$37:$242,MATCH('面板-总览'!$R78,'面板-景气指数'!$A$37:$A$242,0),MATCH('面板-总览'!S$2,'面板-景气指数'!$36:$36,0)) -> 0.14524121 | T78: =INDEX('面板-景气指数'!$37:$242,MATCH('面板-总览'!$R78,'面板-景气指数'!$A$37:$A$242,0),MATCH('面板-总览'!T$2,'面板-景气指数'!$36:$36,0)) -> 0.10998492 | U78: =INDEX('面板-景气指数'!$37:$242,MATCH('面板-总览'!$R78,'面板-景气指数'!$A$37:$A$242,0),MATCH('面板-总览'!U$2,'面板-景气指数'!$36:$36,0)) -> 0.095718593 | V78: =INDEX('面板-景气指数'!$37:$242,MATCH('面板-总览'!$R78,'面板-景气指数'!$A$37:$A$242,0),MATCH('面板-总览'!V$2,'面板-景气指数'!$36:$36,0)) -> 0.084904523 | W78: =INDEX('面板-景气指数'!$37:$242,MATCH('面板-总览'!$R78,'面板-景气指数'!$A$37:$A$242,0),MATCH('面板-总览'!W$2,'面板-景气指数'!$36:$36,0)) -> 0.11463819 | X78: =INDEX('面板-景气指数'!$37:$242,MATCH('面板-总览'!$R78,'面板-景气指数'!$A$37:$A$242,0),MATCH('面板-总览'!X$2,'面板-景气指数'!$36:$36,0)) -> 0.13260302 | Y78: =INDEX('面板-景气指数'!$37:$242,MATCH('面板-总览'!$R78,'面板-景气指数'!$A$37:$A$242,0),MATCH('面板-总览'!Y$2,'面板-景气指数'!$36:$36,0)) -> 0.12917085 | Z78: =INDEX('面板-景气指数'!$37:$242,MATCH('面板-总览'!$R78,'面板-景气指数'!$A$37:$A$242,0),MATCH('面板-总览'!Z$2,'面板-景气指数'!$36:$36,0)) -> 0.16856281 | ... AE78: =INDEX('面板-景气指数'!$37:$242,MATCH('面板-总览'!$R78,'面板-景气指数'!$A$37:$A$242,0),MATCH('面板-总览'!AE$2,'面板-景气指数'!$36:$36,0)) -> 0.44027638 | AG78: =AE78-AB78 -> 0.07659799
R79: 非白酒 | S79: =INDEX('面板-景气指数'!$37:$242,MATCH('面板-总览'!$R79,'面板-景气指数'!$A$37:$A$242,0),MATCH('面板-总览'!S$2,'面板-景气指数'!$36:$36,0)) -> 0.16157962 | T79: =INDEX('面板-景气指数'!$37:$242,MATCH('面板-总览'!$R79,'面板-景气指数'!$A$37:$A$242,0),MATCH('面板-总览'!T$2,'面板-景气指数'!$36:$36,0)) -> 0.28824841 | U79: =INDEX('面板-景气指数'!$37:$242,MATCH('面板-总览'!$R79,'面板-景气指数'!$A$37:$A$242,0),MATCH('面板-总览'!U$2,'面板-景气指数'!$36:$36,0)) -> 0.32957962 | V79: =INDEX('面板-景气指数'!$37:$242,MATCH('面板-总览'!$R79,'面板-景气指数'!$A$37:$A$242,0),MATCH('面板-总览'!V$2,'面板-景气指数'!$36:$36,0)) -> 0.6039172 | W79: =INDEX('面板-景气指数'!$37:$242,MATCH('面板-总览'!$R79,'面板-景气指数'!$A$37:$A$242,0),MATCH('面板-总览'!W$2,'面板-景气指数'!$36:$36,0)) -> 0.68798089 | X79: =INDEX('面板-景气指数'!$37:$242,MATCH('面板-总览'!$R79,'面板-景气指数'!$A$37:$A$242,0),MATCH('面板-总览'!X$2,'面板-景气指数'!$36:$36,0)) -> 0.72540127 | Y79: =INDEX('面板-景气指数'!$37:$242,MATCH('面板-总览'!$R79,'面板-景气指数'!$A$37:$A$242,0),MATCH('面板-总览'!Y$2,'面板-景气指数'!$36:$36,0)) -> 0.74131847 | Z79: =INDEX('面板-景气指数'!$37:$242,MATCH('面板-总览'!$R79,'面板-景气指数'!$A$37:$A$242,0),MATCH('面板-总览'!Z$2,'面板-景气指数'!$36:$36,0)) -> 0.68868153 | ... AE79: =INDEX('面板-景气指数'!$37:$242,MATCH('面板-总览'!$R79,'面板-景气指数'!$A$37:$A$242,0),MATCH('面板-总览'!AE$2,'面板-景气指数'!$36:$36,0)) -> 0.74817834 | AG79: =AE79-AB79 -> 0.039649682
R80: 饮料乳品 | S80: =INDEX('面板-景气指数'!$37:$242,MATCH('面板-总览'!$R80,'面板-景气指数'!$A$37:$A$242,0),MATCH('面板-总览'!S$2,'面板-景气指数'!$36:$36,0)) -> 0.25468679 | T80: =INDEX('面板-景气指数'!$37:$242,MATCH('面板-总览'!$R80,'面板-景气指数'!$A$37:$A$242,0),MATCH('面板-总览'!T$2,'面板-景气指数'!$36:$36,0)) -> 0.19280907 | U80: =INDEX('面板-景气指数'!$37:$242,MATCH('面板-总览'!$R80,'面板-景气指数'!$A$37:$A$242,0),MATCH('面板-总览'!U$2,'面板-景气指数'!$36:$36,0)) -> 0.22214053 | V80: =INDEX('面板-景气指数'!$37:$242,MATCH('面板-总览'!$R80,'面板-景气指数'!$A$37:$A$242,0),MATCH('面板-总览'!V$2,'面板-景气指数'!$36:$36,0)) -> 0.27171694 | W80: =INDEX('面板-景气指数'!$37:$242,MATCH('面板-总览'!$R80,'面板-景气指数'!$A$37:$A$242,0),MATCH('面板-总览'!W$2,'面板-景气指数'!$36:$36,0)) -> 0.27144132 | X80: =INDEX('面板-景气指数'!$37:$242,MATCH('面板-总览'!$R80,'面板-景气指数'!$A$37:$A$242,0),MATCH('面板-总览'!X$2,'面板-景气指数'!$36:$36,0)) -> 0.28230138 | Y80: =INDEX('面板-景气指数'!$37:$242,MATCH('面板-总览'!$R80,'面板-景气指数'!$A$37:$A$242,0),MATCH('面板-总览'!Y$2,'面板-景气指数'!$36:$36,0)) -> 0.26960746 | Z80: =INDEX('面板-景气指数'!$37:$242,MATCH('面板-总览'!$R80,'面板-景气指数'!$A$37:$A$242,0),MATCH('面板-总览'!Z$2,'面板-景气指数'!$36:$36,0)) -> 0.24568249 | ... AE80: =INDEX('面板-景气指数'!$37:$242,MATCH('面板-总览'!$R80,'面板-景气指数'!$A$37:$A$242,0),MATCH('面板-总览'!AE$2,'面板-景气指数'!$36:$36,0)) -> 0.20923915 | AG80: =AE80-AB80 -> 0.024639805
R81: 休闲食品 | S81: =INDEX('面板-景气指数'!$37:$242,MATCH('面板-总览'!$R81,'面板-景气指数'!$A$37:$A$242,0),MATCH('面板-总览'!S$2,'面板-景气指数'!$36:$36,0)) -> 0.666 | T81: =INDEX('面板-景气指数'!$37:$242,MATCH('面板-总览'!$R81,'面板-景气指数'!$A$37:$A$242,0),MATCH('面板-总览'!T$2,'面板-景气指数'!$36:$36,0)) -> 0.555 | U81: =INDEX('面板-景气指数'!$37:$242,MATCH('面板-总览'!$R81,'面板-景气指数'!$A$37:$A$242,0),MATCH('面板-总览'!U$2,'面板-景气指数'!$36:$36,0)) -> 0.611 | V81: =INDEX('面板-景气指数'!$37:$242,MATCH('面板-总览'!$R81,'面板-景气指数'!$A$37:$A$242,0),MATCH('面板-总览'!V$2,'面板-景气指数'!$36:$36,0)) -> 0.5 | W81: =INDEX('面板-景气指数'!$37:$242,MATCH('面板-总览'!$R81,'面板-景气指数'!$A$37:$A$242,0),MATCH('面板-总览'!W$2,'面板-景气指数'!$36:$36,0)) -> 0.444 | X81: =INDEX('面板-景气指数'!$37:$242,MATCH('面板-总览'!$R81,'面板-景气指数'!$A$37:$A$242,0),MATCH('面板-总览'!X$2,'面板-景气指数'!$36:$36,0)) -> 0.388 | Y81: =INDEX('面板-景气指数'!$37:$242,MATCH('面板-总览'!$R81,'面板-景气指数'!$A$37:$A$242,0),MATCH('面板-总览'!Y$2,'面板-景气指数'!$36:$36,0)) -> 0.333 | Z81: =INDEX('面板-景气指数'!$37:$242,MATCH('面板-总览'!$R81,'面板-景气指数'!$A$37:$A$242,0),MATCH('面板-总览'!Z$2,'面板-景气指数'!$36:$36,0)) -> 0.277 | ... AE81: =INDEX('面板-景气指数'!$37:$242,MATCH('面板-总览'!$R81,'面板-景气指数'!$A$37:$A$242,0),MATCH('面板-总览'!AE$2,'面板-景气指数'!$36:$36,0)) -> 0.111 | AG81: =AE81-AB81 -> 0.056
R82: 调味发酵品 | S82: =INDEX('面板-景气指数'!$37:$242,MATCH('面板-总览'!$R82,'面板-景气指数'!$A$37:$A$242,0),MATCH('面板-总览'!S$2,'面板-景气指数'!$36:$36,0)) -> 0.47833333 | T82: =INDEX('面板-景气指数'!$37:$242,MATCH('面板-总览'!$R82,'面板-景气指数'!$A$37:$A$242,0),MATCH('面板-总览'!T$2,'面板-景气指数'!$36:$36,0)) -> 0.465 | U82: =INDEX('面板-景气指数'!$37:$242,MATCH('面板-总览'!$R82,'面板-景气指数'!$A$37:$A$242,0),MATCH('面板-总览'!U$2,'面板-景气指数'!$36:$36,0)) -> 0.48683333 | V82: =INDEX('面板-景气指数'!$37:$242,MATCH('面板-总览'!$R82,'面板-景气指数'!$A$37:$A$242,0),MATCH('面板-总览'!V$2,'面板-景气指数'!$36:$36,0)) -> 0.81016667 | W82: =INDEX('面板-景气指数'!$37:$242,MATCH('面板-总览'!$R82,'面板-景气指数'!$A$37:$A$242,0),MATCH('面板-总览'!W$2,'面板-景气指数'!$36:$36,0)) -> 0.88316667 | X82: =INDEX('面板-景气指数'!$37:$242,MATCH('面板-总览'!$R82,'面板-景气指数'!$A$37:$A$242,0),MATCH('面板-总览'!X$2,'面板-景气指数'!$36:$36,0)) -> 0.91566667 | Y82: =INDEX('面板-景气指数'!$37:$242,MATCH('面板-总览'!$R82,'面板-景气指数'!$A$37:$A$242,0),MATCH('面板-总览'!Y$2,'面板-景气指数'!$36:$36,0)) -> 0.90383333 | Z82: =INDEX('面板-景气指数'!$37:$242,MATCH('面板-总览'!$R82,'面板-景气指数'!$A$37:$A$242,0),MATCH('面板-总览'!Z$2,'面板-景气指数'!$36:$36,0)) -> 0.85083333 | ... AE82: =INDEX('面板-景气指数'!$37:$242,MATCH('面板-总览'!$R82,'面板-景气指数'!$A$37:$A$242,0),MATCH('面板-总览'!AE$2,'面板-景气指数'!$36:$36,0)) -> 0.711 | AG82: =AE82-AB82 -> -0.022166667
R83: 化学制药 | S83: =INDEX('面板-景气指数'!$37:$242,MATCH('面板-总览'!$R83,'面板-景气指数'!$A$37:$A$242,0),MATCH('面板-总览'!S$2,'面板-景气指数'!$36:$36,0)) -> 0.40208333 | T83: =INDEX('面板-景气指数'!$37:$242,MATCH('面板-总览'!$R83,'面板-景气指数'!$A$37:$A$242,0),MATCH('面板-总览'!T$2,'面板-景气指数'!$36:$36,0)) -> 0.368 | U83: =INDEX('面板-景气指数'!$37:$242,MATCH('面板-总览'!$R83,'面板-景气指数'!$A$37:$A$242,0),MATCH('面板-总览'!U$2,'面板-景气指数'!$36:$36,0)) -> 0.37583333 | V83: =INDEX('面板-景气指数'!$37:$242,MATCH('面板-总览'!$R83,'面板-景气指数'!$A$37:$A$242,0),MATCH('面板-总览'!V$2,'面板-景气指数'!$36:$36,0)) -> 0.42733333 | W83: =INDEX('面板-景气指数'!$37:$242,MATCH('面板-总览'!$R83,'面板-景气指数'!$A$37:$A$242,0),MATCH('面板-总览'!W$2,'面板-景气指数'!$36:$36,0)) -> 0.47275 | X83: =INDEX('面板-景气指数'!$37:$242,MATCH('面板-总览'!$R83,'面板-景气指数'!$A$37:$A$242,0),MATCH('面板-总览'!X$2,'面板-景气指数'!$36:$36,0)) -> 0.56933333 | Y83: =INDEX('面板-景气指数'!$37:$242,MATCH('面板-总览'!$R83,'面板-景气指数'!$A$37:$A$242,0),MATCH('面板-总览'!Y$2,'面板-景气指数'!$36:$36,0)) -> 0.54766667 | Z83: =INDEX('面板-景气指数'!$37:$242,MATCH('面板-总览'!$R83,'面板-景气指数'!$A$37:$A$242,0),MATCH('面板-总览'!Z$2,'面板-景气指数'!$36:$36,0)) -> 0.56416667 | ... AE83: =INDEX('面板-景气指数'!$37:$242,MATCH('面板-总览'!$R83,'面板-景气指数'!$A$37:$A$242,0),MATCH('面板-总览'!AE$2,'面板-景气指数'!$36:$36,0)) -> 0.43291667 | AG83: =AE83-AB83 -> -0.0215
... R101: 航运港口 | S101: =INDEX('面板-景气指数'!$37:$242,MATCH('面板-总览'!$R101,'面板-景气指数'!$A$37:$A$242,0),MATCH('面板-总览'!S$2,'面板-景气指数'!$36:$36,0)) -> 0.76275 | T101: =INDEX('面板-景气指数'!$37:$242,MATCH('面板-总览'!$R101,'面板-景气指数'!$A$37:$A$242,0),MATCH('面板-总览'!T$2,'面板-景气指数'!$36:$36,0)) -> 0.691 | U101: =INDEX('面板-景气指数'!$37:$242,MATCH('面板-总览'!$R101,'面板-景气指数'!$A$37:$A$242,0),MATCH('面板-总览'!U$2,'面板-景气指数'!$36:$36,0)) -> 0.62975 | V101: =INDEX('面板-景气指数'!$37:$242,MATCH('面板-总览'!$R101,'面板-景气指数'!$A$37:$A$242,0),MATCH('面板-总览'!V$2,'面板-景气指数'!$36:$36,0)) -> 0.622 | W101: =INDEX('面板-景气指数'!$37:$242,MATCH('面板-总览'!$R101,'面板-景气指数'!$A$37:$A$242,0),MATCH('面板-总览'!W$2,'面板-景气指数'!$36:$36,0)) -> 0.64825 | X101: =INDEX('面板-景气指数'!$37:$242,MATCH('面板-总览'!$R101,'面板-景气指数'!$A$37:$A$242,0),MATCH('面板-总览'!X$2,'面板-景气指数'!$36:$36,0)) -> 0.70175 | Y101: =INDEX('面板-景气指数'!$37:$242,MATCH('面板-总览'!$R101,'面板-景气指数'!$A$37:$A$242,0),MATCH('面板-总览'!Y$2,'面板-景气指数'!$36:$36,0)) -> 0.683 | Z101: =INDEX('面板-景气指数'!$37:$242,MATCH('面板-总览'!$R101,'面板-景气指数'!$A$37:$A$242,0),MATCH('面板-总览'!Z$2,'面板-景气指数'!$36:$36,0)) -> 0.65925 | ... AE101: =INDEX('面板-景气指数'!$37:$242,MATCH('面板-总览'!$R101,'面板-景气指数'!$A$37:$A$242,0),MATCH('面板-总览'!AE$2,'面板-景气指数'!$36:$36,0)) -> 0.667 | AG101: =AE101-AB101 -> 0.0105

Sheet 景气时钟
C2: 简称 | D2: 一级/二级行业 | E2: 当前景气度 | F2: 3M变化 | G2: 3M变化（处理后）
C3: 石化 | D3: 石油石化 | E3: =INDEX('面板-景气指数'!F:F,MATCH(景气时钟!D3,'面板-景气指数'!A:A,0)) -> 0.63245 | F3: =INDEX('面板-景气指数'!C:C,MATCH(景气时钟!D3,'面板-景气指数'!A:A,0)) -> 8.17 | G3: =F3 -> 8.17
C4: 煤炭 | D4: 煤炭 | E4: =INDEX('面板-景气指数'!F:F,MATCH(景气时钟!D4,'面板-景气指数'!A:A,0)) -> 0.69716667 | F4: =INDEX('面板-景气指数'!C:C,MATCH(景气时钟!D4,'面板-景气指数'!A:A,0)) -> 2.65 | G4: =F4 -> 2.65
C5: 工业金属 | D5: 工业金属 | E5: =INDEX('面板-景气指数'!F:F,MATCH(景气时钟!D5,'面板-景气指数'!A:A,0)) -> 0.49649789 | F5: =INDEX('面板-景气指数'!C:C,MATCH(景气时钟!D5,'面板-景气指数'!A:A,0)) -> 9.0387211 | G5: =F5 -> 9.0387211
C6: 贵金属 | D6: 贵金属 | E6: =INDEX('面板-景气指数'!F:F,MATCH(景气时钟!D6,'面板-景气指数'!A:A,0)) -> 0.696 | F6: =INDEX('面板-景气指数'!C:C,MATCH(景气时钟!D6,'面板-景气指数'!A:A,0)) -> 2.65 | G6: =F6 -> 2.65
C7: 小金属 | D7: 小金属 | E7: =INDEX('面板-景气指数'!F:F,MATCH(景气时钟!D7,'面板-景气指数'!A:A,0)) -> 0.56325 | F7: =INDEX('面板-景气指数'!C:C,MATCH(景气时钟!D7,'面板-景气指数'!A:A,0)) -> -5.6 | G7: =F7 -> -5.6
C8: 能源金属 | D8: 能源金属 | E8: =INDEX('面板-景气指数'!F:F,MATCH(景气时钟!D8,'面板-景气指数'!A:A,0)) -> 0.11166667 | F8: =INDEX('面板-景气指数'!C:C,MATCH(景气时钟!D8,'面板-景气指数'!A:A,0)) -> -8.9 | G8: =F8 -> -8.9
C9: 基化 | D9: 基础化工 | E9: =INDEX('面板-景气指数'!F:F,MATCH(景气时钟!D9,'面板-景气指数'!A:A,0)) -> 0.35494094 | F9: =INDEX('面板-景气指数'!C:C,MATCH(景气时钟!D9,'面板-景气指数'!A:A,0)) -> 5.8878464 | G9: =F9 -> 5.8878464
C10: 钢铁 | D10: 钢铁 | E10: =INDEX('面板-景气指数'!F:F,MATCH(景气时钟!D10,'面板-景气指数'!A:A,0)) -> 0.33945338 | F10: =INDEX('面板-景气指数'!C:C,MATCH(景气时钟!D10,'面板-景气指数'!A:A,0)) -> 3.1373005 | G10: =F10 -> 3.1373005
C11: 农业 | D11: 农林牧渔 | E11: =INDEX('面板-景气指数'!F:F,MATCH(景气时钟!D11,'面板-景气指数'!A:A,0)) -> 0.11910765 | F11: =INDEX('面板-景气指数'!C:C,MATCH(景气时钟!D11,'面板-景气指数'!A:A,0)) -> -8.1369772 | G11: =F11 -> -8.1369772
C12: 纺服 | D12: 纺织服饰 | E12: =INDEX('面板-景气指数'!F:F,MATCH(景气时钟!D12,'面板-景气指数'!A:A,0)) -> 0.56134158 | F12: =INDEX('面板-景气指数'!C:C,MATCH(景气时钟!D12,'面板-景气指数'!A:A,0)) -> 12.931093 | G12: =F12 -> 12.931093
C13: 汽车 | D13: 汽车 | E13: =INDEX('面板-景气指数'!F:F,MATCH(景气时钟!D13,'面板-景气指数'!A:A,0)) -> 0.7657 | F13: =INDEX('面板-景气指数'!C:C,MATCH(景气时钟!D13,'面板-景气指数'!A:A,0)) -> 20.47 | G13: =F13 -> 20.47
C14: 家电 | D14: 家用电器 | E14: =INDEX('面板-景气指数'!F:F,MATCH(景气时钟!D14,'面板-景气指数'!A:A,0)) -> 0.69368946 | F14: =INDEX('面板-景气指数'!C:C,MATCH(景气时钟!D14,'面板-景气指数'!A:A,0)) -> -2.9558237 | G14: =F14 -> -2.9558237
... C49: 电池 | D49: 电池 | E49: =INDEX('面板-景气指数'!F:F,MATCH(景气时钟!D49,'面板-景气指数'!A:A,0)) -> 0.24795833 | F49: =INDEX('面板-景气指数'!C:C,MATCH(景气时钟!D49,'面板-景气指数'!A:A,0)) -> -9.2 | G49: =F49 -> -9.2
C50: 白酒 | D50: 白酒 | E50: =INDEX('面板-景气指数'!F:F,MATCH(景气时钟!D50,'面板-景气指数'!A:A,0)) -> 0.44027638 | F50: =INDEX('面板-景气指数'!C:C,MATCH(景气时钟!D50,'面板-景气指数'!A:A,0)) -> 40.322613 | G50: 30
C51: 啤酒 | D51: 非白酒 | E51: =INDEX('面板-景气指数'!F:F,MATCH(景气时钟!D51,'面板-景气指数'!A:A,0)) -> 0.74817834 | F51: =INDEX('面板-景气指数'!C:C,MATCH(景气时钟!D51,'面板-景气指数'!A:A,0)) -> 1.6541401 | G51: =F51 -> 1.6541401
C52: 调味品 | D52: 调味发酵品 | E52: =INDEX('面板-景气指数'!F:F,MATCH(景气时钟!D52,'面板-景气指数'!A:A,0)) -> 0.711 | F52: =INDEX('面板-景气指数'!C:C,MATCH(景气时钟!D52,'面板-景气指数'!A:A,0)) -> -5.0166667 | G52: =F52 -> -5.0166667
C53: 饮料乳品 | D53: 饮料乳品 | E53: =INDEX('面板-景气指数'!F:F,MATCH(景气时钟!D53,'面板-景气指数'!A:A,0)) -> 0.20923915 | F53: =INDEX('面板-景气指数'!C:C,MATCH(景气时钟!D53,'面板-景气指数'!A:A,0)) -> -0.46406666 | G53: =F53 -> -0.46406666
C54: 食品 | D54: 休闲食品 | E54: =INDEX('面板-景气指数'!F:F,MATCH(景气时钟!D54,'面板-景气指数'!A:A,0)) -> 0.111 | F54: =INDEX('面板-景气指数'!C:C,MATCH(景气时钟!D54,'面板-景气指数'!A:A,0)) -> 11.1 | G54: =F54 -> 11.1
C55: 化药 | D55: 化学制药 | E55: =INDEX('面板-景气指数'!F:F,MATCH(景气时钟!D55,'面板-景气指数'!A:A,0)) -> 0.43291667 | F55: =INDEX('面板-景气指数'!C:C,MATCH(景气时钟!D55,'面板-景气指数'!A:A,0)) -> -4 | G55: =F55 -> -4
C56: 医药商业 | D56: 医药商业 | E56: =INDEX('面板-景气指数'!F:F,MATCH(景气时钟!D56,'面板-景气指数'!A:A,0)) -> 0.244 | F56: =INDEX('面板-景气指数'!C:C,MATCH(景气时钟!D56,'面板-景气指数'!A:A,0)) -> 7.5 | G56: =F56 -> 7.5
C57: 医疗器械 | D57: 医疗器械 | E57: =INDEX('面板-景气指数'!F:F,MATCH(景气时钟!D57,'面板-景气指数'!A:A,0)) -> 0.681 | F57: =INDEX('面板-景气指数'!C:C,MATCH(景气时钟!D57,'面板-景气指数'!A:A,0)) -> 10.66 | G57: =F57 -> 10.66
C58: 医疗服务 | D58: 医疗服务 | E58: =INDEX('面板-景气指数'!F:F,MATCH(景气时钟!D58,'面板-景气指数'!A:A,0)) -> 0.671875 | F58: =INDEX('面板-景气指数'!C:C,MATCH(景气时钟!D58,'面板-景气指数'!A:A,0)) -> 17.45 | G58: =F58 -> 17.45
C59: 中药 | D59: 中药 | E59: =INDEX('面板-景气指数'!F:F,MATCH(景气时钟!D59,'面板-景气指数'!A:A,0)) -> 0.67 | F59: =INDEX('面板-景气指数'!C:C,MATCH(景气时钟!D59,'面板-景气指数'!A:A,0)) -> -3.2 | G59: =F59 -> -3.2
C60: 造纸 | D60: 造纸 | E60: =INDEX('面板-景气指数'!F:F,MATCH(景气时钟!D60,'面板-景气指数'!A:A,0)) -> 0.0845 | F60: =INDEX('面板-景气指数'!C:C,MATCH(景气时钟!D60,'面板-景气指数'!A:A,0)) -> -3.7 | G60: =F60 -> -3.7
C61: 家居 | D61: 家居用品 | E61: =INDEX('面板-景气指数'!F:F,MATCH(景气时钟!D61,'面板-景气指数'!A:A,0)) -> 0.617375 | F61: =INDEX('面板-景气指数'!C:C,MATCH(景气时钟!D61,'面板-景气指数'!A:A,0)) -> 4.9 | G61: =F61 -> 4.9

Sheet 安全边际
C2: 简称 | D2: 一级/二级行业 | E2: 估值分位数 | F2: 配置系数分位数 | G2: 10.31至今涨跌幅 | H2: 景气度变化 | I2: 当前景气度
C3: 石化 | D3: 石油石化 | E3: =INDEX('[1]Raw-估值'!$E$3:$E$156,MATCH(安全边际!D3,'[1]Raw-估值'!$D$3:$D$162,0)) -> 7.7223089 | F3: 83.3 | G3: =INDEX('[1]Raw-估值'!$F$3:$F$156,MATCH(安全边际!D3,'[1]Raw-估值'!$D$3:$D$162,0)) -> 6.6648229 | H3: =INDEX('面板-景气指数'!B:B,MATCH(安全边际!D3,'面板-景气指数'!A:A,0)) -> 7.645 | I3: =INDEX('面板-景气指数'!F:F,MATCH(安全边际!D3,'面板-景气指数'!A:A,0))*100 -> 63.245
C4: 煤炭 | D4: 煤炭 | E4: =INDEX('[1]Raw-估值'!$E$3:$E$156,MATCH(安全边际!D4,'[1]Raw-估值'!$D$3:$D$162,0)) -> 53.458138 | F4: 90 | G4: =INDEX('[1]Raw-估值'!$F$3:$F$156,MATCH(安全边际!D4,'[1]Raw-估值'!$D$3:$D$162,0)) -> -4.5824143 | H4: =INDEX('面板-景气指数'!B:B,MATCH(安全边际!D4,'面板-景气指数'!A:A,0)) -> -14.833333 | I4: =INDEX('面板-景气指数'!F:F,MATCH(安全边际!D4,'面板-景气指数'!A:A,0))*100 -> 69.716667
C5: 军工 | D5: 国防军工 | E5: =INDEX('[1]Raw-估值'!$E$3:$E$156,MATCH(安全边际!D5,'[1]Raw-估值'!$D$3:$D$162,0)) -> 2.574103 | F5: 76.6 | G5: =INDEX('[1]Raw-估值'!$F$3:$F$156,MATCH(安全边际!D5,'[1]Raw-估值'!$D$3:$D$162,0)) -> -12.006422 | H5: =INDEX('面板-景气指数'!B:B,MATCH(安全边际!D5,'面板-景气指数'!A:A,0)) -> -31.950697 | I5: =INDEX('面板-景气指数'!F:F,MATCH(安全边际!D5,'面板-景气指数'!A:A,0))*100 -> 29.066285
C6: 纺服 | D6: 纺织服饰 | E6: =INDEX('[1]Raw-估值'!$E$3:$E$156,MATCH(安全边际!D6,'[1]Raw-估值'!$D$3:$D$162,0)) -> 28.783151 | F6: 86.6 | G6: =INDEX('[1]Raw-估值'!$F$3:$F$156,MATCH(安全边际!D6,'[1]Raw-估值'!$D$3:$D$162,0)) -> 13.369363 | H6: =INDEX('面板-景气指数'!B:B,MATCH(安全边际!D6,'面板-景气指数'!A:A,0)) -> 24.297073 | I6: =INDEX('面板-景气指数'!F:F,MATCH(安全边际!D6,'面板-景气指数'!A:A,0))*100 -> 56.134158
C7: 家电 | D7: 家用电器 | E7: =INDEX('[1]Raw-估值'!$E$3:$E$156,MATCH(安全边际!D7,'[1]Raw-估值'!$D$3:$D$162,0)) -> 5.6422257 | F7: 46.6 | G7: =INDEX('[1]Raw-估值'!$F$3:$F$156,MATCH(安全边际!D7,'[1]Raw-估值'!$D$3:$D$162,0)) -> 17.034634 | H7: =INDEX('面板-景气指数'!B:B,MATCH(安全边际!D7,'面板-景气指数'!A:A,0)) -> 37.558414 | I7: =INDEX('面板-景气指数'!F:F,MATCH(安全边际!D7,'面板-景气指数'!A:A,0))*100 -> 69.368946
C8: 汽车 | D8: 汽车 | E8: =INDEX('[1]Raw-估值'!$E$3:$E$156,MATCH(安全边际!D8,'[1]Raw-估值'!$D$3:$D$162,0)) -> 60.660426 | F8: 100 | G8: =INDEX('[1]Raw-估值'!$F$3:$F$156,MATCH(安全边际!D8,'[1]Raw-估值'!$D$3:$D$162,0)) -> 12.057679 | H8: =INDEX('面板-景气指数'!B:B,MATCH(安全边际!D8,'面板-景气指数'!A:A,0)) -> 11.91 | I8: =INDEX('面板-景气指数'!F:F,MATCH(安全边际!D8,'面板-景气指数'!A:A,0))*100 -> 76.57
C9: 轻工 | D9: 轻工制造 | E9: =INDEX('[1]Raw-估值'!$E$3:$E$156,MATCH(安全边际!D9,'[1]Raw-估值'!$D$3:$D$162,0)) -> 61.362454 | F9: 20 | G9: =INDEX('[1]Raw-估值'!$F$3:$F$156,MATCH(安全边际!D9,'[1]Raw-估值'!$D$3:$D$162,0)) -> 6.8684646 | H9: =INDEX('面板-景气指数'!B:B,MATCH(安全边际!D9,'面板-景气指数'!A:A,0)) -> 0.35136953 | I9: =INDEX('面板-景气指数'!F:F,MATCH(安全边际!D9,'面板-景气指数'!A:A,0))*100 -> 38.667179
C10: 商贸 | D10: 商贸零售 | E10: =INDEX('[1]Raw-估值'!$E$3:$E$156,MATCH(安全边际!D10,'[1]Raw-估值'!$D$3:$D$162,0)) -> 56.448258 | F10: 16.6 | G10: =INDEX('[1]Raw-估值'!$F$3:$F$156,MATCH(安全边际!D10,'[1]Raw-估值'!$D$3:$D$162,0)) -> -14.425257 | H10: =INDEX('面板-景气指数'!B:B,MATCH(安全边际!D10,'面板-景气指数'!A:A,0)) -> 30.697109 | I10: =INDEX('面板-景气指数'!F:F,MATCH(安全边际!D10,'面板-景气指数'!A:A,0))*100 -> 50.006114
C11: 社服 | D11: 社会服务 | E11: =INDEX('[1]Raw-估值'!$E$3:$E$156,MATCH(安全边际!D11,'[1]Raw-估值'!$D$3:$D$162,0)) -> 44.305772 | F11: 3.3 | G11: =INDEX('[1]Raw-估值'!$F$3:$F$156,MATCH(安全边际!D11,'[1]Raw-估值'!$D$3:$D$162,0)) -> -0.70952132 | H11: =INDEX('面板-景气指数'!B:B,MATCH(安全边际!D11,'面板-景气指数'!A:A,0)) -> 55.169482 | I11: =INDEX('面板-景气指数'!F:F,MATCH(安全边际!D11,'面板-景气指数'!A:A,0))*100 -> 84.943032
C12: 传媒 | D12: 传媒 | E12: =INDEX('[1]Raw-估值'!$E$3:$E$156,MATCH(安全边际!D12,'[1]Raw-估值'!$D$3:$D$162,0)) -> 67.50232 | F12: 10 | G12: =INDEX('[1]Raw-估值'!$F$3:$F$156,MATCH(安全边际!D12,'[1]Raw-估值'!$D$3:$D$162,0)) -> 42.331504 | H12: =INDEX('面板-景气指数'!B:B,MATCH(安全边际!D12,'面板-景气指数'!A:A,0)) -> 60.985 | I12: =INDEX('面板-景气指数'!F:F,MATCH(安全边际!D12,'面板-景气指数'!A:A,0))*100 -> 77.1325
C13: 公用 | D13: 公用事业 | E13: =INDEX('[1]Raw-估值'!$E$3:$E$156,MATCH(安全边际!D13,'[1]Raw-估值'!$D$3:$D$162,0)) -> 20.280811 | F13: 73.3 | G13: =INDEX('[1]Raw-估值'!$F$3:$F$156,MATCH(安全边际!D13,'[1]Raw-估值'!$D$3:$D$162,0)) -> 0.85264712 | H13: =INDEX('面板-景气指数'!B:B,MATCH(安全边际!D13,'面板-景气指数'!A:A,0)) -> 14.705907 | I13: =INDEX('面板-景气指数'!F:F,MATCH(安全边际!D13,'面板-景气指数'!A:A,0))*100 -> 43.853568
C14: 环保 | D14: 环保 | E14: =INDEX('[1]Raw-估值'!$E$3:$E$156,MATCH(安全边际!D14,'[1]Raw-估值'!$D$3:$D$162,0)) -> 1.1960478 | F14: 66.6 | G14: =INDEX('[1]Raw-估值'!$F$3:$F$156,MATCH(安全边际!D14,'[1]Raw-估值'!$D$3:$D$162,0)) -> -0.79768578 | H14: =INDEX('面板-景气指数'!B:B,MATCH(安全边际!D14,'面板-景气指数'!A:A,0)) -> 9.05 | I14: =INDEX('面板-景气指数'!F:F,MATCH(安全边际!D14,'面板-景气指数'!A:A,0))*100 -> 23.9
... C33: 电池 | D33: 电池 | E33: =INDEX('[1]Raw-估值'!$E$3:$E$156,MATCH(安全边际!D33,'[1]Raw-估值'!$D$3:$D$162,0)) -> 0.20811655 | F33: 70 | G33: =INDEX('[1]Raw-估值'!$F$3:$F$156,MATCH(安全边际!D33,'[1]Raw-估值'!$D$3:$D$162,0)) -> -28.017934 | H33: =INDEX('面板-景气指数'!B:B,MATCH(安全边际!D33,'面板-景气指数'!A:A,0)) -> -34.570833 | I33: =INDEX('面板-景气指数'!F:F,MATCH(安全边际!D33,'面板-景气指数'!A:A,0))*100 -> 24.795833
C34: 电网 | D34: 电网设备 | F34: 56.6 | G34: =INDEX('[1]Raw-估值'!$F$3:$F$156,MATCH(安全边际!D34,'[1]Raw-估值'!$D$3:$D$162,0)) -> 0.13561249 | H34: =INDEX('面板-景气指数'!B:B,MATCH(安全边际!D34,'面板-景气指数'!A:A,0)) -> -29.75 | I34: =INDEX('面板-景气指数'!F:F,MATCH(安全边际!D34,'面板-景气指数'!A:A,0))*100 -> 40.9
C35: 半导体 | D35: 半导体 | E35: =INDEX('[1]Raw-估值'!$E$3:$E$156,MATCH(安全边际!D35,'[1]Raw-估值'!$D$3:$D$162,0)) -> 33.813188 | F35: 33.3 | G35: =INDEX('[1]Raw-估值'!$F$3:$F$156,MATCH(安全边际!D35,'[1]Raw-估值'!$D$3:$D$162,0)) -> -2.4269386 | H35: =INDEX('面板-景气指数'!B:B,MATCH(安全边际!D35,'面板-景气指数'!A:A,0)) -> -10.335714 | I35: =INDEX('面板-景气指数'!F:F,MATCH(安全边际!D35,'面板-景气指数'!A:A,0))*100 -> 34.085714
C36: 软件 | D36: 软件开发 | E36: =INDEX('[1]Raw-估值'!$E$3:$E$156,MATCH(安全边际!D36,'[1]Raw-估值'!$D$3:$D$162,0)) -> 68.584805 | F36: 53.3 | G36: =INDEX('[1]Raw-估值'!$F$3:$F$156,MATCH(安全边际!D36,'[1]Raw-估值'!$D$3:$D$162,0)) -> 3.4828638 | H36: =INDEX('面板-景气指数'!B:B,MATCH(安全边际!D36,'面板-景气指数'!A:A,0)) -> 14.6 | I36: =INDEX('面板-景气指数'!F:F,MATCH(安全边际!D36,'面板-景气指数'!A:A,0))*100 -> 34.8125
C37: 计算机设备 | D37: 计算机设备 | E37: =INDEX('[1]Raw-估值'!$E$3:$E$156,MATCH(安全边际!D37,'[1]Raw-估值'!$D$3:$D$162,0)) -> 35.569423 | F37: 36.6 | G37: =INDEX('[1]Raw-估值'!$F$3:$F$156,MATCH(安全边际!D37,'[1]Raw-估值'!$D$3:$D$162,0)) -> 27.433733 | H37: =INDEX('面板-景气指数'!B:B,MATCH(安全边际!D37,'面板-景气指数'!A:A,0)) -> -2.67 | I37: =INDEX('面板-景气指数'!F:F,MATCH(安全边际!D37,'面板-景气指数'!A:A,0))*100 -> 23.82
C38: 光电 | D38: 光学光电子 | E38: =INDEX('[1]Raw-估值'!$E$3:$E$156,MATCH(安全边际!D38,'[1]Raw-估值'!$D$3:$D$162,0)) -> 87.104265 | F38: 13.3 | G38: =INDEX('[1]Raw-估值'!$F$3:$F$156,MATCH(安全边际!D38,'[1]Raw-估值'!$D$3:$D$162,0)) -> 16.779305 | H38: =INDEX('面板-景气指数'!B:B,MATCH(安全边际!D38,'面板-景气指数'!A:A,0)) -> 37.56 | I38: =INDEX('面板-景气指数'!F:F,MATCH(安全边际!D38,'面板-景气指数'!A:A,0))*100 -> 45.46
C39: 消电 | D39: 消费电子 | E39: =INDEX('[1]Raw-估值'!$E$3:$E$156,MATCH(安全边际!D39,'[1]Raw-估值'!$D$3:$D$162,0)) -> 24.488035 | F39: 26.6 | G39: =INDEX('[1]Raw-估值'!$F$3:$F$156,MATCH(安全边际!D39,'[1]Raw-估值'!$D$3:$D$162,0)) -> 18.275477 | H39: =INDEX('面板-景气指数'!B:B,MATCH(安全边际!D39,'面板-景气指数'!A:A,0)) -> 4.8272727 | I39: =INDEX('面板-景气指数'!F:F,MATCH(安全边际!D39,'面板-景气指数'!A:A,0))*100 -> 45.227273
C40: 元件 | D40: 元件 | E40: =INDEX('[1]Raw-估值'!$E$3:$E$156,MATCH(安全边际!D40,'[1]Raw-估值'!$D$3:$D$162,0)) -> 33.957358 | F40: 36.6 | G40: =INDEX('[1]Raw-估值'!$F$3:$F$156,MATCH(安全边际!D40,'[1]Raw-估值'!$D$3:$D$162,0)) -> 10.158622 | H40: =INDEX('面板-景气指数'!B:B,MATCH(安全边际!D40,'面板-景气指数'!A:A,0)) -> -28.7 | I40: =INDEX('面板-景气指数'!F:F,MATCH(安全边际!D40,'面板-景气指数'!A:A,0))*100 -> 14.6
C41: 通信服务 | D41: 通信服务 | F41: 90 | G41: =INDEX('[1]Raw-估值'!$F$3:$F$156,MATCH(安全边际!D41,'[1]Raw-估值'!$D$3:$D$162,0)) -> 36.511784 | H41: =INDEX('面板-景气指数'!B:B,MATCH(安全边际!D41,'面板-景气指数'!A:A,0)) -> -8.275 | I41: =INDEX('面板-景气指数'!F:F,MATCH(安全边际!D41,'面板-景气指数'!A:A,0))*100 -> 7.4
C42: 通信设备 | D42: 通信设备 | E42: =INDEX('[1]Raw-估值'!$E$3:$E$156,MATCH(安全边际!D42,'[1]Raw-估值'!$D$3:$D$162,0)) -> 6.1362454 | F42: 96.6 | G42: =INDEX('[1]Raw-估值'!$F$3:$F$156,MATCH(安全边际!D42,'[1]Raw-估值'!$D$3:$D$162,0)) -> 17.616987 | H42: =INDEX('面板-景气指数'!B:B,MATCH(安全边际!D42,'面板-景气指数'!A:A,0)) -> -39.635714 | I42: =INDEX('面板-景气指数'!F:F,MATCH(安全边际!D42,'面板-景气指数'!A:A,0))*100 -> 29.314286
C43: 港股电商 | D43: 互联网电商 | E43: =INDEX('[1]Raw-估值'!$E$3:$E$156,MATCH(安全边际!D43,'[1]Raw-估值'!$D$3:$D$162,0)) -> 40.322581 | F43: 76.6 | G43: =INDEX('[1]Raw-估值'!$F$3:$F$156,MATCH(安全边际!D43,'[1]Raw-估值'!$D$3:$D$162,0)) -> -25.05914 | H43: =INDEX('面板-景气指数'!B:B,MATCH(安全边际!D43,'面板-景气指数'!A:A,0)) -> 30.936059 | I43: =INDEX('面板-景气指数'!F:F,MATCH(安全边际!D43,'面板-景气指数'!A:A,0))*100 -> 41.705821
C44: 港股游戏 | D44: 游戏 | E44: =INDEX('[1]Raw-估值'!$E$3:$E$156,MATCH(安全边际!D44,'[1]Raw-估值'!$D$3:$D$162,0)) -> 67.559666 | F44: 53.3 | G44: =INDEX('[1]Raw-估值'!$F$3:$F$156,MATCH(安全边际!D44,'[1]Raw-估值'!$D$3:$D$162,0)) -> 54.57174 | H44: =INDEX('面板-景气指数'!B:B,MATCH(安全边际!D44,'面板-景气指数'!A:A,0)) -> 70.275 | I44: =INDEX('面板-景气指数'!F:F,MATCH(安全边际!D44,'面板-景气指数'!A:A,0))*100 -> 80.53125
C45: 白酒 | D45: 白酒 | E45: =INDEX('[1]Raw-估值'!$E$3:$E$156,MATCH(安全边际!D45,'[1]Raw-估值'!$D$3:$D$162,0)) -> 25.598335 | F45: 53.3 | G45: =INDEX('[1]Raw-估值'!$F$3:$F$156,MATCH(安全边际!D45,'[1]Raw-估值'!$D$3:$D$162,0)) -> 20.526773 | H45: =INDEX('面板-景气指数'!B:B,MATCH(安全边际!D45,'面板-景气指数'!A:A,0)) -> 41.267337 | I45: =INDEX('面板-景气指数'!F:F,MATCH(安全边际!D45,'面板-景气指数'!A:A,0))*100 -> 44.027638
C46: 食品 | D46: 休闲食品 | E46: =INDEX('[1]Raw-估值'!$E$3:$E$156,MATCH(安全边际!D46,'[1]Raw-估值'!$D$3:$D$162,0)) -> 23.257024 | F46: 100 | G46: =INDEX('[1]Raw-估值'!$F$3:$F$156,MATCH(安全边际!D46,'[1]Raw-估值'!$D$3:$D$162,0)) -> -3.4005253 | H46: =INDEX('面板-景气指数'!B:B,MATCH(安全边际!D46,'面板-景气指数'!A:A,0)) -> -61.1 | I46: =INDEX('面板-景气指数'!F:F,MATCH(安全边际!D46,'面板-景气指数'!A:A,0))*100 -> 11.1
C47: 化药 | D47: 化学制药 | E47: =INDEX('[1]Raw-估值'!$E$3:$E$156,MATCH(安全边际!D47,'[1]Raw-估值'!$D$3:$D$162,0)) -> 35.621425 | F47: 36.6 | G47: =INDEX('[1]Raw-估值'!$F$3:$F$156,MATCH(安全边际!D47,'[1]Raw-估值'!$D$3:$D$162,0)) -> 11.278581 | H47: =INDEX('面板-景气指数'!B:B,MATCH(安全边际!D47,'面板-景气指数'!A:A,0)) -> 1.2333333 | I47: =INDEX('面板-景气指数'!F:F,MATCH(安全边际!D47,'面板-景气指数'!A:A,0))*100 -> 43.291667
C48: 医疗服务 | D48: 医疗服务 | E48: =INDEX('[1]Raw-估值'!$E$3:$E$156,MATCH(安全边际!D48,'[1]Raw-估值'!$D$3:$D$162,0)) -> 13.364535 | F48: 66.6 | G48: =INDEX('[1]Raw-估值'!$F$3:$F$156,MATCH(安全边际!D48,'[1]Raw-估值'!$D$3:$D$162,0)) -> -7.272476 | H48: =INDEX('面板-景气指数'!B:B,MATCH(安全边际!D48,'面板-景气指数'!A:A,0)) -> 34.175 | I48: =INDEX('面板-景气指数'!F:F,MATCH(安全边际!D48,'面板-景气指数'!A:A,0))*100 -> 67.1875
C49: 保险 | D49: 保险 | E49: =INDEX('[1]Raw-估值'!$E$3:$E$156,MATCH(安全边际!D49,'[1]Raw-估值'!$D$3:$D$162,0)) -> 0.1300052 | F49: 46.6 | G49: =INDEX('[1]Raw-估值'!$F$3:$F$156,MATCH(安全边际!D49,'[1]Raw-估值'!$D$3:$D$162,0)) -> 13.304166 | H49: =INDEX('面板-景气指数'!B:B,MATCH(安全边际!D49,'面板-景气指数'!A:A,0)) -> 13.85 | I49: =INDEX('面板-景气指数'!F:F,MATCH(安全边际!D49,'面板-景气指数'!A:A,0))*100 -> 47.95
C50: 物流 | D50: 物流 | E50: =INDEX('[1]Raw-估值'!$E$3:$E$156,MATCH(安全边际!D50,'[1]Raw-估值'!$D$3:$D$162,0)) -> 1.0920437 | F50: 30 | G50: =INDEX('[1]Raw-估值'!$F$3:$F$156,MATCH(安全边际!D50,'[1]Raw-估值'!$D$3:$D$162,0)) -> -14.765474 | H50: =INDEX('面板-景气指数'!B:B,MATCH(安全边际!D50,'面板-景气指数'!A:A,0)) -> 31.05 | I50: =INDEX('面板-景气指数'!F:F,MATCH(安全边际!D50,'面板-景气指数'!A:A,0))*100 -> 36.125
C51: 铁路公路 | D51: 铁路公路 | E51: =INDEX('[1]Raw-估值'!$E$3:$E$156,MATCH(安全边际!D51,'[1]Raw-估值'!$D$3:$D$162,0)) -> 15.418617 | F51: 26.6 | G51: =INDEX('[1]Raw-估值'!$F$3:$F$156,MATCH(安全边际!D51,'[1]Raw-估值'!$D$3:$D$162,0)) -> 16.554259 | H51: =INDEX('面板-景气指数'!B:B,MATCH(安全边际!D51,'面板-景气指数'!A:A,0)) -> 45.45 | I51: =INDEX('面板-景气指数'!F:F,MATCH(安全边际!D51,'面板-景气指数'!A:A,0))*100 -> 72.55
C52: 航空机场 | D52: 航空机场 | E52: =INDEX('[1]Raw-估值'!$E$3:$E$156,MATCH(安全边际!D52,'[1]Raw-估值'!$D$3:$D$162,0)) -> 79.864724 | F52: 80 | G52: =INDEX('[1]Raw-估值'!$F$3:$F$156,MATCH(安全边际!D52,'[1]Raw-估值'!$D$3:$D$162,0)) -> -15.018134 | H52: =INDEX('面板-景气指数'!B:B,MATCH(安全边际!D52,'面板-景气指数'!A:A,0)) -> 84 | I52: =INDEX('面板-景气指数'!F:F,MATCH(安全边际!D52,'面板-景气指数'!A:A,0))*100 -> 98.9
C53: 航运港口 | D53: 航运港口 | E53: =INDEX('[1]Raw-估值'!$E$3:$E$156,MATCH(安全边际!D53,'[1]Raw-估值'!$D$3:$D$162,0)) -> 28.251821 | F53: 96.6 | G53: =INDEX('[1]Raw-估值'!$F$3:$F$156,MATCH(安全边际!D53,'[1]Raw-估值'!$D$3:$D$162,0)) -> -9.8069256 | H53: =INDEX('面板-景气指数'!B:B,MATCH(安全边际!D53,'面板-景气指数'!A:A,0)) -> -10.1 | I53: =INDEX('面板-景气指数'!F:F,MATCH(安全边际!D53,'面板-景气指数'!A:A,0))*100 -> 66.7
C54: 半导体(剔除主题基金） | D54: 半导体 | H54: =INDEX('面板-景气指数'!B:B,MATCH(安全边际!D54,'面板-景气指数'!A:A,0)) -> -10.335714 | I54: =INDEX('面板-景气指数'!F:F,MATCH(安全边际!D54,'面板-景气指数'!A:A,0))*100 -> 34.085714
C55: 医疗服务(剔除主题基金） | D55: 医疗服务 | H55: =INDEX('面板-景气指数'!B:B,MATCH(安全边际!D55,'面板-景气指数'!A:A,0)) -> 34.175 | I55: =INDEX('面板-景气指数'!F:F,MATCH(安全边际!D55,'面板-景气指数'!A:A,0))*100 -> 67.1875

Sheet 面板-景气指数
B3: =INDEX('面板-景气指数'!$37:$242,MATCH('面板-总览'!$A3,'面板-景气指数'!$A$37:$A$242,0),MATCH('面板-总览'!B$2,'面板-景气指数'!$36:$36,0)) -> 0.5681 | C3: =INDEX('面板-景气指数'!$37:$242,MATCH('面板-总览'!$A3,'面板-景气指数'!$A$37:$A$242,0),MATCH('面板-总览'!C$2,'面板-景气指数'!$36:$36,0)) -> 0.5428 | D3: =INDEX('面板-景气指数'!$37:$242,MATCH('面板-总览'!$A3,'面板-景气指数'!$A$37:$A$242,0),MATCH('面板-总览'!D$2,'面板-景气指数'!$36:$36,0)) -> 0.60375 | E3: =INDEX('面板-景气指数'!$37:$242,MATCH('面板-总览'!$A3,'面板-景气指数'!$A$37:$A$242,0),MATCH('面板-总览'!E$2,'面板-景气指数'!$36:$36,0)) -> 0.64545 | F3: =INDEX('面板-景气指数'!$37:$242,MATCH('面板-总览'!$A3,'面板-景气指数'!$A$37:$A$242,0),MATCH('面板-总览'!F$2,'面板-景气指数'!$36:$36,0)) -> 0.78815 | G3: =INDEX('面板-景气指数'!$37:$242,MATCH('面板-总览'!$A3,'面板-景气指数'!$A$37:$A$242,0),MATCH('面板-总览'!G$2,'面板-景气指数'!$36:$36,0)) -> 0.78095 | H3: =INDEX('面板-景气指数'!$37:$242,MATCH('面板-总览'!$A3,'面板-景气指数'!$A$37:$A$242,0),MATCH('面板-总览'!H$2,'面板-景气指数'!$36:$36,0)) -> 0.75055 | I3: =INDEX('面板-景气指数'!$37:$242,MATCH('面板-总览'!$A3,'面板-景气指数'!$A$37:$A$242,0),MATCH('面板-总览'!I$2,'面板-景气指数'!$36:$36,0)) -> 0.6088 | ... N3: =INDEX('面板-景气指数'!$37:$242,MATCH('面板-总览'!$A3,'面板-景气指数'!$A$37:$A$242,0),MATCH('面板-总览'!N$2,'面板-景气指数'!$36:$36,0)) -> 0.63245
B4: =INDEX('面板-景气指数'!$37:$242,MATCH('面板-总览'!$A4,'面板-景气指数'!$A$37:$A$242,0),MATCH('面板-总览'!B$2,'面板-景气指数'!$36:$36,0)) -> 0.825 | C4: =INDEX('面板-景气指数'!$37:$242,MATCH('面板-总览'!$A4,'面板-景气指数'!$A$37:$A$242,0),MATCH('面板-总览'!C$2,'面板-景气指数'!$36:$36,0)) -> 0.8485 | D4: =INDEX('面板-景气指数'!$37:$242,MATCH('面板-总览'!$A4,'面板-景气指数'!$A$37:$A$242,0),MATCH('面板-总览'!D$2,'面板-景气指数'!$36:$36,0)) -> 0.81 | E4: =INDEX('面板-景气指数'!$37:$242,MATCH('面板-总览'!$A4,'面板-景气指数'!$A$37:$A$242,0),MATCH('面板-总览'!E$2,'面板-景气指数'!$36:$36,0)) -> 0.83983333 | F4: =INDEX('面板-景气指数'!$37:$242,MATCH('面板-总览'!$A4,'面板-景气指数'!$A$37:$A$242,0),MATCH('面板-总览'!F$2,'面板-景气指数'!$36:$36,0)) -> 0.84333333 | G4: =INDEX('面板-景气指数'!$37:$242,MATCH('面板-总览'!$A4,'面板-景气指数'!$A$37:$A$242,0),MATCH('面板-总览'!G$2,'面板-景气指数'!$36:$36,0)) -> 0.8305 | H4: =INDEX('面板-景气指数'!$37:$242,MATCH('面板-总览'!$A4,'面板-景气指数'!$A$37:$A$242,0),MATCH('面板-总览'!H$2,'面板-景气指数'!$36:$36,0)) -> 0.7695 | I4: =INDEX('面板-景气指数'!$37:$242,MATCH('面板-总览'!$A4,'面板-景气指数'!$A$37:$A$242,0),MATCH('面板-总览'!I$2,'面板-景气指数'!$36:$36,0)) -> 0.6895 | ... N4: =INDEX('面板-景气指数'!$37:$242,MATCH('面板-总览'!$A4,'面板-景气指数'!$A$37:$A$242,0),MATCH('面板-总览'!N$2,'面板-景气指数'!$36:$36,0)) -> 0.69716667
B5: =INDEX('面板-景气指数'!$37:$242,MATCH('面板-总览'!$A5,'面板-景气指数'!$A$37:$A$242,0),MATCH('面板-总览'!B$2,'面板-景气指数'!$36:$36,0)) -> 0.33502201 | C5: =INDEX('面板-景气指数'!$37:$242,MATCH('面板-总览'!$A5,'面板-景气指数'!$A$37:$A$242,0),MATCH('面板-总览'!C$2,'面板-景气指数'!$36:$36,0)) -> 0.40476141 | D5: =INDEX('面板-景气指数'!$37:$242,MATCH('面板-总览'!$A5,'面板-景气指数'!$A$37:$A$242,0),MATCH('面板-总览'!D$2,'面板-景气指数'!$36:$36,0)) -> 0.41246195 | E5: =INDEX('面板-景气指数'!$37:$242,MATCH('面板-总览'!$A5,'面板-景气指数'!$A$37:$A$242,0),MATCH('面板-总览'!E$2,'面板-景气指数'!$36:$36,0)) -> 0.36255989 | F5: =INDEX('面板-景气指数'!$37:$242,MATCH('面板-总览'!$A5,'面板-景气指数'!$A$37:$A$242,0),MATCH('面板-总览'!F$2,'面板-景气指数'!$36:$36,0)) -> 0.30899881 | G5: =INDEX('面板-景气指数'!$37:$242,MATCH('面板-总览'!$A5,'面板-景气指数'!$A$37:$A$242,0),MATCH('面板-总览'!G$2,'面板-景气指数'!$36:$36,0)) -> 0.27583766 | H5: =INDEX('面板-景气指数'!$37:$242,MATCH('面板-总览'!$A5,'面板-景气指数'!$A$37:$A$242,0),MATCH('面板-总览'!H$2,'面板-景气指数'!$36:$36,0)) -> 0.31889132 | I5: =INDEX('面板-景气指数'!$37:$242,MATCH('面板-总览'!$A5,'面板-景气指数'!$A$37:$A$242,0),MATCH('面板-总览'!I$2,'面板-景气指数'!$36:$36,0)) -> 0.43705637 | ... N5: =INDEX('面板-景气指数'!$37:$242,MATCH('面板-总览'!$A5,'面板-景气指数'!$A$37:$A$242,0),MATCH('面板-总览'!N$2,'面板-景气指数'!$36:$36,0)) -> 0.51621997
B6: =INDEX('面板-景气指数'!$37:$242,MATCH('面板-总览'!$A6,'面板-景气指数'!$A$37:$A$242,0),MATCH('面板-总览'!B$2,'面板-景气指数'!$36:$36,0)) -> 0.42497993 | C6: =INDEX('面板-景气指数'!$37:$242,MATCH('面板-总览'!$A6,'面板-景气指数'!$A$37:$A$242,0),MATCH('面板-总览'!C$2,'面板-景气指数'!$36:$36,0)) -> 0.4427579 | D6: =INDEX('面板-景气指数'!$37:$242,MATCH('面板-总览'!$A6,'面板-景气指数'!$A$37:$A$242,0),MATCH('面板-总览'!D$2,'面板-景气指数'!$36:$36,0)) -> 0.41965731 | E6: =INDEX('面板-景气指数'!$37:$242,MATCH('面板-总览'!$A6,'面板-景气指数'!$A$37:$A$242,0),MATCH('面板-总览'!E$2,'面板-景气指数'!$36:$36,0)) -> 0.35059498 | F6: =INDEX('面板-景气指数'!$37:$242,MATCH('面板-总览'!$A6,'面板-景气指数'!$A$37:$A$242,0),MATCH('面板-总览'!F$2,'面板-景气指数'!$36:$36,0)) -> 0.28251238 | G6: =INDEX('面板-景气指数'!$37:$242,MATCH('面板-总览'!$A6,'面板-景气指数'!$A$37:$A$242,0),MATCH('面板-总览'!G$2,'面板-景气指数'!$36:$36,0)) -> 0.19747851 | H6: =INDEX('面板-景气指数'!$37:$242,MATCH('面板-总览'!$A6,'面板-景气指数'!$A$37:$A$242,0),MATCH('面板-总览'!H$2,'面板-景气指数'!$36:$36,0)) -> 0.19373464 | I6: =INDEX('面板-景气指数'!$37:$242,MATCH('面板-总览'!$A6,'面板-景气指数'!$A$37:$A$242,0),MATCH('面板-总览'!I$2,'面板-景气指数'!$36:$36,0)) -> 0.2320715 | ... N6: =INDEX('面板-景气指数'!$37:$242,MATCH('面板-总览'!$A6,'面板-景气指数'!$A$37:$A$242,0),MATCH('面板-总览'!N$2,'面板-景气指数'!$36:$36,0)) -> 0.35494094
B7: =INDEX('面板-景气指数'!$37:$242,MATCH('面板-总览'!$A7,'面板-景气指数'!$A$37:$A$242,0),MATCH('面板-总览'!B$2,'面板-景气指数'!$36:$36,0)) -> 0.075298268 | C7: =INDEX('面板-景气指数'!$37:$242,MATCH('面板-总览'!$A7,'面板-景气指数'!$A$37:$A$242,0),MATCH('面板-总览'!C$2,'面板-景气指数'!$36:$36,0)) -> 0.088926921 | D7: =INDEX('面板-景气指数'!$37:$242,MATCH('面板-总览'!$A7,'面板-景气指数'!$A$37:$A$242,0),MATCH('面板-总览'!D$2,'面板-景气指数'!$36:$36,0)) -> 0.14488932 | E7: =INDEX('面板-景气指数'!$37:$242,MATCH('面板-总览'!$A7,'面板-景气指数'!$A$37:$A$242,0),MATCH('面板-总览'!E$2,'面板-景气指数'!$36:$36,0)) -> 0.20605129 | F7: =INDEX('面板-景气指数'!$37:$242,MATCH('面板-总览'!$A7,'面板-景气指数'!$A$37:$A$242,0),MATCH('面板-总览'!F$2,'面板-景气指数'!$36:$36,0)) -> 0.20569194 | G7: =INDEX('面板-景气指数'!$37:$242,MATCH('面板-总览'!$A7,'面板-景气指数'!$A$37:$A$242,0),MATCH('面板-总览'!G$2,'面板-景气指数'!$36:$36,0)) -> 0.14934464 | H7: =INDEX('面板-景气指数'!$37:$242,MATCH('面板-总览'!$A7,'面板-景气指数'!$A$37:$A$242,0),MATCH('面板-总览'!H$2,'面板-景气指数'!$36:$36,0)) -> 0.15276635 | I7: =INDEX('面板-景气指数'!$37:$242,MATCH('面板-总览'!$A7,'面板-景气指数'!$A$37:$A$242,0),MATCH('面板-总览'!I$2,'面板-景气指数'!$36:$36,0)) -> 0.22038271 | ... N7: =INDEX('面板-景气指数'!$37:$242,MATCH('面板-总览'!$A7,'面板-景气指数'!$A$37:$A$242,0),MATCH('面板-总览'!N$2,'面板-景气指数'!$36:$36,0)) -> 0.33945338
B8: =INDEX('面板-景气指数'!$37:$242,MATCH('面板-总览'!$A8,'面板-景气指数'!$A$37:$A$242,0),MATCH('面板-总览'!B$2,'面板-景气指数'!$36:$36,0)) -> 0.087214839 | C8: =INDEX('面板-景气指数'!$37:$242,MATCH('面板-总览'!$A8,'面板-景气指数'!$A$37:$A$242,0),MATCH('面板-总览'!C$2,'面板-景气指数'!$36:$36,0)) -> 0.092587174 | D8: =INDEX('面板-景气指数'!$37:$242,MATCH('面板-总览'!$A8,'面板-景气指数'!$A$37:$A$242,0),MATCH('面板-总览'!D$2,'面板-景气指数'!$36:$36,0)) -> 0.16430475 | E8: =INDEX('面板-景气指数'!$37:$242,MATCH('面板-总览'!$A8,'面板-景气指数'!$A$37:$A$242,0),MATCH('面板-总览'!E$2,'面板-景气指数'!$36:$36,0)) -> 0.23096377 | F8: =INDEX('面板-景气指数'!$37:$242,MATCH('面板-总览'!$A8,'面板-景气指数'!$A$37:$A$242,0),MATCH('面板-总览'!F$2,'面板-景气指数'!$36:$36,0)) -> 0.26288066 | G8: =INDEX('面板-景气指数'!$37:$242,MATCH('面板-总览'!$A8,'面板-景气指数'!$A$37:$A$242,0),MATCH('面板-总览'!G$2,'面板-景气指数'!$36:$36,0)) -> 0.27610237 | H8: =INDEX('面板-景气指数'!$37:$242,MATCH('面板-总览'!$A8,'面板-景气指数'!$A$37:$A$242,0),MATCH('面板-总览'!H$2,'面板-景气指数'!$36:$36,0)) -> 0.2530502 | I8: =INDEX('面板-景气指数'!$37:$242,MATCH('面板-总览'!$A8,'面板-景气指数'!$A$37:$A$242,0),MATCH('面板-总览'!I$2,'面板-景气指数'!$36:$36,0)) -> 0.2542023 | ... N8: =INDEX('面板-景气指数'!$37:$242,MATCH('面板-总览'!$A8,'面板-景气指数'!$A$37:$A$242,0),MATCH('面板-总览'!N$2,'面板-景气指数'!$36:$36,0)) -> 0.2779487
B9: =INDEX('面板-景气指数'!$37:$242,MATCH('面板-总览'!$A9,'面板-景气指数'!$A$37:$A$242,0),MATCH('面板-总览'!B$2,'面板-景气指数'!$36:$36,0)) -> 0.33039148 | C9: =INDEX('面板-景气指数'!$37:$242,MATCH('面板-总览'!$A9,'面板-景气指数'!$A$37:$A$242,0),MATCH('面板-总览'!C$2,'面板-景气指数'!$36:$36,0)) -> 0.23464843 | D9: =INDEX('面板-景气指数'!$37:$242,MATCH('面板-总览'!$A9,'面板-景气指数'!$A$37:$A$242,0),MATCH('面板-总览'!D$2,'面板-景气指数'!$36:$36,0)) -> 0.30875052 | E9: =INDEX('面板-景气指数'!$37:$242,MATCH('面板-总览'!$A9,'面板-景气指数'!$A$37:$A$242,0),MATCH('面板-总览'!E$2,'面板-景气指数'!$36:$36,0)) -> 0.37022063 | F9: =INDEX('面板-景气指数'!$37:$242,MATCH('面板-总览'!$A9,'面板-景气指数'!$A$37:$A$242,0),MATCH('面板-总览'!F$2,'面板-景气指数'!$36:$36,0)) -> 0.37031435 | G9: =INDEX('面板-景气指数'!$37:$242,MATCH('面板-总览'!$A9,'面板-景气指数'!$A$37:$A$242,0),MATCH('面板-总览'!G$2,'面板-景气指数'!$36:$36,0)) -> 0.30940397 | H9: =INDEX('面板-景气指数'!$37:$242,MATCH('面板-总览'!$A9,'面板-景气指数'!$A$37:$A$242,0),MATCH('面板-总览'!H$2,'面板-景气指数'!$36:$36,0)) -> 0.27417594 | I9: =INDEX('面板-景气指数'!$37:$242,MATCH('面板-总览'!$A9,'面板-景气指数'!$A$37:$A$242,0),MATCH('面板-总览'!I$2,'面板-景气指数'!$36:$36,0)) -> 0.2242322 | ... N9: =INDEX('面板-景气指数'!$37:$242,MATCH('面板-总览'!$A9,'面板-景气指数'!$A$37:$A$242,0),MATCH('面板-总览'!N$2,'面板-景气指数'!$36:$36,0)) -> 0.4357197
B10: =INDEX('面板-景气指数'!$37:$242,MATCH('面板-总览'!$A10,'面板-景气指数'!$A$37:$A$242,0),MATCH('面板-总览'!B$2,'面板-景气指数'!$36:$36,0)) -> 0.55293114 | C10: =INDEX('面板-景气指数'!$37:$242,MATCH('面板-总览'!$A10,'面板-景气指数'!$A$37:$A$242,0),MATCH('面板-总览'!C$2,'面板-景气指数'!$36:$36,0)) -> 0.49393139 | D10: =INDEX('面板-景气指数'!$37:$242,MATCH('面板-总览'!$A10,'面板-景气指数'!$A$37:$A$242,0),MATCH('面板-总览'!D$2,'面板-景气指数'!$36:$36,0)) -> 0.39883164 | E10: =INDEX('面板-景气指数'!$37:$242,MATCH('面板-总览'!$A10,'面板-景气指数'!$A$37:$A$242,0),MATCH('面板-总览'!E$2,'面板-景气指数'!$36:$36,0)) -> 0.41121242 | F10: =INDEX('面板-景气指数'!$37:$242,MATCH('面板-总览'!$A10,'面板-景气指数'!$A$37:$A$242,0),MATCH('面板-总览'!F$2,'面板-景气指数'!$36:$36,0)) -> 0.47011912 | G10: =INDEX('面板-景气指数'!$37:$242,MATCH('面板-总览'!$A10,'面板-景气指数'!$A$37:$A$242,0),MATCH('面板-总览'!G$2,'面板-景气指数'!$36:$36,0)) -> 0.49141718 | H10: =INDEX('面板-景气指数'!$37:$242,MATCH('面板-总览'!$A10,'面板-景气指数'!$A$37:$A$242,0),MATCH('面板-总览'!H$2,'面板-景气指数'!$36:$36,0)) -> 0.49594429 | I10: =INDEX('面板-景气指数'!$37:$242,MATCH('面板-总览'!$A10,'面板-景气指数'!$A$37:$A$242,0),MATCH('面板-总览'!I$2,'面板-景气指数'!$36:$36,0)) -> 0.47438515 | ... N10: =INDEX('面板-景气指数'!$37:$242,MATCH('面板-总览'!$A10,'面板-景气指数'!$A$37:$A$242,0),MATCH('面板-总览'!N$2,'面板-景气指数'!$36:$36,0)) -> 0.4098391
B11: =INDEX('面板-景气指数'!$37:$242,MATCH('面板-总览'!$A11,'面板-景气指数'!$A$37:$A$242,0),MATCH('面板-总览'!B$2,'面板-景气指数'!$36:$36,0)) -> 0.56605613 | C11: =INDEX('面板-景气指数'!$37:$242,MATCH('面板-总览'!$A11,'面板-景气指数'!$A$37:$A$242,0),MATCH('面板-总览'!C$2,'面板-景气指数'!$36:$36,0)) -> 0.55060621 | D11: =INDEX('面板-景气指数'!$37:$242,MATCH('面板-总览'!$A11,'面板-景气指数'!$A$37:$A$242,0),MATCH('面板-总览'!D$2,'面板-景气指数'!$36:$36,0)) -> 0.44931731 | E11: =INDEX('面板-景气指数'!$37:$242,MATCH('面板-总览'!$A11,'面板-景气指数'!$A$37:$A$242,0),MATCH('面板-总览'!E$2,'面板-景气指数'!$36:$36,0)) -> 0.36216855 | F11: =INDEX('面板-景气指数'!$37:$242,MATCH('面板-总览'!$A11,'面板-景气指数'!$A$37:$A$242,0),MATCH('面板-总览'!F$2,'面板-景气指数'!$36:$36,0)) -> 0.36373833 | G11: =INDEX('面板-景气指数'!$37:$242,MATCH('面板-总览'!$A11,'面板-景气指数'!$A$37:$A$242,0),MATCH('面板-总览'!G$2,'面板-景气指数'!$36:$36,0)) -> 0.32209694 | H11: =INDEX('面板-景气指数'!$37:$242,MATCH('面板-总览'!$A11,'面板-景气指数'!$A$37:$A$242,0),MATCH('面板-总览'!H$2,'面板-景气指数'!$36:$36,0)) -> 0.31213806 | I11: =INDEX('面板-景气指数'!$37:$242,MATCH('面板-总览'!$A11,'面板-景气指数'!$A$37:$A$242,0),MATCH('面板-总览'!I$2,'面板-景气指数'!$36:$36,0)) -> 0.28736996 | ... N11: =INDEX('面板-景气指数'!$37:$242,MATCH('面板-总览'!$A11,'面板-景气指数'!$A$37:$A$242,0),MATCH('面板-总览'!N$2,'面板-景气指数'!$36:$36,0)) -> 0.29066285
A24: 大类板块 | B24: 10月至今 | C24: 3M chg | D24: 45322 | E24: 45291 | F24: 45260 | G24: 45230 | H24: 45199 | I24: 45169 | J24: 45138 | K24: 45107 | L24: 45077 | M24: 45046 | N24: 45016 | O24: 44985 | P24: 44957 | Q24: 44926 | R24: 44895 | S24: 44865 | T24: 44834 | U24: 44804 | V24: 44773 | W24: 44742 | X24: 44712 | Y24: 44681 | Z24: 44651 | AA24: 44620 | AB24: 44592 | AC24: 44561 | AD24: 44530 | AE24: 44500 | AF24: 44469 | AG24: 44439 | AH24: 44408 | AI24: 44377 | AJ24: 44347 | AK24: 44316 | AL24: 44286 | AM24: 44255 | AN24: 44227 | AO24: 44196 | AP24: 44165 | AQ24: 44135 | AR24: 44104 | AS24: 44074 | AT24: 44043 | AU24: 44012 | AV24: 43982 | AW24: 43951 | AX24: 43921 | AY24: 43890 | AZ24: 43861 | BA24: 43830 | BB24: 43799 | BC24: 43769 | BD24: 43738 | BE24: 43708 | BF24: 43677 | BG24: 43646 | BH24: 43616 | BI24: 43585 | BJ24: 43555 | BK24: 43524 | BL24: 43496 | BM24: 43465 | BN24: 43434 | BO24: 43404 | BP24: 43373 | BQ24: 43343 | BR24: 43312 | BS24: 43281 | BT24: 43251 | BU24: 43220 | BV24: 43190 | BW24: 43159 | BX24: 43131 | BY24: 43100 | BZ24: 43069 | CA24: 43039 | CB24: 43008 | CC24: 42978 | CD24: 42947 | CE24: 42916 | CF24: 42886 | CG24: 42855 | CH24: 42825 | CI24: 42794 | CJ24: 42766 | CK24: 42735 | CL24: 42704 | CM24: 42674 | CN24: 42643 | CO24: 42613 | CP24: 42582 | CQ24: 42551 | CR24: 42521 | CS24: 42490 | CT24: 42460 | CU24: 42429 | CV24: 42400
A25: 上游资源 | B25: =(G25-S25)*100 -> 6.3788653 | C25: =(G25-J25)*100 -> 5.2003646 | F25: =AVERAGE(F37:F39) -> 0.61527888 | G25: =AVERAGE(G37:G39) -> 0.65020626 | H25: =AVERAGE(H37:H39) -> 0.67008141 | I25: =AVERAGE(I37:I39) -> 0.6553586 | J25: =AVERAGE(J37:J39) -> 0.59820262 | K25: =AVERAGE(K37:K39) -> 0.57845212 | L25: =AVERAGE(L37:L39) -> 0.61298044 | M25: =AVERAGE(M37:M39) -> 0.62909589 | ... CV25: =AVERAGE(CV37:CV39) -> 0.18012073
A26: 中游材料 | B26: =(G26-S26)*100 -> 11.521236 | C26: =(G26-J26)*100 -> 3.2563816 | F26: =AVERAGE(F40:F42) -> 0.32411434 | G26: =AVERAGE(G40:G42) -> 0.31719482 | H26: =AVERAGE(H40:H42) -> 0.31717594 | I26: =AVERAGE(I40:I42) -> 0.32095892 | J26: =AVERAGE(J40:J42) -> 0.284631 | K26: =AVERAGE(K40:K42) -> 0.23555217 | L26: =AVERAGE(L40:L42) -> 0.1998504 | M26: =AVERAGE(M40:M42) -> 0.20764184 | ... CV26: =AVERAGE(CV40:CV42) -> 0.27475074
A27: 中游制造 | B27: =(G27-S27)*100 -> -17.668883 | C27: =(G27-J27)*100 -> 2.1901241 | F27: =AVERAGE(F43:F45) -> 0.37874055 | G27: =AVERAGE(G43:G45) -> 0.3581934 | H27: =AVERAGE(H43:H45) -> 0.35475767 | I27: =AVERAGE(I43:I45) -> 0.33723112 | J27: =AVERAGE(J43:J45) -> 0.33629216 | K27: =AVERAGE(K43:K45) -> 0.32866244 | L27: =AVERAGE(L43:L45) -> 0.36075276 | M27: =AVERAGE(M43:M45) -> 0.37430603 | ... CV27: =AVERAGE(CV43:CV45) -> 0.40337568
A28: 必选消费 | B28: =(G28-S28)*100 -> -17.560015 | C28: =(G28-J28)*100 -> 2.9261522 | F28: =AVERAGE(F46:F48) -> 0.26177698 | G28: =AVERAGE(G46:G48) -> 0.27565011 | H28: =AVERAGE(H46:H48) -> 0.25888803 | I28: =AVERAGE(I46:I48) -> 0.2616694 | J28: =AVERAGE(J46:J48) -> 0.24638858 | K28: =AVERAGE(K46:K48) -> 0.24003926 | L28: =AVERAGE(L46:L48) -> 0.2353199 | M28: =AVERAGE(M46:M48) -> 0.25830997 | ... CV28: =AVERAGE(CV46:CV48) -> 0.43031036
A29: 可选消费 | B29: =(G29-S29)*100 -> 21.388263 | C29: =(G29-J29)*100 -> 4.893227 | F29: =AVERAGE(F49:F55) -> 0.56041961 | G29: =AVERAGE(G49:G55) -> 0.5380582 | H29: =AVERAGE(H49:H55) -> 0.53925671 | I29: =AVERAGE(I49:I55) -> 0.48564245 | J29: =AVERAGE(J49:J55) -> 0.48912593 | K29: =AVERAGE(K49:K55) -> 0.51542273 | L29: =AVERAGE(L49:L55) -> 0.59701897 | M29: =AVERAGE(M49:M55) -> 0.58188468 | ... CV29: =AVERAGE(CV49:CV55) -> 0.44407924
A30: TMT | B30: =(G30-S30)*100 -> 18.306562 | C30: =(G30-J30)*100 -> 5.0756119 | F30: =AVERAGE(F56:F59) -> 0.41955276 | G30: =AVERAGE(G56:G59) -> 0.39657166 | H30: =AVERAGE(H56:H59) -> 0.38295592 | I30: =AVERAGE(I56:I59) -> 0.36522204 | J30: =AVERAGE(J56:J59) -> 0.34581554 | K30: =AVERAGE(K56:K59) -> 0.34452192 | L30: =AVERAGE(L56:L59) -> 0.32542496 | M30: =AVERAGE(M56:M59) -> 0.27998069 | ... CV30: =AVERAGE(CV56:CV59) -> 0.52401774
A31: 大金融 | B31: =(G31-S31)*100 -> 6.0469476 | C31: =(G31-J31)*100 -> -4.0530199 | F31: =AVERAGE(F61:F62) -> 0.47378313 | G31: =AVERAGE(G61:G62) -> 0.49111197 | H31: =AVERAGE(H61:H62) -> 0.49401155 | I31: =AVERAGE(I61:I62) -> 0.52461258 | J31: =AVERAGE(J61:J62) -> 0.53164217 | K31: =AVERAGE(K61:K62) -> 0.54042563 | L31: =AVERAGE(L61:L62) -> 0.53034837 | M31: =AVERAGE(M61:M62) -> 0.51326415 | ... CV31: =AVERAGE(CV61:CV62) -> 0.5652775
A32: 公共产业 | B32: =(G32-S32)*100 -> 22.343661 | C32: =(G32-J32)*100 -> 9.1189191 | D32: =_xlfn.STDEV.P(M32:CV32)*100 -> 14.747533 | F32: =AVERAGE(F64:F65) -> 0.45590354 | G32: =AVERAGE(G64:G65) -> 0.47011332 | H32: =AVERAGE(H64:H65) -> 0.42832334 | I32: =AVERAGE(I64:I65) -> 0.4039707 | J32: =AVERAGE(J64:J65) -> 0.37892413 | K32: =AVERAGE(K64:K65) -> 0.37992619 | L32: =AVERAGE(L64:L65) -> 0.3713226 | M32: =AVERAGE(M64:M65) -> 0.38410655 | ... CV32: =AVERAGE(CV64:CV65) -> 0.42574658
A33: 全行业 | B33: =(G33-S33)*100 -> 5.9704497 | C33: =(G33-J33)*100 -> 4.1826026 | D33: =_xlfn.STDEV.P(M33:CV33)*100 -> 8.4578393 | F33: =SUMPRODUCT($E$37:$E$65,F37:F65) -> 0.40299098 | G33: =SUMPRODUCT($E$37:$E$65,G37:G65) -> 0.40846521 | H33: =SUMPRODUCT($E$37:$E$65,H37:H65) -> 0.40568481 | I33: =SUMPRODUCT($E$37:$E$65,I37:I65) -> 0.38654449 | J33: =SUMPRODUCT($E$37:$E$65,J37:J65) -> 0.36663919 | K33: =SUMPRODUCT($E$37:$E$65,K37:K65) -> 0.36253525 | L33: =SUMPRODUCT($E$37:$E$65,L37:L65) -> 0.38350771 | M33: =SUMPRODUCT($E$37:$E$65,M37:M65) -> 0.3793763 | ... CV33: =SUMPRODUCT($E$37:$E$65,CV37:CV65) -> 0.35780618
A34: 全部非金融行业 | B34: =(G34-S34)*100 -> 6.3145097 | C34: =(G34-J34)*100 -> 5.2659627 | D34: =_xlfn.STDEV.P(M34:CV34)*100 -> 10.015044 | F34: =(SUMPRODUCT($E$37:$E$65,F37:F65)-SUMPRODUCT($E$61:$E$62,F61:F62))/(1-SUM($E$61:$E$62)) -> 0.39266272 | G34: =(SUMPRODUCT($E$37:$E$65,G37:G65)-SUMPRODUCT($E$61:$E$62,G61:G62))/(1-SUM($E$61:$E$62)) -> 0.39702903 | H34: =(SUMPRODUCT($E$37:$E$65,H37:H65)-SUMPRODUCT($E$61:$E$62,H61:H62))/(1-SUM($E$61:$E$62)) -> 0.39352271 | I34: =(SUMPRODUCT($E$37:$E$65,I37:I65)-SUMPRODUCT($E$61:$E$62,I61:I62))/(1-SUM($E$61:$E$62)) -> 0.36786218 | J34: =(SUMPRODUCT($E$37:$E$65,J37:J65)-SUMPRODUCT($E$61:$E$62,J61:J62))/(1-SUM($E$61:$E$62)) -> 0.3443694 | K34: =(SUMPRODUCT($E$37:$E$65,K37:K65)-SUMPRODUCT($E$61:$E$62,K61:K62))/(1-SUM($E$61:$E$62)) -> 0.33854718 | L34: =(SUMPRODUCT($E$37:$E$65,L37:L65)-SUMPRODUCT($E$61:$E$62,L61:L62))/(1-SUM($E$61:$E$62)) -> 0.36381014 | M34: =(SUMPRODUCT($E$37:$E$65,M37:M65)-SUMPRODUCT($E$61:$E$62,M61:M62))/(1-SUM($E$61:$E$62)) -> 0.36078027 | ... CV34: =(SUMPRODUCT($E$37:$E$65,CV37:CV65)-SUMPRODUCT($E$61:$E$62,CV61:CV62))/(1-SUM($E$61:$E$62)) -> 0.33388554
A36: 一级行业 | B36: 10月至今 | C36: 3M chg | D36: 标准差 | E36: 权重 | F36: 45260 | G36: 45230 | H36: 45199 | I36: 45169 | J36: 45138 | K36: 45107 | L36: 45077 | M36: 45046 | N36: 45016 | O36: 44985 | P36: 44957 | Q36: 44926 | R36: 44895 | S36: 44865 | T36: 44834 | U36: 44804 | V36: 44773 | W36: 44742 | X36: 44712 | Y36: 44681 | Z36: 44651 | AA36: 44620 | AB36: 44592 | AC36: 44561 | AD36: 44530 | AE36: 44500 | AF36: 44469 | AG36: 44439 | AH36: 44408 | AI36: 44377 | AJ36: 44347 | AK36: 44316 | AL36: 44286 | AM36: 44255 | AN36: 44227 | AO36: 44196 | AP36: 44165 | AQ36: 44135 | AR36: 44104 | AS36: 44074 | AT36: 44043 | AU36: 44012 | AV36: 43982 | AW36: 43951 | AX36: 43921 | AY36: 43890 | AZ36: 43861 | BA36: 43830 | BB36: 43799 | BC36: 43769 | BD36: 43738 | BE36: 43708 | BF36: 43677 | BG36: 43646 | BH36: 43616 | BI36: 43585 | BJ36: 43555 | BK36: 43524 | BL36: 43496 | BM36: 43465 | BN36: 43434 | BO36: 43404 | BP36: 43373 | BQ36: 43343 | BR36: 43312 | BS36: 43281 | BT36: 43251 | BU36: 43220 | BV36: 43190 | BW36: 43159 | BX36: 43131 | BY36: 43100 | BZ36: 43069 | CA36: 43039 | CB36: 43008 | CC36: 42978 | CD36: 42947 | CE36: 42916 | CF36: 42886 | CG36: 42855 | CH36: 42825 | CI36: 42794 | CJ36: 42766 | CK36: 42735 | CL36: 42704 | CM36: 42674 | CN36: 42643 | CO36: 42613 | CP36: 42582 | CQ36: 42551 | CR36: 42521 | CS36: 42490 | CT36: 42460 | CU36: 42429 | CV36: 42400
A37: 石油石化 | B37: =(G37-S37)*100 -> 7.645 | C37: =(G37-J37)*100 -> 8.17 | D37: =_xlfn.STDEV.P(M37:CV37)*100 -> 19.66463 | E37: 0.11098673 | F37: {=SUMPRODUCT(('[1]面板-分位数'!$B$3:$B$497='面板-景气指数'!$A37)*('[1]面板-分位数'!$J$3:$J$497),('[1]面板-分位数'!$B$3:$B$497='面板-景气指数'!$A37)*'[1]面板-分位数'!K$3:K$497)} -> 0.63245 | G37: {=SUMPRODUCT(('[1]面板-分位数'!$B$3:$B$497='面板-景气指数'!$A37)*('[1]面板-分位数'!$J$3:$J$497),('[1]面板-分位数'!$B$3:$B$497='面板-景气指数'!$A37)*'[1]面板-分位数'!L$3:L$497)} -> 0.71965 | H37: {=SUMPRODUCT(('[1]面板-分位数'!$B$3:$B$497='面板-景气指数'!$A37)*('[1]面板-分位数'!$J$3:$J$497),('[1]面板-分位数'!$B$3:$B$497='面板-景气指数'!$A37)*'[1]面板-分位数'!M$3:M$497)} -> 0.79655 | I37: {=SUMPRODUCT(('[1]面板-分位数'!$B$3:$B$497='面板-景气指数'!$A37)*('[1]面板-分位数'!$J$3:$J$497),('[1]面板-分位数'!$B$3:$B$497='面板-景气指数'!$A37)*'[1]面板-分位数'!N$3:N$497)} -> 0.7426 | J37: {=SUMPRODUCT(('[1]面板-分位数'!$B$3:$B$497='面板-景气指数'!$A37)*('[1]面板-分位数'!$J$3:$J$497),('[1]面板-分位数'!$B$3:$B$497='面板-景气指数'!$A37)*'[1]面板-分位数'!O$3:O$497)} -> 0.63795 | K37: {=SUMPRODUCT(('[1]面板-分位数'!$B$3:$B$497='面板-景气指数'!$A37)*('[1]面板-分位数'!$J$3:$J$497),('[1]面板-分位数'!$B$3:$B$497='面板-景气指数'!$A37)*'[1]面板-分位数'!P$3:P$497)} -> 0.6088 | L37: {=SUMPRODUCT(('[1]面板-分位数'!$B$3:$B$497='面板-景气指数'!$A37)*('[1]面板-分位数'!$J$3:$J$497),('[1]面板-分位数'!$B$3:$B$497='面板-景气指数'!$A37)*'[1]面板-分位数'!Q$3:Q$497)} -> 0.75055 | M37: {=SUMPRODUCT(('[1]面板-分位数'!$B$3:$B$497='面板-景气指数'!$A37)*('[1]面板-分位数'!$J$3:$J$497),('[1]面板-分位数'!$B$3:$B$497='面板-景气指数'!$A37)*'[1]面板-分位数'!R$3:R$497)} -> 0.78095 | ... CV37: {=SUMPRODUCT(('[1]面板-分位数'!$B$3:$B$497='面板-景气指数'!$A37)*('[1]面板-分位数'!$J$3:$J$497),('[1]面板-分位数'!$B$3:$B$497='面板-景气指数'!$A37)*'[1]面板-分位数'!DA$3:DA$497)} -> 0.29725
A38: 煤炭 | B38: =(G38-S38)*100 -> -14.833333 | C38: =(G38-J38)*100 -> 2.65 | D38: =_xlfn.STDEV.P(M38:CV38)*100 -> 24.46716 | E38: 0.020655279 | F38: {=SUMPRODUCT(('[1]面板-分位数'!$B$3:$B$497='面板-景气指数'!$A38)*('[1]面板-分位数'!$J$3:$J$497),('[1]面板-分位数'!$B$3:$B$497='面板-景气指数'!$A38)*'[1]面板-分位数'!K$3:K$497)} -> 0.69716667 | G38: {=SUMPRODUCT(('[1]面板-分位数'!$B$3:$B$497='面板-景气指数'!$A38)*('[1]面板-分位数'!$J$3:$J$497),('[1]面板-分位数'!$B$3:$B$497='面板-景气指数'!$A38)*'[1]面板-分位数'!L$3:L$497)} -> 0.67516667 | H38: {=SUMPRODUCT(('[1]面板-分位数'!$B$3:$B$497='面板-景气指数'!$A38)*('[1]面板-分位数'!$J$3:$J$497),('[1]面板-分位数'!$B$3:$B$497='面板-景气指数'!$A38)*'[1]面板-分位数'!M$3:M$497)} -> 0.65783333 | I38: {=SUMPRODUCT(('[1]面板-分位数'!$B$3:$B$497='面板-景气指数'!$A38)*('[1]面板-分位数'!$J$3:$J$497),('[1]面板-分位数'!$B$3:$B$497='面板-景气指数'!$A38)*'[1]面板-分位数'!N$3:N$497)} -> 0.63733333 | J38: {=SUMPRODUCT(('[1]面板-分位数'!$B$3:$B$497='面板-景气指数'!$A38)*('[1]面板-分位数'!$J$3:$J$497),('[1]面板-分位数'!$B$3:$B$497='面板-景气指数'!$A38)*'[1]面板-分位数'!O$3:O$497)} -> 0.64866667 | K38: {=SUMPRODUCT(('[1]面板-分位数'!$B$3:$B$497='面板-景气指数'!$A38)*('[1]面板-分位数'!$J$3:$J$497),('[1]面板-分位数'!$B$3:$B$497='面板-景气指数'!$A38)*'[1]面板-分位数'!P$3:P$497)} -> 0.6895 | L38: {=SUMPRODUCT(('[1]面板-分位数'!$B$3:$B$497='面板-景气指数'!$A38)*('[1]面板-分位数'!$J$3:$J$497),('[1]面板-分位数'!$B$3:$B$497='面板-景气指数'!$A38)*'[1]面板-分位数'!Q$3:Q$497)} -> 0.7695 | M38: {=SUMPRODUCT(('[1]面板-分位数'!$B$3:$B$497='面板-景气指数'!$A38)*('[1]面板-分位数'!$J$3:$J$497),('[1]面板-分位数'!$B$3:$B$497='面板-景气指数'!$A38)*'[1]面板-分位数'!R$3:R$497)} -> 0.8305 | ... CV38: {=SUMPRODUCT(('[1]面板-分位数'!$B$3:$B$497='面板-景气指数'!$A38)*('[1]面板-分位数'!$J$3:$J$497),('[1]面板-分位数'!$B$3:$B$497='面板-景气指数'!$A38)*'[1]面板-分位数'!DA$3:DA$497)} -> 0.090333333
A39: 有色金属 | B39: =(G39-S39)*100 -> 26.324929 | C39: =(G39-J39)*100 -> 4.7810937 | D39: =_xlfn.STDEV.P(M39:CV39)*100 -> 20.342406 | E39: 0.046589329 | F39: {=SUMPRODUCT(('[1]面板-分位数'!$B$3:$B$497='面板-景气指数'!$A39)*('[1]面板-分位数'!$J$3:$J$497),('[1]面板-分位数'!$B$3:$B$497='面板-景气指数'!$A39)*'[1]面板-分位数'!K$3:K$497)} -> 0.51621997 | G39: {=SUMPRODUCT(('[1]面板-分位数'!$B$3:$B$497='面板-景气指数'!$A39)*('[1]面板-分位数'!$J$3:$J$497),('[1]面板-分位数'!$B$3:$B$497='面板-景气指数'!$A39)*'[1]面板-分位数'!L$3:L$497)} -> 0.55580212 | H39: {=SUMPRODUCT(('[1]面板-分位数'!$B$3:$B$497='面板-景气指数'!$A39)*('[1]面板-分位数'!$J$3:$J$497),('[1]面板-分位数'!$B$3:$B$497='面板-景气指数'!$A39)*'[1]面板-分位数'!M$3:M$497)} -> 0.55586089 | I39: {=SUMPRODUCT(('[1]面板-分位数'!$B$3:$B$497='面板-景气指数'!$A39)*('[1]面板-分位数'!$J$3:$J$497),('[1]面板-分位数'!$B$3:$B$497='面板-景气指数'!$A39)*'[1]面板-分位数'!N$3:N$497)} -> 0.58614247 | J39: {=SUMPRODUCT(('[1]面板-分位数'!$B$3:$B$497='面板-景气指数'!$A39)*('[1]面板-分位数'!$J$3:$J$497),('[1]面板-分位数'!$B$3:$B$497='面板-景气指数'!$A39)*'[1]面板-分位数'!O$3:O$497)} -> 0.50799119 | K39: {=SUMPRODUCT(('[1]面板-分位数'!$B$3:$B$497='面板-景气指数'!$A39)*('[1]面板-分位数'!$J$3:$J$497),('[1]面板-分位数'!$B$3:$B$497='面板-景气指数'!$A39)*'[1]面板-分位数'!P$3:P$497)} -> 0.43705637 | L39: {=SUMPRODUCT(('[1]面板-分位数'!$B$3:$B$497='面板-景气指数'!$A39)*('[1]面板-分位数'!$J$3:$J$497),('[1]面板-分位数'!$B$3:$B$497='面板-景气指数'!$A39)*'[1]面板-分位数'!Q$3:Q$497)} -> 0.31889132 | M39: {=SUMPRODUCT(('[1]面板-分位数'!$B$3:$B$497='面板-景气指数'!$A39)*('[1]面板-分位数'!$J$3:$J$497),('[1]面板-分位数'!$B$3:$B$497='面板-景气指数'!$A39)*'[1]面板-分位数'!R$3:R$497)} -> 0.27583766 | ... CV39: {=SUMPRODUCT(('[1]面板-分位数'!$B$3:$B$497='面板-景气指数'!$A39)*('[1]面板-分位数'!$J$3:$J$497),('[1]面板-分位数'!$B$3:$B$497='面板-景气指数'!$A39)*'[1]面板-分位数'!DA$3:DA$497)} -> 0.15277885
A40: 基础化工 | B40: =(G40-S40)*100 -> -8.1896264 | C40: =(G40-J40)*100 -> 5.8878464 | D40: =_xlfn.STDEV.P(M40:CV40)*100 -> 15.884817 | E40: 0.028938874 | F40: {=SUMPRODUCT(('[1]面板-分位数'!$B$3:$B$497='面板-景气指数'!$A40)*('[1]面板-分位数'!$J$3:$J$497),('[1]面板-分位数'!$B$3:$B$497='面板-景气指数'!$A40)*'[1]面板-分位数'!K$3:K$497)} -> 0.35494094 | G40: {=SUMPRODUCT(('[1]面板-分位数'!$B$3:$B$497='面板-景气指数'!$A40)*('[1]面板-分位数'!$J$3:$J$497),('[1]面板-分位数'!$B$3:$B$497='面板-景气指数'!$A40)*'[1]面板-分位数'!L$3:L$497)} -> 0.35363624 | H40: {=SUMPRODUCT(('[1]面板-分位数'!$B$3:$B$497='面板-景气指数'!$A40)*('[1]面板-分位数'!$J$3:$J$497),('[1]面板-分位数'!$B$3:$B$497='面板-景气指数'!$A40)*'[1]面板-分位数'!M$3:M$497)} -> 0.35990612 | I40: {=SUMPRODUCT(('[1]面板-分位数'!$B$3:$B$497='面板-景气指数'!$A40)*('[1]面板-分位数'!$J$3:$J$497),('[1]面板-分位数'!$B$3:$B$497='面板-景气指数'!$A40)*'[1]面板-分位数'!N$3:N$497)} -> 0.35189065 | J40: {=SUMPRODUCT(('[1]面板-分位数'!$B$3:$B$497='面板-景气指数'!$A40)*('[1]面板-分位数'!$J$3:$J$497),('[1]面板-分位数'!$B$3:$B$497='面板-景气指数'!$A40)*'[1]面板-分位数'!O$3:O$497)} -> 0.29475777 | K40: {=SUMPRODUCT(('[1]面板-分位数'!$B$3:$B$497='面板-景气指数'!$A40)*('[1]面板-分位数'!$J$3:$J$497),('[1]面板-分位数'!$B$3:$B$497='面板-景气指数'!$A40)*'[1]面板-分位数'!P$3:P$497)} -> 0.2320715 | L40: {=SUMPRODUCT(('[1]面板-分位数'!$B$3:$B$497='面板-景气指数'!$A40)*('[1]面板-分位数'!$J$3:$J$497),('[1]面板-分位数'!$B$3:$B$497='面板-景气指数'!$A40)*'[1]面板-分位数'!Q$3:Q$497)} -> 0.19373464 | M40: {=SUMPRODUCT(('[1]面板-分位数'!$B$3:$B$497='面板-景气指数'!$A40)*('[1]面板-分位数'!$J$3:$J$497),('[1]面板-分位数'!$B$3:$B$497='面板-景气指数'!$A40)*'[1]面板-分位数'!R$3:R$497)} -> 0.19747851 | ... CV40: {=SUMPRODUCT(('[1]面板-分位数'!$B$3:$B$497='面板-景气指数'!$A40)*('[1]面板-分位数'!$J$3:$J$497),('[1]面板-分位数'!$B$3:$B$497='面板-景气指数'!$A40)*'[1]面板-分位数'!DA$3:DA$497)} -> 0.33591883
A41: 钢铁 | B41: =(G41-S41)*100 -> 27.133653 | C41: =(G41-J41)*100 -> 3.1373005 | D41: =_xlfn.STDEV.P(M41:CV41)*100 -> 20.966726 | E41: 0.031889485 | F41: {=SUMPRODUCT(('[1]面板-分位数'!$B$3:$B$497='面板-景气指数'!$A41)*('[1]面板-分位数'!$J$3:$J$497),('[1]面板-分位数'!$B$3:$B$497='面板-景气指数'!$A41)*'[1]面板-分位数'!K$3:K$497)} -> 0.33945338 | G41: {=SUMPRODUCT(('[1]面板-分位数'!$B$3:$B$497='面板-景气指数'!$A41)*('[1]面板-分位数'!$J$3:$J$497),('[1]面板-分位数'!$B$3:$B$497='面板-景气指数'!$A41)*'[1]面板-分位数'!L$3:L$497)} -> 0.33491259 | H41: {=SUMPRODUCT(('[1]面板-分位数'!$B$3:$B$497='面板-景气指数'!$A41)*('[1]面板-分位数'!$J$3:$J$497),('[1]面板-分位数'!$B$3:$B$497='面板-景气指数'!$A41)*'[1]面板-分位数'!M$3:M$497)} -> 0.34045265 | I41: {=SUMPRODUCT(('[1]面板-分位数'!$B$3:$B$497='面板-景气指数'!$A41)*('[1]面板-分位数'!$J$3:$J$497),('[1]面板-分位数'!$B$3:$B$497='面板-景气指数'!$A41)*'[1]面板-分位数'!N$3:N$497)} -> 0.35390245 | J41: {=SUMPRODUCT(('[1]面板-分位数'!$B$3:$B$497='面板-景气指数'!$A41)*('[1]面板-分位数'!$J$3:$J$497),('[1]面板-分位数'!$B$3:$B$497='面板-景气指数'!$A41)*'[1]面板-分位数'!O$3:O$497)} -> 0.30353958 | K41: {=SUMPRODUCT(('[1]面板-分位数'!$B$3:$B$497='面板-景气指数'!$A41)*('[1]面板-分位数'!$J$3:$J$497),('[1]面板-分位数'!$B$3:$B$497='面板-景气指数'!$A41)*'[1]面板-分位数'!P$3:P$497)} -> 0.22038271 | L41: {=SUMPRODUCT(('[1]面板-分位数'!$B$3:$B$497='面板-景气指数'!$A41)*('[1]面板-分位数'!$J$3:$J$497),('[1]面板-分位数'!$B$3:$B$497='面板-景气指数'!$A41)*'[1]面板-分位数'!Q$3:Q$497)} -> 0.15276635 | M41: {=SUMPRODUCT(('[1]面板-分位数'!$B$3:$B$497='面板-景气指数'!$A41)*('[1]面板-分位数'!$J$3:$J$497),('[1]面板-分位数'!$B$3:$B$497='面板-景气指数'!$A41)*'[1]面板-分位数'!R$3:R$497)} -> 0.14934464 | ... CV41: {=SUMPRODUCT(('[1]面板-分位数'!$B$3:$B$497='面板-景气指数'!$A41)*('[1]面板-分位数'!$J$3:$J$497),('[1]面板-分位数'!$B$3:$B$497='面板-景气指数'!$A41)*'[1]面板-分位数'!DA$3:DA$497)} -> 0.15830977
A42: 建筑材料 | B42: =(G42-S42)*100 -> 15.619681 | C42: =(G42-J42)*100 -> 0.74399787 | D42: =_xlfn.STDEV.P(M42:CV42)*100 -> 18.730968 | E42: 0.011535392 | F42: {=SUMPRODUCT(('[1]面板-分位数'!$B$3:$B$497='面板-景气指数'!$A42)*('[1]面板-分位数'!$J$3:$J$497),('[1]面板-分位数'!$B$3:$B$497='面板-景气指数'!$A42)*'[1]面板-分位数'!K$3:K$497)} -> 0.2779487 | G42: {=SUMPRODUCT(('[1]面板-分位数'!$B$3:$B$497='面板-景气指数'!$A42)*('[1]面板-分位数'!$J$3:$J$497),('[1]面板-分位数'!$B$3:$B$497='面板-景气指数'!$A42)*'[1]面板-分位数'!L$3:L$497)} -> 0.26303563 | H42: {=SUMPRODUCT(('[1]面板-分位数'!$B$3:$B$497='面板-景气指数'!$A42)*('[1]面板-分位数'!$J$3:$J$497),('[1]面板-分位数'!$B$3:$B$497='面板-景气指数'!$A42)*'[1]面板-分位数'!M$3:M$497)} -> 0.25116905 | I42: {=SUMPRODUCT(('[1]面板-分位数'!$B$3:$B$497='面板-景气指数'!$A42)*('[1]面板-分位数'!$J$3:$J$497),('[1]面板-分位数'!$B$3:$B$497='面板-景气指数'!$A42)*'[1]面板-分位数'!N$3:N$497)} -> 0.25708366 | J42: {=SUMPRODUCT(('[1]面板-分位数'!$B$3:$B$497='面板-景气指数'!$A42)*('[1]面板-分位数'!$J$3:$J$497),('[1]面板-分位数'!$B$3:$B$497='面板-景气指数'!$A42)*'[1]面板-分位数'!O$3:O$497)} -> 0.25559565 | K42: {=SUMPRODUCT(('[1]面板-分位数'!$B$3:$B$497='面板-景气指数'!$A42)*('[1]面板-分位数'!$J$3:$J$497),('[1]面板-分位数'!$B$3:$B$497='面板-景气指数'!$A42)*'[1]面板-分位数'!P$3:P$497)} -> 0.2542023 | L42: {=SUMPRODUCT(('[1]面板-分位数'!$B$3:$B$497='面板-景气指数'!$A42)*('[1]面板-分位数'!$J$3:$J$497),('[1]面板-分位数'!$B$3:$B$497='面板-景气指数'!$A42)*'[1]面板-分位数'!Q$3:Q$497)} -> 0.2530502 | M42: {=SUMPRODUCT(('[1]面板-分位数'!$B$3:$B$497='面板-景气指数'!$A42)*('[1]面板-分位数'!$J$3:$J$497),('[1]面板-分位数'!$B$3:$B$497='面板-景气指数'!$A42)*'[1]面板-分位数'!R$3:R$497)} -> 0.27610237 | ... CV42: {=SUMPRODUCT(('[1]面板-分位数'!$B$3:$B$497='面板-景气指数'!$A42)*('[1]面板-分位数'!$J$3:$J$497),('[1]面板-分位数'!$B$3:$B$497='面板-景气指数'!$A42)*'[1]面板-分位数'!DA$3:DA$497)} -> 0.33002362
A43: 机械设备 | B43: =(G43-S43)*100 -> 0.57770343 | C43: =(G43-J43)*100 -> 10.975492 | D43: =_xlfn.STDEV.P(M43:CV43)*100 -> 18.008087 | E43: 0.026998238 | F43: {=SUMPRODUCT(('[1]面板-分位数'!$B$3:$B$497='面板-景气指数'!$A43)*('[1]面板-分位数'!$J$3:$J$497),('[1]面板-分位数'!$B$3:$B$497='面板-景气指数'!$A43)*'[1]面板-分位数'!K$3:K$497)} -> 0.4357197 | G43: {=SUMPRODUCT(('[1]面板-分位数'!$B$3:$B$497='面板-景气指数'!$A43)*('[1]面板-分位数'!$J$3:$J$497),('[1]面板-分位数'!$B$3:$B$497='面板-景气指数'!$A43)*'[1]面板-分位数'!L$3:L$497)} -> 0.39094207 | H43: {=SUMPRODUCT(('[1]面板-分位数'!$B$3:$B$497='面板-景气指数'!$A43)*('[1]面板-分位数'!$J$3:$J$497),('[1]面板-分位数'!$B$3:$B$497='面板-景气指数'!$A43)*'[1]面板-分位数'!M$3:M$497)} -> 0.36601121 | I43: {=SUMPRODUCT(('[1]面板-分位数'!$B$3:$B$497='面板-景气指数'!$A43)*('[1]面板-分位数'!$J$3:$J$497),('[1]面板-分位数'!$B$3:$B$497='面板-景气指数'!$A43)*'[1]面板-分位数'!N$3:N$497)} -> 0.30804485 | J43: {=SUMPRODUCT(('[1]面板-分位数'!$B$3:$B$497='面板-景气指数'!$A43)*('[1]面板-分位数'!$J$3:$J$497),('[1]面板-分位数'!$B$3:$B$497='面板-景气指数'!$A43)*'[1]面板-分位数'!O$3:O$497)} -> 0.28118715 | K43: {=SUMPRODUCT(('[1]面板-分位数'!$B$3:$B$497='面板-景气指数'!$A43)*('[1]面板-分位数'!$J$3:$J$497),('[1]面板-分位数'!$B$3:$B$497='面板-景气指数'!$A43)*'[1]面板-分位数'!P$3:P$497)} -> 0.2242322 | L43: {=SUMPRODUCT(('[1]面板-分位数'!$B$3:$B$497='面板-景气指数'!$A43)*('[1]面板-分位数'!$J$3:$J$497),('[1]面板-分位数'!$B$3:$B$497='面板-景气指数'!$A43)*'[1]面板-分位数'!Q$3:Q$497)} -> 0.27417594 | M43: {=SUMPRODUCT(('[1]面板-分位数'!$B$3:$B$497='面板-景气指数'!$A43)*('[1]面板-分位数'!$J$3:$J$497),('[1]面板-分位数'!$B$3:$B$497='面板-景气指数'!$A43)*'[1]面板-分位数'!R$3:R$497)} -> 0.30940397 | ... CV43: {=SUMPRODUCT(('[1]面板-分位数'!$B$3:$B$497='面板-景气指数'!$A43)*('[1]面板-分位数'!$J$3:$J$497),('[1]面板-分位数'!$B$3:$B$497='面板-景气指数'!$A43)*'[1]面板-分位数'!DA$3:DA$497)} -> 0.28552081
A44: 电力设备 | B44: =(G44-S44)*100 -> -21.633654 | C44: =(G44-J44)*100 -> -4.8290822 | D44: =_xlfn.STDEV.P(M44:CV44)*100 -> 18.15108 | E44: 0.050000753 | F44: {=SUMPRODUCT(('[1]面板-分位数'!$B$3:$B$497='面板-景气指数'!$A44)*('[1]面板-分位数'!$J$3:$J$497),('[1]面板-分位数'!$B$3:$B$497='面板-景气指数'!$A44)*'[1]面板-分位数'!K$3:K$497)} -> 0.4098391 | G44: {=SUMPRODUCT(('[1]面板-分位数'!$B$3:$B$497='面板-景气指数'!$A44)*('[1]面板-分位数'!$J$3:$J$497),('[1]面板-分位数'!$B$3:$B$497='面板-景气指数'!$A44)*'[1]面板-分位数'!L$3:L$497)} -> 0.39583449 | H44: {=SUMPRODUCT(('[1]面板-分位数'!$B$3:$B$497='面板-景气指数'!$A44)*('[1]面板-分位数'!$J$3:$J$497),('[1]面板-分位数'!$B$3:$B$497='面板-景气指数'!$A44)*'[1]面板-分位数'!M$3:M$497)} -> 0.40490021 | I44: {=SUMPRODUCT(('[1]面板-分位数'!$B$3:$B$497='面板-景气指数'!$A44)*('[1]面板-分位数'!$J$3:$J$497),('[1]面板-分位数'!$B$3:$B$497='面板-景气指数'!$A44)*'[1]面板-分位数'!N$3:N$497)} -> 0.41869283 | J44: {=SUMPRODUCT(('[1]面板-分位数'!$B$3:$B$497='面板-景气指数'!$A44)*('[1]面板-分位数'!$J$3:$J$497),('[1]面板-分位数'!$B$3:$B$497='面板-景气指数'!$A44)*'[1]面板-分位数'!O$3:O$497)} -> 0.44412531 | K44: {=SUMPRODUCT(('[1]面板-分位数'!$B$3:$B$497='面板-景气指数'!$A44)*('[1]面板-分位数'!$J$3:$J$497),('[1]面板-分位数'!$B$3:$B$497='面板-景气指数'!$A44)*'[1]面板-分位数'!P$3:P$497)} -> 0.47438515 | L44: {=SUMPRODUCT(('[1]面板-分位数'!$B$3:$B$497='面板-景气指数'!$A44)*('[1]面板-分位数'!$J$3:$J$497),('[1]面板-分位数'!$B$3:$B$497='面板-景气指数'!$A44)*'[1]面板-分位数'!Q$3:Q$497)} -> 0.49594429 | M44: {=SUMPRODUCT(('[1]面板-分位数'!$B$3:$B$497='面板-景气指数'!$A44)*('[1]面板-分位数'!$J$3:$J$497),('[1]面板-分位数'!$B$3:$B$497='面板-景气指数'!$A44)*'[1]面板-分位数'!R$3:R$497)} -> 0.49141718 | ... CV44: {=SUMPRODUCT(('[1]面板-分位数'!$B$3:$B$497='面板-景气指数'!$A44)*('[1]面板-分位数'!$J$3:$J$497),('[1]面板-分位数'!$B$3:$B$497='面板-景气指数'!$A44)*'[1]面板-分位数'!DA$3:DA$497)} -> 0.5829783
A45: 国防军工 | B45: =(G45-S45)*100 -> -31.950697 | C45: =(G45-J45)*100 -> 0.42396197 | D45: =_xlfn.STDEV.P(M45:CV45)*100 -> 14.97242 | E45: 0.0087554527 | F45: {=SUMPRODUCT(('[1]面板-分位数'!$B$3:$B$497='面板-景气指数'!$A45)*('[1]面板-分位数'!$J$3:$J$497),('[1]面板-分位数'!$B$3:$B$497='面板-景气指数'!$A45)*'[1]面板-分位数'!K$3:K$497)} -> 0.29066285 | G45: {=SUMPRODUCT(('[1]面板-分位数'!$B$3:$B$497='面板-景气指数'!$A45)*('[1]面板-分位数'!$J$3:$J$497),('[1]面板-分位数'!$B$3:$B$497='面板-景气指数'!$A45)*'[1]面板-分位数'!L$3:L$497)} -> 0.28780366 | H45: {=SUMPRODUCT(('[1]面板-分位数'!$B$3:$B$497='面板-景气指数'!$A45)*('[1]面板-分位数'!$J$3:$J$497),('[1]面板-分位数'!$B$3:$B$497='面板-景气指数'!$A45)*'[1]面板-分位数'!M$3:M$497)} -> 0.2933616 | I45: {=SUMPRODUCT(('[1]面板-分位数'!$B$3:$B$497='面板-景气指数'!$A45)*('[1]面板-分位数'!$J$3:$J$497),('[1]面板-分位数'!$B$3:$B$497='面板-景气指数'!$A45)*'[1]面板-分位数'!N$3:N$497)} -> 0.28495568 | J45: {=SUMPRODUCT(('[1]面板-分位数'!$B$3:$B$497='面板-景气指数'!$A45)*('[1]面板-分位数'!$J$3:$J$497),('[1]面板-分位数'!$B$3:$B$497='面板-景气指数'!$A45)*'[1]面板-分位数'!O$3:O$497)} -> 0.28356404 | K45: {=SUMPRODUCT(('[1]面板-分位数'!$B$3:$B$497='面板-景气指数'!$A45)*('[1]面板-分位数'!$J$3:$J$497),('[1]面板-分位数'!$B$3:$B$497='面板-景气指数'!$A45)*'[1]面板-分位数'!P$3:P$497)} -> 0.28736996 | L45: {=SUMPRODUCT(('[1]面板-分位数'!$B$3:$B$497='面板-景气指数'!$A45)*('[1]面板-分位数'!$J$3:$J$497),('[1]面板-分位数'!$B$3:$B$497='面板-景气指数'!$A45)*'[1]面板-分位数'!Q$3:Q$497)} -> 0.31213806 | M45: {=SUMPRODUCT(('[1]面板-分位数'!$B$3:$B$497='面板-景气指数'!$A45)*('[1]面板-分位数'!$J$3:$J$497),('[1]面板-分位数'!$B$3:$B$497='面板-景气指数'!$A45)*'[1]面板-分位数'!R$3:R$497)} -> 0.32209694 | ... CV45: {=SUMPRODUCT(('[1]面板-分位数'!$B$3:$B$497='面板-景气指数'!$A45)*('[1]面板-分位数'!$J$3:$J$497),('[1]面板-分位数'!$B$3:$B$497='面板-景气指数'!$A45)*'[1]面板-分位数'!DA$3:DA$497)} -> 0.34162793
A46: 农林牧渔 | B46: =(G46-S46)*100 -> -59.013506 | C46: =(G46-J46)*100 -> -8.1369772 | D46: =_xlfn.STDEV.P(M46:CV46)*100 -> 14.291487 | E46: 0.016969776 | F46: {=SUMPRODUCT(('[1]面板-分位数'!$B$3:$B$497='面板-景气指数'!$A46)*('[1]面板-分位数'!$J$3:$J$497),('[1]面板-分位数'!$B$3:$B$497='面板-景气指数'!$A46)*'[1]面板-分位数'!K$3:K$497)} -> 0.11910765 | G46: {=SUMPRODUCT(('[1]面板-分位数'!$B$3:$B$497='面板-景气指数'!$A46)*('[1]面板-分位数'!$J$3:$J$497),('[1]面板-分位数'!$B$3:$B$497='面板-景气指数'!$A46)*'[1]面板-分位数'!L$3:L$497)} -> 0.13503858 | H46: {=SUMPRODUCT(('[1]面板-分位数'!$B$3:$B$497='面板-景气指数'!$A46)*('[1]面板-分位数'!$J$3:$J$497),('[1]面板-分位数'!$B$3:$B$497='面板-景气指数'!$A46)*'[1]面板-分位数'!M$3:M$497)} -> 0.18787118 | I46: {=SUMPRODUCT(('[1]面板-分位数'!$B$3:$B$497='面板-景气指数'!$A46)*('[1]面板-分位数'!$J$3:$J$497),('[1]面板-分位数'!$B$3:$B$497='面板-景气指数'!$A46)*'[1]面板-分位数'!N$3:N$497)} -> 0.22285292 | J46: {=SUMPRODUCT(('[1]面板-分位数'!$B$3:$B$497='面板-景气指数'!$A46)*('[1]面板-分位数'!$J$3:$J$497),('[1]面板-分位数'!$B$3:$B$497='面板-景气指数'!$A46)*'[1]面板-分位数'!O$3:O$497)} -> 0.21640835 | K46: {=SUMPRODUCT(('[1]面板-分位数'!$B$3:$B$497='面板-景气指数'!$A46)*('[1]面板-分位数'!$J$3:$J$497),('[1]面板-分位数'!$B$3:$B$497='面板-景气指数'!$A46)*'[1]面板-分位数'!P$3:P$497)} -> 0.16524427 | L46: {=SUMPRODUCT(('[1]面板-分位数'!$B$3:$B$497='面板-景气指数'!$A46)*('[1]面板-分位数'!$J$3:$J$497),('[1]面板-分位数'!$B$3:$B$497='面板-景气指数'!$A46)*'[1]面板-分位数'!Q$3:Q$497)} -> 0.15985486 | M46: {=SUMPRODUCT(('[1]面板-分位数'!$B$3:$B$497='面板-景气指数'!$A46)*('[1]面板-分位数'!$J$3:$J$497),('[1]面板-分位数'!$B$3:$B$497='面板-景气指数'!$A46)*'[1]面板-分位数'!R$3:R$497)} -> 0.20418046 | ... CV46: {=SUMPRODUCT(('[1]面板-分位数'!$B$3:$B$497='面板-景气指数'!$A46)*('[1]面板-分位数'!$J$3:$J$497),('[1]面板-分位数'!$B$3:$B$497='面板-景气指数'!$A46)*'[1]面板-分位数'!DA$3:DA$497)} -> 0.28067157
A47: 食品饮料 | B47: =(G47-S47)*100 -> 7.9953739 | C47: =(G47-J47)*100 -> 17.245205 | D47: =_xlfn.STDEV.P(M47:CV47)*100 -> 11.372868 | E47: 0.013217009 | F47: {=SUMPRODUCT(('[1]面板-分位数'!$B$3:$B$497='面板-景气指数'!$A47)*('[1]面板-分位数'!$J$3:$J$497),('[1]面板-分位数'!$B$3:$B$497='面板-景气指数'!$A47)*'[1]面板-分位数'!K$3:K$497)} -> 0.40664393 | G47: {=SUMPRODUCT(('[1]面板-分位数'!$B$3:$B$497='面板-景气指数'!$A47)*('[1]面板-分位数'!$J$3:$J$497),('[1]面板-分位数'!$B$3:$B$497='面板-景气指数'!$A47)*'[1]面板-分位数'!L$3:L$497)} -> 0.45296803 | H47: {=SUMPRODUCT(('[1]面板-分位数'!$B$3:$B$497='面板-景气指数'!$A47)*('[1]面板-分位数'!$J$3:$J$497),('[1]面板-分位数'!$B$3:$B$497='面板-景气指数'!$A47)*'[1]面板-分位数'!M$3:M$497)} -> 0.36725752 | I47: {=SUMPRODUCT(('[1]面板-分位数'!$B$3:$B$497='面板-景气指数'!$A47)*('[1]面板-分位数'!$J$3:$J$497),('[1]面板-分位数'!$B$3:$B$497='面板-景气指数'!$A47)*'[1]面板-分位数'!N$3:N$497)} -> 0.33624361 | J47: {=SUMPRODUCT(('[1]面板-分位数'!$B$3:$B$497='面板-景气指数'!$A47)*('[1]面板-分位数'!$J$3:$J$497),('[1]面板-分位数'!$B$3:$B$497='面板-景气指数'!$A47)*'[1]面板-分位数'!O$3:O$497)} -> 0.28051598 | K47: {=SUMPRODUCT(('[1]面板-分位数'!$B$3:$B$497='面板-景气指数'!$A47)*('[1]面板-分位数'!$J$3:$J$497),('[1]面板-分位数'!$B$3:$B$497='面板-景气指数'!$A47)*'[1]面板-分位数'!P$3:P$497)} -> 0.31245057 | L47: {=SUMPRODUCT(('[1]面板-分位数'!$B$3:$B$497='面板-景气指数'!$A47)*('[1]面板-分位数'!$J$3:$J$497),('[1]面板-分位数'!$B$3:$B$497='面板-景气指数'!$A47)*'[1]面板-分位数'!Q$3:Q$497)} -> 0.31267556 | M47: {=SUMPRODUCT(('[1]面板-分位数'!$B$3:$B$497='面板-景气指数'!$A47)*('[1]面板-分位数'!$J$3:$J$497),('[1]面板-分位数'!$B$3:$B$497='面板-景气指数'!$A47)*'[1]面板-分位数'!R$3:R$497)} -> 0.32319099 | ... CV47: {=SUMPRODUCT(('[1]面板-分位数'!$B$3:$B$497='面板-景气指数'!$A47)*('[1]面板-分位数'!$J$3:$J$497),('[1]面板-分位数'!$B$3:$B$497='面板-景气指数'!$A47)*'[1]面板-分位数'!DA$3:DA$497)} -> 0.49610809
A48: 医药生物 | B48: =(G48-S48)*100 -> -1.6619123 | C48: =(G48-J48)*100 -> -0.32977158 | D48: =_xlfn.STDEV.P(M48:CV48)*100 -> 17.237107 | E48: 0.034629266 | F48: {=SUMPRODUCT(('[1]面板-分位数'!$B$3:$B$497='面板-景气指数'!$A48)*('[1]面板-分位数'!$J$3:$J$497),('[1]面板-分位数'!$B$3:$B$497='面板-景气指数'!$A48)*'[1]面板-分位数'!K$3:K$497)} -> 0.25957937 | G48: {=SUMPRODUCT(('[1]面板-分位数'!$B$3:$B$497='面板-景气指数'!$A48)*('[1]面板-分位数'!$J$3:$J$497),('[1]面板-分位数'!$B$3:$B$497='面板-景气指数'!$A48)*'[1]面板-分位数'!L$3:L$497)} -> 0.23894371 | H48: {=SUMPRODUCT(('[1]面板-分位数'!$B$3:$B$497='面板-景气指数'!$A48)*('[1]面板-分位数'!$J$3:$J$497),('[1]面板-分位数'!$B$3:$B$497='面板-景气指数'!$A48)*'[1]面板-分位数'!M$3:M$497)} -> 0.2215354 | I48: {=SUMPRODUCT(('[1]面板-分位数'!$B$3:$B$497='面板-景气指数'!$A48)*('[1]面板-分位数'!$J$3:$J$497),('[1]面板-分位数'!$B$3:$B$497='面板-景气指数'!$A48)*'[1]面板-分位数'!N$3:N$497)} -> 0.22591168 | J48: {=SUMPRODUCT(('[1]面板-分位数'!$B$3:$B$497='面板-景气指数'!$A48)*('[1]面板-分位数'!$J$3:$J$497),('[1]面板-分位数'!$B$3:$B$497='面板-景气指数'!$A48)*'[1]面板-分位数'!O$3:O$497)} -> 0.24224143 | K48: {=SUMPRODUCT(('[1]面板-分位数'!$B$3:$B$497='面板-景气指数'!$A48)*('[1]面板-分位数'!$J$3:$J$497),('[1]面板-分位数'!$B$3:$B$497='面板-景气指数'!$A48)*'[1]面板-分位数'!P$3:P$497)} -> 0.24242296 | L48: {=SUMPRODUCT(('[1]面板-分位数'!$B$3:$B$497='面板-景气指数'!$A48)*('[1]面板-分位数'!$J$3:$J$497),('[1]面板-分位数'!$B$3:$B$497='面板-景气指数'!$A48)*'[1]面板-分位数'!Q$3:Q$497)} -> 0.23342928 | M48: {=SUMPRODUCT(('[1]面板-分位数'!$B$3:$B$497='面板-景气指数'!$A48)*('[1]面板-分位数'!$J$3:$J$497),('[1]面板-分位数'!$B$3:$B$497='面板-景气指数'!$A48)*'[1]面板-分位数'!R$3:R$497)} -> 0.24755847 | ... CV48: {=SUMPRODUCT(('[1]面板-分位数'!$B$3:$B$497='面板-景气指数'!$A48)*('[1]面板-分位数'!$J$3:$J$497),('[1]面板-分位数'!$B$3:$B$497='面板-景气指数'!$A48)*'[1]面板-分位数'!DA$3:DA$497)} -> 0.51415142
... A67: 建筑 | B67: =(G67-S67)*100 -> -3.625 | C67: =(G67-J67)*100 -> 9.1275 | D67: =_xlfn.STDEV.P(M67:CV67)*100 -> 17.095146 | E67: 0.12685618 | F67: {=SUMPRODUCT(('[1]面板-分位数'!$B$3:$B$497='面板-景气指数'!$A67)*('[1]面板-分位数'!$J$3:$J$497),('[1]面板-分位数'!$B$3:$B$497='面板-景气指数'!$A67)*'[1]面板-分位数'!K$3:K$497)} -> 0.28455 | G67: {=SUMPRODUCT(('[1]面板-分位数'!$B$3:$B$497='面板-景气指数'!$A67)*('[1]面板-分位数'!$J$3:$J$497),('[1]面板-分位数'!$B$3:$B$497='面板-景气指数'!$A67)*'[1]面板-分位数'!L$3:L$497)} -> 0.3299 | H67: {=SUMPRODUCT(('[1]面板-分位数'!$B$3:$B$497='面板-景气指数'!$A67)*('[1]面板-分位数'!$J$3:$J$497),('[1]面板-分位数'!$B$3:$B$497='面板-景气指数'!$A67)*'[1]面板-分位数'!M$3:M$497)} -> 0.3278 | I67: {=SUMPRODUCT(('[1]面板-分位数'!$B$3:$B$497='面板-景气指数'!$A67)*('[1]面板-分位数'!$J$3:$J$497),('[1]面板-分位数'!$B$3:$B$497='面板-景气指数'!$A67)*'[1]面板-分位数'!N$3:N$497)} -> 0.294375 | J67: {=SUMPRODUCT(('[1]面板-分位数'!$B$3:$B$497='面板-景气指数'!$A67)*('[1]面板-分位数'!$J$3:$J$497),('[1]面板-分位数'!$B$3:$B$497='面板-景气指数'!$A67)*'[1]面板-分位数'!O$3:O$497)} -> 0.238625 | K67: {=SUMPRODUCT(('[1]面板-分位数'!$B$3:$B$497='面板-景气指数'!$A67)*('[1]面板-分位数'!$J$3:$J$497),('[1]面板-分位数'!$B$3:$B$497='面板-景气指数'!$A67)*'[1]面板-分位数'!P$3:P$497)} -> 0.2283 | L67: {=SUMPRODUCT(('[1]面板-分位数'!$B$3:$B$497='面板-景气指数'!$A67)*('[1]面板-分位数'!$J$3:$J$497),('[1]面板-分位数'!$B$3:$B$497='面板-景气指数'!$A67)*'[1]面板-分位数'!Q$3:Q$497)} -> 0.344925 | M67: {=SUMPRODUCT(('[1]面板-分位数'!$B$3:$B$497='面板-景气指数'!$A67)*('[1]面板-分位数'!$J$3:$J$497),('[1]面板-分位数'!$B$3:$B$497='面板-景气指数'!$A67)*'[1]面板-分位数'!R$3:R$497)} -> 0.5646 | ... CV67: {=SUMPRODUCT(('[1]面板-分位数'!$B$3:$B$497='面板-景气指数'!$A67)*('[1]面板-分位数'!$J$3:$J$497),('[1]面板-分位数'!$B$3:$B$497='面板-景气指数'!$A67)*'[1]面板-分位数'!DA$3:DA$497)} -> 0.290025
A69: 二级行业 | B69: 10月至今 | C69: Pct-chg | D69: 标准差 | F69: 45260 | G69: 45230 | H69: 45199 | I69: 45169 | J69: 45138 | K69: 45107 | L69: 45077 | M69: 45046 | N69: 45016 | O69: 44985 | P69: 44957 | Q69: 44926 | R69: 44895 | S69: 44865 | T69: 44834 | U69: 44804 | V69: 44773 | W69: 44742 | X69: 44712 | Y69: 44681 | Z69: 44651 | AA69: 44620 | AB69: 44592 | AC69: 44561 | AD69: 44530 | AE69: 44500 | AF69: 44469 | AG69: 44439 | AH69: 44408 | AI69: 44377 | AJ69: 44347 | AK69: 44316 | AL69: 44286 | AM69: 44255 | AN69: 44227 | AO69: 44196 | AP69: 44165 | AQ69: 44135 | AR69: 44104 | AS69: 44074 | AT69: 44043 | AU69: 44012 | AV69: 43982 | AW69: 43951 | AX69: 43921 | AY69: 43890 | AZ69: 43861 | BA69: 43830 | BB69: 43799 | BC69: 43769 | BD69: 43738 | BE69: 43708 | BF69: 43677 | BG69: 43646 | BH69: 43616 | BI69: 43585 | BJ69: 43555 | BK69: 43524 | BL69: 43496 | BM69: 43465 | BN69: 43434 | BO69: 43404 | BP69: 43373 | BQ69: 43343 | BR69: 43312 | BS69: 43281 | BT69: 43251 | BU69: 43220 | BV69: 43190 | BW69: 43159 | BX69: 43131 | BY69: 43100 | BZ69: 43069 | CA69: 43039 | CB69: 43008 | CC69: 42978 | CD69: 42947 | CE69: 42916 | CF69: 42886 | CG69: 42855 | CH69: 42825 | CI69: 42794 | CJ69: 42766 | CK69: 42735 | CL69: 42704 | CM69: 42674 | CN69: 42643 | CO69: 42613 | CP69: 42582 | CQ69: 42551 | CR69: 42521 | CS69: 42490 | CT69: 42460 | CU69: 42429 | CV69: 42400
A70: 油气开采/油服工程 | B70: =(G70-S70)*100 -> -3.8538462 | C70: =(G70-J70)*100 -> 0.45384615 | D70: =_xlfn.STDEV.P(M70:CV70)*100 -> 22.393593 | F70: {=SUMPRODUCT(('[1]面板-分位数'!$C$3:$C$498='面板-景气指数'!$A70)*('[1]面板-分位数'!$J$3:$J$498),('[1]面板-分位数'!$C$3:$C$498='面板-景气指数'!$A70)*'[1]面板-分位数'!K$3:K$498)/SUMIF('[1]面板-分位数'!$C$3:$C$498,'面板-景气指数'!$A70,'[1]面板-分位数'!$J$3:$J$498)} -> 0.68384615 | G70: {=SUMPRODUCT(('[1]面板-分位数'!$C$3:$C$498='面板-景气指数'!$A70)*('[1]面板-分位数'!$J$3:$J$498),('[1]面板-分位数'!$C$3:$C$498='面板-景气指数'!$A70)*'[1]面板-分位数'!L$3:L$498)/SUMIF('[1]面板-分位数'!$C$3:$C$498,'面板-景气指数'!$A70,'[1]面板-分位数'!$J$3:$J$498)} -> 0.70815385 | H70: {=SUMPRODUCT(('[1]面板-分位数'!$C$3:$C$498='面板-景气指数'!$A70)*('[1]面板-分位数'!$J$3:$J$498),('[1]面板-分位数'!$C$3:$C$498='面板-景气指数'!$A70)*'[1]面板-分位数'!M$3:M$498)/SUMIF('[1]面板-分位数'!$C$3:$C$498,'面板-景气指数'!$A70,'[1]面板-分位数'!$J$3:$J$498)} -> 0.75107692 | I70: {=SUMPRODUCT(('[1]面板-分位数'!$C$3:$C$498='面板-景气指数'!$A70)*('[1]面板-分位数'!$J$3:$J$498),('[1]面板-分位数'!$C$3:$C$498='面板-景气指数'!$A70)*'[1]面板-分位数'!N$3:N$498)/SUMIF('[1]面板-分位数'!$C$3:$C$498,'面板-景气指数'!$A70,'[1]面板-分位数'!$J$3:$J$498)} -> 0.74884615 | J70: {=SUMPRODUCT(('[1]面板-分位数'!$C$3:$C$498='面板-景气指数'!$A70)*('[1]面板-分位数'!$J$3:$J$498),('[1]面板-分位数'!$C$3:$C$498='面板-景气指数'!$A70)*'[1]面板-分位数'!O$3:O$498)/SUMIF('[1]面板-分位数'!$C$3:$C$498,'面板-景气指数'!$A70,'[1]面板-分位数'!$J$3:$J$498)} -> 0.70361538 | K70: {=SUMPRODUCT(('[1]面板-分位数'!$C$3:$C$498='面板-景气指数'!$A70)*('[1]面板-分位数'!$J$3:$J$498),('[1]面板-分位数'!$C$3:$C$498='面板-景气指数'!$A70)*'[1]面板-分位数'!P$3:P$498)/SUMIF('[1]面板-分位数'!$C$3:$C$498,'面板-景气指数'!$A70,'[1]面板-分位数'!$J$3:$J$498)} -> 0.66738462 | L70: {=SUMPRODUCT(('[1]面板-分位数'!$C$3:$C$498='面板-景气指数'!$A70)*('[1]面板-分位数'!$J$3:$J$498),('[1]面板-分位数'!$C$3:$C$498='面板-景气指数'!$A70)*'[1]面板-分位数'!Q$3:Q$498)/SUMIF('[1]面板-分位数'!$C$3:$C$498,'面板-景气指数'!$A70,'[1]面板-分位数'!$J$3:$J$498)} -> 0.62215385 | M70: {=SUMPRODUCT(('[1]面板-分位数'!$C$3:$C$498='面板-景气指数'!$A70)*('[1]面板-分位数'!$J$3:$J$498),('[1]面板-分位数'!$C$3:$C$498='面板-景气指数'!$A70)*'[1]面板-分位数'!R$3:R$498)/SUMIF('[1]面板-分位数'!$C$3:$C$498,'面板-景气指数'!$A70,'[1]面板-分位数'!$J$3:$J$498)} -> 0.663 | ... CV70: {=SUMPRODUCT(('[1]面板-分位数'!$C$3:$C$498='面板-景气指数'!$A70)*('[1]面板-分位数'!$J$3:$J$498),('[1]面板-分位数'!$C$3:$C$498='面板-景气指数'!$A70)*'[1]面板-分位数'!DA$3:DA$498)/SUMIF('[1]面板-分位数'!$C$3:$C$498,'面板-景气指数'!$A70,'[1]面板-分位数'!$J$3:$J$498)} -> 0.086846154
A71: 炼化及贸易 | B71: =(G71-S71)*100 -> 29 | C71: =(G71-J71)*100 -> 22.5 | D71: =_xlfn.STDEV.P(M71:CV71)*100 -> 29.150364 | F71: {=SUMPRODUCT(('[1]面板-分位数'!$C$3:$C$498='面板-景气指数'!$A71)*('[1]面板-分位数'!$J$3:$J$498),('[1]面板-分位数'!$C$3:$C$498='面板-景气指数'!$A71)*'[1]面板-分位数'!K$3:K$498)/SUMIF('[1]面板-分位数'!$C$3:$C$498,'面板-景气指数'!$A71,'[1]面板-分位数'!$J$3:$J$498)} -> 0.537 | G71: {=SUMPRODUCT(('[1]面板-分位数'!$C$3:$C$498='面板-景气指数'!$A71)*('[1]面板-分位数'!$J$3:$J$498),('[1]面板-分位数'!$C$3:$C$498='面板-景气指数'!$A71)*'[1]面板-分位数'!L$3:L$498)/SUMIF('[1]面板-分位数'!$C$3:$C$498,'面板-景气指数'!$A71,'[1]面板-分位数'!$J$3:$J$498)} -> 0.741 | H71: {=SUMPRODUCT(('[1]面板-分位数'!$C$3:$C$498='面板-景气指数'!$A71)*('[1]面板-分位数'!$J$3:$J$498),('[1]面板-分位数'!$C$3:$C$498='面板-景气指数'!$A71)*'[1]面板-分位数'!M$3:M$498)/SUMIF('[1]面板-分位数'!$C$3:$C$498,'面板-景气指数'!$A71,'[1]面板-分位数'!$J$3:$J$498)} -> 0.881 | I71: {=SUMPRODUCT(('[1]面板-分位数'!$C$3:$C$498='面板-景气指数'!$A71)*('[1]面板-分位数'!$J$3:$J$498),('[1]面板-分位数'!$C$3:$C$498='面板-景气指数'!$A71)*'[1]面板-分位数'!N$3:N$498)/SUMIF('[1]面板-分位数'!$C$3:$C$498,'面板-景气指数'!$A71,'[1]面板-分位数'!$J$3:$J$498)} -> 0.731 | J71: {=SUMPRODUCT(('[1]面板-分位数'!$C$3:$C$498='面板-景气指数'!$A71)*('[1]面板-分位数'!$J$3:$J$498),('[1]面板-分位数'!$C$3:$C$498='面板-景气指数'!$A71)*'[1]面板-分位数'!O$3:O$498)/SUMIF('[1]面板-分位数'!$C$3:$C$498,'面板-景气指数'!$A71,'[1]面板-分位数'!$J$3:$J$498)} -> 0.516 | K71: {=SUMPRODUCT(('[1]面板-分位数'!$C$3:$C$498='面板-景气指数'!$A71)*('[1]面板-分位数'!$J$3:$J$498),('[1]面板-分位数'!$C$3:$C$498='面板-景气指数'!$A71)*'[1]面板-分位数'!P$3:P$498)/SUMIF('[1]面板-分位数'!$C$3:$C$498,'面板-景气指数'!$A71,'[1]面板-分位数'!$J$3:$J$498)} -> 0.5 | L71: {=SUMPRODUCT(('[1]面板-分位数'!$C$3:$C$498='面板-景气指数'!$A71)*('[1]面板-分位数'!$J$3:$J$498),('[1]面板-分位数'!$C$3:$C$498='面板-景气指数'!$A71)*'[1]面板-分位数'!Q$3:Q$498)/SUMIF('[1]面板-分位数'!$C$3:$C$498,'面板-景气指数'!$A71,'[1]面板-分位数'!$J$3:$J$498)} -> 0.989 | M71: {=SUMPRODUCT(('[1]面板-分位数'!$C$3:$C$498='面板-景气指数'!$A71)*('[1]面板-分位数'!$J$3:$J$498),('[1]面板-分位数'!$C$3:$C$498='面板-景气指数'!$A71)*'[1]面板-分位数'!R$3:R$498)/SUMIF('[1]面板-分位数'!$C$3:$C$498,'面板-景气指数'!$A71,'[1]面板-分位数'!$J$3:$J$498)} -> 1 | ... CV71: {=SUMPRODUCT(('[1]面板-分位数'!$C$3:$C$498='面板-景气指数'!$A71)*('[1]面板-分位数'!$J$3:$J$498),('[1]面板-分位数'!$C$3:$C$498='面板-景气指数'!$A71)*'[1]面板-分位数'!DA$3:DA$498)/SUMIF('[1]面板-分位数'!$C$3:$C$498,'面板-景气指数'!$A71,'[1]面板-分位数'!$J$3:$J$498)} -> 0.688
