Workbook

Sheet 锌
D1: LME锌分仓库库存 | J1: 最近更新： | K1: =WORKDAY(TODAY(),-1) -> 45208
E2: 期末库存 | F2: 注册仓单 | G2: 注销仓单 | H2: 入仓 | I2: 出仓 | J2: 库存变动 | K2: 期初库存
C3: 全球 | E3: =锌模板!G2 -> 90900 | F3: =锌模板!H2 -> 53800 | G3: =锌模板!I2 -> 37100 | H3: =锌模板!J2 -> 0 | I3: =锌模板!K2 -> 1525 | J3: =锌模板!L2 -> -1525 | K3: =锌模板!M2 -> 92425
C4: 欧洲 | E4: =锌模板!G3 -> 0 | F4: =锌模板!H3 -> 0 | G4: =锌模板!I3 -> 0 | H4: =锌模板!J3 -> 0 | I4: =锌模板!K3 -> 0 | J4: =锌模板!L3 -> 0 | K4: =锌模板!M3 -> 0
C5: 德国 | E5: =锌模板!G4 -> 0 | F5: =锌模板!H4 -> 0 | G5: =锌模板!I4 -> 0 | H5: =锌模板!J4 -> 0 | I5: =锌模板!K4 -> 0 | J5: =锌模板!L4 -> 0 | K5: =锌模板!M4 -> 0
C6: 德国:不莱梅 | E6: =锌模板!G5 -> 0 | F6: =锌模板!H5 -> 0 | G6: =锌模板!I5 -> 0 | H6: =锌模板!J5 -> 0 | I6: =锌模板!K5 -> 0 | J6: =锌模板!L5 -> 0 | K6: =锌模板!M5 -> 0
C7: 德国:汉堡 | E7: =锌模板!G6 -> 0 | F7: =锌模板!H6 -> 0 | G7: =锌模板!I6 -> 0 | H7: =锌模板!J6 -> 0 | I7: =锌模板!K6 -> 0 | J7: =锌模板!L6 -> 0 | K7: =锌模板!M6 -> 0
C8: 比利时 | E8: =锌模板!G7 -> 0 | F8: =锌模板!H7 -> 0 | G8: =锌模板!I7 -> 0 | H8: =锌模板!J7 -> 0 | I8: =锌模板!K7 -> 0 | J8: =锌模板!L7 -> 0 | K8: =锌模板!M7 -> 0
C9: 比利时:安特卫普 | E9: =锌模板!G8 -> 0 | F9: =锌模板!H8 -> 0 | G9: =锌模板!I8 -> 0 | H9: =锌模板!J8 -> 0 | I9: =锌模板!K8 -> 0 | J9: =锌模板!L8 -> 0 | K9: =锌模板!M8 -> 0
C10: 瑞典 | E10: =锌模板!G9 -> 0 | F10: =锌模板!H9 -> 0 | G10: =锌模板!I9 -> 0 | H10: =锌模板!J9 -> 0 | I10: =锌模板!K9 -> 0 | J10: =锌模板!L9 -> 0 | K10: =锌模板!M9 -> 0
C11: 瑞典:赫尔辛堡 | E11: =锌模板!G10 -> 0 | F11: =锌模板!H10 -> 0 | G11: =锌模板!I10 -> 0 | H11: =锌模板!J10 -> 0 | I11: =锌模板!K10 -> 0 | J11: =锌模板!L10 -> 0 | K11: =锌模板!M10 -> 0
C12: 西班牙 | E12: =锌模板!G11 -> 0 | F12: =锌模板!H11 -> 0 | G12: =锌模板!I11 -> 0 | H12: =锌模板!J11 -> 0 | I12: =锌模板!K11 -> 0 | J12: =锌模板!L11 -> 0 | K12: =锌模板!M11 -> 0
C13: 西班牙:巴塞罗那 | E13: =锌模板!G12 -> 0 | F13: =锌模板!H12 -> 0 | G13: =锌模板!I12 -> 0 | H13: =锌模板!J12 -> 0 | I13: =锌模板!K12 -> 0 | J13: =锌模板!L12 -> 0 | K13: =锌模板!M12 -> 0
C14: 西班牙:毕尔巴鄂 | E14: =锌模板!G13 -> 0 | F14: =锌模板!H13 -> 0 | G14: =锌模板!I13 -> 0 | H14: =锌模板!J13 -> 0 | I14: =锌模板!K13 -> 0 | J14: =锌模板!L13 -> 0 | K14: =锌模板!M13 -> 0
... C44: 中国台湾:高雄 | E44: =锌模板!G43 -> 1300 | F44: =锌模板!H43 -> 950 | G44: =锌模板!I43 -> 350 | H44: =锌模板!J43 -> 0 | I44: =锌模板!K43 -> 0 | J44: =锌模板!L43 -> 0 | K44: =锌模板!M43 -> 1300
C45: 中东 | E45: =E46 -> 50 | F45: =F46 -> 0 | G45: =G46 -> 50 | H45: =H46 -> 0 | I45: =I46 -> 0 | J45: =J46 -> 0 | K45: =K46 -> 50
C46: 阿联酋 | E46: =锌模板!G45 -> 50 | F46: =锌模板!H45 -> 0 | G46: =锌模板!I45 -> 50 | H46: =锌模板!J45 -> 0 | I46: =锌模板!K45 -> 0 | J46: =锌模板!L45 -> 0 | K46: =锌模板!M45 -> 50
C47: 阿联酋:迪拜 | E47: =锌模板!G46 -> 50 | F47: =锌模板!H46 -> 0 | G47: =锌模板!I46 -> 50 | H47: =锌模板!J46 -> 0 | I47: =锌模板!K46 -> 0 | J47: =锌模板!L46 -> 0 | K47: =锌模板!M46 -> 50

Sheet 锌模板
A1: =锌!K1 -> 45208 | B1: 注销仓单 | C1: 入仓 | D1: 出仓 | G1: 期末库存 | H1: 注册仓单 | I1: 注销仓单 | J1: 入仓 | K1: 出仓 | L1: 库存变动 | M1: 期初库存
A2: 合计:全球 | B2: LME锌:库存:合计:全球 | C2: LME锌:注册仓单:合计:全球 | D2: LME锌:注销仓单:合计:全球 | E2: LME锌:入仓:合计:全球 | F2: LME锌:出仓:合计:全球 | G2: =_xlfn.IFNA(VLOOKUP(B2,锌原始数据!$A:$E,5,0),) -> 90900 | H2: =_xlfn.IFNA(VLOOKUP(C2,锌原始数据!$A:$E,5,0),) -> 53800 | I2: =_xlfn.IFNA(VLOOKUP(D2,锌原始数据!$A:$E,5,0),) -> 37100 | J2: =_xlfn.IFNA(VLOOKUP(E2,锌原始数据!$A:$E,5,0),) -> 0 | K2: =_xlfn.IFNA(VLOOKUP(F2,锌原始数据!$A:$E,5,0),) -> 1525 | L2: =_xlfn.IFNA(G2-M2,) -> -1525 | M2: =_xlfn.IFNA(VLOOKUP(B2,锌原始数据!$A:$F,6,0),) -> 92425
A3: 合计:欧洲 | B3: LME锌:库存:合计:欧洲 | C3: LME锌:注册仓单:合计:欧洲 | D3: LME锌:注销仓单:合计:欧洲 | E3: LME锌:入仓:合计:欧洲 | F3: LME锌:出仓:合计:欧洲 | G3: =_xlfn.IFNA(VLOOKUP(B3,锌原始数据!$A:$E,5,0),) -> 0 | H3: =_xlfn.IFNA(VLOOKUP(C3,锌原始数据!$A:$E,5,0),) -> 0 | I3: =_xlfn.IFNA(VLOOKUP(D3,锌原始数据!$A:$E,5,0),) -> 0 | J3: =_xlfn.IFNA(VLOOKUP(E3,锌原始数据!$A:$E,5,0),) -> 0 | K3: =_xlfn.IFNA(VLOOKUP(F3,锌原始数据!$A:$E,5,0),) -> 0 | L3: =_xlfn.IFNA(G3-M3,) -> 0 | M3: =_xlfn.IFNA(VLOOKUP(B3,锌原始数据!$A:$F,6,0),) -> 0
A4: 合计:德国 | B4: LME锌:库存:合计:德国 | C4: LME锌:注册仓单:合计:德国 | D4: LME锌:注销仓单:合计:德国 | E4: LME锌:入仓:合计:德国 | F4: LME锌:出仓:合计:德国 | G4: =_xlfn.IFNA(VLOOKUP(B4,锌原始数据!$A:$E,5,0),) -> 0 | H4: =_xlfn.IFNA(VLOOKUP(C4,锌原始数据!$A:$E,5,0),) -> 0 | I4: =_xlfn.IFNA(VLOOKUP(D4,锌原始数据!$A:$E,5,0),) -> 0 | J4: =_xlfn.IFNA(VLOOKUP(E4,锌原始数据!$A:$E,5,0),) -> 0 | K4: =_xlfn.IFNA(VLOOKUP(F4,锌原始数据!$A:$E,5,0),) -> 0 | L4: =_xlfn.IFNA(G4-M4,) -> 0 | M4: =_xlfn.IFNA(VLOOKUP(B4,锌原始数据!$A:$F,6,0),) -> 0
A5: 德国:不莱梅 | B5: LME锌:库存:德国:不莱梅 | C5: LME锌:注册仓单:德国:不莱梅 | D5: LME锌:注销仓单:德国:不莱梅 | E5: LME锌:入仓:德国:不莱梅 | F5: LME锌:出仓:德国:不莱梅 | G5: =_xlfn.IFNA(VLOOKUP(B5,锌原始数据!$A:$E,5,0),) -> 0 | H5: =_xlfn.IFNA(VLOOKUP(C5,锌原始数据!$A:$E,5,0),) -> 0 | I5: =_xlfn.IFNA(VLOOKUP(D5,锌原始数据!$A:$E,5,0),) -> 0 | J5: =_xlfn.IFNA(VLOOKUP(E5,锌原始数据!$A:$E,5,0),) -> 0 | K5: =_xlfn.IFNA(VLOOKUP(F5,锌原始数据!$A:$E,5,0),) -> 0 | L5: =_xlfn.IFNA(G5-M5,) -> 0 | M5: =_xlfn.IFNA(VLOOKUP(B5,锌原始数据!$A:$F,6,0),) -> 0
A6: 德国:汉堡 | B6: LME锌:库存:德国:汉堡 | C6: LME锌:注册仓单:德国:汉堡 | D6: LME锌:注销仓单:德国:汉堡 | E6: LME锌:入仓:德国:汉堡 | F6: LME锌:出仓:德国:汉堡 | G6: =_xlfn.IFNA(VLOOKUP(B6,锌原始数据!$A:$E,5,0),) -> 0 | H6: =_xlfn.IFNA(VLOOKUP(C6,锌原始数据!$A:$E,5,0),) -> 0 | I6: =_xlfn.IFNA(VLOOKUP(D6,锌原始数据!$A:$E,5,0),) -> 0 | J6: =_xlfn.IFNA(VLOOKUP(E6,锌原始数据!$A:$E,5,0),) -> 0 | K6: =_xlfn.IFNA(VLOOKUP(F6,锌原始数据!$A:$E,5,0),) -> 0 | L6: =_xlfn.IFNA(G6-M6,) -> 0 | M6: =_xlfn.IFNA(VLOOKUP(B6,锌原始数据!$A:$F,6,0),) -> 0
A7: 合计:比利时 | B7: LME锌:库存:合计:比利时 | C7: LME锌:注册仓单:合计:比利时 | D7: LME锌:注销仓单:合计:比利时 | E7: LME锌:入仓:合计:比利时 | F7: LME锌:出仓:合计:比利时 | G7: =_xlfn.IFNA(VLOOKUP(B7,锌原始数据!$A:$E,5,0),) -> 0 | H7: =_xlfn.IFNA(VLOOKUP(C7,锌原始数据!$A:$E,5,0),) -> 0 | I7: =_xlfn.IFNA(VLOOKUP(D7,锌原始数据!$A:$E,5,0),) -> 0 | J7: =_xlfn.IFNA(VLOOKUP(E7,锌原始数据!$A:$E,5,0),) -> 0 | K7: =_xlfn.IFNA(VLOOKUP(F7,锌原始数据!$A:$E,5,0),) -> 0 | L7: =_xlfn.IFNA(G7-M7,) -> 0 | M7: =_xlfn.IFNA(VLOOKUP(B7,锌原始数据!$A:$F,6,0),) -> 0
A8: 比利时:安特卫普 | B8: LME锌:库存:比利时:安特卫普 | C8: LME锌:注册仓单:比利时:安特卫普 | D8: LME锌:注销仓单:比利时:安特卫普 | E8: LME锌:入仓:比利时:安特卫普 | F8: LME锌:出仓:比利时:安特卫普 | G8: =_xlfn.IFNA(VLOOKUP(B8,锌原始数据!$A:$E,5,0),) -> 0 | H8: =_xlfn.IFNA(VLOOKUP(C8,锌原始数据!$A:$E,5,0),) -> 0 | I8: =_xlfn.IFNA(VLOOKUP(D8,锌原始数据!$A:$E,5,0),) -> 0 | J8: =_xlfn.IFNA(VLOOKUP(E8,锌原始数据!$A:$E,5,0),) -> 0 | K8: =_xlfn.IFNA(VLOOKUP(F8,锌原始数据!$A:$E,5,0),) -> 0 | L8: =_xlfn.IFNA(G8-M8,) -> 0 | M8: =_xlfn.IFNA(VLOOKUP(B8,锌原始数据!$A:$F,6,0),) -> 0
A9: 合计:瑞典 | B9: LME锌:库存:合计:瑞典 | C9: LME锌:注册仓单:合计:瑞典 | D9: LME锌:注销仓单:合计:瑞典 | E9: LME锌:入仓:合计:瑞典 | F9: LME锌:出仓:合计:瑞典 | G9: =_xlfn.IFNA(VLOOKUP(B9,锌原始数据!$A:$E,5,0),) -> 0 | H9: =_xlfn.IFNA(VLOOKUP(C9,锌原始数据!$A:$E,5,0),) -> 0 | I9: =_xlfn.IFNA(VLOOKUP(D9,锌原始数据!$A:$E,5,0),) -> 0 | J9: =_xlfn.IFNA(VLOOKUP(E9,锌原始数据!$A:$E,5,0),) -> 0 | K9: =_xlfn.IFNA(VLOOKUP(F9,锌原始数据!$A:$E,5,0),) -> 0 | L9: =_xlfn.IFNA(G9-M9,) -> 0 | M9: =_xlfn.IFNA(VLOOKUP(B9,锌原始数据!$A:$F,6,0),) -> 0
A10: 瑞典:赫尔辛堡 | B10: LME锌:库存:瑞典:赫尔辛堡 | C10: LME锌:注册仓单:瑞典:赫尔辛堡 | D10: LME锌:注销仓单:瑞典:赫尔辛堡 | E10: LME锌:入仓:瑞典:赫尔辛堡 | F10: LME锌:出仓:瑞典:赫尔辛堡 | G10: =_xlfn.IFNA(VLOOKUP(B10,锌原始数据!$A:$E,5,0),) -> 0 | H10: =_xlfn.IFNA(VLOOKUP(C10,锌原始数据!$A:$E,5,0),) -> 0 | I10: =_xlfn.IFNA(VLOOKUP(D10,锌原始数据!$A:$E,5,0),) -> 0 | J10: =_xlfn.IFNA(VLOOKUP(E10,锌原始数据!$A:$E,5,0),) -> 0 | K10: =_xlfn.IFNA(VLOOKUP(F10,锌原始数据!$A:$E,5,0),) -> 0 | L10: =_xlfn.IFNA(G10-M10,) -> 0 | M10: =_xlfn.IFNA(VLOOKUP(B10,锌原始数据!$A:$F,6,0),) -> 0
A11: 合计:西班牙 | B11: LME锌:库存:合计:西班牙 | C11: LME锌:注册仓单:合计:西班牙 | D11: LME锌:注销仓单:合计:西班牙 | E11: LME锌:入仓:合计:西班牙 | F11: LME锌:出仓:合计:西班牙 | G11: =_xlfn.IFNA(VLOOKUP(B11,锌原始数据!$A:$E,5,0),) -> 0 | H11: =_xlfn.IFNA(VLOOKUP(C11,锌原始数据!$A:$E,5,0),) -> 0 | I11: =_xlfn.IFNA(VLOOKUP(D11,锌原始数据!$A:$E,5,0),) -> 0 | J11: =_xlfn.IFNA(VLOOKUP(E11,锌原始数据!$A:$E,5,0),) -> 0 | K11: =_xlfn.IFNA(VLOOKUP(F11,锌原始数据!$A:$E,5,0),) -> 0 | L11: =_xlfn.IFNA(G11-M11,) -> 0 | M11: =_xlfn.IFNA(VLOOKUP(B11,锌原始数据!$A:$F,6,0),) -> 0
A12: 西班牙:巴塞罗那 | B12: LME锌:库存:西班牙:巴塞罗那 | C12: LME锌:注册仓单:西班牙:巴塞罗那 | D12: LME锌:注销仓单:西班牙:巴塞罗那 | E12: LME锌:入仓:西班牙:巴塞罗那 | F12: LME锌:出仓:西班牙:巴塞罗那 | G12: =_xlfn.IFNA(VLOOKUP(B12,锌原始数据!$A:$E,5,0),) -> 0 | H12: =_xlfn.IFNA(VLOOKUP(C12,锌原始数据!$A:$E,5,0),) -> 0 | I12: =_xlfn.IFNA(VLOOKUP(D12,锌原始数据!$A:$E,5,0),) -> 0 | J12: =_xlfn.IFNA(VLOOKUP(E12,锌原始数据!$A:$E,5,0),) -> 0 | K12: =_xlfn.IFNA(VLOOKUP(F12,锌原始数据!$A:$E,5,0),) -> 0 | L12: =_xlfn.IFNA(G12-M12,) -> 0 | M12: =_xlfn.IFNA(VLOOKUP(B12,锌原始数据!$A:$F,6,0),) -> 0
A13: 西班牙:毕尔巴鄂 | B13: LME锌:库存:西班牙:毕尔巴鄂 | C13: LME锌:注册仓单:西班牙:毕尔巴鄂 | D13: LME锌:注销仓单:西班牙:毕尔巴鄂 | E13: LME锌:入仓:西班牙:毕尔巴鄂 | F13: LME锌:出仓:西班牙:毕尔巴鄂 | G13: =_xlfn.IFNA(VLOOKUP(B13,锌原始数据!$A:$E,5,0),) -> 0 | H13: =_xlfn.IFNA(VLOOKUP(C13,锌原始数据!$A:$E,5,0),) -> 0 | I13: =_xlfn.IFNA(VLOOKUP(D13,锌原始数据!$A:$E,5,0),) -> 0 | J13: =_xlfn.IFNA(VLOOKUP(E13,锌原始数据!$A:$E,5,0),) -> 0 | K13: =_xlfn.IFNA(VLOOKUP(F13,锌原始数据!$A:$E,5,0),) -> 0 | L13: =_xlfn.IFNA(G13-M13,) -> 0 | M13: =_xlfn.IFNA(VLOOKUP(B13,锌原始数据!$A:$F,6,0),) -> 0
... A46: 阿联酋:迪拜 | B46: LME锌:库存:阿联酋:迪拜 | C46: LME锌:注册仓单:阿联酋:迪拜 | D46: LME锌:注销仓单:阿联酋:迪拜 | E46: LME锌:入仓:阿联酋:迪拜 | F46: LME锌:出仓:阿联酋:迪拜 | G46: =_xlfn.IFNA(VLOOKUP(B46,锌原始数据!$A:$E,5,0),) -> 50 | H46: =_xlfn.IFNA(VLOOKUP(C46,锌原始数据!$A:$E,5,0),) -> 0 | I46: =_xlfn.IFNA(VLOOKUP(D46,锌原始数据!$A:$E,5,0),) -> 50 | J46: =_xlfn.IFNA(VLOOKUP(E46,锌原始数据!$A:$E,5,0),) -> 0 | K46: =_xlfn.IFNA(VLOOKUP(F46,锌原始数据!$A:$E,5,0),) -> 0 | L46: =_xlfn.IFNA(G46-M46,) -> 0 | M46: =_xlfn.IFNA(VLOOKUP(B46,锌原始数据!$A:$F,6,0),) -> 50

Sheet 锌原始数据
A1: =[1]!edb() -> Wind
A2: 指标名称 | B2: 频率 | C2: 单位 | D2: 指标ID | E2: 45209 | F2: 45208
A3: LME锌:库存:合计:全球 | B3: 日 | C3: 吨 | D3: S0164973 | E3: 90900 | F3: 92425
A4: LME锌:库存:合计:欧洲 | B4: 日 | C4: 吨 | D4: S0164974 | E4: 0 | F4: 0
A5: LME锌:库存:合计:亚洲 | B5: 日 | C5: 吨 | D5: S0164975 | E5: 90900 | F5: 92425
A6: LME锌:库存:合计:北美洲 | B6: 日 | C6: 吨 | D6: S0164976 | E6: 0 | F6: 0
A7: LME锌:库存:合计:德国 | B7: 日 | C7: 吨 | D7: S0164977 | E7: 0 | F7: 0
A8: LME锌:库存:合计:荷兰 | B8: 日 | C8: 吨 | D8: S0164978 | E8: 0 | F8: 0
A9: LME锌:库存:合计:美国 | B9: 日 | C9: 吨 | D9: S0164979 | E9: 0 | F9: 0
A10: LME锌:库存:合计:瑞典 | B10: 日 | C10: 吨 | D10: S0164980 | E10: 0 | F10: 0
A11: LME锌:库存:合计:英国 | B11: 日 | C11: 吨 | D11: S0164981 | E11: 0 | F11: 0
A12: LME锌:库存:合计:比利时 | B12: 日 | C12: 吨 | D12: S0164982 | E12: 0 | F12: 0
A13: LME锌:库存:合计:西班牙 | B13: 日 | C13: 吨 | D13: S0164983 | E13: 0 | F13: 0
... A222: LME锌:出仓:中国台湾:高雄 | B222: 日 | C222: 吨 | D222: O1540168 | E222: 0 | F222: 0

Sheet Wind模板
A1: LME分仓库库存-锌
