Workbook

Sheet 铝
D1: LME铝分仓库库存 | J1: 最近更新： | K1: =WORKDAY(TODAY(),-1) -> 45208
E2: 期末库存 | F2: 注册仓单 | G2: 注销仓单 | H2: 入仓 | I2: 出仓 | J2: 库存变动 | K2: 期初库存
C3: 全球 | E3: =铝模板!G2 -> 492650 | F3: =铝模板!H2 -> 193300 | G3: =铝模板!I2 -> 299350 | H3: =铝模板!J2 -> 0 | I3: =铝模板!K2 -> 3000 | J3: =铝模板!L2 -> -3000 | K3: =铝模板!M2 -> 495650
C4: 欧洲 | E4: =铝模板!G3 -> 4625 | F4: =铝模板!H3 -> 1875 | G4: =铝模板!I3 -> 2750 | H4: =铝模板!J3 -> 0 | I4: =铝模板!K3 -> 1000 | J4: =铝模板!L3 -> -1000 | K4: =铝模板!M3 -> 5625
C5: 德国 | E5: =铝模板!G4 -> 0 | F5: =铝模板!H4 -> 0 | G5: =铝模板!I4 -> 0 | H5: =铝模板!J4 -> 0 | I5: =铝模板!K4 -> 0 | J5: =铝模板!L4 -> 0 | K5: =铝模板!M4 -> 0
C6: 德国:不莱梅 | E6: =铝模板!G5 -> 0 | F6: =铝模板!H5 -> 0 | G6: =铝模板!I5 -> 0 | H6: =铝模板!J5 -> 0 | I6: =铝模板!K5 -> 0 | J6: =铝模板!L5 -> 0 | K6: =铝模板!M5 -> 0
C7: 德国:汉堡 | E7: =铝模板!G6 -> 0 | F7: =铝模板!H6 -> 0 | G7: =铝模板!I6 -> 0 | H7: =铝模板!J6 -> 0 | I7: =铝模板!K6 -> 0 | J7: =铝模板!L6 -> 0 | K7: =铝模板!M6 -> 0
C8: 比利时 | E8: =铝模板!G7 -> 0 | F8: =铝模板!H7 -> 0 | G8: =铝模板!I7 -> 0 | H8: =铝模板!J7 -> 0 | I8: =铝模板!K7 -> 0 | J8: =铝模板!L7 -> 0 | K8: =铝模板!M7 -> 0
C9: 比利时:安特卫普 | E9: =铝模板!G8 -> 0 | F9: =铝模板!H8 -> 0 | G9: =铝模板!I8 -> 0 | H9: =铝模板!J8 -> 0 | I9: =铝模板!K8 -> 0 | J9: =铝模板!L8 -> 0 | K9: =铝模板!M8 -> 0
C10: 瑞典 | E10: =铝模板!G9 -> 0 | F10: =铝模板!H9 -> 0 | G10: =铝模板!I9 -> 0 | H10: =铝模板!J9 -> 0 | I10: =铝模板!K9 -> 0 | J10: =铝模板!L9 -> 0 | K10: =铝模板!M9 -> 0
C11: 瑞典:哥德堡 | E11: =铝模板!G10 -> 0 | F11: =铝模板!H10 -> 0 | G11: =铝模板!I10 -> 0 | H11: =铝模板!J10 -> 0 | I11: =铝模板!K10 -> 0 | J11: =铝模板!L10 -> 0 | K11: =铝模板!M10 -> 0
C12: 瑞典:赫尔辛堡 | E12: =铝模板!G11 -> 0 | F12: =铝模板!H11 -> 0 | G12: =铝模板!I11 -> 0 | H12: =铝模板!J11 -> 0 | I12: =铝模板!K11 -> 0 | J12: =铝模板!L11 -> 0 | K12: =铝模板!M11 -> 0
C13: 西班牙 | E13: =铝模板!G12 -> 0 | F13: =铝模板!H12 -> 0 | G13: =铝模板!I12 -> 0 | H13: =铝模板!J12 -> 0 | I13: =铝模板!K12 -> 0 | J13: =铝模板!L12 -> 0 | K13: =铝模板!M12 -> 0
C14: 西班牙:巴塞罗那 | E14: =铝模板!G13 -> 0 | F14: =铝模板!H13 -> 0 | G14: =铝模板!I13 -> 0 | H14: =铝模板!J13 -> 0 | I14: =铝模板!K13 -> 0 | J14: =铝模板!L13 -> 0 | K14: =铝模板!M13 -> 0
... C52: 中国台湾:高雄 | E52: =铝模板!G51 -> 200 | F52: =铝模板!H51 -> 200 | G52: =铝模板!I51 -> 0 | H52: =铝模板!J51 -> 0 | I52: =铝模板!K51 -> 0 | J52: =铝模板!L51 -> 0 | K52: =铝模板!M51 -> 200

Sheet 铝模板
A1: =铝!K1 -> 45208 | B1: 期末库存 | C1: 注册仓单 | D1: 注销仓单 | E1: 入仓 | F1: 出仓 | G1: 期末库存 | H1: 注册仓单 | I1: 注销仓单 | J1: 入仓 | K1: 出仓 | L1: 库存变动 | M1: 期初库存
A2: 合计:全球 | B2: LME铝:库存:合计:全球 | C2: LME铝:注册仓单:合计:全球 | D2: LME铝:注销仓单:合计:全球 | E2: LME铝:入仓:合计:全球 | F2: LME铝:出仓:合计:全球 | G2: =_xlfn.IFNA(VLOOKUP(B2,铝原始数据!$A:$E,5,0),) -> 492650 | H2: =_xlfn.IFNA(VLOOKUP(C2,铝原始数据!$A:$E,5,0),) -> 193300 | I2: =_xlfn.IFNA(VLOOKUP(D2,铝原始数据!$A:$E,5,0),) -> 299350 | J2: =_xlfn.IFNA(VLOOKUP(E2,铝原始数据!$A:$E,5,0),) -> 0 | K2: =_xlfn.IFNA(VLOOKUP(F2,铝原始数据!$A:$E,5,0),) -> 3000 | L2: =_xlfn.IFNA(G2-M2,) -> -3000 | M2: =_xlfn.IFNA(VLOOKUP(B2,铝原始数据!$A:$F,6,0),) -> 495650
A3: 合计:欧洲 | B3: LME铝:库存:合计:欧洲 | C3: LME铝:注册仓单:合计:欧洲 | D3: LME铝:注销仓单:合计:欧洲 | E3: LME铝:入仓:合计:欧洲 | F3: LME铝:出仓:合计:欧洲 | G3: =_xlfn.IFNA(VLOOKUP(B3,铝原始数据!$A:$E,5,0),) -> 4625 | H3: =_xlfn.IFNA(VLOOKUP(C3,铝原始数据!$A:$E,5,0),) -> 1875 | I3: =_xlfn.IFNA(VLOOKUP(D3,铝原始数据!$A:$E,5,0),) -> 2750 | J3: =_xlfn.IFNA(VLOOKUP(E3,铝原始数据!$A:$E,5,0),) -> 0 | K3: =_xlfn.IFNA(VLOOKUP(F3,铝原始数据!$A:$E,5,0),) -> 1000 | L3: =_xlfn.IFNA(G3-M3,) -> -1000 | M3: =_xlfn.IFNA(VLOOKUP(B3,铝原始数据!$A:$F,6,0),) -> 5625
A4: 合计:德国 | B4: LME铝:库存:合计:德国 | C4: LME铝:注册仓单:合计:德国 | D4: LME铝:注销仓单:合计:德国 | E4: LME铝:入仓:合计:德国 | F4: LME铝:出仓:合计:德国 | G4: =_xlfn.IFNA(VLOOKUP(B4,铝原始数据!$A:$E,5,0),) -> 0 | H4: =_xlfn.IFNA(VLOOKUP(C4,铝原始数据!$A:$E,5,0),) -> 0 | I4: =_xlfn.IFNA(VLOOKUP(D4,铝原始数据!$A:$E,5,0),) -> 0 | J4: =_xlfn.IFNA(VLOOKUP(E4,铝原始数据!$A:$E,5,0),) -> 0 | K4: =_xlfn.IFNA(VLOOKUP(F4,铝原始数据!$A:$E,5,0),) -> 0 | L4: =_xlfn.IFNA(G4-M4,) -> 0 | M4: =_xlfn.IFNA(VLOOKUP(B4,铝原始数据!$A:$F,6,0),) -> 0
A5: 德国:不莱梅 | B5: LME铝:库存:德国:不莱梅 | C5: LME铝:注册仓单:德国:不莱梅 | D5: LME铝:注销仓单:德国:不莱梅 | E5: LME铝:入仓:德国:不莱梅 | F5: LME铝:出仓:德国:不莱梅 | G5: =_xlfn.IFNA(VLOOKUP(B5,铝原始数据!$A:$E,5,0),) -> 0 | H5: =_xlfn.IFNA(VLOOKUP(C5,铝原始数据!$A:$E,5,0),) -> 0 | I5: =_xlfn.IFNA(VLOOKUP(D5,铝原始数据!$A:$E,5,0),) -> 0 | J5: =_xlfn.IFNA(VLOOKUP(E5,铝原始数据!$A:$E,5,0),) -> 0 | K5: =_xlfn.IFNA(VLOOKUP(F5,铝原始数据!$A:$E,5,0),) -> 0 | L5: =_xlfn.IFNA(G5-M5,) -> 0 | M5: =_xlfn.IFNA(VLOOKUP(B5,铝原始数据!$A:$F,6,0),) -> 0
A6: 德国:汉堡 | B6: LME铝:库存:德国:汉堡 | C6: LME铝:注册仓单:德国:汉堡 | D6: LME铝:注销仓单:德国:汉堡 | E6: LME铝:入仓:德国:汉堡 | F6: LME铝:出仓:德国:汉堡 | G6: =_xlfn.IFNA(VLOOKUP(B6,铝原始数据!$A:$E,5,0),) -> 0 | H6: =_xlfn.IFNA(VLOOKUP(C6,铝原始数据!$A:$E,5,0),) -> 0 | I6: =_xlfn.IFNA(VLOOKUP(D6,铝原始数据!$A:$E,5,0),) -> 0 | J6: =_xlfn.IFNA(VLOOKUP(E6,铝原始数据!$A:$E,5,0),) -> 0 | K6: =_xlfn.IFNA(VLOOKUP(F6,铝原始数据!$A:$E,5,0),) -> 0 | L6: =_xlfn.IFNA(G6-M6,) -> 0 | M6: =_xlfn.IFNA(VLOOKUP(B6,铝原始数据!$A:$F,6,0),) -> 0
A7: 合计:比利时 | B7: LME铝:库存:合计:比利时 | C7: LME铝:注册仓单:合计:比利时 | D7: LME铝:注销仓单:合计:比利时 | E7: LME铝:入仓:合计:比利时 | F7: LME铝:出仓:合计:比利时 | G7: =_xlfn.IFNA(VLOOKUP(B7,铝原始数据!$A:$E,5,0),) -> 0 | H7: =_xlfn.IFNA(VLOOKUP(C7,铝原始数据!$A:$E,5,0),) -> 0 | I7: =_xlfn.IFNA(VLOOKUP(D7,铝原始数据!$A:$E,5,0),) -> 0 | J7: =_xlfn.IFNA(VLOOKUP(E7,铝原始数据!$A:$E,5,0),) -> 0 | K7: =_xlfn.IFNA(VLOOKUP(F7,铝原始数据!$A:$E,5,0),) -> 0 | L7: =_xlfn.IFNA(G7-M7,) -> 0 | M7: =_xlfn.IFNA(VLOOKUP(B7,铝原始数据!$A:$F,6,0),) -> 0
A8: 比利时:安特卫普 | B8: LME铝:库存:比利时:安特卫普 | C8: LME铝:注册仓单:比利时:安特卫普 | D8: LME铝:注销仓单:比利时:安特卫普 | E8: LME铝:入仓:比利时:安特卫普 | F8: LME铝:出仓:比利时:安特卫普 | G8: =_xlfn.IFNA(VLOOKUP(B8,铝原始数据!$A:$E,5,0),) -> 0 | H8: =_xlfn.IFNA(VLOOKUP(C8,铝原始数据!$A:$E,5,0),) -> 0 | I8: =_xlfn.IFNA(VLOOKUP(D8,铝原始数据!$A:$E,5,0),) -> 0 | J8: =_xlfn.IFNA(VLOOKUP(E8,铝原始数据!$A:$E,5,0),) -> 0 | K8: =_xlfn.IFNA(VLOOKUP(F8,铝原始数据!$A:$E,5,0),) -> 0 | L8: =_xlfn.IFNA(G8-M8,) -> 0 | M8: =_xlfn.IFNA(VLOOKUP(B8,铝原始数据!$A:$F,6,0),) -> 0
A9: 合计:瑞典 | B9: LME铝:库存:合计:瑞典 | C9: LME铝:注册仓单:合计:瑞典 | D9: LME铝:注销仓单:合计:瑞典 | E9: LME铝:入仓:合计:瑞典 | F9: LME铝:出仓:合计:瑞典 | G9: =_xlfn.IFNA(VLOOKUP(B9,铝原始数据!$A:$E,5,0),) -> 0 | H9: =_xlfn.IFNA(VLOOKUP(C9,铝原始数据!$A:$E,5,0),) -> 0 | I9: =_xlfn.IFNA(VLOOKUP(D9,铝原始数据!$A:$E,5,0),) -> 0 | J9: =_xlfn.IFNA(VLOOKUP(E9,铝原始数据!$A:$E,5,0),) -> 0 | K9: =_xlfn.IFNA(VLOOKUP(F9,铝原始数据!$A:$E,5,0),) -> 0 | L9: =_xlfn.IFNA(G9-M9,) -> 0 | M9: =_xlfn.IFNA(VLOOKUP(B9,铝原始数据!$A:$F,6,0),) -> 0
A10: 瑞典:哥德堡 | B10: LME铝:库存:瑞典:哥德堡 | C10: LME铝:注册仓单:瑞典:哥德堡 | D10: LME铝:注销仓单:瑞典:哥德堡 | E10: LME铝:入仓:瑞典:哥德堡 | F10: LME铝:出仓:瑞典:哥德堡 | G10: =_xlfn.IFNA(VLOOKUP(B10,铝原始数据!$A:$E,5,0),) -> 0 | H10: =_xlfn.IFNA(VLOOKUP(C10,铝原始数据!$A:$E,5,0),) -> 0 | I10: =_xlfn.IFNA(VLOOKUP(D10,铝原始数据!$A:$E,5,0),) -> 0 | J10: =_xlfn.IFNA(VLOOKUP(E10,铝原始数据!$A:$E,5,0),) -> 0 | K10: =_xlfn.IFNA(VLOOKUP(F10,铝原始数据!$A:$E,5,0),) -> 0 | L10: =_xlfn.IFNA(G10-M10,) -> 0 | M10: =_xlfn.IFNA(VLOOKUP(B10,铝原始数据!$A:$F,6,0),) -> 0
A11: 瑞典:赫尔辛堡 | B11: LME铝:库存:瑞典:赫尔辛堡 | C11: LME铝:注册仓单:瑞典:赫尔辛堡 | D11: LME铝:注销仓单:瑞典:赫尔辛堡 | E11: LME铝:入仓:瑞典:赫尔辛堡 | F11: LME铝:出仓:瑞典:赫尔辛堡 | G11: =_xlfn.IFNA(VLOOKUP(B11,铝原始数据!$A:$E,5,0),) -> 0 | H11: =_xlfn.IFNA(VLOOKUP(C11,铝原始数据!$A:$E,5,0),) -> 0 | I11: =_xlfn.IFNA(VLOOKUP(D11,铝原始数据!$A:$E,5,0),) -> 0 | J11: =_xlfn.IFNA(VLOOKUP(E11,铝原始数据!$A:$E,5,0),) -> 0 | K11: =_xlfn.IFNA(VLOOKUP(F11,铝原始数据!$A:$E,5,0),) -> 0 | L11: =_xlfn.IFNA(G11-M11,) -> 0 | M11: =_xlfn.IFNA(VLOOKUP(B11,铝原始数据!$A:$F,6,0),) -> 0
A12: 合计:西班牙 | B12: LME铝:库存:合计:西班牙 | C12: LME铝:注册仓单:合计:西班牙 | D12: LME铝:注销仓单:合计:西班牙 | E12: LME铝:入仓:合计:西班牙 | F12: LME铝:出仓:合计:西班牙 | G12: =_xlfn.IFNA(VLOOKUP(B12,铝原始数据!$A:$E,5,0),) -> 0 | H12: =_xlfn.IFNA(VLOOKUP(C12,铝原始数据!$A:$E,5,0),) -> 0 | I12: =_xlfn.IFNA(VLOOKUP(D12,铝原始数据!$A:$E,5,0),) -> 0 | J12: =_xlfn.IFNA(VLOOKUP(E12,铝原始数据!$A:$E,5,0),) -> 0 | K12: =_xlfn.IFNA(VLOOKUP(F12,铝原始数据!$A:$E,5,0),) -> 0 | L12: =_xlfn.IFNA(G12-M12,) -> 0 | M12: =_xlfn.IFNA(VLOOKUP(B12,铝原始数据!$A:$F,6,0),) -> 0
A13: 西班牙:巴塞罗那 | B13: LME铝:库存:西班牙:巴塞罗那 | C13: LME铝:注册仓单:西班牙:巴塞罗那 | D13: LME铝:注销仓单:西班牙:巴塞罗那 | E13: LME铝:入仓:西班牙:巴塞罗那 | F13: LME铝:出仓:西班牙:巴塞罗那 | G13: =_xlfn.IFNA(VLOOKUP(B13,铝原始数据!$A:$E,5,0),) -> 0 | H13: =_xlfn.IFNA(VLOOKUP(C13,铝原始数据!$A:$E,5,0),) -> 0 | I13: =_xlfn.IFNA(VLOOKUP(D13,铝原始数据!$A:$E,5,0),) -> 0 | J13: =_xlfn.IFNA(VLOOKUP(E13,铝原始数据!$A:$E,5,0),) -> 0 | K13: =_xlfn.IFNA(VLOOKUP(F13,铝原始数据!$A:$E,5,0),) -> 0 | L13: =_xlfn.IFNA(G13-M13,) -> 0 | M13: =_xlfn.IFNA(VLOOKUP(B13,铝原始数据!$A:$F,6,0),) -> 0
... A51: 中国台湾:高雄 | B51: LME铝:库存:中国台湾:高雄 | C51: LME铝:注册仓单:中国台湾:高雄 | D51: LME铝:注销仓单:中国台湾:高雄 | E51: LME铝:入仓:中国台湾:高雄 | F51: LME铝:出仓:中国台湾:高雄 | G51: =_xlfn.IFNA(VLOOKUP(B51,铝原始数据!$A:$E,5,0),) -> 200 | H51: =_xlfn.IFNA(VLOOKUP(C51,铝原始数据!$A:$E,5,0),) -> 200 | I51: =_xlfn.IFNA(VLOOKUP(D51,铝原始数据!$A:$E,5,0),) -> 0 | J51: =_xlfn.IFNA(VLOOKUP(E51,铝原始数据!$A:$E,5,0),) -> 0 | K51: =_xlfn.IFNA(VLOOKUP(F51,铝原始数据!$A:$E,5,0),) -> 0 | L51: =_xlfn.IFNA(G51-M51,) -> 0 | M51: =_xlfn.IFNA(VLOOKUP(B51,铝原始数据!$A:$F,6,0),) -> 200

Sheet 铝原始数据
A1: =[1]!edb() -> Wind
A2: 指标名称 | B2: 频率 | C2: 单位 | D2: 指标ID | E2: 45209 | F2: 45208
A3: LME铝:库存:合计:全球 | B3: 日 | C3: 吨 | D3: S0164518 | E3: 492650 | F3: 495650
A4: LME铝:库存:合计:欧洲 | B4: 日 | C4: 吨 | D4: S0164519 | E4: 4625 | F4: 5625
A5: LME铝:库存:合计:亚洲 | B5: 日 | C5: 吨 | D5: S0164520 | E5: 485100 | F5: 487100
A6: LME铝:库存:合计:北美洲 | B6: 日 | C6: 吨 | D6: S0164521 | E6: 2925 | F6: 2925
A7: LME铝:库存:合计:德国 | B7: 日 | C7: 吨 | D7: S0164522 | E7: 0 | F7: 0
A8: LME铝:库存:合计:韩国 | B8: 日 | C8: 吨 | D8: S0164523 | E8: 259775 | F8: 261775
A9: LME铝:库存:合计:荷兰 | B9: 日 | C9: 吨 | D9: S0164524 | E9: 4575 | F9: 5575
A10: LME铝:库存:合计:美国 | B10: 日 | C10: 吨 | D10: S0164525 | E10: 2925 | F10: 2925
A11: LME铝:库存:合计:日本 | B11: 日 | C11: 吨 | D11: S0164526 | E11: 0 | F11: 0
A12: LME铝:库存:合计:瑞典 | B12: 日 | C12: 吨 | D12: S0164527 | E12: 0 | F12: 0
A13: LME铝:库存:合计:英国 | B13: 日 | C13: 吨 | D13: S0164528 | E13: 0 | F13: 0
... A252: LME铝:出仓:中国台湾:高雄 | B252: 日 | C252: 吨 | D252: X6455550 | E252: 0 | F252: 0

Sheet Wind模板
A1: LME分仓库库存-铝
