Workbook
Name Bubble: "Bubble"
Name Chart: "Chart"
Name Heatmap: "Heatmap"
Name Histogram: "Histogram"
Name Map: "Map"
Name PieChart: "PieChart"
Name Scatter: "Scatter"
Name Series: "Series"
Name Table: "Table"

Sheet 面板-总览
A1: 一级行业 | R1: 二级行业 | AI1: 三级行业
A2: 景气指数 | B2: 45199 | C2: 45230 | D2: 45260 | E2: 45291 | F2: 45322 | G2: 45351 | H2: 45382 | I2: 45412 | J2: 45443 | K2: 45473 | L2: 45504 | M2: 45535 | N2: 45565 | O2: 3M变化 | R2: 景气指数 | S2: 45199 | T2: 45230 | U2: 45260 | V2: 45291 | W2: 45322 | X2: 45351 | Y2: 45382 | Z2: 45412 | AA2: 45443 | AB2: 45473 | AC2: 45504 | AD2: 45535 | AE2: 45565 | AF2: 3M变化 | AI2: 景气指数 | AJ2: 45199 | AK2: 45230 | AL2: 45260 | AM2: 45291 | AN2: 45322 | AO2: 45351 | AP2: 45382 | AQ2: 45412 | AR2: 45443 | AS2: 45473 | AT2: 45504 | AU2: 45535 | AV2: 45565 | AW2: 3M变化
A3: 石油石化 | B3: =INDEX('面板-景气指数'!$37:$244,MATCH('面板-总览'!$A3,'面板-景气指数'!$A$37:$A$244,0),MATCH('面板-总览'!B$2,'面板-景气指数'!$36:$36,0)) -> 0.8104 | C3: =INDEX('面板-景气指数'!$37:$244,MATCH('面板-总览'!$A3,'面板-景气指数'!$A$37:$A$244,0),MATCH('面板-总览'!C$2,'面板-景气指数'!$36:$36,0)) -> 0.7364 | D3: =INDEX('面板-景气指数'!$37:$244,MATCH('面板-总览'!$A3,'面板-景气指数'!$A$37:$A$244,0),MATCH('面板-总览'!D$2,'面板-景气指数'!$36:$36,0)) -> 0.56205 | E3: =INDEX('面板-景气指数'!$37:$244,MATCH('面板-总览'!$A3,'面板-景气指数'!$A$37:$A$244,0),MATCH('面板-总览'!E$2,'面板-景气指数'!$36:$36,0)) -> 0.4319 | F3: =INDEX('面板-景气指数'!$37:$244,MATCH('面板-总览'!$A3,'面板-景气指数'!$A$37:$A$244,0),MATCH('面板-总览'!F$2,'面板-景气指数'!$36:$36,0)) -> 0.46545 | G3: =INDEX('面板-景气指数'!$37:$244,MATCH('面板-总览'!$A3,'面板-景气指数'!$A$37:$A$244,0),MATCH('面板-总览'!G$2,'面板-景气指数'!$36:$36,0)) -> 0.5842 | H3: =INDEX('面板-景气指数'!$37:$244,MATCH('面板-总览'!$A3,'面板-景气指数'!$A$37:$A$244,0),MATCH('面板-总览'!H$2,'面板-景气指数'!$36:$36,0)) -> 0.6277 | I3: =INDEX('面板-景气指数'!$37:$244,MATCH('面板-总览'!$A3,'面板-景气指数'!$A$37:$A$244,0),MATCH('面板-总览'!I$2,'面板-景气指数'!$36:$36,0)) -> 0.5402 | ... N3: =INDEX('面板-景气指数'!$37:$244,MATCH('面板-总览'!$A3,'面板-景气指数'!$A$37:$A$244,0),MATCH('面板-总览'!N$2,'面板-景气指数'!$36:$36,0)) -> 0.5797 | P3: =N3-K3 -> -0.03455 | R3: 油气开采/油服工程 | S3: =INDEX('面板-景气指数'!$37:$244,MATCH('面板-总览'!$R3,'面板-景气指数'!$A$37:$A$244,0),MATCH('面板-总览'!S$2,'面板-景气指数'!$36:$36,0)) -> 0.76592308 | T3: =INDEX('面板-景气指数'!$37:$244,MATCH('面板-总览'!$R3,'面板-景气指数'!$A$37:$A$244,0),MATCH('面板-总览'!T$2,'面板-景气指数'!$36:$36,0)) -> 0.72046154 | U3: =INDEX('面板-景气指数'!$37:$244,MATCH('面板-总览'!$R3,'面板-景气指数'!$A$37:$A$244,0),MATCH('面板-总览'!U$2,'面板-景气指数'!$36:$36,0)) -> 0.67138462 | V3: =INDEX('面板-景气指数'!$37:$244,MATCH('面板-总览'!$R3,'面板-景气指数'!$A$37:$A$244,0),MATCH('面板-总览'!V$2,'面板-景气指数'!$36:$36,0)) -> 0.63861538 | W3: =INDEX('面板-景气指数'!$37:$244,MATCH('面板-总览'!$R3,'面板-景气指数'!$A$37:$A$244,0),MATCH('面板-总览'!W$2,'面板-景气指数'!$36:$36,0)) -> 0.64338462 | X3: =INDEX('面板-景气指数'!$37:$244,MATCH('面板-总览'!$R3,'面板-景气指数'!$A$37:$A$244,0),MATCH('面板-总览'!X$2,'面板-景气指数'!$36:$36,0)) -> 0.66884615 | Y3: =INDEX('面板-景气指数'!$37:$244,MATCH('面板-总览'!$R3,'面板-景气指数'!$A$37:$A$244,0),MATCH('面板-总览'!Y$2,'面板-景气指数'!$36:$36,0)) -> 0.72015385 | Z3: =INDEX('面板-景气指数'!$37:$244,MATCH('面板-总览'!$R3,'面板-景气指数'!$A$37:$A$244,0),MATCH('面板-总览'!Z$2,'面板-景气指数'!$36:$36,0)) -> 0.711 | ... AE3: =INDEX('面板-景气指数'!$37:$244,MATCH('面板-总览'!$R3,'面板-景气指数'!$A$37:$A$244,0),MATCH('面板-总览'!AE$2,'面板-景气指数'!$36:$36,0)) -> 0.54723077 | AG3: =AE3-AB3 -> -0.11076923 | AI3: 铜 | AJ3: =INDEX('面板-景气指数'!$37:$244,MATCH('面板-总览'!$AI3,'面板-景气指数'!$A$37:$A$244,0),MATCH('面板-总览'!AJ$2,'面板-景气指数'!$36:$36,0)) -> 0.548 | AK3: =INDEX('面板-景气指数'!$37:$244,MATCH('面板-总览'!$AI3,'面板-景气指数'!$A$37:$A$244,0),MATCH('面板-总览'!AK$2,'面板-景气指数'!$36:$36,0)) -> 0.519 | AL3: =INDEX('面板-景气指数'!$37:$244,MATCH('面板-总览'!$AI3,'面板-景气指数'!$A$37:$A$244,0),MATCH('面板-总览'!AL$2,'面板-景气指数'!$36:$36,0)) -> 0.48 | AM3: =INDEX('面板-景气指数'!$37:$244,MATCH('面板-总览'!$AI3,'面板-景气指数'!$A$37:$A$244,0),MATCH('面板-总览'!AM$2,'面板-景气指数'!$36:$36,0)) -> 0.461 | AN3: =INDEX('面板-景气指数'!$37:$244,MATCH('面板-总览'!$AI3,'面板-景气指数'!$A$37:$A$244,0),MATCH('面板-总览'!AN$2,'面板-景气指数'!$36:$36,0)) -> 0.432 | AO3: =INDEX('面板-景气指数'!$37:$244,MATCH('面板-总览'!$AI3,'面板-景气指数'!$A$37:$A$244,0),MATCH('面板-总览'!AO$2,'面板-景气指数'!$36:$36,0)) -> 0.423 | AP3: =INDEX('面板-景气指数'!$37:$244,MATCH('面板-总览'!$AI3,'面板-景气指数'!$A$37:$A$244,0),MATCH('面板-总览'!AP$2,'面板-景气指数'!$36:$36,0)) -> 0.5 | AQ3: =INDEX('面板-景气指数'!$37:$244,MATCH('面板-总览'!$AI3,'面板-景气指数'!$A$37:$A$244,0),MATCH('面板-总览'!AQ$2,'面板-景气指数'!$36:$36,0)) -> 0.682 | ... AV3: =INDEX('面板-景气指数'!$37:$244,MATCH('面板-总览'!$AI3,'面板-景气指数'!$A$37:$A$244,0),MATCH('面板-总览'!AV$2,'面板-景气指数'!$36:$36,0)) -> 0.538 | AX3: =AV3-AS3 -> -0.231
A4: 煤炭 | B4: =INDEX('面板-景气指数'!$37:$244,MATCH('面板-总览'!$A4,'面板-景气指数'!$A$37:$A$244,0),MATCH('面板-总览'!B$2,'面板-景气指数'!$36:$36,0)) -> 0.6415 | C4: =INDEX('面板-景气指数'!$37:$244,MATCH('面板-总览'!$A4,'面板-景气指数'!$A$37:$A$244,0),MATCH('面板-总览'!C$2,'面板-景气指数'!$36:$36,0)) -> 0.6695 | D4: =INDEX('面板-景气指数'!$37:$244,MATCH('面板-总览'!$A4,'面板-景气指数'!$A$37:$A$244,0),MATCH('面板-总览'!D$2,'面板-景气指数'!$36:$36,0)) -> 0.7005 | E4: =INDEX('面板-景气指数'!$37:$244,MATCH('面板-总览'!$A4,'面板-景气指数'!$A$37:$A$244,0),MATCH('面板-总览'!E$2,'面板-景气指数'!$36:$36,0)) -> 0.72783333 | F4: =INDEX('面板-景气指数'!$37:$244,MATCH('面板-总览'!$A4,'面板-景气指数'!$A$37:$A$244,0),MATCH('面板-总览'!F$2,'面板-景气指数'!$36:$36,0)) -> 0.67166667 | G4: =INDEX('面板-景气指数'!$37:$244,MATCH('面板-总览'!$A4,'面板-景气指数'!$A$37:$A$244,0),MATCH('面板-总览'!G$2,'面板-景气指数'!$36:$36,0)) -> 0.6575 | H4: =INDEX('面板-景气指数'!$37:$244,MATCH('面板-总览'!$A4,'面板-景气指数'!$A$37:$A$244,0),MATCH('面板-总览'!H$2,'面板-景气指数'!$36:$36,0)) -> 0.64333333 | I4: =INDEX('面板-景气指数'!$37:$244,MATCH('面板-总览'!$A4,'面板-景气指数'!$A$37:$A$244,0),MATCH('面板-总览'!I$2,'面板-景气指数'!$36:$36,0)) -> 0.62216667 | ... N4: =INDEX('面板-景气指数'!$37:$244,MATCH('面板-总览'!$A4,'面板-景气指数'!$A$37:$A$244,0),MATCH('面板-总览'!N$2,'面板-景气指数'!$36:$36,0)) -> 0.52933333 | P4: =N4-K4 -> -0.089833333 | R4: 炼化及贸易 | S4: =INDEX('面板-景气指数'!$37:$244,MATCH('面板-总览'!$R4,'面板-景气指数'!$A$37:$A$244,0),MATCH('面板-总览'!S$2,'面板-景气指数'!$36:$36,0)) -> 0.893 | T4: =INDEX('面板-景气指数'!$37:$244,MATCH('面板-总览'!$R4,'面板-景气指数'!$A$37:$A$244,0),MATCH('面板-总览'!T$2,'面板-景气指数'!$36:$36,0)) -> 0.766 | U4: =INDEX('面板-景气指数'!$37:$244,MATCH('面板-总览'!$R4,'面板-景气指数'!$A$37:$A$244,0),MATCH('面板-总览'!U$2,'面板-景气指数'!$36:$36,0)) -> 0.359 | V4: =INDEX('面板-景气指数'!$37:$244,MATCH('面板-总览'!$R4,'面板-景气指数'!$A$37:$A$244,0),MATCH('面板-总览'!V$2,'面板-景气指数'!$36:$36,0)) -> 0.048 | W4: =INDEX('面板-景气指数'!$37:$244,MATCH('面板-总览'!$R4,'面板-景气指数'!$A$37:$A$244,0),MATCH('面板-总览'!W$2,'面板-景气指数'!$36:$36,0)) -> 0.135 | X4: =INDEX('面板-景气指数'!$37:$244,MATCH('面板-总览'!$R4,'面板-景气指数'!$A$37:$A$244,0),MATCH('面板-总览'!X$2,'面板-景气指数'!$36:$36,0)) -> 0.427 | Y4: =INDEX('面板-景气指数'!$37:$244,MATCH('面板-总览'!$R4,'面板-景气指数'!$A$37:$A$244,0),MATCH('面板-总览'!Y$2,'面板-景气指数'!$36:$36,0)) -> 0.456 | Z4: =INDEX('面板-景气指数'!$37:$244,MATCH('面板-总览'!$R4,'面板-景气指数'!$A$37:$A$244,0),MATCH('面板-总览'!Z$2,'面板-景气指数'!$36:$36,0)) -> 0.223 | ... AE4: =INDEX('面板-景气指数'!$37:$244,MATCH('面板-总览'!$R4,'面板-景气指数'!$A$37:$A$244,0),MATCH('面板-总览'!AE$2,'面板-景气指数'!$36:$36,0)) -> 0.64 | AG4: =AE4-AB4 -> 0.107 | AI4: 铝 | AJ4: =INDEX('面板-景气指数'!$37:$244,MATCH('面板-总览'!$AI4,'面板-景气指数'!$A$37:$A$244,0),MATCH('面板-总览'!AJ$2,'面板-景气指数'!$36:$36,0)) -> 0.49 | AK4: =INDEX('面板-景气指数'!$37:$244,MATCH('面板-总览'!$AI4,'面板-景气指数'!$A$37:$A$244,0),MATCH('面板-总览'!AK$2,'面板-景气指数'!$36:$36,0)) -> 0.5 | AL4: =INDEX('面板-景气指数'!$37:$244,MATCH('面板-总览'!$AI4,'面板-景气指数'!$A$37:$A$244,0),MATCH('面板-总览'!AL$2,'面板-景气指数'!$36:$36,0)) -> 0.384 | AM4: =INDEX('面板-景气指数'!$37:$244,MATCH('面板-总览'!$AI4,'面板-景气指数'!$A$37:$A$244,0),MATCH('面板-总览'!AM$2,'面板-景气指数'!$36:$36,0)) -> 0.403 | AN4: =INDEX('面板-景气指数'!$37:$244,MATCH('面板-总览'!$AI4,'面板-景气指数'!$A$37:$A$244,0),MATCH('面板-总览'!AN$2,'面板-景气指数'!$36:$36,0)) -> 0.394 | AO4: =INDEX('面板-景气指数'!$37:$244,MATCH('面板-总览'!$AI4,'面板-景气指数'!$A$37:$A$244,0),MATCH('面板-总览'!AO$2,'面板-景气指数'!$36:$36,0)) -> 0.48 | AP4: =INDEX('面板-景气指数'!$37:$244,MATCH('面板-总览'!$AI4,'面板-景气指数'!$A$37:$A$244,0),MATCH('面板-总览'!AP$2,'面板-景气指数'!$36:$36,0)) -> 0.567 | AQ4: =INDEX('面板-景气指数'!$37:$244,MATCH('面板-总览'!$AI4,'面板-景气指数'!$A$37:$A$244,0),MATCH('面板-总览'!AQ$2,'面板-景气指数'!$36:$36,0)) -> 0.653 | ... AV4: =INDEX('面板-景气指数'!$37:$244,MATCH('面板-总览'!$AI4,'面板-景气指数'!$A$37:$A$244,0),MATCH('面板-总览'!AV$2,'面板-景气指数'!$36:$36,0)) -> 0.423 | AX4: =AV4-AS4 -> -0.259
A5: 有色金属 | B5: =INDEX('面板-景气指数'!$37:$244,MATCH('面板-总览'!$A5,'面板-景气指数'!$A$37:$A$244,0),MATCH('面板-总览'!B$2,'面板-景气指数'!$36:$36,0)) -> 0.54875983 | C5: =INDEX('面板-景气指数'!$37:$244,MATCH('面板-总览'!$A5,'面板-景气指数'!$A$37:$A$244,0),MATCH('面板-总览'!C$2,'面板-景气指数'!$36:$36,0)) -> 0.54575121 | D5: =INDEX('面板-景气指数'!$37:$244,MATCH('面板-总览'!$A5,'面板-景气指数'!$A$37:$A$244,0),MATCH('面板-总览'!D$2,'面板-景气指数'!$36:$36,0)) -> 0.47491315 | E5: =INDEX('面板-景气指数'!$37:$244,MATCH('面板-总览'!$A5,'面板-景气指数'!$A$37:$A$244,0),MATCH('面板-总览'!E$2,'面板-景气指数'!$36:$36,0)) -> 0.44749714 | F5: =INDEX('面板-景气指数'!$37:$244,MATCH('面板-总览'!$A5,'面板-景气指数'!$A$37:$A$244,0),MATCH('面板-总览'!F$2,'面板-景气指数'!$36:$36,0)) -> 0.41348719 | G5: =INDEX('面板-景气指数'!$37:$244,MATCH('面板-总览'!$A5,'面板-景气指数'!$A$37:$A$244,0),MATCH('面板-总览'!G$2,'面板-景气指数'!$36:$36,0)) -> 0.44850184 | H5: =INDEX('面板-景气指数'!$37:$244,MATCH('面板-总览'!$A5,'面板-景气指数'!$A$37:$A$244,0),MATCH('面板-总览'!H$2,'面板-景气指数'!$36:$36,0)) -> 0.5085526 | I5: =INDEX('面板-景气指数'!$37:$244,MATCH('面板-总览'!$A5,'面板-景气指数'!$A$37:$A$244,0),MATCH('面板-总览'!I$2,'面板-景气指数'!$36:$36,0)) -> 0.61090604 | ... N5: =INDEX('面板-景气指数'!$37:$244,MATCH('面板-总览'!$A5,'面板-景气指数'!$A$37:$A$244,0),MATCH('面板-总览'!N$2,'面板-景气指数'!$36:$36,0)) -> 0.60105749 | P5: =N5-K5 -> -0.10885069 | R5: 动力煤 | S5: =INDEX('面板-景气指数'!$37:$244,MATCH('面板-总览'!$R5,'面板-景气指数'!$A$37:$A$244,0),MATCH('面板-总览'!S$2,'面板-景气指数'!$36:$36,0)) -> 0.682 | T5: =INDEX('面板-景气指数'!$37:$244,MATCH('面板-总览'!$R5,'面板-景气指数'!$A$37:$A$244,0),MATCH('面板-总览'!T$2,'面板-景气指数'!$36:$36,0)) -> 0.701 | U5: =INDEX('面板-景气指数'!$37:$244,MATCH('面板-总览'!$R5,'面板-景气指数'!$A$37:$A$244,0),MATCH('面板-总览'!U$2,'面板-景气指数'!$36:$36,0)) -> 0.74 | V5: =INDEX('面板-景气指数'!$37:$244,MATCH('面板-总览'!$R5,'面板-景气指数'!$A$37:$A$244,0),MATCH('面板-总览'!V$2,'面板-景气指数'!$36:$36,0)) -> 0.721 | W5: =INDEX('面板-景气指数'!$37:$244,MATCH('面板-总览'!$R5,'面板-景气指数'!$A$37:$A$244,0),MATCH('面板-总览'!W$2,'面板-景气指数'!$36:$36,0)) -> 0.701 | X5: =INDEX('面板-景气指数'!$37:$244,MATCH('面板-总览'!$R5,'面板-景气指数'!$A$37:$A$244,0),MATCH('面板-总览'!X$2,'面板-景气指数'!$36:$36,0)) -> 0.692 | Y5: =INDEX('面板-景气指数'!$37:$244,MATCH('面板-总览'!$R5,'面板-景气指数'!$A$37:$A$244,0),MATCH('面板-总览'!Y$2,'面板-景气指数'!$36:$36,0)) -> 0.673 | Z5: =INDEX('面板-景气指数'!$37:$244,MATCH('面板-总览'!$R5,'面板-景气指数'!$A$37:$A$244,0),MATCH('面板-总览'!Z$2,'面板-景气指数'!$36:$36,0)) -> 0.634 | ... AE5: =INDEX('面板-景气指数'!$37:$244,MATCH('面板-总览'!$R5,'面板-景气指数'!$A$37:$A$244,0),MATCH('面板-总览'!AE$2,'面板-景气指数'!$36:$36,0)) -> 0.567 | AG5: =AE5-AB5 -> -0.029 | AI5: 铅锌 | AJ5: =INDEX('面板-景气指数'!$37:$244,MATCH('面板-总览'!$AI5,'面板-景气指数'!$A$37:$A$244,0),MATCH('面板-总览'!AJ$2,'面板-景气指数'!$36:$36,0)) -> 0.4615 | AK5: =INDEX('面板-景气指数'!$37:$244,MATCH('面板-总览'!$AI5,'面板-景气指数'!$A$37:$A$244,0),MATCH('面板-总览'!AK$2,'面板-景气指数'!$36:$36,0)) -> 0.5095 | AL5: =INDEX('面板-景气指数'!$37:$244,MATCH('面板-总览'!$AI5,'面板-景气指数'!$A$37:$A$244,0),MATCH('面板-总览'!AL$2,'面板-景气指数'!$36:$36,0)) -> 0.432 | AM5: =INDEX('面板-景气指数'!$37:$244,MATCH('面板-总览'!$AI5,'面板-景气指数'!$A$37:$A$244,0),MATCH('面板-总览'!AM$2,'面板-景气指数'!$36:$36,0)) -> 0.442 | AN5: =INDEX('面板-景气指数'!$37:$244,MATCH('面板-总览'!$AI5,'面板-景气指数'!$A$37:$A$244,0),MATCH('面板-总览'!AN$2,'面板-景气指数'!$36:$36,0)) -> 0.4275 | AO5: =INDEX('面板-景气指数'!$37:$244,MATCH('面板-总览'!$AI5,'面板-景气指数'!$A$37:$A$244,0),MATCH('面板-总览'!AO$2,'面板-景气指数'!$36:$36,0)) -> 0.519 | AP5: =INDEX('面板-景气指数'!$37:$244,MATCH('面板-总览'!$AI5,'面板-景气指数'!$A$37:$A$244,0),MATCH('面板-总览'!AP$2,'面板-景气指数'!$36:$36,0)) -> 0.557 | AQ5: =INDEX('面板-景气指数'!$37:$244,MATCH('面板-总览'!$AI5,'面板-景气指数'!$A$37:$A$244,0),MATCH('面板-总览'!AQ$2,'面板-景气指数'!$36:$36,0)) -> 0.634 | ... AV5: =INDEX('面板-景气指数'!$37:$244,MATCH('面板-总览'!$AI5,'面板-景气指数'!$A$37:$A$244,0),MATCH('面板-总览'!AV$2,'面板-景气指数'!$36:$36,0)) -> 0.634 | AX5: =AV5-AS5 -> -0.1585
A6: 基础化工 | B6: =INDEX('面板-景气指数'!$37:$244,MATCH('面板-总览'!$A6,'面板-景气指数'!$A$37:$A$244,0),MATCH('面板-总览'!B$2,'面板-景气指数'!$36:$36,0)) -> 0.37710011 | C6: =INDEX('面板-景气指数'!$37:$244,MATCH('面板-总览'!$A6,'面板-景气指数'!$A$37:$A$244,0),MATCH('面板-总览'!C$2,'面板-景气指数'!$36:$36,0)) -> 0.37416285 | D6: =INDEX('面板-景气指数'!$37:$244,MATCH('面板-总览'!$A6,'面板-景气指数'!$A$37:$A$244,0),MATCH('面板-总览'!D$2,'面板-景气指数'!$36:$36,0)) -> 0.37532625 | E6: =INDEX('面板-景气指数'!$37:$244,MATCH('面板-总览'!$A6,'面板-景气指数'!$A$37:$A$244,0),MATCH('面板-总览'!E$2,'面板-景气指数'!$36:$36,0)) -> 0.34536085 | F6: =INDEX('面板-景气指数'!$37:$244,MATCH('面板-总览'!$A6,'面板-景气指数'!$A$37:$A$244,0),MATCH('面板-总览'!F$2,'面板-景气指数'!$36:$36,0)) -> 0.32295038 | G6: =INDEX('面板-景气指数'!$37:$244,MATCH('面板-总览'!$A6,'面板-景气指数'!$A$37:$A$244,0),MATCH('面板-总览'!G$2,'面板-景气指数'!$36:$36,0)) -> 0.28960632 | H6: =INDEX('面板-景气指数'!$37:$244,MATCH('面板-总览'!$A6,'面板-景气指数'!$A$37:$A$244,0),MATCH('面板-总览'!H$2,'面板-景气指数'!$36:$36,0)) -> 0.32157047 | I6: =INDEX('面板-景气指数'!$37:$244,MATCH('面板-总览'!$A6,'面板-景气指数'!$A$37:$A$244,0),MATCH('面板-总览'!I$2,'面板-景气指数'!$36:$36,0)) -> 0.37066705 | ... N6: =INDEX('面板-景气指数'!$37:$244,MATCH('面板-总览'!$A6,'面板-景气指数'!$A$37:$A$244,0),MATCH('面板-总览'!N$2,'面板-景气指数'!$36:$36,0)) -> 0.27327124 | P6: =N6-K6 -> -0.11694211 | R6: 焦煤 | S6: =INDEX('面板-景气指数'!$37:$244,MATCH('面板-总览'!$R6,'面板-景气指数'!$A$37:$A$244,0),MATCH('面板-总览'!S$2,'面板-景气指数'!$36:$36,0)) -> 0.673 | T6: =INDEX('面板-景气指数'!$37:$244,MATCH('面板-总览'!$R6,'面板-景气指数'!$A$37:$A$244,0),MATCH('面板-总览'!T$2,'面板-景气指数'!$36:$36,0)) -> 0.73 | U6: =INDEX('面板-景气指数'!$37:$244,MATCH('面板-总览'!$R6,'面板-景气指数'!$A$37:$A$244,0),MATCH('面板-总览'!U$2,'面板-景气指数'!$36:$36,0)) -> 0.759 | V6: =INDEX('面板-景气指数'!$37:$244,MATCH('面板-总览'!$R6,'面板-景气指数'!$A$37:$A$244,0),MATCH('面板-总览'!V$2,'面板-景气指数'!$36:$36,0)) -> 0.788 | W6: =INDEX('面板-景气指数'!$37:$244,MATCH('面板-总览'!$R6,'面板-景气指数'!$A$37:$A$244,0),MATCH('面板-总览'!W$2,'面板-景气指数'!$36:$36,0)) -> 0.798 | X6: =INDEX('面板-景气指数'!$37:$244,MATCH('面板-总览'!$R6,'面板-景气指数'!$A$37:$A$244,0),MATCH('面板-总览'!X$2,'面板-景气指数'!$36:$36,0)) -> 0.778 | Y6: =INDEX('面板-景气指数'!$37:$244,MATCH('面板-总览'!$R6,'面板-景气指数'!$A$37:$A$244,0),MATCH('面板-总览'!Y$2,'面板-景气指数'!$36:$36,0)) -> 0.74 | Z6: =INDEX('面板-景气指数'!$37:$244,MATCH('面板-总览'!$R6,'面板-景气指数'!$A$37:$A$244,0),MATCH('面板-总览'!Z$2,'面板-景气指数'!$36:$36,0)) -> 0.711 | ... AE6: =INDEX('面板-景气指数'!$37:$244,MATCH('面板-总览'!$R6,'面板-景气指数'!$A$37:$A$244,0),MATCH('面板-总览'!AE$2,'面板-景气指数'!$36:$36,0)) -> 0.317 | AG6: =AE6-AB6 -> -0.375 | AI6: 黄金 | AJ6: =INDEX('面板-景气指数'!$37:$244,MATCH('面板-总览'!$AI6,'面板-景气指数'!$A$37:$A$244,0),MATCH('面板-总览'!AJ$2,'面板-景气指数'!$36:$36,0)) -> 0.692 | AK6: =INDEX('面板-景气指数'!$37:$244,MATCH('面板-总览'!$AI6,'面板-景气指数'!$A$37:$A$244,0),MATCH('面板-总览'!AK$2,'面板-景气指数'!$36:$36,0)) -> 0.73 | AL6: =INDEX('面板-景气指数'!$37:$244,MATCH('面板-总览'!$AI6,'面板-景气指数'!$A$37:$A$244,0),MATCH('面板-总览'!AL$2,'面板-景气指数'!$36:$36,0)) -> 0.721 | AM6: =INDEX('面板-景气指数'!$37:$244,MATCH('面板-总览'!$AI6,'面板-景气指数'!$A$37:$A$244,0),MATCH('面板-总览'!AM$2,'面板-景气指数'!$36:$36,0)) -> 0.663 | AN6: =INDEX('面板-景气指数'!$37:$244,MATCH('面板-总览'!$AI6,'面板-景气指数'!$A$37:$A$244,0),MATCH('面板-总览'!AN$2,'面板-景气指数'!$36:$36,0)) -> 0.605 | AO6: =INDEX('面板-景气指数'!$37:$244,MATCH('面板-总览'!$AI6,'面板-景气指数'!$A$37:$A$244,0),MATCH('面板-总览'!AO$2,'面板-景气指数'!$36:$36,0)) -> 0.615 | AP6: =INDEX('面板-景气指数'!$37:$244,MATCH('面板-总览'!$AI6,'面板-景气指数'!$A$37:$A$244,0),MATCH('面板-总览'!AP$2,'面板-景气指数'!$36:$36,0)) -> 0.682 | AQ6: =INDEX('面板-景气指数'!$37:$244,MATCH('面板-总览'!$AI6,'面板-景气指数'!$A$37:$A$244,0),MATCH('面板-总览'!AQ$2,'面板-景气指数'!$36:$36,0)) -> 0.759 | ... AV6: =INDEX('面板-景气指数'!$37:$244,MATCH('面板-总览'!$AI6,'面板-景气指数'!$A$37:$A$244,0),MATCH('面板-总览'!AV$2,'面板-景气指数'!$36:$36,0)) -> 0.99 | AX6: =AV6-AS6 -> 0.164
A7: 钢铁 | B7: =INDEX('面板-景气指数'!$37:$244,MATCH('面板-总览'!$A7,'面板-景气指数'!$A$37:$A$244,0),MATCH('面板-总览'!B$2,'面板-景气指数'!$36:$36,0)) -> 0.37704824 | C7: =INDEX('面板-景气指数'!$37:$244,MATCH('面板-总览'!$A7,'面板-景气指数'!$A$37:$A$244,0),MATCH('面板-总览'!C$2,'面板-景气指数'!$36:$36,0)) -> 0.38678485 | D7: =INDEX('面板-景气指数'!$37:$244,MATCH('面板-总览'!$A7,'面板-景气指数'!$A$37:$A$244,0),MATCH('面板-总览'!D$2,'面板-景气指数'!$36:$36,0)) -> 0.39858746 | E7: =INDEX('面板-景气指数'!$37:$244,MATCH('面板-总览'!$A7,'面板-景气指数'!$A$37:$A$244,0),MATCH('面板-总览'!E$2,'面板-景气指数'!$36:$36,0)) -> 0.37331075 | F7: =INDEX('面板-景气指数'!$37:$244,MATCH('面板-总览'!$A7,'面板-景气指数'!$A$37:$A$244,0),MATCH('面板-总览'!F$2,'面板-景气指数'!$36:$36,0)) -> 0.32578492 | G7: =INDEX('面板-景气指数'!$37:$244,MATCH('面板-总览'!$A7,'面板-景气指数'!$A$37:$A$244,0),MATCH('面板-总览'!G$2,'面板-景气指数'!$36:$36,0)) -> 0.26191319 | H7: =INDEX('面板-景气指数'!$37:$244,MATCH('面板-总览'!$A7,'面板-景气指数'!$A$37:$A$244,0),MATCH('面板-总览'!H$2,'面板-景气指数'!$36:$36,0)) -> 0.24570715 | I7: =INDEX('面板-景气指数'!$37:$244,MATCH('面板-总览'!$A7,'面板-景气指数'!$A$37:$A$244,0),MATCH('面板-总览'!I$2,'面板-景气指数'!$36:$36,0)) -> 0.28660648 | ... N7: =INDEX('面板-景气指数'!$37:$244,MATCH('面板-总览'!$A7,'面板-景气指数'!$A$37:$A$244,0),MATCH('面板-总览'!N$2,'面板-景气指数'!$36:$36,0)) -> 0.16136377 | P7: =N7-K7 -> -0.13929227 | R7: 无烟煤 | S7: =INDEX('面板-景气指数'!$37:$244,MATCH('面板-总览'!$R7,'面板-景气指数'!$A$37:$A$244,0),MATCH('面板-总览'!S$2,'面板-景气指数'!$36:$36,0)) -> 0.73 | T7: =INDEX('面板-景气指数'!$37:$244,MATCH('面板-总览'!$R7,'面板-景气指数'!$A$37:$A$244,0),MATCH('面板-总览'!T$2,'面板-景气指数'!$36:$36,0)) -> 0.769 | U7: =INDEX('面板-景气指数'!$37:$244,MATCH('面板-总览'!$R7,'面板-景气指数'!$A$37:$A$244,0),MATCH('面板-总览'!U$2,'面板-景气指数'!$36:$36,0)) -> 0.778 | V7: =INDEX('面板-景气指数'!$37:$244,MATCH('面板-总览'!$R7,'面板-景气指数'!$A$37:$A$244,0),MATCH('面板-总览'!V$2,'面板-景气指数'!$36:$36,0)) -> 0.663 | W7: =INDEX('面板-景气指数'!$37:$244,MATCH('面板-总览'!$R7,'面板-景气指数'!$A$37:$A$244,0),MATCH('面板-总览'!W$2,'面板-景气指数'!$36:$36,0)) -> 0.653 | X7: =INDEX('面板-景气指数'!$37:$244,MATCH('面板-总览'!$R7,'面板-景气指数'!$A$37:$A$244,0),MATCH('面板-总览'!X$2,'面板-景气指数'!$36:$36,0)) -> 0.615 | Y7: =INDEX('面板-景气指数'!$37:$244,MATCH('面板-总览'!$R7,'面板-景气指数'!$A$37:$A$244,0),MATCH('面板-总览'!Y$2,'面板-景气指数'!$36:$36,0)) -> 0.625 | Z7: =INDEX('面板-景气指数'!$37:$244,MATCH('面板-总览'!$R7,'面板-景气指数'!$A$37:$A$244,0),MATCH('面板-总览'!Z$2,'面板-景气指数'!$36:$36,0)) -> 0.644 | ... AE7: =INDEX('面板-景气指数'!$37:$244,MATCH('面板-总览'!$R7,'面板-景气指数'!$A$37:$A$244,0),MATCH('面板-总览'!AE$2,'面板-景气指数'!$36:$36,0)) -> 0.682 | AG7: =AE7-AB7 -> -0.077 | AI7: 白银 | AJ7: =INDEX('面板-景气指数'!$37:$244,MATCH('面板-总览'!$AI7,'面板-景气指数'!$A$37:$A$244,0),MATCH('面板-总览'!AJ$2,'面板-景气指数'!$36:$36,0)) -> 0.759 | AK7: =INDEX('面板-景气指数'!$37:$244,MATCH('面板-总览'!$AI7,'面板-景气指数'!$A$37:$A$244,0),MATCH('面板-总览'!AK$2,'面板-景气指数'!$36:$36,0)) -> 0.692 | AL7: =INDEX('面板-景气指数'!$37:$244,MATCH('面板-总览'!$AI7,'面板-景气指数'!$A$37:$A$244,0),MATCH('面板-总览'!AL$2,'面板-景气指数'!$36:$36,0)) -> 0.596 | AM7: =INDEX('面板-景气指数'!$37:$244,MATCH('面板-总览'!$AI7,'面板-景气指数'!$A$37:$A$244,0),MATCH('面板-总览'!AM$2,'面板-景气指数'!$36:$36,0)) -> 0.519 | AN7: =INDEX('面板-景气指数'!$37:$244,MATCH('面板-总览'!$AI7,'面板-景气指数'!$A$37:$A$244,0),MATCH('面板-总览'!AN$2,'面板-景气指数'!$36:$36,0)) -> 0.48 | AO7: =INDEX('面板-景气指数'!$37:$244,MATCH('面板-总览'!$AI7,'面板-景气指数'!$A$37:$A$244,0),MATCH('面板-总览'!AO$2,'面板-景气指数'!$36:$36,0)) -> 0.528 | AP7: =INDEX('面板-景气指数'!$37:$244,MATCH('面板-总览'!$AI7,'面板-景气指数'!$A$37:$A$244,0),MATCH('面板-总览'!AP$2,'面板-景气指数'!$36:$36,0)) -> 0.576 | AQ7: =INDEX('面板-景气指数'!$37:$244,MATCH('面板-总览'!$AI7,'面板-景气指数'!$A$37:$A$244,0),MATCH('面板-总览'!AQ$2,'面板-景气指数'!$36:$36,0)) -> 0.615 | ... AV7: =INDEX('面板-景气指数'!$37:$244,MATCH('面板-总览'!$AI7,'面板-景气指数'!$A$37:$A$244,0),MATCH('面板-总览'!AV$2,'面板-景气指数'!$36:$36,0)) -> 0.875 | AX7: =AV7-AS7 -> 0.058
A8: 建筑材料 | B8: =INDEX('面板-景气指数'!$37:$244,MATCH('面板-总览'!$A8,'面板-景气指数'!$A$37:$A$244,0),MATCH('面板-总览'!B$2,'面板-景气指数'!$36:$36,0)) -> 0.25350935 | C8: =INDEX('面板-景气指数'!$37:$244,MATCH('面板-总览'!$A8,'面板-景气指数'!$A$37:$A$244,0),MATCH('面板-总览'!C$2,'面板-景气指数'!$36:$36,0)) -> 0.26314281 | D8: =INDEX('面板-景气指数'!$37:$244,MATCH('面板-总览'!$A8,'面板-景气指数'!$A$37:$A$244,0),MATCH('面板-总览'!D$2,'面板-景气指数'!$36:$36,0)) -> 0.29998686 | E8: =INDEX('面板-景气指数'!$37:$244,MATCH('面板-总览'!$A8,'面板-景气指数'!$A$37:$A$244,0),MATCH('面板-总览'!E$2,'面板-景气指数'!$36:$36,0)) -> 0.32513939 | F8: =INDEX('面板-景气指数'!$37:$244,MATCH('面板-总览'!$A8,'面板-景气指数'!$A$37:$A$244,0),MATCH('面板-总览'!F$2,'面板-景气指数'!$36:$36,0)) -> 0.32065609 | G8: =INDEX('面板-景气指数'!$37:$244,MATCH('面板-总览'!$A8,'面板-景气指数'!$A$37:$A$244,0),MATCH('面板-总览'!G$2,'面板-景气指数'!$36:$36,0)) -> 0.28661189 | H8: =INDEX('面板-景气指数'!$37:$244,MATCH('面板-总览'!$A8,'面板-景气指数'!$A$37:$A$244,0),MATCH('面板-总览'!H$2,'面板-景气指数'!$36:$36,0)) -> 0.25047061 | I8: =INDEX('面板-景气指数'!$37:$244,MATCH('面板-总览'!$A8,'面板-景气指数'!$A$37:$A$244,0),MATCH('面板-总览'!I$2,'面板-景气指数'!$36:$36,0)) -> 0.2737038 | ... N8: =INDEX('面板-景气指数'!$37:$244,MATCH('面板-总览'!$A8,'面板-景气指数'!$A$37:$A$244,0),MATCH('面板-总览'!N$2,'面板-景气指数'!$36:$36,0)) -> 0.39886622 | P8: =N8-K8 -> -0.033456104 | R8: 工业金属 | S8: =INDEX('面板-景气指数'!$37:$244,MATCH('面板-总览'!$R8,'面板-景气指数'!$A$37:$A$244,0),MATCH('面板-总览'!S$2,'面板-景气指数'!$36:$36,0)) -> 0.49711191 | T8: =INDEX('面板-景气指数'!$37:$244,MATCH('面板-总览'!$R8,'面板-景气指数'!$A$37:$A$244,0),MATCH('面板-总览'!T$2,'面板-景气指数'!$36:$36,0)) -> 0.51173467 | U8: =INDEX('面板-景气指数'!$37:$244,MATCH('面板-总览'!$R8,'面板-景气指数'!$A$37:$A$244,0),MATCH('面板-总览'!U$2,'面板-景气指数'!$36:$36,0)) -> 0.44329097 | V8: =INDEX('面板-景气指数'!$37:$244,MATCH('面板-总览'!$R8,'面板-景气指数'!$A$37:$A$244,0),MATCH('面板-总览'!V$2,'面板-景气指数'!$36:$36,0)) -> 0.44381462 | W8: =INDEX('面板-景气指数'!$37:$244,MATCH('面板-总览'!$R8,'面板-景气指数'!$A$37:$A$244,0),MATCH('面板-总览'!W$2,'面板-景气指数'!$36:$36,0)) -> 0.42470918 | X8: =INDEX('面板-景气指数'!$37:$244,MATCH('面板-总览'!$R8,'面板-景气指数'!$A$37:$A$244,0),MATCH('面板-总览'!X$2,'面板-景气指数'!$36:$36,0)) -> 0.4784987 | Y8: =INDEX('面板-景气指数'!$37:$244,MATCH('面板-总览'!$R8,'面板-景气指数'!$A$37:$A$244,0),MATCH('面板-总览'!Y$2,'面板-景气指数'!$36:$36,0)) -> 0.53735338 | Z8: =INDEX('面板-景气指数'!$37:$244,MATCH('面板-总览'!$R8,'面板-景气指数'!$A$37:$A$244,0),MATCH('面板-总览'!Z$2,'面板-景气指数'!$36:$36,0)) -> 0.65418428 | ... AE8: =INDEX('面板-景气指数'!$37:$244,MATCH('面板-总览'!$R8,'面板-景气指数'!$A$37:$A$244,0),MATCH('面板-总览'!AE$2,'面板-景气指数'!$36:$36,0)) -> 0.5706681 | AG8: =AE8-AB8 -> -0.1985174 | AI8: 稀土 | AJ8: =INDEX('面板-景气指数'!$37:$244,MATCH('面板-总览'!$AI8,'面板-景气指数'!$A$37:$A$244,0),MATCH('面板-总览'!AJ$2,'面板-景气指数'!$36:$36,0)) -> 0.75 | AK8: =INDEX('面板-景气指数'!$37:$244,MATCH('面板-总览'!$AI8,'面板-景气指数'!$A$37:$A$244,0),MATCH('面板-总览'!AK$2,'面板-景气指数'!$36:$36,0)) -> 0.769 | AL8: =INDEX('面板-景气指数'!$37:$244,MATCH('面板-总览'!$AI8,'面板-景气指数'!$A$37:$A$244,0),MATCH('面板-总览'!AL$2,'面板-景气指数'!$36:$36,0)) -> 0.74 | AM8: =INDEX('面板-景气指数'!$37:$244,MATCH('面板-总览'!$AI8,'面板-景气指数'!$A$37:$A$244,0),MATCH('面板-总览'!AM$2,'面板-景气指数'!$36:$36,0)) -> 0.673 | AN8: =INDEX('面板-景气指数'!$37:$244,MATCH('面板-总览'!$AI8,'面板-景气指数'!$A$37:$A$244,0),MATCH('面板-总览'!AN$2,'面板-景气指数'!$36:$36,0)) -> 0.653 | AO8: =INDEX('面板-景气指数'!$37:$244,MATCH('面板-总览'!$AI8,'面板-景气指数'!$A$37:$A$244,0),MATCH('面板-总览'!AO$2,'面板-景气指数'!$36:$36,0)) -> 0.586 | AP8: =INDEX('面板-景气指数'!$37:$244,MATCH('面板-总览'!$AI8,'面板-景气指数'!$A$37:$A$244,0),MATCH('面板-总览'!AP$2,'面板-景气指数'!$36:$36,0)) -> 0.548 | AQ8: =INDEX('面板-景气指数'!$37:$244,MATCH('面板-总览'!$AI8,'面板-景气指数'!$A$37:$A$244,0),MATCH('面板-总览'!AQ$2,'面板-景气指数'!$36:$36,0)) -> 0.596 | ... AV8: =INDEX('面板-景气指数'!$37:$244,MATCH('面板-总览'!$AI8,'面板-景气指数'!$A$37:$A$244,0),MATCH('面板-总览'!AV$2,'面板-景气指数'!$36:$36,0)) -> 0.615 | AX8: =AV8-AS8 -> 0.048
A9: 机械设备 | B9: =INDEX('面板-景气指数'!$37:$244,MATCH('面板-总览'!$A9,'面板-景气指数'!$A$37:$A$244,0),MATCH('面板-总览'!B$2,'面板-景气指数'!$36:$36,0)) -> 0.36061112 | C9: =INDEX('面板-景气指数'!$37:$244,MATCH('面板-总览'!$A9,'面板-景气指数'!$A$37:$A$244,0),MATCH('面板-总览'!C$2,'面板-景气指数'!$36:$36,0)) -> 0.43480873 | D9: =INDEX('面板-景气指数'!$37:$244,MATCH('面板-总览'!$A9,'面板-景气指数'!$A$37:$A$244,0),MATCH('面板-总览'!D$2,'面板-景气指数'!$36:$36,0)) -> 0.50520542 | E9: =INDEX('面板-景气指数'!$37:$244,MATCH('面板-总览'!$A9,'面板-景气指数'!$A$37:$A$244,0),MATCH('面板-总览'!E$2,'面板-景气指数'!$36:$36,0)) -> 0.53714328 | F9: =INDEX('面板-景气指数'!$37:$244,MATCH('面板-总览'!$A9,'面板-景气指数'!$A$37:$A$244,0),MATCH('面板-总览'!F$2,'面板-景气指数'!$36:$36,0)) -> 0.48888551 | G9: =INDEX('面板-景气指数'!$37:$244,MATCH('面板-总览'!$A9,'面板-景气指数'!$A$37:$A$244,0),MATCH('面板-总览'!G$2,'面板-景气指数'!$36:$36,0)) -> 0.35140682 | H9: =INDEX('面板-景气指数'!$37:$244,MATCH('面板-总览'!$A9,'面板-景气指数'!$A$37:$A$244,0),MATCH('面板-总览'!H$2,'面板-景气指数'!$36:$36,0)) -> 0.3892641 | I9: =INDEX('面板-景气指数'!$37:$244,MATCH('面板-总览'!$A9,'面板-景气指数'!$A$37:$A$244,0),MATCH('面板-总览'!I$2,'面板-景气指数'!$36:$36,0)) -> 0.41475806 | ... N9: =INDEX('面板-景气指数'!$37:$244,MATCH('面板-总览'!$A9,'面板-景气指数'!$A$37:$A$244,0),MATCH('面板-总览'!N$2,'面板-景气指数'!$36:$36,0)) -> 0.62291137 | P9: =N9-K9 -> 0.070019951 | R9: 贵金属 | S9: =INDEX('面板-景气指数'!$37:$244,MATCH('面板-总览'!$R9,'面板-景气指数'!$A$37:$A$244,0),MATCH('面板-总览'!S$2,'面板-景气指数'!$36:$36,0)) -> 0.7255 | T9: =INDEX('面板-景气指数'!$37:$244,MATCH('面板-总览'!$R9,'面板-景气指数'!$A$37:$A$244,0),MATCH('面板-总览'!T$2,'面板-景气指数'!$36:$36,0)) -> 0.711 | U9: =INDEX('面板-景气指数'!$37:$244,MATCH('面板-总览'!$R9,'面板-景气指数'!$A$37:$A$244,0),MATCH('面板-总览'!U$2,'面板-景气指数'!$36:$36,0)) -> 0.6585 | V9: =INDEX('面板-景气指数'!$37:$244,MATCH('面板-总览'!$R9,'面板-景气指数'!$A$37:$A$244,0),MATCH('面板-总览'!V$2,'面板-景气指数'!$36:$36,0)) -> 0.591 | W9: =INDEX('面板-景气指数'!$37:$244,MATCH('面板-总览'!$R9,'面板-景气指数'!$A$37:$A$244,0),MATCH('面板-总览'!W$2,'面板-景气指数'!$36:$36,0)) -> 0.5425 | X9: =INDEX('面板-景气指数'!$37:$244,MATCH('面板-总览'!$R9,'面板-景气指数'!$A$37:$A$244,0),MATCH('面板-总览'!X$2,'面板-景气指数'!$36:$36,0)) -> 0.5715 | Y9: =INDEX('面板-景气指数'!$37:$244,MATCH('面板-总览'!$R9,'面板-景气指数'!$A$37:$A$244,0),MATCH('面板-总览'!Y$2,'面板-景气指数'!$36:$36,0)) -> 0.629 | Z9: =INDEX('面板-景气指数'!$37:$244,MATCH('面板-总览'!$R9,'面板-景气指数'!$A$37:$A$244,0),MATCH('面板-总览'!Z$2,'面板-景气指数'!$36:$36,0)) -> 0.687 | ... AE9: =INDEX('面板-景气指数'!$37:$244,MATCH('面板-总览'!$R9,'面板-景气指数'!$A$37:$A$244,0),MATCH('面板-总览'!AE$2,'面板-景气指数'!$36:$36,0)) -> 0.9325 | AG9: =AE9-AB9 -> 0.111 | AI9: 钨 | AJ9: =INDEX('面板-景气指数'!$37:$244,MATCH('面板-总览'!$AI9,'面板-景气指数'!$A$37:$A$244,0),MATCH('面板-总览'!AJ$2,'面板-景气指数'!$36:$36,0)) -> 0.48 | AK9: =INDEX('面板-景气指数'!$37:$244,MATCH('面板-总览'!$AI9,'面板-景气指数'!$A$37:$A$244,0),MATCH('面板-总览'!AK$2,'面板-景气指数'!$36:$36,0)) -> 0.519 | AL9: =INDEX('面板-景气指数'!$37:$244,MATCH('面板-总览'!$AI9,'面板-景气指数'!$A$37:$A$244,0),MATCH('面板-总览'!AL$2,'面板-景气指数'!$36:$36,0)) -> 0.576 | AM9: =INDEX('面板-景气指数'!$37:$244,MATCH('面板-总览'!$AI9,'面板-景气指数'!$A$37:$A$244,0),MATCH('面板-总览'!AM$2,'面板-景气指数'!$36:$36,0)) -> 0.528 | AN9: =INDEX('面板-景气指数'!$37:$244,MATCH('面板-总览'!$AI9,'面板-景气指数'!$A$37:$A$244,0),MATCH('面板-总览'!AN$2,'面板-景气指数'!$36:$36,0)) -> 0.451 | AO9: =INDEX('面板-景气指数'!$37:$244,MATCH('面板-总览'!$AI9,'面板-景气指数'!$A$37:$A$244,0),MATCH('面板-总览'!AO$2,'面板-景气指数'!$36:$36,0)) -> 0.432 | AP9: =INDEX('面板-景气指数'!$37:$244,MATCH('面板-总览'!$AI9,'面板-景气指数'!$A$37:$A$244,0),MATCH('面板-总览'!AP$2,'面板-景气指数'!$36:$36,0)) -> 0.538 | AQ9: =INDEX('面板-景气指数'!$37:$244,MATCH('面板-总览'!$AI9,'面板-景气指数'!$A$37:$A$244,0),MATCH('面板-总览'!AQ$2,'面板-景气指数'!$36:$36,0)) -> 0.673 | ... AV9: =INDEX('面板-景气指数'!$37:$244,MATCH('面板-总览'!$AI9,'面板-景气指数'!$A$37:$A$244,0),MATCH('面板-总览'!AV$2,'面板-景气指数'!$36:$36,0)) -> 0.625 | AX9: =AV9-AS9 -> -0.115
A10: 电力设备 | B10: =INDEX('面板-景气指数'!$37:$244,MATCH('面板-总览'!$A10,'面板-景气指数'!$A$37:$A$244,0),MATCH('面板-总览'!B$2,'面板-景气指数'!$36:$36,0)) -> 0.45139438 | C10: =INDEX('面板-景气指数'!$37:$244,MATCH('面板-总览'!$A10,'面板-景气指数'!$A$37:$A$244,0),MATCH('面板-总览'!C$2,'面板-景气指数'!$36:$36,0)) -> 0.46906961 | D10: =INDEX('面板-景气指数'!$37:$244,MATCH('面板-总览'!$A10,'面板-景气指数'!$A$37:$A$244,0),MATCH('面板-总览'!D$2,'面板-景气指数'!$36:$36,0)) -> 0.49384103 | E10: =INDEX('面板-景气指数'!$37:$244,MATCH('面板-总览'!$A10,'面板-景气指数'!$A$37:$A$244,0),MATCH('面板-总览'!E$2,'面板-景气指数'!$36:$36,0)) -> 0.50740977 | F10: =INDEX('面板-景气指数'!$37:$244,MATCH('面板-总览'!$A10,'面板-景气指数'!$A$37:$A$244,0),MATCH('面板-总览'!F$2,'面板-景气指数'!$36:$36,0)) -> 0.49636199 | G10: =INDEX('面板-景气指数'!$37:$244,MATCH('面板-总览'!$A10,'面板-景气指数'!$A$37:$A$244,0),MATCH('面板-总览'!G$2,'面板-景气指数'!$36:$36,0)) -> 0.47957166 | H10: =INDEX('面板-景气指数'!$37:$244,MATCH('面板-总览'!$A10,'面板-景气指数'!$A$37:$A$244,0),MATCH('面板-总览'!H$2,'面板-景气指数'!$36:$36,0)) -> 0.48177898 | I10: =INDEX('面板-景气指数'!$37:$244,MATCH('面板-总览'!$A10,'面板-景气指数'!$A$37:$A$244,0),MATCH('面板-总览'!I$2,'面板-景气指数'!$36:$36,0)) -> 0.44575454 | ... N10: =INDEX('面板-景气指数'!$37:$244,MATCH('面板-总览'!$A10,'面板-景气指数'!$A$37:$A$244,0),MATCH('面板-总览'!N$2,'面板-景气指数'!$36:$36,0)) -> 0.45877097 | P10: =N10-K10 -> 0.016641076 | R10: 小金属 | S10: =INDEX('面板-景气指数'!$37:$244,MATCH('面板-总览'!$R10,'面板-景气指数'!$A$37:$A$244,0),MATCH('面板-总览'!S$2,'面板-景气指数'!$36:$36,0)) -> 0.66775 | T10: =INDEX('面板-景气指数'!$37:$244,MATCH('面板-总览'!$R10,'面板-景气指数'!$A$37:$A$244,0),MATCH('面板-总览'!T$2,'面板-景气指数'!$36:$36,0)) -> 0.63425 | U10: =INDEX('面板-景气指数'!$37:$244,MATCH('面板-总览'!$R10,'面板-景气指数'!$A$37:$A$244,0),MATCH('面板-总览'!U$2,'面板-景气指数'!$36:$36,0)) -> 0.5405 | V10: =INDEX('面板-景气指数'!$37:$244,MATCH('面板-总览'!$R10,'面板-景气指数'!$A$37:$A$244,0),MATCH('面板-总览'!V$2,'面板-景气指数'!$36:$36,0)) -> 0.45875 | W10: =INDEX('面板-景气指数'!$37:$244,MATCH('面板-总览'!$R10,'面板-景气指数'!$A$37:$A$244,0),MATCH('面板-总览'!W$2,'面板-景气指数'!$36:$36,0)) -> 0.384 | X10: =INDEX('面板-景气指数'!$37:$244,MATCH('面板-总览'!$R10,'面板-景气指数'!$A$37:$A$244,0),MATCH('面板-总览'!X$2,'面板-景气指数'!$36:$36,0)) -> 0.37425 | Y10: =INDEX('面板-景气指数'!$37:$244,MATCH('面板-总览'!$R10,'面板-景气指数'!$A$37:$A$244,0),MATCH('面板-总览'!Y$2,'面板-景气指数'!$36:$36,0)) -> 0.45175 | Z10: =INDEX('面板-景气指数'!$37:$244,MATCH('面板-总览'!$R10,'面板-景气指数'!$A$37:$A$244,0),MATCH('面板-总览'!Z$2,'面板-景气指数'!$36:$36,0)) -> 0.57175 | ... AE10: =INDEX('面板-景气指数'!$37:$244,MATCH('面板-总览'!$R10,'面板-景气指数'!$A$37:$A$244,0),MATCH('面板-总览'!AE$2,'面板-景气指数'!$36:$36,0)) -> 0.507 | AG10: =AE10-AB10 -> -0.091 | AI10: 钼 | AJ10: =INDEX('面板-景气指数'!$37:$244,MATCH('面板-总览'!$AI10,'面板-景气指数'!$A$37:$A$244,0),MATCH('面板-总览'!AJ$2,'面板-景气指数'!$36:$36,0)) -> 0.778 | AK10: =INDEX('面板-景气指数'!$37:$244,MATCH('面板-总览'!$AI10,'面板-景气指数'!$A$37:$A$244,0),MATCH('面板-总览'!AK$2,'面板-景气指数'!$36:$36,0)) -> 0.576 | AL10: =INDEX('面板-景气指数'!$37:$244,MATCH('面板-总览'!$AI10,'面板-景气指数'!$A$37:$A$244,0),MATCH('面板-总览'!AL$2,'面板-景气指数'!$36:$36,0)) -> 0.221 | AM10: =INDEX('面板-景气指数'!$37:$244,MATCH('面板-总览'!$AI10,'面板-景气指数'!$A$37:$A$244,0),MATCH('面板-总览'!AM$2,'面板-景气指数'!$36:$36,0)) -> 0.096 | AN10: =INDEX('面板-景气指数'!$37:$244,MATCH('面板-总览'!$AI10,'面板-景气指数'!$A$37:$A$244,0),MATCH('面板-总览'!AN$2,'面板-景气指数'!$36:$36,0)) -> 0.038 | AO10: =INDEX('面板-景气指数'!$37:$244,MATCH('面板-总览'!$AI10,'面板-景气指数'!$A$37:$A$244,0),MATCH('面板-总览'!AO$2,'面板-景气指数'!$36:$36,0)) -> 0.028 | AP10: =INDEX('面板-景气指数'!$37:$244,MATCH('面板-总览'!$AI10,'面板-景气指数'!$A$37:$A$244,0),MATCH('面板-总览'!AP$2,'面板-景气指数'!$36:$36,0)) -> 0.125 | AQ10: =INDEX('面板-景气指数'!$37:$244,MATCH('面板-总览'!$AI10,'面板-景气指数'!$A$37:$A$244,0),MATCH('面板-总览'!AQ$2,'面板-景气指数'!$36:$36,0)) -> 0.317 | ... AV10: =INDEX('面板-景气指数'!$37:$244,MATCH('面板-总览'!$AI10,'面板-景气指数'!$A$37:$A$244,0),MATCH('面板-总览'!AV$2,'面板-景气指数'!$36:$36,0)) -> 0.144 | AX10: =AV10-AS10 -> -0.182
A11: 国防军工 | B11: =INDEX('面板-景气指数'!$37:$244,MATCH('面板-总览'!$A11,'面板-景气指数'!$A$37:$A$244,0),MATCH('面板-总览'!B$2,'面板-景气指数'!$36:$36,0)) -> 0.27027071 | C11: =INDEX('面板-景气指数'!$37:$244,MATCH('面板-总览'!$A11,'面板-景气指数'!$A$37:$A$244,0),MATCH('面板-总览'!C$2,'面板-景气指数'!$36:$36,0)) -> 0.27291822 | D11: =INDEX('面板-景气指数'!$37:$244,MATCH('面板-总览'!$A11,'面板-景气指数'!$A$37:$A$244,0),MATCH('面板-总览'!D$2,'面板-景气指数'!$36:$36,0)) -> 0.27936614 | E11: =INDEX('面板-景气指数'!$37:$244,MATCH('面板-总览'!$A11,'面板-景气指数'!$A$37:$A$244,0),MATCH('面板-总览'!E$2,'面板-景气指数'!$36:$36,0)) -> 0.30122389 | F11: =INDEX('面板-景气指数'!$37:$244,MATCH('面板-总览'!$A11,'面板-景气指数'!$A$37:$A$244,0),MATCH('面板-总览'!F$2,'面板-景气指数'!$36:$36,0)) -> 0.32360826 | G11: =INDEX('面板-景气指数'!$37:$244,MATCH('面板-总览'!$A11,'面板-景气指数'!$A$37:$A$244,0),MATCH('面板-总览'!G$2,'面板-景气指数'!$36:$36,0)) -> 0.35693495 | H11: =INDEX('面板-景气指数'!$37:$244,MATCH('面板-总览'!$A11,'面板-景气指数'!$A$37:$A$244,0),MATCH('面板-总览'!H$2,'面板-景气指数'!$36:$36,0)) -> 0.37055023 | I11: =INDEX('面板-景气指数'!$37:$244,MATCH('面板-总览'!$A11,'面板-景气指数'!$A$37:$A$244,0),MATCH('面板-总览'!I$2,'面板-景气指数'!$36:$36,0)) -> 0.42115442 | ... N11: =INDEX('面板-景气指数'!$37:$244,MATCH('面板-总览'!$A11,'面板-景气指数'!$A$37:$A$244,0),MATCH('面板-总览'!N$2,'面板-景气指数'!$36:$36,0)) -> 0.46612586 | P11: =N11-K11 -> 0.015896855 | R11: 能源金属 | S11: =INDEX('面板-景气指数'!$37:$244,MATCH('面板-总览'!$R11,'面板-景气指数'!$A$37:$A$244,0),MATCH('面板-总览'!S$2,'面板-景气指数'!$36:$36,0)) -> 0.185 | T11: =INDEX('面板-景气指数'!$37:$244,MATCH('面板-总览'!$R11,'面板-景气指数'!$A$37:$A$244,0),MATCH('面板-总览'!T$2,'面板-景气指数'!$36:$36,0)) -> 0.14366667 | U11: =INDEX('面板-景气指数'!$37:$244,MATCH('面板-总览'!$R11,'面板-景气指数'!$A$37:$A$244,0),MATCH('面板-总览'!U$2,'面板-景气指数'!$36:$36,0)) -> 0.11266667 | V11: =INDEX('面板-景气指数'!$37:$244,MATCH('面板-总览'!$R11,'面板-景气指数'!$A$37:$A$244,0),MATCH('面板-总览'!V$2,'面板-景气指数'!$36:$36,0)) -> 0.11366667 | W11: =INDEX('面板-景气指数'!$37:$244,MATCH('面板-总览'!$R11,'面板-景气指数'!$A$37:$A$244,0),MATCH('面板-总览'!W$2,'面板-景气指数'!$36:$36,0)) -> 0.13 | X11: =INDEX('面板-景气指数'!$37:$244,MATCH('面板-总览'!$R11,'面板-景气指数'!$A$37:$A$244,0),MATCH('面板-总览'!X$2,'面板-景气指数'!$36:$36,0)) -> 0.14966667 | Y11: =INDEX('面板-景气指数'!$37:$244,MATCH('面板-总览'!$R11,'面板-景气指数'!$A$37:$A$244,0),MATCH('面板-总览'!Y$2,'面板-景气指数'!$36:$36,0)) -> 0.20133333 | Z11: =INDEX('面板-景气指数'!$37:$244,MATCH('面板-总览'!$R11,'面板-景气指数'!$A$37:$A$244,0),MATCH('面板-总览'!Z$2,'面板-景气指数'!$36:$36,0)) -> 0.234 | ... AE11: =INDEX('面板-景气指数'!$37:$244,MATCH('面板-总览'!$R11,'面板-景气指数'!$A$37:$A$244,0),MATCH('面板-总览'!AE$2,'面板-景气指数'!$36:$36,0)) -> 0.24266667 | AG11: =AE11-AB11 -> 0.005 | AI11: 其它小金属 | AJ11: =INDEX('面板-景气指数'!$37:$244,MATCH('面板-总览'!$AI11,'面板-景气指数'!$A$37:$A$244,0),MATCH('面板-总览'!AJ$2,'面板-景气指数'!$36:$36,0)) -> 0.663 | AK11: =INDEX('面板-景气指数'!$37:$244,MATCH('面板-总览'!$AI11,'面板-景气指数'!$A$37:$A$244,0),MATCH('面板-总览'!AK$2,'面板-景气指数'!$36:$36,0)) -> 0.673 | AL11: =INDEX('面板-景气指数'!$37:$244,MATCH('面板-总览'!$AI11,'面板-景气指数'!$A$37:$A$244,0),MATCH('面板-总览'!AL$2,'面板-景气指数'!$36:$36,0)) -> 0.625 | AM11: =INDEX('面板-景气指数'!$37:$244,MATCH('面板-总览'!$AI11,'面板-景气指数'!$A$37:$A$244,0),MATCH('面板-总览'!AM$2,'面板-景气指数'!$36:$36,0)) -> 0.538 | AN11: =INDEX('面板-景气指数'!$37:$244,MATCH('面板-总览'!$AI11,'面板-景气指数'!$A$37:$A$244,0),MATCH('面板-总览'!AN$2,'面板-景气指数'!$36:$36,0)) -> 0.394 | AO11: =INDEX('面板-景气指数'!$37:$244,MATCH('面板-总览'!$AI11,'面板-景气指数'!$A$37:$A$244,0),MATCH('面板-总览'!AO$2,'面板-景气指数'!$36:$36,0)) -> 0.451 | AP11: =INDEX('面板-景气指数'!$37:$244,MATCH('面板-总览'!$AI11,'面板-景气指数'!$A$37:$A$244,0),MATCH('面板-总览'!AP$2,'面板-景气指数'!$36:$36,0)) -> 0.596 | AQ11: =INDEX('面板-景气指数'!$37:$244,MATCH('面板-总览'!$AI11,'面板-景气指数'!$A$37:$A$244,0),MATCH('面板-总览'!AQ$2,'面板-景气指数'!$36:$36,0)) -> 0.701 | ... AV11: =INDEX('面板-景气指数'!$37:$244,MATCH('面板-总览'!$AI11,'面板-景气指数'!$A$37:$A$244,0),MATCH('面板-总览'!AV$2,'面板-景气指数'!$36:$36,0)) -> 0.644 | AX11: =AV11-AS11 -> -0.115
A12: 农林牧渔 | B12: =INDEX('面板-景气指数'!$37:$244,MATCH('面板-总览'!$A12,'面板-景气指数'!$A$37:$A$244,0),MATCH('面板-总览'!B$2,'面板-景气指数'!$36:$36,0)) -> 0.20829772 | C12: =INDEX('面板-景气指数'!$37:$244,MATCH('面板-总览'!$A12,'面板-景气指数'!$A$37:$A$244,0),MATCH('面板-总览'!C$2,'面板-景气指数'!$36:$36,0)) -> 0.15816532 | D12: =INDEX('面板-景气指数'!$37:$244,MATCH('面板-总览'!$A12,'面板-景气指数'!$A$37:$A$244,0),MATCH('面板-总览'!D$2,'面板-景气指数'!$36:$36,0)) -> 0.13632548 | E12: =INDEX('面板-景气指数'!$37:$244,MATCH('面板-总览'!$A12,'面板-景气指数'!$A$37:$A$244,0),MATCH('面板-总览'!E$2,'面板-景气指数'!$36:$36,0)) -> 0.13643751 | F12: =INDEX('面板-景气指数'!$37:$244,MATCH('面板-总览'!$A12,'面板-景气指数'!$A$37:$A$244,0),MATCH('面板-总览'!F$2,'面板-景气指数'!$36:$36,0)) -> 0.13544072 | G12: =INDEX('面板-景气指数'!$37:$244,MATCH('面板-总览'!$A12,'面板-景气指数'!$A$37:$A$244,0),MATCH('面板-总览'!G$2,'面板-景气指数'!$36:$36,0)) -> 0.17570142 | H12: =INDEX('面板-景气指数'!$37:$244,MATCH('面板-总览'!$A12,'面板-景气指数'!$A$37:$A$244,0),MATCH('面板-总览'!H$2,'面板-景气指数'!$36:$36,0)) -> 0.17258462 | I12: =INDEX('面板-景气指数'!$37:$244,MATCH('面板-总览'!$A12,'面板-景气指数'!$A$37:$A$244,0),MATCH('面板-总览'!I$2,'面板-景气指数'!$36:$36,0)) -> 0.19502475 | ... N12: =INDEX('面板-景气指数'!$37:$244,MATCH('面板-总览'!$A12,'面板-景气指数'!$A$37:$A$244,0),MATCH('面板-总览'!N$2,'面板-景气指数'!$36:$36,0)) -> 0.26707846 | P12: =N12-K12 -> 0.0031961488 | R12: 金属新材料 | S12: =INDEX('面板-景气指数'!$37:$244,MATCH('面板-总览'!$R12,'面板-景气指数'!$A$37:$A$244,0),MATCH('面板-总览'!S$2,'面板-景气指数'!$36:$36,0)) -> 0.221 | T12: =INDEX('面板-景气指数'!$37:$244,MATCH('面板-总览'!$R12,'面板-景气指数'!$A$37:$A$244,0),MATCH('面板-总览'!T$2,'面板-景气指数'!$36:$36,0)) -> 0.163 | U12: =INDEX('面板-景气指数'!$37:$244,MATCH('面板-总览'!$R12,'面板-景气指数'!$A$37:$A$244,0),MATCH('面板-总览'!U$2,'面板-景气指数'!$36:$36,0)) -> 0.076 | V12: =INDEX('面板-景气指数'!$37:$244,MATCH('面板-总览'!$R12,'面板-景气指数'!$A$37:$A$244,0),MATCH('面板-总览'!V$2,'面板-景气指数'!$36:$36,0)) -> 0.038 | W12: =INDEX('面板-景气指数'!$37:$244,MATCH('面板-总览'!$R12,'面板-景气指数'!$A$37:$A$244,0),MATCH('面板-总览'!W$2,'面板-景气指数'!$36:$36,0)) -> 0.009 | X12: =INDEX('面板-景气指数'!$37:$244,MATCH('面板-总览'!$R12,'面板-景气指数'!$A$37:$A$244,0),MATCH('面板-总览'!X$2,'面板-景气指数'!$36:$36,0)) -> 0 | Y12: =INDEX('面板-景气指数'!$37:$244,MATCH('面板-总览'!$R12,'面板-景气指数'!$A$37:$A$244,0),MATCH('面板-总览'!Y$2,'面板-景气指数'!$36:$36,0)) -> 0.028 | Z12: =INDEX('面板-景气指数'!$37:$244,MATCH('面板-总览'!$R12,'面板-景气指数'!$A$37:$A$244,0),MATCH('面板-总览'!Z$2,'面板-景气指数'!$36:$36,0)) -> 0.067 | ... AE12: =INDEX('面板-景气指数'!$37:$244,MATCH('面板-总览'!$R12,'面板-景气指数'!$A$37:$A$244,0),MATCH('面板-总览'!AE$2,'面板-景气指数'!$36:$36,0)) -> 0.211 | AG12: =AE12-AB12 -> 0.096 | AI12: 锂 | AJ12: =INDEX('面板-景气指数'!$37:$244,MATCH('面板-总览'!$AI12,'面板-景气指数'!$A$37:$A$244,0),MATCH('面板-总览'!AJ$2,'面板-景气指数'!$36:$36,0)) -> 0.123 | AK12: =INDEX('面板-景气指数'!$37:$244,MATCH('面板-总览'!$AI12,'面板-景气指数'!$A$37:$A$244,0),MATCH('面板-总览'!AK$2,'面板-景气指数'!$36:$36,0)) -> 0.061 | AL12: =INDEX('面板-景气指数'!$37:$244,MATCH('面板-总览'!$AI12,'面板-景气指数'!$A$37:$A$244,0),MATCH('面板-总览'!AL$2,'面板-景气指数'!$36:$36,0)) -> 0.037 | AM12: =INDEX('面板-景气指数'!$37:$244,MATCH('面板-总览'!$AI12,'面板-景气指数'!$A$37:$A$244,0),MATCH('面板-总览'!AM$2,'面板-景气指数'!$36:$36,0)) -> 0.012 | AN12: =INDEX('面板-景气指数'!$37:$244,MATCH('面板-总览'!$AI12,'面板-景气指数'!$A$37:$A$244,0),MATCH('面板-总览'!AN$2,'面板-景气指数'!$36:$36,0)) -> 0 | AO12: =INDEX('面板-景气指数'!$37:$244,MATCH('面板-总览'!$AI12,'面板-景气指数'!$A$37:$A$244,0),MATCH('面板-总览'!AO$2,'面板-景气指数'!$36:$36,0)) -> 0.024 | AP12: =INDEX('面板-景气指数'!$37:$244,MATCH('面板-总览'!$AI12,'面板-景气指数'!$A$37:$A$244,0),MATCH('面板-总览'!AP$2,'面板-景气指数'!$36:$36,0)) -> 0.111 | AQ12: =INDEX('面板-景气指数'!$37:$244,MATCH('面板-总览'!$AI12,'面板-景气指数'!$A$37:$A$244,0),MATCH('面板-总览'!AQ$2,'面板-景气指数'!$36:$36,0)) -> 0.148 | ... AV12: =INDEX('面板-景气指数'!$37:$244,MATCH('面板-总览'!$AI12,'面板-景气指数'!$A$37:$A$244,0),MATCH('面板-总览'!AV$2,'面板-景气指数'!$36:$36,0)) -> 0.098 | AX12: =AV12-AS12 -> 0.012
A13: 食品饮料 | B13: =INDEX('面板-景气指数'!$37:$244,MATCH('面板-总览'!$A13,'面板-景气指数'!$A$37:$A$244,0),MATCH('面板-总览'!B$2,'面板-景气指数'!$36:$36,0)) -> 0.30511594 | C13: =INDEX('面板-景气指数'!$37:$244,MATCH('面板-总览'!$A13,'面板-景气指数'!$A$37:$A$244,0),MATCH('面板-总览'!C$2,'面板-景气指数'!$36:$36,0)) -> 0.34685361 | D13: =INDEX('面板-景气指数'!$37:$244,MATCH('面板-总览'!$A13,'面板-景气指数'!$A$37:$A$244,0),MATCH('面板-总览'!D$2,'面板-景气指数'!$36:$36,0)) -> 0.37611403 | E13: =INDEX('面板-景气指数'!$37:$244,MATCH('面板-总览'!$A13,'面板-景气指数'!$A$37:$A$244,0),MATCH('面板-总览'!E$2,'面板-景气指数'!$36:$36,0)) -> 0.38341736 | F13: =INDEX('面板-景气指数'!$37:$244,MATCH('面板-总览'!$A13,'面板-景气指数'!$A$37:$A$244,0),MATCH('面板-总览'!F$2,'面板-景气指数'!$36:$36,0)) -> 0.37985162 | G13: =INDEX('面板-景气指数'!$37:$244,MATCH('面板-总览'!$A13,'面板-景气指数'!$A$37:$A$244,0),MATCH('面板-总览'!G$2,'面板-景气指数'!$36:$36,0)) -> 0.3108386 | H13: =INDEX('面板-景气指数'!$37:$244,MATCH('面板-总览'!$A13,'面板-景气指数'!$A$37:$A$244,0),MATCH('面板-总览'!H$2,'面板-景气指数'!$36:$36,0)) -> 0.28958418 | I13: =INDEX('面板-景气指数'!$37:$244,MATCH('面板-总览'!$A13,'面板-景气指数'!$A$37:$A$244,0),MATCH('面板-总览'!I$2,'面板-景气指数'!$36:$36,0)) -> 0.28929481 | ... N13: =INDEX('面板-景气指数'!$37:$244,MATCH('面板-总览'!$A13,'面板-景气指数'!$A$37:$A$244,0),MATCH('面板-总览'!N$2,'面板-景气指数'!$36:$36,0)) -> 0.25307411 | P13: =N13-K13 -> -0.032291715 | R13: 化学原料 | S13: =INDEX('面板-景气指数'!$37:$244,MATCH('面板-总览'!$R13,'面板-景气指数'!$A$37:$A$244,0),MATCH('面板-总览'!S$2,'面板-景气指数'!$36:$36,0)) -> 0.42826653 | T13: =INDEX('面板-景气指数'!$37:$244,MATCH('面板-总览'!$R13,'面板-景气指数'!$A$37:$A$244,0),MATCH('面板-总览'!T$2,'面板-景气指数'!$36:$36,0)) -> 0.44121275 | U13: =INDEX('面板-景气指数'!$37:$244,MATCH('面板-总览'!$R13,'面板-景气指数'!$A$37:$A$244,0),MATCH('面板-总览'!U$2,'面板-景气指数'!$36:$36,0)) -> 0.40729762 | V13: =INDEX('面板-景气指数'!$37:$244,MATCH('面板-总览'!$R13,'面板-景气指数'!$A$37:$A$244,0),MATCH('面板-总览'!V$2,'面板-景气指数'!$36:$36,0)) -> 0.32602119 | W13: =INDEX('面板-景气指数'!$37:$244,MATCH('面板-总览'!$R13,'面板-景气指数'!$A$37:$A$244,0),MATCH('面板-总览'!W$2,'面板-景气指数'!$36:$36,0)) -> 0.29206042 | X13: =INDEX('面板-景气指数'!$37:$244,MATCH('面板-总览'!$R13,'面板-景气指数'!$A$37:$A$244,0),MATCH('面板-总览'!X$2,'面板-景气指数'!$36:$36,0)) -> 0.23924694 | Y13: =INDEX('面板-景气指数'!$37:$244,MATCH('面板-总览'!$R13,'面板-景气指数'!$A$37:$A$244,0),MATCH('面板-总览'!Y$2,'面板-景气指数'!$36:$36,0)) -> 0.2758754 | Z13: =INDEX('面板-景气指数'!$37:$244,MATCH('面板-总览'!$R13,'面板-景气指数'!$A$37:$A$244,0),MATCH('面板-总览'!Z$2,'面板-景气指数'!$36:$36,0)) -> 0.37467935 | ... AE13: =INDEX('面板-景气指数'!$37:$244,MATCH('面板-总览'!$R13,'面板-景气指数'!$A$37:$A$244,0),MATCH('面板-总览'!AE$2,'面板-景气指数'!$36:$36,0)) -> 0.18248593 | AG13: =AE13-AB13 -> -0.23814135 | AI13: 钴 | AJ13: =INDEX('面板-景气指数'!$37:$244,MATCH('面板-总览'!$AI13,'面板-景气指数'!$A$37:$A$244,0),MATCH('面板-总览'!AJ$2,'面板-景气指数'!$36:$36,0)) -> 0.269 | AK13: =INDEX('面板-景气指数'!$37:$244,MATCH('面板-总览'!$AI13,'面板-景气指数'!$A$37:$A$244,0),MATCH('面板-总览'!AK$2,'面板-景气指数'!$36:$36,0)) -> 0.217 | AL13: =INDEX('面板-景气指数'!$37:$244,MATCH('面板-总览'!$AI13,'面板-景气指数'!$A$37:$A$244,0),MATCH('面板-总览'!AL$2,'面板-景气指数'!$36:$36,0)) -> 0.205 | AM13: =INDEX('面板-景气指数'!$37:$244,MATCH('面板-总览'!$AI13,'面板-景气指数'!$A$37:$A$244,0),MATCH('面板-总览'!AM$2,'面板-景气指数'!$36:$36,0)) -> 0.243 | AN13: =INDEX('面板-景气指数'!$37:$244,MATCH('面板-总览'!$AI13,'面板-景气指数'!$A$37:$A$244,0),MATCH('面板-总览'!AN$2,'面板-景气指数'!$36:$36,0)) -> 0.333 | AO13: =INDEX('面板-景气指数'!$37:$244,MATCH('面板-总览'!$AI13,'面板-景气指数'!$A$37:$A$244,0),MATCH('面板-总览'!AO$2,'面板-景气指数'!$36:$36,0)) -> 0.397 | AP13: =INDEX('面板-景气指数'!$37:$244,MATCH('面板-总览'!$AI13,'面板-景气指数'!$A$37:$A$244,0),MATCH('面板-总览'!AP$2,'面板-景气指数'!$36:$36,0)) -> 0.474 | AQ13: =INDEX('面板-景气指数'!$37:$244,MATCH('面板-总览'!$AI13,'面板-景气指数'!$A$37:$A$244,0),MATCH('面板-总览'!AQ$2,'面板-景气指数'!$36:$36,0)) -> 0.487 | ... AV13: =INDEX('面板-景气指数'!$37:$244,MATCH('面板-总览'!$AI13,'面板-景气指数'!$A$37:$A$244,0),MATCH('面板-总览'!AV$2,'面板-景气指数'!$36:$36,0)) -> 0.448 | AX13: =AV13-AS13 -> 0.013
A14: 医药生物 | B14: =INDEX('面板-景气指数'!$37:$244,MATCH('面板-总览'!$A14,'面板-景气指数'!$A$37:$A$244,0),MATCH('面板-总览'!B$2,'面板-景气指数'!$36:$36,0)) -> 0.23497622 | C14: =INDEX('面板-景气指数'!$37:$244,MATCH('面板-总览'!$A14,'面板-景气指数'!$A$37:$A$244,0),MATCH('面板-总览'!C$2,'面板-景气指数'!$36:$36,0)) -> 0.26093889 | D14: =INDEX('面板-景气指数'!$37:$244,MATCH('面板-总览'!$A14,'面板-景气指数'!$A$37:$A$244,0),MATCH('面板-总览'!D$2,'面板-景气指数'!$36:$36,0)) -> 0.232717 | E14: =INDEX('面板-景气指数'!$37:$244,MATCH('面板-总览'!$A14,'面板-景气指数'!$A$37:$A$244,0),MATCH('面板-总览'!E$2,'面板-景气指数'!$36:$36,0)) -> 0.24061864 | F14: =INDEX('面板-景气指数'!$37:$244,MATCH('面板-总览'!$A14,'面板-景气指数'!$A$37:$A$244,0),MATCH('面板-总览'!F$2,'面板-景气指数'!$36:$36,0)) -> 0.25423932 | G14: =INDEX('面板-景气指数'!$37:$244,MATCH('面板-总览'!$A14,'面板-景气指数'!$A$37:$A$244,0),MATCH('面板-总览'!G$2,'面板-景气指数'!$36:$36,0)) -> 0.25112513 | H14: =INDEX('面板-景气指数'!$37:$244,MATCH('面板-总览'!$A14,'面板-景气指数'!$A$37:$A$244,0),MATCH('面板-总览'!H$2,'面板-景气指数'!$36:$36,0)) -> 0.28610818 | I14: =INDEX('面板-景气指数'!$37:$244,MATCH('面板-总览'!$A14,'面板-景气指数'!$A$37:$A$244,0),MATCH('面板-总览'!I$2,'面板-景气指数'!$36:$36,0)) -> 0.31377697 | ... N14: =INDEX('面板-景气指数'!$37:$244,MATCH('面板-总览'!$A14,'面板-景气指数'!$A$37:$A$244,0),MATCH('面板-总览'!N$2,'面板-景气指数'!$36:$36,0)) -> 0.22870675 | P14: =N14-K14 -> -0.044111541 | R14: 化学制品 | S14: =INDEX('面板-景气指数'!$37:$244,MATCH('面板-总览'!$R14,'面板-景气指数'!$A$37:$A$244,0),MATCH('面板-总览'!S$2,'面板-景气指数'!$36:$36,0)) -> 0.47729161 | T14: =INDEX('面板-景气指数'!$37:$244,MATCH('面板-总览'!$R14,'面板-景气指数'!$A$37:$A$244,0),MATCH('面板-总览'!T$2,'面板-景气指数'!$36:$36,0)) -> 0.47738169 | U14: =INDEX('面板-景气指数'!$37:$244,MATCH('面板-总览'!$R14,'面板-景气指数'!$A$37:$A$244,0),MATCH('面板-总览'!U$2,'面板-景气指数'!$36:$36,0)) -> 0.4697587 | V14: =INDEX('面板-景气指数'!$37:$244,MATCH('面板-总览'!$R14,'面板-景气指数'!$A$37:$A$244,0),MATCH('面板-总览'!V$2,'面板-景气指数'!$36:$36,0)) -> 0.46186904 | W14: =INDEX('面板-景气指数'!$37:$244,MATCH('面板-总览'!$R14,'面板-景气指数'!$A$37:$A$244,0),MATCH('面板-总览'!W$2,'面板-景气指数'!$36:$36,0)) -> 0.4395678 | X14: =INDEX('面板-景气指数'!$37:$244,MATCH('面板-总览'!$R14,'面板-景气指数'!$A$37:$A$244,0),MATCH('面板-总览'!X$2,'面板-景气指数'!$36:$36,0)) -> 0.42023231 | Y14: =INDEX('面板-景气指数'!$37:$244,MATCH('面板-总览'!$R14,'面板-景气指数'!$A$37:$A$244,0),MATCH('面板-总览'!Y$2,'面板-景气指数'!$36:$36,0)) -> 0.42070919 | Z14: =INDEX('面板-景气指数'!$37:$244,MATCH('面板-总览'!$R14,'面板-景气指数'!$A$37:$A$244,0),MATCH('面板-总览'!Z$2,'面板-景气指数'!$36:$36,0)) -> 0.42260676 | ... AE14: =INDEX('面板-景气指数'!$37:$244,MATCH('面板-总览'!$R14,'面板-景气指数'!$A$37:$A$244,0),MATCH('面板-总览'!AE$2,'面板-景气指数'!$36:$36,0)) -> 0.4259358 | AG14: =AE14-AB14 -> 0.015760315 | AI14: 镍 | AJ14: =INDEX('面板-景气指数'!$37:$244,MATCH('面板-总览'!$AI14,'面板-景气指数'!$A$37:$A$244,0),MATCH('面板-总览'!AJ$2,'面板-景气指数'!$36:$36,0)) -> 0.163 | AK14: =INDEX('面板-景气指数'!$37:$244,MATCH('面板-总览'!$AI14,'面板-景气指数'!$A$37:$A$244,0),MATCH('面板-总览'!AK$2,'面板-景气指数'!$36:$36,0)) -> 0.153 | AL14: =INDEX('面板-景气指数'!$37:$244,MATCH('面板-总览'!$AI14,'面板-景气指数'!$A$37:$A$244,0),MATCH('面板-总览'!AL$2,'面板-景气指数'!$36:$36,0)) -> 0.096 | AM14: =INDEX('面板-景气指数'!$37:$244,MATCH('面板-总览'!$AI14,'面板-景气指数'!$A$37:$A$244,0),MATCH('面板-总览'!AM$2,'面板-景气指数'!$36:$36,0)) -> 0.086 | AN14: =INDEX('面板-景气指数'!$37:$244,MATCH('面板-总览'!$AI14,'面板-景气指数'!$A$37:$A$244,0),MATCH('面板-总览'!AN$2,'面板-景气指数'!$36:$36,0)) -> 0.057 | AO14: =INDEX('面板-景气指数'!$37:$244,MATCH('面板-总览'!$AI14,'面板-景气指数'!$A$37:$A$244,0),MATCH('面板-总览'!AO$2,'面板-景气指数'!$36:$36,0)) -> 0.028 | AP14: =INDEX('面板-景气指数'!$37:$244,MATCH('面板-总览'!$AI14,'面板-景气指数'!$A$37:$A$244,0),MATCH('面板-总览'!AP$2,'面板-景气指数'!$36:$36,0)) -> 0.019 | AQ14: =INDEX('面板-景气指数'!$37:$244,MATCH('面板-总览'!$AI14,'面板-景气指数'!$A$37:$A$244,0),MATCH('面板-总览'!AQ$2,'面板-景气指数'!$36:$36,0)) -> 0.067 | ... AV14: =INDEX('面板-景气指数'!$37:$244,MATCH('面板-总览'!$AI14,'面板-景气指数'!$A$37:$A$244,0),MATCH('面板-总览'!AV$2,'面板-景气指数'!$36:$36,0)) -> 0.182 | AX14: =AV14-AS14 -> -0.01
... A31: 交通运输 | B31: =INDEX('面板-景气指数'!$37:$244,MATCH('面板-总览'!$A31,'面板-景气指数'!$A$37:$A$244,0),MATCH('面板-总览'!B$2,'面板-景气指数'!$36:$36,0)) -> 0.46078434 | C31: =INDEX('面板-景气指数'!$37:$244,MATCH('面板-总览'!$A31,'面板-景气指数'!$A$37:$A$244,0),MATCH('面板-总览'!C$2,'面板-景气指数'!$36:$36,0)) -> 0.51699915 | D31: =INDEX('面板-景气指数'!$37:$244,MATCH('面板-总览'!$A31,'面板-景气指数'!$A$37:$A$244,0),MATCH('面板-总览'!D$2,'面板-景气指数'!$36:$36,0)) -> 0.49904959 | E31: =INDEX('面板-景气指数'!$37:$244,MATCH('面板-总览'!$A31,'面板-景气指数'!$A$37:$A$244,0),MATCH('面板-总览'!E$2,'面板-景气指数'!$36:$36,0)) -> 0.51981812 | F31: =INDEX('面板-景气指数'!$37:$244,MATCH('面板-总览'!$A31,'面板-景气指数'!$A$37:$A$244,0),MATCH('面板-总览'!F$2,'面板-景气指数'!$36:$36,0)) -> 0.54878502 | G31: =INDEX('面板-景气指数'!$37:$244,MATCH('面板-总览'!$A31,'面板-景气指数'!$A$37:$A$244,0),MATCH('面板-总览'!G$2,'面板-景气指数'!$36:$36,0)) -> 0.49427353 | H31: =INDEX('面板-景气指数'!$37:$244,MATCH('面板-总览'!$A31,'面板-景气指数'!$A$37:$A$244,0),MATCH('面板-总览'!H$2,'面板-景气指数'!$36:$36,0)) -> 0.4416033 | I31: =INDEX('面板-景气指数'!$37:$244,MATCH('面板-总览'!$A31,'面板-景气指数'!$A$37:$A$244,0),MATCH('面板-总览'!I$2,'面板-景气指数'!$36:$36,0)) -> 0.38809938 | ... N31: =INDEX('面板-景气指数'!$37:$244,MATCH('面板-总览'!$A31,'面板-景气指数'!$A$37:$A$244,0),MATCH('面板-总览'!N$2,'面板-景气指数'!$36:$36,0)) -> 0.35574371 | P31: =N31-K31 -> 0.00067987717 | R31: 电池 | S31: =INDEX('面板-景气指数'!$37:$244,MATCH('面板-总览'!$R31,'面板-景气指数'!$A$37:$A$244,0),MATCH('面板-总览'!S$2,'面板-景气指数'!$36:$36,0)) -> 0.29041667 | T31: =INDEX('面板-景气指数'!$37:$244,MATCH('面板-总览'!$R31,'面板-景气指数'!$A$37:$A$244,0),MATCH('面板-总览'!T$2,'面板-景气指数'!$36:$36,0)) -> 0.28708333 | U31: =INDEX('面板-景气指数'!$37:$244,MATCH('面板-总览'!$R31,'面板-景气指数'!$A$37:$A$244,0),MATCH('面板-总览'!U$2,'面板-景气指数'!$36:$36,0)) -> 0.32658333 | V31: =INDEX('面板-景气指数'!$37:$244,MATCH('面板-总览'!$R31,'面板-景气指数'!$A$37:$A$244,0),MATCH('面板-总览'!V$2,'面板-景气指数'!$36:$36,0)) -> 0.330125 | W31: =INDEX('面板-景气指数'!$37:$244,MATCH('面板-总览'!$R31,'面板-景气指数'!$A$37:$A$244,0),MATCH('面板-总览'!W$2,'面板-景气指数'!$36:$36,0)) -> 0.34258333 | X31: =INDEX('面板-景气指数'!$37:$244,MATCH('面板-总览'!$R31,'面板-景气指数'!$A$37:$A$244,0),MATCH('面板-总览'!X$2,'面板-景气指数'!$36:$36,0)) -> 0.33129167 | Y31: =INDEX('面板-景气指数'!$37:$244,MATCH('面板-总览'!$R31,'面板-景气指数'!$A$37:$A$244,0),MATCH('面板-总览'!Y$2,'面板-景气指数'!$36:$36,0)) -> 0.317125 | Z31: =INDEX('面板-景气指数'!$37:$244,MATCH('面板-总览'!$R31,'面板-景气指数'!$A$37:$A$244,0),MATCH('面板-总览'!Z$2,'面板-景气指数'!$36:$36,0)) -> 0.293625 | ... AE31: =INDEX('面板-景气指数'!$37:$244,MATCH('面板-总览'!$R31,'面板-景气指数'!$A$37:$A$244,0),MATCH('面板-总览'!AE$2,'面板-景气指数'!$36:$36,0)) -> 0.30541667 | AG31: =AE31-AB31 -> 0.039333333 | AI31: 其他化学纤维 | AJ31: =INDEX('面板-景气指数'!$37:$244,MATCH('面板-总览'!$AI31,'面板-景气指数'!$A$37:$A$244,0),MATCH('面板-总览'!AJ$2,'面板-景气指数'!$36:$36,0)) -> 0.336 | AK31: =INDEX('面板-景气指数'!$37:$244,MATCH('面板-总览'!$AI31,'面板-景气指数'!$A$37:$A$244,0),MATCH('面板-总览'!AK$2,'面板-景气指数'!$36:$36,0)) -> 0.3605 | AL31: =INDEX('面板-景气指数'!$37:$244,MATCH('面板-总览'!$AI31,'面板-景气指数'!$A$37:$A$244,0),MATCH('面板-总览'!AL$2,'面板-景气指数'!$36:$36,0)) -> 0.432 | AM31: =INDEX('面板-景气指数'!$37:$244,MATCH('面板-总览'!$AI31,'面板-景气指数'!$A$37:$A$244,0),MATCH('面板-总览'!AM$2,'面板-景气指数'!$36:$36,0)) -> 0.5185 | AN31: =INDEX('面板-景气指数'!$37:$244,MATCH('面板-总览'!$AI31,'面板-景气指数'!$A$37:$A$244,0),MATCH('面板-总览'!AN$2,'面板-景气指数'!$36:$36,0)) -> 0.533 | AO31: =INDEX('面板-景气指数'!$37:$244,MATCH('面板-总览'!$AI31,'面板-景气指数'!$A$37:$A$244,0),MATCH('面板-总览'!AO$2,'面板-景气指数'!$36:$36,0)) -> 0.336 | AP31: =INDEX('面板-景气指数'!$37:$244,MATCH('面板-总览'!$AI31,'面板-景气指数'!$A$37:$A$244,0),MATCH('面板-总览'!AP$2,'面板-景气指数'!$36:$36,0)) -> 0.2975 | AQ31: =INDEX('面板-景气指数'!$37:$244,MATCH('面板-总览'!$AI31,'面板-景气指数'!$A$37:$A$244,0),MATCH('面板-总览'!AQ$2,'面板-景气指数'!$36:$36,0)) -> 0.2785 | ... AV31: =INDEX('面板-景气指数'!$37:$244,MATCH('面板-总览'!$AI31,'面板-景气指数'!$A$37:$A$244,0),MATCH('面板-总览'!AV$2,'面板-景气指数'!$36:$36,0)) -> 0.216 | AX31: =AV31-AS31 -> -0.1055
R32: 电网设备 | S32: =INDEX('面板-景气指数'!$37:$244,MATCH('面板-总览'!$R32,'面板-景气指数'!$A$37:$A$244,0),MATCH('面板-总览'!S$2,'面板-景气指数'!$36:$36,0)) -> 0.46375 | T32: =INDEX('面板-景气指数'!$37:$244,MATCH('面板-总览'!$R32,'面板-景气指数'!$A$37:$A$244,0),MATCH('面板-总览'!T$2,'面板-景气指数'!$36:$36,0)) -> 0.51875 | U32: =INDEX('面板-景气指数'!$37:$244,MATCH('面板-总览'!$R32,'面板-景气指数'!$A$37:$A$244,0),MATCH('面板-总览'!U$2,'面板-景气指数'!$36:$36,0)) -> 0.574 | V32: =INDEX('面板-景气指数'!$37:$244,MATCH('面板-总览'!$R32,'面板-景气指数'!$A$37:$A$244,0),MATCH('面板-总览'!V$2,'面板-景气指数'!$36:$36,0)) -> 0.6125 | W32: =INDEX('面板-景气指数'!$37:$244,MATCH('面板-总览'!$R32,'面板-景气指数'!$A$37:$A$244,0),MATCH('面板-总览'!W$2,'面板-景气指数'!$36:$36,0)) -> 0.63675 | X32: =INDEX('面板-景气指数'!$37:$244,MATCH('面板-总览'!$R32,'面板-景气指数'!$A$37:$A$244,0),MATCH('面板-总览'!X$2,'面板-景气指数'!$36:$36,0)) -> 0.69425 | Y32: =INDEX('面板-景气指数'!$37:$244,MATCH('面板-总览'!$R32,'面板-景气指数'!$A$37:$A$244,0),MATCH('面板-总览'!Y$2,'面板-景气指数'!$36:$36,0)) -> 0.75675 | Z32: =INDEX('面板-景气指数'!$37:$244,MATCH('面板-总览'!$R32,'面板-景气指数'!$A$37:$A$244,0),MATCH('面板-总览'!Z$2,'面板-景气指数'!$36:$36,0)) -> 0.72575 | ... AE32: =INDEX('面板-景气指数'!$37:$244,MATCH('面板-总览'!$R32,'面板-景气指数'!$A$37:$A$244,0),MATCH('面板-总览'!AE$2,'面板-景气指数'!$36:$36,0)) -> 0.78825 | AG32: =AE32-AB32 -> 0.02425 | AI32: 其他塑料制品 | AJ32: =INDEX('面板-景气指数'!$37:$244,MATCH('面板-总览'!$AI32,'面板-景气指数'!$A$37:$A$244,0),MATCH('面板-总览'!AJ$2,'面板-景气指数'!$36:$36,0)) -> 0.759 | AK32: =INDEX('面板-景气指数'!$37:$244,MATCH('面板-总览'!$AI32,'面板-景气指数'!$A$37:$A$244,0),MATCH('面板-总览'!AK$2,'面板-景气指数'!$36:$36,0)) -> 0.682 | AL32: =INDEX('面板-景气指数'!$37:$244,MATCH('面板-总览'!$AI32,'面板-景气指数'!$A$37:$A$244,0),MATCH('面板-总览'!AL$2,'面板-景气指数'!$36:$36,0)) -> 0.711 | AM32: =INDEX('面板-景气指数'!$37:$244,MATCH('面板-总览'!$AI32,'面板-景气指数'!$A$37:$A$244,0),MATCH('面板-总览'!AM$2,'面板-景气指数'!$36:$36,0)) -> 0.721 | AN32: =INDEX('面板-景气指数'!$37:$244,MATCH('面板-总览'!$AI32,'面板-景气指数'!$A$37:$A$244,0),MATCH('面板-总览'!AN$2,'面板-景气指数'!$36:$36,0)) -> 0.74 | AO32: =INDEX('面板-景气指数'!$37:$244,MATCH('面板-总览'!$AI32,'面板-景气指数'!$A$37:$A$244,0),MATCH('面板-总览'!AO$2,'面板-景气指数'!$36:$36,0)) -> 0.692 | AP32: =INDEX('面板-景气指数'!$37:$244,MATCH('面板-总览'!$AI32,'面板-景气指数'!$A$37:$A$244,0),MATCH('面板-总览'!AP$2,'面板-景气指数'!$36:$36,0)) -> 0.615 | AQ32: =INDEX('面板-景气指数'!$37:$244,MATCH('面板-总览'!$AI32,'面板-景气指数'!$A$37:$A$244,0),MATCH('面板-总览'!AQ$2,'面板-景气指数'!$36:$36,0)) -> 0.509 | ... AV32: =INDEX('面板-景气指数'!$37:$244,MATCH('面板-总览'!$AI32,'面板-景气指数'!$A$37:$A$244,0),MATCH('面板-总览'!AV$2,'面板-景气指数'!$36:$36,0)) -> 0.048 | AX32: =AV32-AS32 -> -0.413
R33: 航海装备 | S33: =INDEX('面板-景气指数'!$37:$244,MATCH('面板-总览'!$R33,'面板-景气指数'!$A$37:$A$244,0),MATCH('面板-总览'!S$2,'面板-景气指数'!$36:$36,0)) -> 0.65575 | T33: =INDEX('面板-景气指数'!$37:$244,MATCH('面板-总览'!$R33,'面板-景气指数'!$A$37:$A$244,0),MATCH('面板-总览'!T$2,'面板-景气指数'!$36:$36,0)) -> 0.62475 | U33: =INDEX('面板-景气指数'!$37:$244,MATCH('面板-总览'!$R33,'面板-景气指数'!$A$37:$A$244,0),MATCH('面板-总览'!U$2,'面板-景气指数'!$36:$36,0)) -> 0.632 | V33: =INDEX('面板-景气指数'!$37:$244,MATCH('面板-总览'!$R33,'面板-景气指数'!$A$37:$A$244,0),MATCH('面板-总览'!V$2,'面板-景气指数'!$36:$36,0)) -> 0.651 | W33: =INDEX('面板-景气指数'!$37:$244,MATCH('面板-总览'!$R33,'面板-景气指数'!$A$37:$A$244,0),MATCH('面板-总览'!W$2,'面板-景气指数'!$36:$36,0)) -> 0.728 | X33: =INDEX('面板-景气指数'!$37:$244,MATCH('面板-总览'!$R33,'面板-景气指数'!$A$37:$A$244,0),MATCH('面板-总览'!X$2,'面板-景气指数'!$36:$36,0)) -> 0.747 | Y33: =INDEX('面板-景气指数'!$37:$244,MATCH('面板-总览'!$R33,'面板-景气指数'!$A$37:$A$244,0),MATCH('面板-总览'!Y$2,'面板-景气指数'!$36:$36,0)) -> 0.7665 | Z33: =INDEX('面板-景气指数'!$37:$244,MATCH('面板-总览'!$R33,'面板-景气指数'!$A$37:$A$244,0),MATCH('面板-总览'!Z$2,'面板-景气指数'!$36:$36,0)) -> 0.7665 | ... AE33: =INDEX('面板-景气指数'!$37:$244,MATCH('面板-总览'!$R33,'面板-景气指数'!$A$37:$A$244,0),MATCH('面板-总览'!AE$2,'面板-景气指数'!$36:$36,0)) -> 0.6775 | AG33: =AE33-AB33 -> -0.0865 | AI33: 改性塑料 | AJ33: =INDEX('面板-景气指数'!$37:$244,MATCH('面板-总览'!$AI33,'面板-景气指数'!$A$37:$A$244,0),MATCH('面板-总览'!AJ$2,'面板-景气指数'!$36:$36,0)) -> 0.365 | AK33: =INDEX('面板-景气指数'!$37:$244,MATCH('面板-总览'!$AI33,'面板-景气指数'!$A$37:$A$244,0),MATCH('面板-总览'!AK$2,'面板-景气指数'!$36:$36,0)) -> 0.408 | AL33: =INDEX('面板-景气指数'!$37:$244,MATCH('面板-总览'!$AI33,'面板-景气指数'!$A$37:$A$244,0),MATCH('面板-总览'!AL$2,'面板-景气指数'!$36:$36,0)) -> 0.4995 | AM33: =INDEX('面板-景气指数'!$37:$244,MATCH('面板-总览'!$AI33,'面板-景气指数'!$A$37:$A$244,0),MATCH('面板-总览'!AM$2,'面板-景气指数'!$36:$36,0)) -> 0.5045 | AN33: =INDEX('面板-景气指数'!$37:$244,MATCH('面板-总览'!$AI33,'面板-景气指数'!$A$37:$A$244,0),MATCH('面板-总览'!AN$2,'面板-景气指数'!$36:$36,0)) -> 0.485 | AO33: =INDEX('面板-景气指数'!$37:$244,MATCH('面板-总览'!$AI33,'面板-景气指数'!$A$37:$A$244,0),MATCH('面板-总览'!AO$2,'面板-景气指数'!$36:$36,0)) -> 0.4945 | AP33: =INDEX('面板-景气指数'!$37:$244,MATCH('面板-总览'!$AI33,'面板-景气指数'!$A$37:$A$244,0),MATCH('面板-总览'!AP$2,'面板-景气指数'!$36:$36,0)) -> 0.4995 | AQ33: =INDEX('面板-景气指数'!$37:$244,MATCH('面板-总览'!$AI33,'面板-景气指数'!$A$37:$A$244,0),MATCH('面板-总览'!AQ$2,'面板-景气指数'!$36:$36,0)) -> 0.538 | ... AV33: =INDEX('面板-景气指数'!$37:$244,MATCH('面板-总览'!$AI33,'面板-景气指数'!$A$37:$A$244,0),MATCH('面板-总览'!AV$2,'面板-景气指数'!$36:$36,0)) -> 0.365 | AX33: =AV33-AS33 -> -0.077
R34: 航空装备 | S34: =INDEX('面板-景气指数'!$37:$244,MATCH('面板-总览'!$R34,'面板-景气指数'!$A$37:$A$244,0),MATCH('面板-总览'!S$2,'面板-景气指数'!$36:$36,0)) -> 0.014 | T34: =INDEX('面板-景气指数'!$37:$244,MATCH('面板-总览'!$R34,'面板-景气指数'!$A$37:$A$244,0),MATCH('面板-总览'!T$2,'面板-景气指数'!$36:$36,0)) -> 0.038 | U34: =INDEX('面板-景气指数'!$37:$244,MATCH('面板-总览'!$R34,'面板-景气指数'!$A$37:$A$244,0),MATCH('面板-总览'!U$2,'面板-景气指数'!$36:$36,0)) -> 0.038 | V34: =INDEX('面板-景气指数'!$37:$244,MATCH('面板-总览'!$R34,'面板-景气指数'!$A$37:$A$244,0),MATCH('面板-总览'!V$2,'面板-景气指数'!$36:$36,0)) -> 0.0185 | W34: =INDEX('面板-景气指数'!$37:$244,MATCH('面板-总览'!$R34,'面板-景气指数'!$A$37:$A$244,0),MATCH('面板-总览'!W$2,'面板-景气指数'!$36:$36,0)) -> 0.0335 | X34: =INDEX('面板-景气指数'!$37:$244,MATCH('面板-总览'!$R34,'面板-景气指数'!$A$37:$A$244,0),MATCH('面板-总览'!X$2,'面板-景气指数'!$36:$36,0)) -> 0.057 | Y34: =INDEX('面板-景气指数'!$37:$244,MATCH('面板-总览'!$R34,'面板-景气指数'!$A$37:$A$244,0),MATCH('面板-总览'!Y$2,'面板-景气指数'!$36:$36,0)) -> 0.0815 | Z34: =INDEX('面板-景气指数'!$37:$244,MATCH('面板-总览'!$R34,'面板-景气指数'!$A$37:$A$244,0),MATCH('面板-总览'!Z$2,'面板-景气指数'!$36:$36,0)) -> 0.081 | ... AE34: =INDEX('面板-景气指数'!$37:$244,MATCH('面板-总览'!$R34,'面板-景气指数'!$A$37:$A$244,0),MATCH('面板-总览'!AE$2,'面板-景气指数'!$36:$36,0)) -> 0.2545 | AG34: =AE34-AB34 -> 0.13 | AI34: 合成树脂 | AJ34: =INDEX('面板-景气指数'!$37:$244,MATCH('面板-总览'!$AI34,'面板-景气指数'!$A$37:$A$244,0),MATCH('面板-总览'!AJ$2,'面板-景气指数'!$36:$36,0)) -> 0.449 | AK34: =INDEX('面板-景气指数'!$37:$244,MATCH('面板-总览'!$AI34,'面板-景气指数'!$A$37:$A$244,0),MATCH('面板-总览'!AK$2,'面板-景气指数'!$36:$36,0)) -> 0.692 | AL34: =INDEX('面板-景气指数'!$37:$244,MATCH('面板-总览'!$AI34,'面板-景气指数'!$A$37:$A$244,0),MATCH('面板-总览'!AL$2,'面板-景气指数'!$36:$36,0)) -> 0.68 | AM34: =INDEX('面板-景气指数'!$37:$244,MATCH('面板-总览'!$AI34,'面板-景气指数'!$A$37:$A$244,0),MATCH('面板-总览'!AM$2,'面板-景气指数'!$36:$36,0)) -> 0.5515 | AN34: =INDEX('面板-景气指数'!$37:$244,MATCH('面板-总览'!$AI34,'面板-景气指数'!$A$37:$A$244,0),MATCH('面板-总览'!AN$2,'面板-景气指数'!$36:$36,0)) -> 0.5235 | AO34: =INDEX('面板-景气指数'!$37:$244,MATCH('面板-总览'!$AI34,'面板-景气指数'!$A$37:$A$244,0),MATCH('面板-总览'!AO$2,'面板-景气指数'!$36:$36,0)) -> 0.676 | AP34: =INDEX('面板-景气指数'!$37:$244,MATCH('面板-总览'!$AI34,'面板-景气指数'!$A$37:$A$244,0),MATCH('面板-总览'!AP$2,'面板-景气指数'!$36:$36,0)) -> 0.6405 | AQ34: =INDEX('面板-景气指数'!$37:$244,MATCH('面板-总览'!$AI34,'面板-景气指数'!$A$37:$A$244,0),MATCH('面板-总览'!AQ$2,'面板-景气指数'!$36:$36,0)) -> 0.756 | ... AV34: =INDEX('面板-景气指数'!$37:$244,MATCH('面板-总览'!$AI34,'面板-景气指数'!$A$37:$A$244,0),MATCH('面板-总览'!AV$2,'面板-景气指数'!$36:$36,0)) -> 0.745 | AX34: =AV34-AS34 -> 0.0025
R35: 军工电子 | S35: =INDEX('面板-景气指数'!$37:$244,MATCH('面板-总览'!$R35,'面板-景气指数'!$A$37:$A$244,0),MATCH('面板-总览'!S$2,'面板-景气指数'!$36:$36,0)) -> 0.211 | T35: =INDEX('面板-景气指数'!$37:$244,MATCH('面板-总览'!$R35,'面板-景气指数'!$A$37:$A$244,0),MATCH('面板-总览'!T$2,'面板-景气指数'!$36:$36,0)) -> 0.221 | U35: =INDEX('面板-景气指数'!$37:$244,MATCH('面板-总览'!$R35,'面板-景气指数'!$A$37:$A$244,0),MATCH('面板-总览'!U$2,'面板-景气指数'!$36:$36,0)) -> 0.24 | V35: =INDEX('面板-景气指数'!$37:$244,MATCH('面板-总览'!$R35,'面板-景气指数'!$A$37:$A$244,0),MATCH('面板-总览'!V$2,'面板-景气指数'!$36:$36,0)) -> 0.355 | W35: =INDEX('面板-景气指数'!$37:$244,MATCH('面板-总览'!$R35,'面板-景气指数'!$A$37:$A$244,0),MATCH('面板-总览'!W$2,'面板-景气指数'!$36:$36,0)) -> 0.307 | X35: =INDEX('面板-景气指数'!$37:$244,MATCH('面板-总览'!$R35,'面板-景气指数'!$A$37:$A$244,0),MATCH('面板-总览'!X$2,'面板-景气指数'!$36:$36,0)) -> 0.384 | Y35: =INDEX('面板-景气指数'!$37:$244,MATCH('面板-总览'!$R35,'面板-景气指数'!$A$37:$A$244,0),MATCH('面板-总览'!Y$2,'面板-景气指数'!$36:$36,0)) -> 0.365 | Z35: =INDEX('面板-景气指数'!$37:$244,MATCH('面板-总览'!$R35,'面板-景气指数'!$A$37:$A$244,0),MATCH('面板-总览'!Z$2,'面板-景气指数'!$36:$36,0)) -> 0.605 | ... AE35: =INDEX('面板-景气指数'!$37:$244,MATCH('面板-总览'!$R35,'面板-景气指数'!$A$37:$A$244,0),MATCH('面板-总览'!AE$2,'面板-景气指数'!$36:$36,0)) -> 0.586 | AG35: =AE35-AB35 -> -0.067 | AI35: 膜材料 | AJ35: =INDEX('面板-景气指数'!$37:$244,MATCH('面板-总览'!$AI35,'面板-景气指数'!$A$37:$A$244,0),MATCH('面板-总览'!AJ$2,'面板-景气指数'!$36:$36,0)) -> 0.5 | AK35: =INDEX('面板-景气指数'!$37:$244,MATCH('面板-总览'!$AI35,'面板-景气指数'!$A$37:$A$244,0),MATCH('面板-总览'!AK$2,'面板-景气指数'!$36:$36,0)) -> 0.528 | AL35: =INDEX('面板-景气指数'!$37:$244,MATCH('面板-总览'!$AI35,'面板-景气指数'!$A$37:$A$244,0),MATCH('面板-总览'!AL$2,'面板-景气指数'!$36:$36,0)) -> 0.442 | AM35: =INDEX('面板-景气指数'!$37:$244,MATCH('面板-总览'!$AI35,'面板-景气指数'!$A$37:$A$244,0),MATCH('面板-总览'!AM$2,'面板-景气指数'!$36:$36,0)) -> 0.548 | AN35: =INDEX('面板-景气指数'!$37:$244,MATCH('面板-总览'!$AI35,'面板-景气指数'!$A$37:$A$244,0),MATCH('面板-总览'!AN$2,'面板-景气指数'!$36:$36,0)) -> 0.557 | AO35: =INDEX('面板-景气指数'!$37:$244,MATCH('面板-总览'!$AI35,'面板-景气指数'!$A$37:$A$244,0),MATCH('面板-总览'!AO$2,'面板-景气指数'!$36:$36,0)) -> 0.509 | AP35: =INDEX('面板-景气指数'!$37:$244,MATCH('面板-总览'!$AI35,'面板-景气指数'!$A$37:$A$244,0),MATCH('面板-总览'!AP$2,'面板-景气指数'!$36:$36,0)) -> 0.48 | AQ35: =INDEX('面板-景气指数'!$37:$244,MATCH('面板-总览'!$AI35,'面板-景气指数'!$A$37:$A$244,0),MATCH('面板-总览'!AQ$2,'面板-景气指数'!$36:$36,0)) -> 0.413 | ... AV35: =INDEX('面板-景气指数'!$37:$244,MATCH('面板-总览'!$AI35,'面板-景气指数'!$A$37:$A$244,0),MATCH('面板-总览'!AV$2,'面板-景气指数'!$36:$36,0)) -> 0.278 | AX35: =AV35-AS35 -> -0.212
R36: 半导体 | S36: =INDEX('面板-景气指数'!$37:$244,MATCH('面板-总览'!$R36,'面板-景气指数'!$A$37:$A$244,0),MATCH('面板-总览'!S$2,'面板-景气指数'!$36:$36,0)) -> 0.26192857 | T36: =INDEX('面板-景气指数'!$37:$244,MATCH('面板-总览'!$R36,'面板-景气指数'!$A$37:$A$244,0),MATCH('面板-总览'!T$2,'面板-景气指数'!$36:$36,0)) -> 0.30335714 | U36: =INDEX('面板-景气指数'!$37:$244,MATCH('面板-总览'!$R36,'面板-景气指数'!$A$37:$A$244,0),MATCH('面板-总览'!U$2,'面板-景气指数'!$36:$36,0)) -> 0.36942857 | V36: =INDEX('面板-景气指数'!$37:$244,MATCH('面板-总览'!$R36,'面板-景气指数'!$A$37:$A$244,0),MATCH('面板-总览'!V$2,'面板-景气指数'!$36:$36,0)) -> 0.40957143 | W36: =INDEX('面板-景气指数'!$37:$244,MATCH('面板-总览'!$R36,'面板-景气指数'!$A$37:$A$244,0),MATCH('面板-总览'!W$2,'面板-景气指数'!$36:$36,0)) -> 0.46835714 | X36: =INDEX('面板-景气指数'!$37:$244,MATCH('面板-总览'!$R36,'面板-景气指数'!$A$37:$A$244,0),MATCH('面板-总览'!X$2,'面板-景气指数'!$36:$36,0)) -> 0.524 | Y36: =INDEX('面板-景气指数'!$37:$244,MATCH('面板-总览'!$R36,'面板-景气指数'!$A$37:$A$244,0),MATCH('面板-总览'!Y$2,'面板-景气指数'!$36:$36,0)) -> 0.53771429 | Z36: =INDEX('面板-景气指数'!$37:$244,MATCH('面板-总览'!$R36,'面板-景气指数'!$A$37:$A$244,0),MATCH('面板-总览'!Z$2,'面板-景气指数'!$36:$36,0)) -> 0.57421429 | ... AE36: =INDEX('面板-景气指数'!$37:$244,MATCH('面板-总览'!$R36,'面板-景气指数'!$A$37:$A$244,0),MATCH('面板-总览'!AE$2,'面板-景气指数'!$36:$36,0)) -> 0.5775 | AG36: =AE36-AB36 -> -0.033571429 | AI36: 其他橡胶制品 | AJ36: =INDEX('面板-景气指数'!$37:$244,MATCH('面板-总览'!$AI36,'面板-景气指数'!$A$37:$A$244,0),MATCH('面板-总览'!AJ$2,'面板-景气指数'!$36:$36,0)) -> 0.653 | AK36: =INDEX('面板-景气指数'!$37:$244,MATCH('面板-总览'!$AI36,'面板-景气指数'!$A$37:$A$244,0),MATCH('面板-总览'!AK$2,'面板-景气指数'!$36:$36,0)) -> 0.682 | AL36: =INDEX('面板-景气指数'!$37:$244,MATCH('面板-总览'!$AI36,'面板-景气指数'!$A$37:$A$244,0),MATCH('面板-总览'!AL$2,'面板-景气指数'!$36:$36,0)) -> 0.673 | AM36: =INDEX('面板-景气指数'!$37:$244,MATCH('面板-总览'!$AI36,'面板-景气指数'!$A$37:$A$244,0),MATCH('面板-总览'!AM$2,'面板-景气指数'!$36:$36,0)) -> 0.538 | AN36: =INDEX('面板-景气指数'!$37:$244,MATCH('面板-总览'!$AI36,'面板-景气指数'!$A$37:$A$244,0),MATCH('面板-总览'!AN$2,'面板-景气指数'!$36:$36,0)) -> 0.576 | AO36: =INDEX('面板-景气指数'!$37:$244,MATCH('面板-总览'!$AI36,'面板-景气指数'!$A$37:$A$244,0),MATCH('面板-总览'!AO$2,'面板-景气指数'!$36:$36,0)) -> 0.663 | AP36: =INDEX('面板-景气指数'!$37:$244,MATCH('面板-总览'!$AI36,'面板-景气指数'!$A$37:$A$244,0),MATCH('面板-总览'!AP$2,'面板-景气指数'!$36:$36,0)) -> 0.74 | AQ36: =INDEX('面板-景气指数'!$37:$244,MATCH('面板-总览'!$AI36,'面板-景气指数'!$A$37:$A$244,0),MATCH('面板-总览'!AQ$2,'面板-景气指数'!$36:$36,0)) -> 0.807 | ... AV36: =INDEX('面板-景气指数'!$37:$244,MATCH('面板-总览'!$AI36,'面板-景气指数'!$A$37:$A$244,0),MATCH('面板-总览'!AV$2,'面板-景气指数'!$36:$36,0)) -> 0.903 | AX36: =AV36-AS36 -> 0.086
R37: 元件 | S37: =INDEX('面板-景气指数'!$37:$244,MATCH('面板-总览'!$R37,'面板-景气指数'!$A$37:$A$244,0),MATCH('面板-总览'!S$2,'面板-景气指数'!$36:$36,0)) -> 0.10525 | T37: =INDEX('面板-景气指数'!$37:$244,MATCH('面板-总览'!$R37,'面板-景气指数'!$A$37:$A$244,0),MATCH('面板-总览'!T$2,'面板-景气指数'!$36:$36,0)) -> 0.1245 | U37: =INDEX('面板-景气指数'!$37:$244,MATCH('面板-总览'!$R37,'面板-景气指数'!$A$37:$A$244,0),MATCH('面板-总览'!U$2,'面板-景气指数'!$36:$36,0)) -> 0.127 | V37: =INDEX('面板-景气指数'!$37:$244,MATCH('面板-总览'!$R37,'面板-景气指数'!$A$37:$A$244,0),MATCH('面板-总览'!V$2,'面板-景气指数'!$36:$36,0)) -> 0.14125 | W37: =INDEX('面板-景气指数'!$37:$244,MATCH('面板-总览'!$R37,'面板-景气指数'!$A$37:$A$244,0),MATCH('面板-总览'!W$2,'面板-景气指数'!$36:$36,0)) -> 0.182 | X37: =INDEX('面板-景气指数'!$37:$244,MATCH('面板-总览'!$R37,'面板-景气指数'!$A$37:$A$244,0),MATCH('面板-总览'!X$2,'面板-景气指数'!$36:$36,0)) -> 0.28825 | Y37: =INDEX('面板-景气指数'!$37:$244,MATCH('面板-总览'!$R37,'面板-景气指数'!$A$37:$A$244,0),MATCH('面板-总览'!Y$2,'面板-景气指数'!$36:$36,0)) -> 0.43725 | Z37: =INDEX('面板-景气指数'!$37:$244,MATCH('面板-总览'!$R37,'面板-景气指数'!$A$37:$A$244,0),MATCH('面板-总览'!Z$2,'面板-景气指数'!$36:$36,0)) -> 0.53325 | ... AE37: =INDEX('面板-景气指数'!$37:$244,MATCH('面板-总览'!$R37,'面板-景气指数'!$A$37:$A$244,0),MATCH('面板-总览'!AE$2,'面板-景气指数'!$36:$36,0)) -> 0.6485 | AG37: =AE37-AB37 -> 0.0575 | AI37: 炭黑 | AJ37: =INDEX('面板-景气指数'!$37:$244,MATCH('面板-总览'!$AI37,'面板-景气指数'!$A$37:$A$244,0),MATCH('面板-总览'!AJ$2,'面板-景气指数'!$36:$36,0)) -> 1 | AK37: =INDEX('面板-景气指数'!$37:$244,MATCH('面板-总览'!$AI37,'面板-景气指数'!$A$37:$A$244,0),MATCH('面板-总览'!AK$2,'面板-景气指数'!$36:$36,0)) -> 0.98 | AL37: =INDEX('面板-景气指数'!$37:$244,MATCH('面板-总览'!$AI37,'面板-景气指数'!$A$37:$A$244,0),MATCH('面板-总览'!AL$2,'面板-景气指数'!$36:$36,0)) -> 0.903 | AM37: =INDEX('面板-景气指数'!$37:$244,MATCH('面板-总览'!$AI37,'面板-景气指数'!$A$37:$A$244,0),MATCH('面板-总览'!AM$2,'面板-景气指数'!$36:$36,0)) -> 0.894 | AN37: =INDEX('面板-景气指数'!$37:$244,MATCH('面板-总览'!$AI37,'面板-景气指数'!$A$37:$A$244,0),MATCH('面板-总览'!AN$2,'面板-景气指数'!$36:$36,0)) -> 0.855 | AO37: =INDEX('面板-景气指数'!$37:$244,MATCH('面板-总览'!$AI37,'面板-景气指数'!$A$37:$A$244,0),MATCH('面板-总览'!AO$2,'面板-景气指数'!$36:$36,0)) -> 0.865 | AP37: =INDEX('面板-景气指数'!$37:$244,MATCH('面板-总览'!$AI37,'面板-景气指数'!$A$37:$A$244,0),MATCH('面板-总览'!AP$2,'面板-景气指数'!$36:$36,0)) -> 0.778 | AQ37: =INDEX('面板-景气指数'!$37:$244,MATCH('面板-总览'!$AI37,'面板-景气指数'!$A$37:$A$244,0),MATCH('面板-总览'!AQ$2,'面板-景气指数'!$36:$36,0)) -> 0.701 | ... AV37: =INDEX('面板-景气指数'!$37:$244,MATCH('面板-总览'!$AI37,'面板-景气指数'!$A$37:$A$244,0),MATCH('面板-总览'!AV$2,'面板-景气指数'!$36:$36,0)) -> 0.971 | AX37: =AV37-AS37 -> 0.241
R38: 光学光电子 | S38: =INDEX('面板-景气指数'!$37:$244,MATCH('面板-总览'!$R38,'面板-景气指数'!$A$37:$A$244,0),MATCH('面板-总览'!S$2,'面板-景气指数'!$36:$36,0)) -> 0.494 | T38: =INDEX('面板-景气指数'!$37:$244,MATCH('面板-总览'!$R38,'面板-景气指数'!$A$37:$A$244,0),MATCH('面板-总览'!T$2,'面板-景气指数'!$36:$36,0)) -> 0.4695 | U38: =INDEX('面板-景气指数'!$37:$244,MATCH('面板-总览'!$R38,'面板-景气指数'!$A$37:$A$244,0),MATCH('面板-总览'!U$2,'面板-景气指数'!$36:$36,0)) -> 0.4313 | V38: =INDEX('面板-景气指数'!$37:$244,MATCH('面板-总览'!$R38,'面板-景气指数'!$A$37:$A$244,0),MATCH('面板-总览'!V$2,'面板-景气指数'!$36:$36,0)) -> 0.4215 | W38: =INDEX('面板-景气指数'!$37:$244,MATCH('面板-总览'!$R38,'面板-景气指数'!$A$37:$A$244,0),MATCH('面板-总览'!W$2,'面板-景气指数'!$36:$36,0)) -> 0.431 | X38: =INDEX('面板-景气指数'!$37:$244,MATCH('面板-总览'!$R38,'面板-景气指数'!$A$37:$A$244,0),MATCH('面板-总览'!X$2,'面板-景气指数'!$36:$36,0)) -> 0.4689 | Y38: =INDEX('面板-景气指数'!$37:$244,MATCH('面板-总览'!$R38,'面板-景气指数'!$A$37:$A$244,0),MATCH('面板-总览'!Y$2,'面板-景气指数'!$36:$36,0)) -> 0.5107 | Z38: =INDEX('面板-景气指数'!$37:$244,MATCH('面板-总览'!$R38,'面板-景气指数'!$A$37:$A$244,0),MATCH('面板-总览'!Z$2,'面板-景气指数'!$36:$36,0)) -> 0.5937 | ... AE38: =INDEX('面板-景气指数'!$37:$244,MATCH('面板-总览'!$R38,'面板-景气指数'!$A$37:$A$244,0),MATCH('面板-总览'!AE$2,'面板-景气指数'!$36:$36,0)) -> 0.5407 | AG38: =AE38-AB38 -> -0.0754 | AI38: 氮肥 | AJ38: =INDEX('面板-景气指数'!$37:$244,MATCH('面板-总览'!$AI38,'面板-景气指数'!$A$37:$A$244,0),MATCH('面板-总览'!AJ$2,'面板-景气指数'!$36:$36,0)) -> 0.54925 | AK38: =INDEX('面板-景气指数'!$37:$244,MATCH('面板-总览'!$AI38,'面板-景气指数'!$A$37:$A$244,0),MATCH('面板-总览'!AK$2,'面板-景气指数'!$36:$36,0)) -> 0.44925 | AL38: =INDEX('面板-景气指数'!$37:$244,MATCH('面板-总览'!$AI38,'面板-景气指数'!$A$37:$A$244,0),MATCH('面板-总览'!AL$2,'面板-景气指数'!$36:$36,0)) -> 0.400875 | AM38: =INDEX('面板-景气指数'!$37:$244,MATCH('面板-总览'!$AI38,'面板-景气指数'!$A$37:$A$244,0),MATCH('面板-总览'!AM$2,'面板-景气指数'!$36:$36,0)) -> 0.248125 | AN38: =INDEX('面板-景气指数'!$37:$244,MATCH('面板-总览'!$AI38,'面板-景气指数'!$A$37:$A$244,0),MATCH('面板-总览'!AN$2,'面板-景气指数'!$36:$36,0)) -> 0.186875 | AO38: =INDEX('面板-景气指数'!$37:$244,MATCH('面板-总览'!$AI38,'面板-景气指数'!$A$37:$A$244,0),MATCH('面板-总览'!AO$2,'面板-景气指数'!$36:$36,0)) -> 0.12175 | AP38: =INDEX('面板-景气指数'!$37:$244,MATCH('面板-总览'!$AI38,'面板-景气指数'!$A$37:$A$244,0),MATCH('面板-总览'!AP$2,'面板-景气指数'!$36:$36,0)) -> 0.237125 | AQ38: =INDEX('面板-景气指数'!$37:$244,MATCH('面板-总览'!$AI38,'面板-景气指数'!$A$37:$A$244,0),MATCH('面板-总览'!AQ$2,'面板-景气指数'!$36:$36,0)) -> 0.405 | ... AV38: =INDEX('面板-景气指数'!$37:$244,MATCH('面板-总览'!$AI38,'面板-景气指数'!$A$37:$A$244,0),MATCH('面板-总览'!AV$2,'面板-景气指数'!$36:$36,0)) -> 0.0485 | AX38: =AV38-AS38 -> -0.448875
R39: 消费电子 | S39: =INDEX('面板-景气指数'!$37:$244,MATCH('面板-总览'!$R39,'面板-景气指数'!$A$37:$A$244,0),MATCH('面板-总览'!S$2,'面板-景气指数'!$36:$36,0)) -> 0.28136364 | T39: =INDEX('面板-景气指数'!$37:$244,MATCH('面板-总览'!$R39,'面板-景气指数'!$A$37:$A$244,0),MATCH('面板-总览'!T$2,'面板-景气指数'!$36:$36,0)) -> 0.323 | U39: =INDEX('面板-景气指数'!$37:$244,MATCH('面板-总览'!$R39,'面板-景气指数'!$A$37:$A$244,0),MATCH('面板-总览'!U$2,'面板-景气指数'!$36:$36,0)) -> 0.38709091 | V39: =INDEX('面板-景气指数'!$37:$244,MATCH('面板-总览'!$R39,'面板-景气指数'!$A$37:$A$244,0),MATCH('面板-总览'!V$2,'面板-景气指数'!$36:$36,0)) -> 0.47945455 | W39: =INDEX('面板-景气指数'!$37:$244,MATCH('面板-总览'!$R39,'面板-景气指数'!$A$37:$A$244,0),MATCH('面板-总览'!W$2,'面板-景气指数'!$36:$36,0)) -> 0.50845455 | X39: =INDEX('面板-景气指数'!$37:$244,MATCH('面板-总览'!$R39,'面板-景气指数'!$A$37:$A$244,0),MATCH('面板-总览'!X$2,'面板-景气指数'!$36:$36,0)) -> 0.53427273 | Y39: =INDEX('面板-景气指数'!$37:$244,MATCH('面板-总览'!$R39,'面板-景气指数'!$A$37:$A$244,0),MATCH('面板-总览'!Y$2,'面板-景气指数'!$36:$36,0)) -> 0.58536364 | Z39: =INDEX('面板-景气指数'!$37:$244,MATCH('面板-总览'!$R39,'面板-景气指数'!$A$37:$A$244,0),MATCH('面板-总览'!Z$2,'面板-景气指数'!$36:$36,0)) -> 0.64036364 | ... AE39: =INDEX('面板-景气指数'!$37:$244,MATCH('面板-总览'!$R39,'面板-景气指数'!$A$37:$A$244,0),MATCH('面板-总览'!AE$2,'面板-景气指数'!$36:$36,0)) -> 0.78509091 | AG39: =AE39-AB39 -> 0.064272727 | AI39: 磷肥及磷化工 | AJ39: =INDEX('面板-景气指数'!$37:$244,MATCH('面板-总览'!$AI39,'面板-景气指数'!$A$37:$A$244,0),MATCH('面板-总览'!AJ$2,'面板-景气指数'!$36:$36,0)) -> 0.5765 | AK39: =INDEX('面板-景气指数'!$37:$244,MATCH('面板-总览'!$AI39,'面板-景气指数'!$A$37:$A$244,0),MATCH('面板-总览'!AK$2,'面板-景气指数'!$36:$36,0)) -> 0.6005 | AL39: =INDEX('面板-景气指数'!$37:$244,MATCH('面板-总览'!$AI39,'面板-景气指数'!$A$37:$A$244,0),MATCH('面板-总览'!AL$2,'面板-景气指数'!$36:$36,0)) -> 0.673 | AM39: =INDEX('面板-景气指数'!$37:$244,MATCH('面板-总览'!$AI39,'面板-景气指数'!$A$37:$A$244,0),MATCH('面板-总览'!AM$2,'面板-景气指数'!$36:$36,0)) -> 0.639 | AN39: =INDEX('面板-景气指数'!$37:$244,MATCH('面板-总览'!$AI39,'面板-景气指数'!$A$37:$A$244,0),MATCH('面板-总览'!AN$2,'面板-景气指数'!$36:$36,0)) -> 0.567 | AO39: =INDEX('面板-景气指数'!$37:$244,MATCH('面板-总览'!$AI39,'面板-景气指数'!$A$37:$A$244,0),MATCH('面板-总览'!AO$2,'面板-景气指数'!$36:$36,0)) -> 0.3165 | AP39: =INDEX('面板-景气指数'!$37:$244,MATCH('面板-总览'!$AI39,'面板-景气指数'!$A$37:$A$244,0),MATCH('面板-总览'!AP$2,'面板-景气指数'!$36:$36,0)) -> 0.283 | AQ39: =INDEX('面板-景气指数'!$37:$244,MATCH('面板-总览'!$AI39,'面板-景气指数'!$A$37:$A$244,0),MATCH('面板-总览'!AQ$2,'面板-景气指数'!$36:$36,0)) -> 0.341 | ... AV39: =INDEX('面板-景气指数'!$37:$244,MATCH('面板-总览'!$AI39,'面板-景气指数'!$A$37:$A$244,0),MATCH('面板-总览'!AV$2,'面板-景气指数'!$36:$36,0)) -> 0.514 | AX39: =AV39-AS39 -> -0.274
R40: 通信服务 | S40: =INDEX('面板-景气指数'!$37:$244,MATCH('面板-总览'!$R40,'面板-景气指数'!$A$37:$A$244,0),MATCH('面板-总览'!S$2,'面板-景气指数'!$36:$36,0)) -> 0.144 | T40: =INDEX('面板-景气指数'!$37:$244,MATCH('面板-总览'!$R40,'面板-景气指数'!$A$37:$A$244,0),MATCH('面板-总览'!T$2,'面板-景气指数'!$36:$36,0)) -> 0.1535 | U40: =INDEX('面板-景气指数'!$37:$244,MATCH('面板-总览'!$R40,'面板-景气指数'!$A$37:$A$244,0),MATCH('面板-总览'!U$2,'面板-景气指数'!$36:$36,0)) -> 0.168 | V40: =INDEX('面板-景气指数'!$37:$244,MATCH('面板-总览'!$R40,'面板-景气指数'!$A$37:$A$244,0),MATCH('面板-总览'!V$2,'面板-景气指数'!$36:$36,0)) -> 0.17725 | W40: =INDEX('面板-景气指数'!$37:$244,MATCH('面板-总览'!$R40,'面板-景气指数'!$A$37:$A$244,0),MATCH('面板-总览'!W$2,'面板-景气指数'!$36:$36,0)) -> 0.12675 | X40: =INDEX('面板-景气指数'!$37:$244,MATCH('面板-总览'!$R40,'面板-景气指数'!$A$37:$A$244,0),MATCH('面板-总览'!X$2,'面板-景气指数'!$36:$36,0)) -> 0.0815 | Y40: =INDEX('面板-景气指数'!$37:$244,MATCH('面板-总览'!$R40,'面板-景气指数'!$A$37:$A$244,0),MATCH('面板-总览'!Y$2,'面板-景气指数'!$36:$36,0)) -> 0.05725 | Z40: =INDEX('面板-景气指数'!$37:$244,MATCH('面板-总览'!$R40,'面板-景气指数'!$A$37:$A$244,0),MATCH('面板-总览'!Z$2,'面板-景气指数'!$36:$36,0)) -> 0.03775 | ... AE40: =INDEX('面板-景气指数'!$37:$244,MATCH('面板-总览'!$R40,'面板-景气指数'!$A$37:$A$244,0),MATCH('面板-总览'!AE$2,'面板-景气指数'!$36:$36,0)) -> 0.04275 | AG40: =AE40-AB40 -> 0.0215 | AI40: 农药 | AJ40: =INDEX('面板-景气指数'!$37:$244,MATCH('面板-总览'!$AI40,'面板-景气指数'!$A$37:$A$244,0),MATCH('面板-总览'!AJ$2,'面板-景气指数'!$36:$36,0)) -> 0.134 | AK40: =INDEX('面板-景气指数'!$37:$244,MATCH('面板-总览'!$AI40,'面板-景气指数'!$A$37:$A$244,0),MATCH('面板-总览'!AK$2,'面板-景气指数'!$36:$36,0)) -> 0.067 | AL40: =INDEX('面板-景气指数'!$37:$244,MATCH('面板-总览'!$AI40,'面板-景气指数'!$A$37:$A$244,0),MATCH('面板-总览'!AL$2,'面板-景气指数'!$36:$36,0)) -> 0.0715 | AM40: =INDEX('面板-景气指数'!$37:$244,MATCH('面板-总览'!$AI40,'面板-景气指数'!$A$37:$A$244,0),MATCH('面板-总览'!AM$2,'面板-景气指数'!$36:$36,0)) -> 0.0525 | AN40: =INDEX('面板-景气指数'!$37:$244,MATCH('面板-总览'!$AI40,'面板-景气指数'!$A$37:$A$244,0),MATCH('面板-总览'!AN$2,'面板-景气指数'!$36:$36,0)) -> 0.057 | AO40: =INDEX('面板-景气指数'!$37:$244,MATCH('面板-总览'!$AI40,'面板-景气指数'!$A$37:$A$244,0),MATCH('面板-总览'!AO$2,'面板-景气指数'!$36:$36,0)) -> 0.072 | AP40: =INDEX('面板-景气指数'!$37:$244,MATCH('面板-总览'!$AI40,'面板-景气指数'!$A$37:$A$244,0),MATCH('面板-总览'!AP$2,'面板-景气指数'!$36:$36,0)) -> 0.0955 | AQ40: =INDEX('面板-景气指数'!$37:$244,MATCH('面板-总览'!$AI40,'面板-景气指数'!$A$37:$A$244,0),MATCH('面板-总览'!AQ$2,'面板-景气指数'!$36:$36,0)) -> 0.168 | ... AV40: =INDEX('面板-景气指数'!$37:$244,MATCH('面板-总览'!$AI40,'面板-景气指数'!$A$37:$A$244,0),MATCH('面板-总览'!AV$2,'面板-景气指数'!$36:$36,0)) -> 0.0865 | AX40: =AV40-AS40 -> -0.2015
R41: 通信设备 | S41: =INDEX('面板-景气指数'!$37:$244,MATCH('面板-总览'!$R41,'面板-景气指数'!$A$37:$A$244,0),MATCH('面板-总览'!S$2,'面板-景气指数'!$36:$36,0)) -> 0.18435714 | T41: =INDEX('面板-景气指数'!$37:$244,MATCH('面板-总览'!$R41,'面板-景气指数'!$A$37:$A$244,0),MATCH('面板-总览'!T$2,'面板-景气指数'!$36:$36,0)) -> 0.28457143 | U41: =INDEX('面板-景气指数'!$37:$244,MATCH('面板-总览'!$R41,'面板-景气指数'!$A$37:$A$244,0),MATCH('面板-总览'!U$2,'面板-景气指数'!$36:$36,0)) -> 0.44764286 | V41: =INDEX('面板-景气指数'!$37:$244,MATCH('面板-总览'!$R41,'面板-景气指数'!$A$37:$A$244,0),MATCH('面板-总览'!V$2,'面板-景气指数'!$36:$36,0)) -> 0.54578571 | W41: =INDEX('面板-景气指数'!$37:$244,MATCH('面板-总览'!$R41,'面板-景气指数'!$A$37:$A$244,0),MATCH('面板-总览'!W$2,'面板-景气指数'!$36:$36,0)) -> 0.47121429 | X41: =INDEX('面板-景气指数'!$37:$244,MATCH('面板-总览'!$R41,'面板-景气指数'!$A$37:$A$244,0),MATCH('面板-总览'!X$2,'面板-景气指数'!$36:$36,0)) -> 0.33821429 | Y41: =INDEX('面板-景气指数'!$37:$244,MATCH('面板-总览'!$R41,'面板-景气指数'!$A$37:$A$244,0),MATCH('面板-总览'!Y$2,'面板-景气指数'!$36:$36,0)) -> 0.44328571 | Z41: =INDEX('面板-景气指数'!$37:$244,MATCH('面板-总览'!$R41,'面板-景气指数'!$A$37:$A$244,0),MATCH('面板-总览'!Z$2,'面板-景气指数'!$36:$36,0)) -> 0.44714286 | ... AE41: =INDEX('面板-景气指数'!$37:$244,MATCH('面板-总览'!$R41,'面板-景气指数'!$A$37:$A$244,0),MATCH('面板-总览'!AE$2,'面板-景气指数'!$36:$36,0)) -> 0.38728571 | AG41: =AE41-AB41 -> -0.0099285714 | AI41: 钾肥 | AJ41: =INDEX('面板-景气指数'!$37:$244,MATCH('面板-总览'!$AI41,'面板-景气指数'!$A$37:$A$244,0),MATCH('面板-总览'!AJ$2,'面板-景气指数'!$36:$36,0)) -> 0.057 | AK41: =INDEX('面板-景气指数'!$37:$244,MATCH('面板-总览'!$AI41,'面板-景气指数'!$A$37:$A$244,0),MATCH('面板-总览'!AK$2,'面板-景气指数'!$36:$36,0)) -> 0.096 | AL41: =INDEX('面板-景气指数'!$37:$244,MATCH('面板-总览'!$AI41,'面板-景气指数'!$A$37:$A$244,0),MATCH('面板-总览'!AL$2,'面板-景气指数'!$36:$36,0)) -> 0.125 | AM41: =INDEX('面板-景气指数'!$37:$244,MATCH('面板-总览'!$AI41,'面板-景气指数'!$A$37:$A$244,0),MATCH('面板-总览'!AM$2,'面板-景气指数'!$36:$36,0)) -> 0.105 | AN41: =INDEX('面板-景气指数'!$37:$244,MATCH('面板-总览'!$AI41,'面板-景气指数'!$A$37:$A$244,0),MATCH('面板-总览'!AN$2,'面板-景气指数'!$36:$36,0)) -> 0.086 | AO41: =INDEX('面板-景气指数'!$37:$244,MATCH('面板-总览'!$AI41,'面板-景气指数'!$A$37:$A$244,0),MATCH('面板-总览'!AO$2,'面板-景气指数'!$36:$36,0)) -> 0.048 | AP41: =INDEX('面板-景气指数'!$37:$244,MATCH('面板-总览'!$AI41,'面板-景气指数'!$A$37:$A$244,0),MATCH('面板-总览'!AP$2,'面板-景气指数'!$36:$36,0)) -> 0.067 | AQ41: =INDEX('面板-景气指数'!$37:$244,MATCH('面板-总览'!$AI41,'面板-景气指数'!$A$37:$A$244,0),MATCH('面板-总览'!AQ$2,'面板-景气指数'!$36:$36,0)) -> 0.115 | ... AV41: =INDEX('面板-景气指数'!$37:$244,MATCH('面板-总览'!$AI41,'面板-景气指数'!$A$37:$A$244,0),MATCH('面板-总览'!AV$2,'面板-景气指数'!$36:$36,0)) -> 0.307 | AX41: =AV41-AS41 -> -0.202
R42: 计算机设备 | S42: =INDEX('面板-景气指数'!$37:$244,MATCH('面板-总览'!$R42,'面板-景气指数'!$A$37:$A$244,0),MATCH('面板-总览'!S$2,'面板-景气指数'!$36:$36,0)) -> 0.2169 | T42: =INDEX('面板-景气指数'!$37:$244,MATCH('面板-总览'!$R42,'面板-景气指数'!$A$37:$A$244,0),MATCH('面板-总览'!T$2,'面板-景气指数'!$36:$36,0)) -> 0.2461 | U42: =INDEX('面板-景气指数'!$37:$244,MATCH('面板-总览'!$R42,'面板-景气指数'!$A$37:$A$244,0),MATCH('面板-总览'!U$2,'面板-景气指数'!$36:$36,0)) -> 0.2816 | V42: =INDEX('面板-景气指数'!$37:$244,MATCH('面板-总览'!$R42,'面板-景气指数'!$A$37:$A$244,0),MATCH('面板-总览'!V$2,'面板-景气指数'!$36:$36,0)) -> 0.3567 | W42: =INDEX('面板-景气指数'!$37:$244,MATCH('面板-总览'!$R42,'面板-景气指数'!$A$37:$A$244,0),MATCH('面板-总览'!W$2,'面板-景气指数'!$36:$36,0)) -> 0.5634 | X42: =INDEX('面板-景气指数'!$37:$244,MATCH('面板-总览'!$R42,'面板-景气指数'!$A$37:$A$244,0),MATCH('面板-总览'!X$2,'面板-景气指数'!$36:$36,0)) -> 0.6004 | Y42: =INDEX('面板-景气指数'!$37:$244,MATCH('面板-总览'!$R42,'面板-景气指数'!$A$37:$A$244,0),MATCH('面板-总览'!Y$2,'面板-景气指数'!$36:$36,0)) -> 0.7019 | Z42: =INDEX('面板-景气指数'!$37:$244,MATCH('面板-总览'!$R42,'面板-景气指数'!$A$37:$A$244,0),MATCH('面板-总览'!Z$2,'面板-景气指数'!$36:$36,0)) -> 0.6687 | ... AE42: =INDEX('面板-景气指数'!$37:$244,MATCH('面板-总览'!$R42,'面板-景气指数'!$A$37:$A$244,0),MATCH('面板-总览'!AE$2,'面板-景气指数'!$36:$36,0)) -> 0.491 | AG42: =AE42-AB42 -> -0.1708 | AI42: 复合肥 | AJ42: =INDEX('面板-景气指数'!$37:$244,MATCH('面板-总览'!$AI42,'面板-景气指数'!$A$37:$A$244,0),MATCH('面板-总览'!AJ$2,'面板-景气指数'!$36:$36,0)) -> 0.153 | AK42: =INDEX('面板-景气指数'!$37:$244,MATCH('面板-总览'!$AI42,'面板-景气指数'!$A$37:$A$244,0),MATCH('面板-总览'!AK$2,'面板-景气指数'!$36:$36,0)) -> 0.201 | AL42: =INDEX('面板-景气指数'!$37:$244,MATCH('面板-总览'!$AI42,'面板-景气指数'!$A$37:$A$244,0),MATCH('面板-总览'!AL$2,'面板-景气指数'!$36:$36,0)) -> 0.269 | AM42: =INDEX('面板-景气指数'!$37:$244,MATCH('面板-总览'!$AI42,'面板-景气指数'!$A$37:$A$244,0),MATCH('面板-总览'!AM$2,'面板-景气指数'!$36:$36,0)) -> 0.278 | AN42: =INDEX('面板-景气指数'!$37:$244,MATCH('面板-总览'!$AI42,'面板-景气指数'!$A$37:$A$244,0),MATCH('面板-总览'!AN$2,'面板-景气指数'!$36:$36,0)) -> 0.221 | AO42: =INDEX('面板-景气指数'!$37:$244,MATCH('面板-总览'!$AI42,'面板-景气指数'!$A$37:$A$244,0),MATCH('面板-总览'!AO$2,'面板-景气指数'!$36:$36,0)) -> 0.192 | AP42: =INDEX('面板-景气指数'!$37:$244,MATCH('面板-总览'!$AI42,'面板-景气指数'!$A$37:$A$244,0),MATCH('面板-总览'!AP$2,'面板-景气指数'!$36:$36,0)) -> 0.173 | AQ42: =INDEX('面板-景气指数'!$37:$244,MATCH('面板-总览'!$AI42,'面板-景气指数'!$A$37:$A$244,0),MATCH('面板-总览'!AQ$2,'面板-景气指数'!$36:$36,0)) -> 0.211 | ... AV42: =INDEX('面板-景气指数'!$37:$244,MATCH('面板-总览'!$AI42,'面板-景气指数'!$A$37:$A$244,0),MATCH('面板-总览'!AV$2,'面板-景气指数'!$36:$36,0)) -> 0.394 | AX42: =AV42-AS42 -> -0.24
R43: 软件开发 | S43: =INDEX('面板-景气指数'!$37:$244,MATCH('面板-总览'!$R43,'面板-景气指数'!$A$37:$A$244,0),MATCH('面板-总览'!S$2,'面板-景气指数'!$36:$36,0)) -> 0.348125 | T43: =INDEX('面板-景气指数'!$37:$244,MATCH('面板-总览'!$R43,'面板-景气指数'!$A$37:$A$244,0),MATCH('面板-总览'!T$2,'面板-景气指数'!$36:$36,0)) -> 0.375 | U43: =INDEX('面板-景气指数'!$37:$244,MATCH('面板-总览'!$R43,'面板-景气指数'!$A$37:$A$244,0),MATCH('面板-总览'!U$2,'面板-景气指数'!$36:$36,0)) -> 0.38125 | V43: =INDEX('面板-景气指数'!$37:$244,MATCH('面板-总览'!$R43,'面板-景气指数'!$A$37:$A$244,0),MATCH('面板-总览'!V$2,'面板-景气指数'!$36:$36,0)) -> 0.38125 | W43: =INDEX('面板-景气指数'!$37:$244,MATCH('面板-总览'!$R43,'面板-景气指数'!$A$37:$A$244,0),MATCH('面板-总览'!W$2,'面板-景气指数'!$36:$36,0)) -> 0.296125 | X43: =INDEX('面板-景气指数'!$37:$244,MATCH('面板-总览'!$R43,'面板-景气指数'!$A$37:$A$244,0),MATCH('面板-总览'!X$2,'面板-景气指数'!$36:$36,0)) -> 0.267375 | Y43: =INDEX('面板-景气指数'!$37:$244,MATCH('面板-总览'!$R43,'面板-景气指数'!$A$37:$A$244,0),MATCH('面板-总览'!Y$2,'面板-景气指数'!$36:$36,0)) -> 0.2285 | Z43: =INDEX('面板-景气指数'!$37:$244,MATCH('面板-总览'!$R43,'面板-景气指数'!$A$37:$A$244,0),MATCH('面板-总览'!Z$2,'面板-景气指数'!$36:$36,0)) -> 0.31575 | ... AE43: =INDEX('面板-景气指数'!$37:$244,MATCH('面板-总览'!$R43,'面板-景气指数'!$A$37:$A$244,0),MATCH('面板-总览'!AE$2,'面板-景气指数'!$36:$36,0)) -> 0.26875 | AG43: =AE43-AB43 -> -0.022125 | AI43: 机床工具 | AJ43: =INDEX('面板-景气指数'!$37:$244,MATCH('面板-总览'!$AI43,'面板-景气指数'!$A$37:$A$244,0),MATCH('面板-总览'!AJ$2,'面板-景气指数'!$36:$36,0)) -> 0.55510224 | AK43: =INDEX('面板-景气指数'!$37:$244,MATCH('面板-总览'!$AI43,'面板-景气指数'!$A$37:$A$244,0),MATCH('面板-总览'!AK$2,'面板-景气指数'!$36:$36,0)) -> 0.71377097 | AL43: =INDEX('面板-景气指数'!$37:$244,MATCH('面板-总览'!$AI43,'面板-景气指数'!$A$37:$A$244,0),MATCH('面板-总览'!AL$2,'面板-景气指数'!$36:$36,0)) -> 0.76074182 | AM43: =INDEX('面板-景气指数'!$37:$244,MATCH('面板-总览'!$AI43,'面板-景气指数'!$A$37:$A$244,0),MATCH('面板-总览'!AM$2,'面板-景气指数'!$36:$36,0)) -> 0.78674492 | AN43: =INDEX('面板-景气指数'!$37:$244,MATCH('面板-总览'!$AI43,'面板-景气指数'!$A$37:$A$244,0),MATCH('面板-总览'!AN$2,'面板-景气指数'!$36:$36,0)) -> 0.69051148 | AO43: =INDEX('面板-景气指数'!$37:$244,MATCH('面板-总览'!$AI43,'面板-景气指数'!$A$37:$A$244,0),MATCH('面板-总览'!AO$2,'面板-景气指数'!$36:$36,0)) -> 0.43159076 | AP43: =INDEX('面板-景气指数'!$37:$244,MATCH('面板-总览'!$AI43,'面板-景气指数'!$A$37:$A$244,0),MATCH('面板-总览'!AP$2,'面板-景气指数'!$36:$36,0)) -> 0.49295052 | AQ43: =INDEX('面板-景气指数'!$37:$244,MATCH('面板-总览'!$AI43,'面板-景气指数'!$A$37:$A$244,0),MATCH('面板-总览'!AQ$2,'面板-景气指数'!$36:$36,0)) -> 0.49492203 | ... AV43: =INDEX('面板-景气指数'!$37:$244,MATCH('面板-总览'!$AI43,'面板-景气指数'!$A$37:$A$244,0),MATCH('面板-总览'!AV$2,'面板-景气指数'!$36:$36,0)) -> 0.85818021 | AX43: =AV43-AS43 -> 0.11289907
... R50: 互联网电商 | S50: =INDEX('面板-景气指数'!$37:$244,MATCH('面板-总览'!$R50,'面板-景气指数'!$A$37:$A$244,0),MATCH('面板-总览'!S$2,'面板-景气指数'!$36:$36,0)) -> 0.44035641 | T50: =INDEX('面板-景气指数'!$37:$244,MATCH('面板-总览'!$R50,'面板-景气指数'!$A$37:$A$244,0),MATCH('面板-总览'!T$2,'面板-景气指数'!$36:$36,0)) -> 0.48103751 | U50: =INDEX('面板-景气指数'!$37:$244,MATCH('面板-总览'!$R50,'面板-景气指数'!$A$37:$A$244,0),MATCH('面板-总览'!U$2,'面板-景气指数'!$36:$36,0)) -> 0.48803722 | V50: =INDEX('面板-景气指数'!$37:$244,MATCH('面板-总览'!$R50,'面板-景气指数'!$A$37:$A$244,0),MATCH('面板-总览'!V$2,'面板-景气指数'!$36:$36,0)) -> 0.52489354 | W50: =INDEX('面板-景气指数'!$37:$244,MATCH('面板-总览'!$R50,'面板-景气指数'!$A$37:$A$244,0),MATCH('面板-总览'!W$2,'面板-景气指数'!$36:$36,0)) -> 0.58875103 | X50: =INDEX('面板-景气指数'!$37:$244,MATCH('面板-总览'!$R50,'面板-景气指数'!$A$37:$A$244,0),MATCH('面板-总览'!X$2,'面板-景气指数'!$36:$36,0)) -> 0.60041704 | Y50: =INDEX('面板-景气指数'!$37:$244,MATCH('面板-总览'!$R50,'面板-景气指数'!$A$37:$A$244,0),MATCH('面板-总览'!Y$2,'面板-景气指数'!$36:$36,0)) -> 0.59183934 | Z50: =INDEX('面板-景气指数'!$37:$244,MATCH('面板-总览'!$R50,'面板-景气指数'!$A$37:$A$244,0),MATCH('面板-总览'!Z$2,'面板-景气指数'!$36:$36,0)) -> 0.53616183 | ... AE50: =INDEX('面板-景气指数'!$37:$244,MATCH('面板-总览'!$R50,'面板-景气指数'!$A$37:$A$244,0),MATCH('面板-总览'!AE$2,'面板-景气指数'!$36:$36,0)) -> 0.54224366 | AG50: =AE50-AB50 -> -0.00933374 | AI50: 集成电路封测 | AJ50: =INDEX('面板-景气指数'!$37:$244,MATCH('面板-总览'!$AI50,'面板-景气指数'!$A$37:$A$244,0),MATCH('面板-总览'!AJ$2,'面板-景气指数'!$36:$36,0)) -> 0.201 | AK50: =INDEX('面板-景气指数'!$37:$244,MATCH('面板-总览'!$AI50,'面板-景气指数'!$A$37:$A$244,0),MATCH('面板-总览'!AK$2,'面板-景气指数'!$36:$36,0)) -> 0.211 | AL50: =INDEX('面板-景气指数'!$37:$244,MATCH('面板-总览'!$AI50,'面板-景气指数'!$A$37:$A$244,0),MATCH('面板-总览'!AL$2,'面板-景气指数'!$36:$36,0)) -> 0.221 | AM50: =INDEX('面板-景气指数'!$37:$244,MATCH('面板-总览'!$AI50,'面板-景气指数'!$A$37:$A$244,0),MATCH('面板-总览'!AM$2,'面板-景气指数'!$36:$36,0)) -> 0.25 | AN50: =INDEX('面板-景气指数'!$37:$244,MATCH('面板-总览'!$AI50,'面板-景气指数'!$A$37:$A$244,0),MATCH('面板-总览'!AN$2,'面板-景气指数'!$36:$36,0)) -> 0.451 | AO50: =INDEX('面板-景气指数'!$37:$244,MATCH('面板-总览'!$AI50,'面板-景气指数'!$A$37:$A$244,0),MATCH('面板-总览'!AO$2,'面板-景气指数'!$36:$36,0)) -> 0.932 | AP50: =INDEX('面板-景气指数'!$37:$244,MATCH('面板-总览'!$AI50,'面板-景气指数'!$A$37:$A$244,0),MATCH('面板-总览'!AP$2,'面板-景气指数'!$36:$36,0)) -> 0.942 | AQ50: =INDEX('面板-景气指数'!$37:$244,MATCH('面板-总览'!$AI50,'面板-景气指数'!$A$37:$A$244,0),MATCH('面板-总览'!AQ$2,'面板-景气指数'!$36:$36,0)) -> 0.99 | ... AV50: =INDEX('面板-景气指数'!$37:$244,MATCH('面板-总览'!$AI50,'面板-景气指数'!$A$37:$A$244,0),MATCH('面板-总览'!AV$2,'面板-景气指数'!$36:$36,0)) -> 0.98 | AX50: =AV50-AS50 -> 0.029
AI51: 模拟芯片设计 | AJ51: =INDEX('面板-景气指数'!$37:$244,MATCH('面板-总览'!$AI51,'面板-景气指数'!$A$37:$A$244,0),MATCH('面板-总览'!AJ$2,'面板-景气指数'!$36:$36,0)) -> 0.1585 | AK51: =INDEX('面板-景气指数'!$37:$244,MATCH('面板-总览'!$AI51,'面板-景气指数'!$A$37:$A$244,0),MATCH('面板-总览'!AK$2,'面板-景气指数'!$36:$36,0)) -> 0.2205 | AL51: =INDEX('面板-景气指数'!$37:$244,MATCH('面板-总览'!$AI51,'面板-景气指数'!$A$37:$A$244,0),MATCH('面板-总览'!AL$2,'面板-景气指数'!$36:$36,0)) -> 0.283 | AM51: =INDEX('面板-景气指数'!$37:$244,MATCH('面板-总览'!$AI51,'面板-景气指数'!$A$37:$A$244,0),MATCH('面板-总览'!AM$2,'面板-景气指数'!$36:$36,0)) -> 0.3455 | AN51: =INDEX('面板-景气指数'!$37:$244,MATCH('面板-总览'!$AI51,'面板-景气指数'!$A$37:$A$244,0),MATCH('面板-总览'!AN$2,'面板-景气指数'!$36:$36,0)) -> 0.5045 | AO51: =INDEX('面板-景气指数'!$37:$244,MATCH('面板-总览'!$AI51,'面板-景气指数'!$A$37:$A$244,0),MATCH('面板-总览'!AO$2,'面板-景气指数'!$36:$36,0)) -> 0.5715 | AP51: =INDEX('面板-景气指数'!$37:$244,MATCH('面板-总览'!$AI51,'面板-景气指数'!$A$37:$A$244,0),MATCH('面板-总览'!AP$2,'面板-景气指数'!$36:$36,0)) -> 0.591 | AQ51: =INDEX('面板-景气指数'!$37:$244,MATCH('面板-总览'!$AI51,'面板-景气指数'!$A$37:$A$244,0),MATCH('面板-总览'!AQ$2,'面板-景气指数'!$36:$36,0)) -> 0.668 | ... AV51: =INDEX('面板-景气指数'!$37:$244,MATCH('面板-总览'!$AI51,'面板-景气指数'!$A$37:$A$244,0),MATCH('面板-总览'!AV$2,'面板-景气指数'!$36:$36,0)) -> 0.538 | AX51: =AV51-AS51 -> -0.1345
R52: 景气指数 | S52: 45199 | T52: 45230 | U52: 45260 | V52: 45291 | W52: 45322 | X52: 45351 | Y52: 45382 | Z52: 45412 | AA52: 45443 | AB52: 45473 | AC52: 45504 | AD52: 45535 | AE52: 45565 | AF52: 3M变化 | AI52: 分立器件 | AJ52: =INDEX('面板-景气指数'!$37:$244,MATCH('面板-总览'!$AI52,'面板-景气指数'!$A$37:$A$244,0),MATCH('面板-总览'!AJ$2,'面板-景气指数'!$36:$36,0)) -> 0.485 | AK52: =INDEX('面板-景气指数'!$37:$244,MATCH('面板-总览'!$AI52,'面板-景气指数'!$A$37:$A$244,0),MATCH('面板-总览'!AK$2,'面板-景气指数'!$36:$36,0)) -> 0.4035 | AL52: =INDEX('面板-景气指数'!$37:$244,MATCH('面板-总览'!$AI52,'面板-景气指数'!$A$37:$A$244,0),MATCH('面板-总览'!AL$2,'面板-景气指数'!$36:$36,0)) -> 0.346 | AM52: =INDEX('面板-景气指数'!$37:$244,MATCH('面板-总览'!$AI52,'面板-景气指数'!$A$37:$A$244,0),MATCH('面板-总览'!AM$2,'面板-景气指数'!$36:$36,0)) -> 0.389 | AN52: =INDEX('面板-景气指数'!$37:$244,MATCH('面板-总览'!$AI52,'面板-景气指数'!$A$37:$A$244,0),MATCH('面板-总览'!AN$2,'面板-景气指数'!$36:$36,0)) -> 0.336 | AO52: =INDEX('面板-景气指数'!$37:$244,MATCH('面板-总览'!$AI52,'面板-景气指数'!$A$37:$A$244,0),MATCH('面板-总览'!AO$2,'面板-景气指数'!$36:$36,0)) -> 0.254 | AP52: =INDEX('面板-景气指数'!$37:$244,MATCH('面板-总览'!$AI52,'面板-景气指数'!$A$37:$A$244,0),MATCH('面板-总览'!AP$2,'面板-景气指数'!$36:$36,0)) -> 0.1915 | AQ52: =INDEX('面板-景气指数'!$37:$244,MATCH('面板-总览'!$AI52,'面板-景气指数'!$A$37:$A$244,0),MATCH('面板-总览'!AQ$2,'面板-景气指数'!$36:$36,0)) -> 0.211 | ... AV52: =INDEX('面板-景气指数'!$37:$244,MATCH('面板-总览'!$AI52,'面板-景气指数'!$A$37:$A$244,0),MATCH('面板-总览'!AV$2,'面板-景气指数'!$36:$36,0)) -> 0.288 | AX52: =AV52-AS52 -> 0.0485
R53: 乘用车 | S53: =INDEX('面板-景气指数'!$37:$244,MATCH('面板-总览'!$R53,'面板-景气指数'!$A$37:$A$244,0),MATCH('面板-总览'!S$2,'面板-景气指数'!$36:$36,0)) -> 0.695 | T53: =INDEX('面板-景气指数'!$37:$244,MATCH('面板-总览'!$R53,'面板-景气指数'!$A$37:$A$244,0),MATCH('面板-总览'!T$2,'面板-景气指数'!$36:$36,0)) -> 0.80733333 | U53: =INDEX('面板-景气指数'!$37:$244,MATCH('面板-总览'!$R53,'面板-景气指数'!$A$37:$A$244,0),MATCH('面板-总览'!U$2,'面板-景气指数'!$36:$36,0)) -> 0.85566667 | V53: =INDEX('面板-景气指数'!$37:$244,MATCH('面板-总览'!$R53,'面板-景气指数'!$A$37:$A$244,0),MATCH('面板-总览'!V$2,'面板-景气指数'!$36:$36,0)) -> 0.865 | W53: =INDEX('面板-景气指数'!$37:$244,MATCH('面板-总览'!$R53,'面板-景气指数'!$A$37:$A$244,0),MATCH('面板-总览'!W$2,'面板-景气指数'!$36:$36,0)) -> 0.80066667 | X53: =INDEX('面板-景气指数'!$37:$244,MATCH('面板-总览'!$R53,'面板-景气指数'!$A$37:$A$244,0),MATCH('面板-总览'!X$2,'面板-景气指数'!$36:$36,0)) -> 0.67566667 | Y53: =INDEX('面板-景气指数'!$37:$244,MATCH('面板-总览'!$R53,'面板-景气指数'!$A$37:$A$244,0),MATCH('面板-总览'!Y$2,'面板-景气指数'!$36:$36,0)) -> 0.67866667 | Z53: =INDEX('面板-景气指数'!$37:$244,MATCH('面板-总览'!$R53,'面板-景气指数'!$A$37:$A$244,0),MATCH('面板-总览'!Z$2,'面板-景气指数'!$36:$36,0)) -> 0.62433333 | ... AE53: =INDEX('面板-景气指数'!$37:$244,MATCH('面板-总览'!$R53,'面板-景气指数'!$A$37:$A$244,0),MATCH('面板-总览'!AE$2,'面板-景气指数'!$36:$36,0)) -> 0.29766667 | AG53: =AE53-AB53 -> -0.0096666667 | AI53: 印制电路板 | AJ53: =INDEX('面板-景气指数'!$37:$244,MATCH('面板-总览'!$AI53,'面板-景气指数'!$A$37:$A$244,0),MATCH('面板-总览'!AJ$2,'面板-景气指数'!$36:$36,0)) -> 0.047666667 | AK53: =INDEX('面板-景气指数'!$37:$244,MATCH('面板-总览'!$AI53,'面板-景气指数'!$A$37:$A$244,0),MATCH('面板-总览'!AK$2,'面板-景气指数'!$36:$36,0)) -> 0.07 | AL53: =INDEX('面板-景气指数'!$37:$244,MATCH('面板-总览'!$AI53,'面板-景气指数'!$A$37:$A$244,0),MATCH('面板-总览'!AL$2,'面板-景气指数'!$36:$36,0)) -> 0.07 | AM53: =INDEX('面板-景气指数'!$37:$244,MATCH('面板-总览'!$AI53,'面板-景气指数'!$A$37:$A$244,0),MATCH('面板-总览'!AM$2,'面板-景气指数'!$36:$36,0)) -> 0.086 | AN53: =INDEX('面板-景气指数'!$37:$244,MATCH('面板-总览'!$AI53,'面板-景气指数'!$A$37:$A$244,0),MATCH('面板-总览'!AN$2,'面板-景气指数'!$36:$36,0)) -> 0.12733333 | AO53: =INDEX('面板-景气指数'!$37:$244,MATCH('面板-总览'!$AI53,'面板-景气指数'!$A$37:$A$244,0),MATCH('面板-总览'!AO$2,'面板-景气指数'!$36:$36,0)) -> 0.24033333 | AP53: =INDEX('面板-景气指数'!$37:$244,MATCH('面板-总览'!$AI53,'面板-景气指数'!$A$37:$A$244,0),MATCH('面板-总览'!AP$2,'面板-景气指数'!$36:$36,0)) -> 0.41 | AQ53: =INDEX('面板-景气指数'!$37:$244,MATCH('面板-总览'!$AI53,'面板-景气指数'!$A$37:$A$244,0),MATCH('面板-总览'!AQ$2,'面板-景气指数'!$36:$36,0)) -> 0.506 | ... AV53: =INDEX('面板-景气指数'!$37:$244,MATCH('面板-总览'!$AI53,'面板-景气指数'!$A$37:$A$244,0),MATCH('面板-总览'!AV$2,'面板-景气指数'!$36:$36,0)) -> 0.65633333 | AX53: =AV53-AS53 -> 0.095666667
R54: 汽车零部件 | S54: =INDEX('面板-景气指数'!$37:$244,MATCH('面板-总览'!$R54,'面板-景气指数'!$A$37:$A$244,0),MATCH('面板-总览'!S$2,'面板-景气指数'!$36:$36,0)) -> 0.611 | T54: =INDEX('面板-景气指数'!$37:$244,MATCH('面板-总览'!$R54,'面板-景气指数'!$A$37:$A$244,0),MATCH('面板-总览'!T$2,'面板-景气指数'!$36:$36,0)) -> 0.796 | U54: =INDEX('面板-景气指数'!$37:$244,MATCH('面板-总览'!$R54,'面板-景气指数'!$A$37:$A$244,0),MATCH('面板-总览'!U$2,'面板-景气指数'!$36:$36,0)) -> 0.902 | V54: =INDEX('面板-景气指数'!$37:$244,MATCH('面板-总览'!$R54,'面板-景气指数'!$A$37:$A$244,0),MATCH('面板-总览'!V$2,'面板-景气指数'!$36:$36,0)) -> 0.951 | W54: =INDEX('面板-景气指数'!$37:$244,MATCH('面板-总览'!$R54,'面板-景气指数'!$A$37:$A$244,0),MATCH('面板-总览'!W$2,'面板-景气指数'!$36:$36,0)) -> 0.961 | X54: =INDEX('面板-景气指数'!$37:$244,MATCH('面板-总览'!$R54,'面板-景气指数'!$A$37:$A$244,0),MATCH('面板-总览'!X$2,'面板-景气指数'!$36:$36,0)) -> 0.524 | Y54: =INDEX('面板-景气指数'!$37:$244,MATCH('面板-总览'!$R54,'面板-景气指数'!$A$37:$A$244,0),MATCH('面板-总览'!Y$2,'面板-景气指数'!$36:$36,0)) -> 0.708 | Z54: =INDEX('面板-景气指数'!$37:$244,MATCH('面板-总览'!$R54,'面板-景气指数'!$A$37:$A$244,0),MATCH('面板-总览'!Z$2,'面板-景气指数'!$36:$36,0)) -> 0.543 | ... AE54: =INDEX('面板-景气指数'!$37:$244,MATCH('面板-总览'!$R54,'面板-景气指数'!$A$37:$A$244,0),MATCH('面板-总览'!AE$2,'面板-景气指数'!$36:$36,0)) -> 0.174 | AG54: =AE54-AB54 -> -0.224 | AI54: 被动元件 | AJ54: =INDEX('面板-景气指数'!$37:$244,MATCH('面板-总览'!$AI54,'面板-景气指数'!$A$37:$A$244,0),MATCH('面板-总览'!AJ$2,'面板-景气指数'!$36:$36,0)) -> 0.278 | AK54: =INDEX('面板-景气指数'!$37:$244,MATCH('面板-总览'!$AI54,'面板-景气指数'!$A$37:$A$244,0),MATCH('面板-总览'!AK$2,'面板-景气指数'!$36:$36,0)) -> 0.288 | AL54: =INDEX('面板-景气指数'!$37:$244,MATCH('面板-总览'!$AI54,'面板-景气指数'!$A$37:$A$244,0),MATCH('面板-总览'!AL$2,'面板-景气指数'!$36:$36,0)) -> 0.298 | AM54: =INDEX('面板-景气指数'!$37:$244,MATCH('面板-总览'!$AI54,'面板-景气指数'!$A$37:$A$244,0),MATCH('面板-总览'!AM$2,'面板-景气指数'!$36:$36,0)) -> 0.307 | AN54: =INDEX('面板-景气指数'!$37:$244,MATCH('面板-总览'!$AI54,'面板-景气指数'!$A$37:$A$244,0),MATCH('面板-总览'!AN$2,'面板-景气指数'!$36:$36,0)) -> 0.346 | AO54: =INDEX('面板-景气指数'!$37:$244,MATCH('面板-总览'!$AI54,'面板-景气指数'!$A$37:$A$244,0),MATCH('面板-总览'!AO$2,'面板-景气指数'!$36:$36,0)) -> 0.432 | AP54: =INDEX('面板-景气指数'!$37:$244,MATCH('面板-总览'!$AI54,'面板-景气指数'!$A$37:$A$244,0),MATCH('面板-总览'!AP$2,'面板-景气指数'!$36:$36,0)) -> 0.519 | AQ54: =INDEX('面板-景气指数'!$37:$244,MATCH('面板-总览'!$AI54,'面板-景气指数'!$A$37:$A$244,0),MATCH('面板-总览'!AQ$2,'面板-景气指数'!$36:$36,0)) -> 0.615 | ... AV54: =INDEX('面板-景气指数'!$37:$244,MATCH('面板-总览'!$AI54,'面板-景气指数'!$A$37:$A$244,0),MATCH('面板-总览'!AV$2,'面板-景气指数'!$36:$36,0)) -> 0.625 | AX54: =AV54-AS54 -> -0.057
R55: 摩托车及其他 | S55: =INDEX('面板-景气指数'!$37:$244,MATCH('面板-总览'!$R55,'面板-景气指数'!$A$37:$A$244,0),MATCH('面板-总览'!S$2,'面板-景气指数'!$36:$36,0)) -> 0.471 | T55: =INDEX('面板-景气指数'!$37:$244,MATCH('面板-总览'!$R55,'面板-景气指数'!$A$37:$A$244,0),MATCH('面板-总览'!T$2,'面板-景气指数'!$36:$36,0)) -> 0.49 | U55: =INDEX('面板-景气指数'!$37:$244,MATCH('面板-总览'!$R55,'面板-景气指数'!$A$37:$A$244,0),MATCH('面板-总览'!U$2,'面板-景气指数'!$36:$36,0)) -> 0.567 | V55: =INDEX('面板-景气指数'!$37:$244,MATCH('面板-总览'!$R55,'面板-景气指数'!$A$37:$A$244,0),MATCH('面板-总览'!V$2,'面板-景气指数'!$36:$36,0)) -> 0.653 | W55: =INDEX('面板-景气指数'!$37:$244,MATCH('面板-总览'!$R55,'面板-景气指数'!$A$37:$A$244,0),MATCH('面板-总览'!W$2,'面板-景气指数'!$36:$36,0)) -> 0.894 | X55: =INDEX('面板-景气指数'!$37:$244,MATCH('面板-总览'!$R55,'面板-景气指数'!$A$37:$A$244,0),MATCH('面板-总览'!X$2,'面板-景气指数'!$36:$36,0)) -> 0.778 | Y55: =INDEX('面板-景气指数'!$37:$244,MATCH('面板-总览'!$R55,'面板-景气指数'!$A$37:$A$244,0),MATCH('面板-总览'!Y$2,'面板-景气指数'!$36:$36,0)) -> 0.759 | Z55: =INDEX('面板-景气指数'!$37:$244,MATCH('面板-总览'!$R55,'面板-景气指数'!$A$37:$A$244,0),MATCH('面板-总览'!Z$2,'面板-景气指数'!$36:$36,0)) -> 0.557 | ... AE55: =INDEX('面板-景气指数'!$37:$244,MATCH('面板-总览'!$R55,'面板-景气指数'!$A$37:$A$244,0),MATCH('面板-总览'!AE$2,'面板-景气指数'!$36:$36,0)) -> 0.692 | AG55: =AE55-AB55 -> -0.134 | AI55: 面板 | AJ55: =INDEX('面板-景气指数'!$37:$244,MATCH('面板-总览'!$AI55,'面板-景气指数'!$A$37:$A$244,0),MATCH('面板-总览'!AJ$2,'面板-景气指数'!$36:$36,0)) -> 0.49985714 | AK55: =INDEX('面板-景气指数'!$37:$244,MATCH('面板-总览'!$AI55,'面板-景气指数'!$A$37:$A$244,0),MATCH('面板-总览'!AK$2,'面板-景气指数'!$36:$36,0)) -> 0.45114286 | AL55: =INDEX('面板-景气指数'!$37:$244,MATCH('面板-总览'!$AI55,'面板-景气指数'!$A$37:$A$244,0),MATCH('面板-总览'!AL$2,'面板-景气指数'!$36:$36,0)) -> 0.39242857 | AM55: =INDEX('面板-景气指数'!$37:$244,MATCH('面板-总览'!$AI55,'面板-景气指数'!$A$37:$A$244,0),MATCH('面板-总览'!AM$2,'面板-景气指数'!$36:$36,0)) -> 0.369 | AN55: =INDEX('面板-景气指数'!$37:$244,MATCH('面板-总览'!$AI55,'面板-景气指数'!$A$37:$A$244,0),MATCH('面板-总览'!AN$2,'面板-景气指数'!$36:$36,0)) -> 0.37014286 | AO55: =INDEX('面板-景气指数'!$37:$244,MATCH('面板-总览'!$AI55,'面板-景气指数'!$A$37:$A$244,0),MATCH('面板-总览'!AO$2,'面板-景气指数'!$36:$36,0)) -> 0.405 | AP55: =INDEX('面板-景气指数'!$37:$244,MATCH('面板-总览'!$AI55,'面板-景气指数'!$A$37:$A$244,0),MATCH('面板-总览'!AP$2,'面板-景气指数'!$36:$36,0)) -> 0.44414286 | AQ55: =INDEX('面板-景气指数'!$37:$244,MATCH('面板-总览'!$AI55,'面板-景气指数'!$A$37:$A$244,0),MATCH('面板-总览'!AQ$2,'面板-景气指数'!$36:$36,0)) -> 0.51457143 | ... AV55: =INDEX('面板-景气指数'!$37:$244,MATCH('面板-总览'!$AI55,'面板-景气指数'!$A$37:$A$244,0),MATCH('面板-总览'!AV$2,'面板-景气指数'!$36:$36,0)) -> 0.45814286 | AX55: =AV55-AS55 -> -0.082857143
R56: 商用车 | S56: =INDEX('面板-景气指数'!$37:$244,MATCH('面板-总览'!$R56,'面板-景气指数'!$A$37:$A$244,0),MATCH('面板-总览'!S$2,'面板-景气指数'!$36:$36,0)) -> 0.6965 | T56: =INDEX('面板-景气指数'!$37:$244,MATCH('面板-总览'!$R56,'面板-景气指数'!$A$37:$A$244,0),MATCH('面板-总览'!T$2,'面板-景气指数'!$36:$36,0)) -> 0.764 | U56: =INDEX('面板-景气指数'!$37:$244,MATCH('面板-总览'!$R56,'面板-景气指数'!$A$37:$A$244,0),MATCH('面板-总览'!U$2,'面板-景气指数'!$36:$36,0)) -> 0.841 | V56: =INDEX('面板-景气指数'!$37:$244,MATCH('面板-总览'!$R56,'面板-景气指数'!$A$37:$A$244,0),MATCH('面板-总览'!V$2,'面板-景气指数'!$36:$36,0)) -> 0.884 | W56: =INDEX('面板-景气指数'!$37:$244,MATCH('面板-总览'!$R56,'面板-景气指数'!$A$37:$A$244,0),MATCH('面板-总览'!W$2,'面板-景气指数'!$36:$36,0)) -> 0.8075 | X56: =INDEX('面板-景气指数'!$37:$244,MATCH('面板-总览'!$R56,'面板-景气指数'!$A$37:$A$244,0),MATCH('面板-总览'!X$2,'面板-景气指数'!$36:$36,0)) -> 0.6345 | Y56: =INDEX('面板-景气指数'!$37:$244,MATCH('面板-总览'!$R56,'面板-景气指数'!$A$37:$A$244,0),MATCH('面板-总览'!Y$2,'面板-景气指数'!$36:$36,0)) -> 0.581 | Z56: =INDEX('面板-景气指数'!$37:$244,MATCH('面板-总览'!$R56,'面板-景气指数'!$A$37:$A$244,0),MATCH('面板-总览'!Z$2,'面板-景气指数'!$36:$36,0)) -> 0.581 | ... AE56: =INDEX('面板-景气指数'!$37:$244,MATCH('面板-总览'!$R56,'面板-景气指数'!$A$37:$A$244,0),MATCH('面板-总览'!AE$2,'面板-景气指数'!$36:$36,0)) -> 0.3885 | AG56: =AE56-AB56 -> -0.034 | AI56: LED | AJ56: =INDEX('面板-景气指数'!$37:$244,MATCH('面板-总览'!$AI56,'面板-景气指数'!$A$37:$A$244,0),MATCH('面板-总览'!AJ$2,'面板-景气指数'!$36:$36,0)) -> 0.625 | AK56: =INDEX('面板-景气指数'!$37:$244,MATCH('面板-总览'!$AI56,'面板-景气指数'!$A$37:$A$244,0),MATCH('面板-总览'!AK$2,'面板-景气指数'!$36:$36,0)) -> 0.596 | AL56: =INDEX('面板-景气指数'!$37:$244,MATCH('面板-总览'!$AI56,'面板-景气指数'!$A$37:$A$244,0),MATCH('面板-总览'!AL$2,'面板-景气指数'!$36:$36,0)) -> 0.682 | AM56: =INDEX('面板-景气指数'!$37:$244,MATCH('面板-总览'!$AI56,'面板-景气指数'!$A$37:$A$244,0),MATCH('面板-总览'!AM$2,'面板-景气指数'!$36:$36,0)) -> 0.701 | AN56: =INDEX('面板-景气指数'!$37:$244,MATCH('面板-总览'!$AI56,'面板-景气指数'!$A$37:$A$244,0),MATCH('面板-总览'!AN$2,'面板-景气指数'!$36:$36,0)) -> 0.807 | AO56: =INDEX('面板-景气指数'!$37:$244,MATCH('面板-总览'!$AI56,'面板-景气指数'!$A$37:$A$244,0),MATCH('面板-总览'!AO$2,'面板-景气指数'!$36:$36,0)) -> 0.759 | AP56: =INDEX('面板-景气指数'!$37:$244,MATCH('面板-总览'!$AI56,'面板-景气指数'!$A$37:$A$244,0),MATCH('面板-总览'!AP$2,'面板-景气指数'!$36:$36,0)) -> 0.826 | AQ56: =INDEX('面板-景气指数'!$37:$244,MATCH('面板-总览'!$AI56,'面板-景气指数'!$A$37:$A$244,0),MATCH('面板-总览'!AQ$2,'面板-景气指数'!$36:$36,0)) -> 0.836 | ... AV56: =INDEX('面板-景气指数'!$37:$244,MATCH('面板-总览'!$AI56,'面板-景气指数'!$A$37:$A$244,0),MATCH('面板-总览'!AV$2,'面板-景气指数'!$36:$36,0)) -> 0.865 | AX56: =AV56-AS56 -> 0.01
R57: 白色家电 | S57: =INDEX('面板-景气指数'!$37:$244,MATCH('面板-总览'!$R57,'面板-景气指数'!$A$37:$A$244,0),MATCH('面板-总览'!S$2,'面板-景气指数'!$36:$36,0)) -> 0.64653356 | T57: =INDEX('面板-景气指数'!$37:$244,MATCH('面板-总览'!$R57,'面板-景气指数'!$A$37:$A$244,0),MATCH('面板-总览'!T$2,'面板-景气指数'!$36:$36,0)) -> 0.68165366 | U57: =INDEX('面板-景气指数'!$37:$244,MATCH('面板-总览'!$R57,'面板-景气指数'!$A$37:$A$244,0),MATCH('面板-总览'!U$2,'面板-景气指数'!$36:$36,0)) -> 0.75698761 | V57: =INDEX('面板-景气指数'!$37:$244,MATCH('面板-总览'!$R57,'面板-景气指数'!$A$37:$A$244,0),MATCH('面板-总览'!V$2,'面板-景气指数'!$36:$36,0)) -> 0.76667108 | W57: =INDEX('面板-景气指数'!$37:$244,MATCH('面板-总览'!$R57,'面板-景气指数'!$A$37:$A$244,0),MATCH('面板-总览'!W$2,'面板-景气指数'!$36:$36,0)) -> 0.75057799 | X57: =INDEX('面板-景气指数'!$37:$244,MATCH('面板-总览'!$R57,'面板-景气指数'!$A$37:$A$244,0),MATCH('面板-总览'!X$2,'面板-景气指数'!$36:$36,0)) -> 0.65062338 | Y57: =INDEX('面板-景气指数'!$37:$244,MATCH('面板-总览'!$R57,'面板-景气指数'!$A$37:$A$244,0),MATCH('面板-总览'!Y$2,'面板-景气指数'!$36:$36,0)) -> 0.69886127 | Z57: =INDEX('面板-景气指数'!$37:$244,MATCH('面板-总览'!$R57,'面板-景气指数'!$A$37:$A$244,0),MATCH('面板-总览'!Z$2,'面板-景气指数'!$36:$36,0)) -> 0.76087599 | ... AE57: =INDEX('面板-景气指数'!$37:$244,MATCH('面板-总览'!$R57,'面板-景气指数'!$A$37:$A$244,0),MATCH('面板-总览'!AE$2,'面板-景气指数'!$36:$36,0)) -> 0.6118622 | AG57: =AE57-AB57 -> -0.087133234 | AI57: 光学元件 | AJ57: =INDEX('面板-景气指数'!$37:$244,MATCH('面板-总览'!$AI57,'面板-景气指数'!$A$37:$A$244,0),MATCH('面板-总览'!AJ$2,'面板-景气指数'!$36:$36,0)) -> 0.408 | AK57: =INDEX('面板-景气指数'!$37:$244,MATCH('面板-总览'!$AI57,'面板-景气指数'!$A$37:$A$244,0),MATCH('面板-总览'!AK$2,'面板-景气指数'!$36:$36,0)) -> 0.4705 | AL57: =INDEX('面板-景气指数'!$37:$244,MATCH('面板-总览'!$AI57,'面板-景气指数'!$A$37:$A$244,0),MATCH('面板-总览'!AL$2,'面板-景气指数'!$36:$36,0)) -> 0.442 | AM57: =INDEX('面板-景气指数'!$37:$244,MATCH('面板-总览'!$AI57,'面板-景气指数'!$A$37:$A$244,0),MATCH('面板-总览'!AM$2,'面板-景气指数'!$36:$36,0)) -> 0.4655 | AN57: =INDEX('面板-景气指数'!$37:$244,MATCH('面板-总览'!$AI57,'面板-景气指数'!$A$37:$A$244,0),MATCH('面板-总览'!AN$2,'面板-景气指数'!$36:$36,0)) -> 0.456 | AO57: =INDEX('面板-景气指数'!$37:$244,MATCH('面板-总览'!$AI57,'面板-景气指数'!$A$37:$A$244,0),MATCH('面板-总览'!AO$2,'面板-景气指数'!$36:$36,0)) -> 0.5475 | AP57: =INDEX('面板-景气指数'!$37:$244,MATCH('面板-总览'!$AI57,'面板-景气指数'!$A$37:$A$244,0),MATCH('面板-总览'!AP$2,'面板-景气指数'!$36:$36,0)) -> 0.586 | AQ57: =INDEX('面板-景气指数'!$37:$244,MATCH('面板-总览'!$AI57,'面板-景气指数'!$A$37:$A$244,0),MATCH('面板-总览'!AQ$2,'面板-景气指数'!$36:$36,0)) -> 0.7495 | ... AV57: =INDEX('面板-景气指数'!$37:$244,MATCH('面板-总览'!$AI57,'面板-景气指数'!$A$37:$A$244,0),MATCH('面板-总览'!AV$2,'面板-景气指数'!$36:$36,0)) -> 0.6675 | AX57: =AV57-AS57 -> -0.092
R58: 黑色家电 | S58: =INDEX('面板-景气指数'!$37:$244,MATCH('面板-总览'!$R58,'面板-景气指数'!$A$37:$A$244,0),MATCH('面板-总览'!S$2,'面板-景气指数'!$36:$36,0)) -> 0.053 | T58: =INDEX('面板-景气指数'!$37:$244,MATCH('面板-总览'!$R58,'面板-景气指数'!$A$37:$A$244,0),MATCH('面板-总览'!T$2,'面板-景气指数'!$36:$36,0)) -> 0.258 | U58: =INDEX('面板-景气指数'!$37:$244,MATCH('面板-总览'!$R58,'面板-景气指数'!$A$37:$A$244,0),MATCH('面板-总览'!U$2,'面板-景气指数'!$36:$36,0)) -> 0.655 | V58: =INDEX('面板-景气指数'!$37:$244,MATCH('面板-总览'!$R58,'面板-景气指数'!$A$37:$A$244,0),MATCH('面板-总览'!V$2,'面板-景气指数'!$36:$36,0)) -> 0.623 | W58: =INDEX('面板-景气指数'!$37:$244,MATCH('面板-总览'!$R58,'面板-景气指数'!$A$37:$A$244,0),MATCH('面板-总览'!W$2,'面板-景气指数'!$36:$36,0)) -> 0.279 | X58: =INDEX('面板-景气指数'!$37:$244,MATCH('面板-总览'!$R58,'面板-景气指数'!$A$37:$A$244,0),MATCH('面板-总览'!X$2,'面板-景气指数'!$36:$36,0)) -> 0.397 | Y58: =INDEX('面板-景气指数'!$37:$244,MATCH('面板-总览'!$R58,'面板-景气指数'!$A$37:$A$244,0),MATCH('面板-总览'!Y$2,'面板-景气指数'!$36:$36,0)) -> 0.419 | Z58: =INDEX('面板-景气指数'!$37:$244,MATCH('面板-总览'!$R58,'面板-景气指数'!$A$37:$A$244,0),MATCH('面板-总览'!Z$2,'面板-景气指数'!$36:$36,0)) -> 0.569 | ... AE58: =INDEX('面板-景气指数'!$37:$244,MATCH('面板-总览'!$R58,'面板-景气指数'!$A$37:$A$244,0),MATCH('面板-总览'!AE$2,'面板-景气指数'!$36:$36,0)) -> 0.924 | AG58: =AE58-AB58 -> 0.118 | AI58: 消费电子零组件 | AJ58: =INDEX('面板-景气指数'!$37:$244,MATCH('面板-总览'!$AI58,'面板-景气指数'!$A$37:$A$244,0),MATCH('面板-总览'!AJ$2,'面板-景气指数'!$36:$36,0)) -> 0.14457143 | AK58: =INDEX('面板-景气指数'!$37:$244,MATCH('面板-总览'!$AI58,'面板-景气指数'!$A$37:$A$244,0),MATCH('面板-总览'!AK$2,'面板-景气指数'!$36:$36,0)) -> 0.18571429 | AL58: =INDEX('面板-景气指数'!$37:$244,MATCH('面板-总览'!$AI58,'面板-景气指数'!$A$37:$A$244,0),MATCH('面板-总览'!AL$2,'面板-景气指数'!$36:$36,0)) -> 0.31142857 | AM58: =INDEX('面板-景气指数'!$37:$244,MATCH('面板-总览'!$AI58,'面板-景气指数'!$A$37:$A$244,0),MATCH('面板-总览'!AM$2,'面板-景气指数'!$36:$36,0)) -> 0.37742857 | AN58: =INDEX('面板-景气指数'!$37:$244,MATCH('面板-总览'!$AI58,'面板-景气指数'!$A$37:$A$244,0),MATCH('面板-总览'!AN$2,'面板-景气指数'!$36:$36,0)) -> 0.46828571 | AO58: =INDEX('面板-景气指数'!$37:$244,MATCH('面板-总览'!$AI58,'面板-景气指数'!$A$37:$A$244,0),MATCH('面板-总览'!AO$2,'面板-景气指数'!$36:$36,0)) -> 0.56171429 | AP58: =INDEX('面板-景气指数'!$37:$244,MATCH('面板-总览'!$AI58,'面板-景气指数'!$A$37:$A$244,0),MATCH('面板-总览'!AP$2,'面板-景气指数'!$36:$36,0)) -> 0.61914286 | AQ58: =INDEX('面板-景气指数'!$37:$244,MATCH('面板-总览'!$AI58,'面板-景气指数'!$A$37:$A$244,0),MATCH('面板-总览'!AQ$2,'面板-景气指数'!$36:$36,0)) -> 0.66114286 | ... AV58: =INDEX('面板-景气指数'!$37:$244,MATCH('面板-总览'!$AI58,'面板-景气指数'!$A$37:$A$244,0),MATCH('面板-总览'!AV$2,'面板-景气指数'!$36:$36,0)) -> 0.84957143 | AX58: =AV58-AS58 -> 0.10714286
R59: 小家电 | S59: =INDEX('面板-景气指数'!$37:$244,MATCH('面板-总览'!$R59,'面板-景气指数'!$A$37:$A$244,0),MATCH('面板-总览'!S$2,'面板-景气指数'!$36:$36,0)) -> 0.419 | T59: =INDEX('面板-景气指数'!$37:$244,MATCH('面板-总览'!$R59,'面板-景气指数'!$A$37:$A$244,0),MATCH('面板-总览'!T$2,'面板-景气指数'!$36:$36,0)) -> 0.3755 | U59: =INDEX('面板-景气指数'!$37:$244,MATCH('面板-总览'!$R59,'面板-景气指数'!$A$37:$A$244,0),MATCH('面板-总览'!U$2,'面板-景气指数'!$36:$36,0)) -> 0.419 | V59: =INDEX('面板-景气指数'!$37:$244,MATCH('面板-总览'!$R59,'面板-景气指数'!$A$37:$A$244,0),MATCH('面板-总览'!V$2,'面板-景气指数'!$36:$36,0)) -> 0.301 | W59: =INDEX('面板-景气指数'!$37:$244,MATCH('面板-总览'!$R59,'面板-景气指数'!$A$37:$A$244,0),MATCH('面板-总览'!W$2,'面板-景气指数'!$36:$36,0)) -> 0.381 | X59: =INDEX('面板-景气指数'!$37:$244,MATCH('面板-总览'!$R59,'面板-景气指数'!$A$37:$A$244,0),MATCH('面板-总览'!X$2,'面板-景气指数'!$36:$36,0)) -> 0.4295 | Y59: =INDEX('面板-景气指数'!$37:$244,MATCH('面板-总览'!$R59,'面板-景气指数'!$A$37:$A$244,0),MATCH('面板-总览'!Y$2,'面板-景气指数'!$36:$36,0)) -> 0.322 | Z59: =INDEX('面板-景气指数'!$37:$244,MATCH('面板-总览'!$R59,'面板-景气指数'!$A$37:$A$244,0),MATCH('面板-总览'!Z$2,'面板-景气指数'!$36:$36,0)) -> 0.333 | ... AE59: =INDEX('面板-景气指数'!$37:$244,MATCH('面板-总览'!$R59,'面板-景气指数'!$A$37:$A$244,0),MATCH('面板-总览'!AE$2,'面板-景气指数'!$36:$36,0)) -> 0.2845 | AG59: =AE59-AB59 -> 0 | AI59: 品牌消费电子 | AJ59: =INDEX('面板-景气指数'!$37:$244,MATCH('面板-总览'!$AI59,'面板-景气指数'!$A$37:$A$244,0),MATCH('面板-总览'!AJ$2,'面板-景气指数'!$36:$36,0)) -> 0.52075 | AK59: =INDEX('面板-景气指数'!$37:$244,MATCH('面板-总览'!$AI59,'面板-景气指数'!$A$37:$A$244,0),MATCH('面板-总览'!AK$2,'面板-景气指数'!$36:$36,0)) -> 0.56325 | AL59: =INDEX('面板-景气指数'!$37:$244,MATCH('面板-总览'!$AI59,'面板-景气指数'!$A$37:$A$244,0),MATCH('面板-总览'!AL$2,'面板-景气指数'!$36:$36,0)) -> 0.5195 | AM59: =INDEX('面板-景气指数'!$37:$244,MATCH('面板-总览'!$AI59,'面板-景气指数'!$A$37:$A$244,0),MATCH('面板-总览'!AM$2,'面板-景气指数'!$36:$36,0)) -> 0.658 | AN59: =INDEX('面板-景气指数'!$37:$244,MATCH('面板-总览'!$AI59,'面板-景气指数'!$A$37:$A$244,0),MATCH('面板-总览'!AN$2,'面板-景气指数'!$36:$36,0)) -> 0.57875 | AO59: =INDEX('面板-景气指数'!$37:$244,MATCH('面板-总览'!$AI59,'面板-景气指数'!$A$37:$A$244,0),MATCH('面板-总览'!AO$2,'面板-景气指数'!$36:$36,0)) -> 0.48625 | AP59: =INDEX('面板-景气指数'!$37:$244,MATCH('面板-总览'!$AI59,'面板-景气指数'!$A$37:$A$244,0),MATCH('面板-总览'!AP$2,'面板-景气指数'!$36:$36,0)) -> 0.52625 | AQ59: =INDEX('面板-景气指数'!$37:$244,MATCH('面板-总览'!$AI59,'面板-景气指数'!$A$37:$A$244,0),MATCH('面板-总览'!AQ$2,'面板-景气指数'!$36:$36,0)) -> 0.604 | ... AV59: =INDEX('面板-景气指数'!$37:$244,MATCH('面板-总览'!$AI59,'面板-景气指数'!$A$37:$A$244,0),MATCH('面板-总览'!AV$2,'面板-景气指数'!$36:$36,0)) -> 0.67225 | AX59: =AV59-AS59 -> -0.01075
R60: 厨卫电器 | S60: =INDEX('面板-景气指数'!$37:$244,MATCH('面板-总览'!$R60,'面板-景气指数'!$A$37:$A$244,0),MATCH('面板-总览'!S$2,'面板-景气指数'!$36:$36,0)) -> 0.717 | T60: =INDEX('面板-景气指数'!$37:$244,MATCH('面板-总览'!$R60,'面板-景气指数'!$A$37:$A$244,0),MATCH('面板-总览'!T$2,'面板-景气指数'!$36:$36,0)) -> 0.84 | U60: =INDEX('面板-景气指数'!$37:$244,MATCH('面板-总览'!$R60,'面板-景气指数'!$A$37:$A$244,0),MATCH('面板-总览'!U$2,'面板-景气指数'!$36:$36,0)) -> 0.84 | V60: =INDEX('面板-景气指数'!$37:$244,MATCH('面板-总览'!$R60,'面板-景气指数'!$A$37:$A$244,0),MATCH('面板-总览'!V$2,'面板-景气指数'!$36:$36,0)) -> 0.949 | W60: =INDEX('面板-景气指数'!$37:$244,MATCH('面板-总览'!$R60,'面板-景气指数'!$A$37:$A$244,0),MATCH('面板-总览'!W$2,'面板-景气指数'!$36:$36,0)) -> 0.92 | X60: =INDEX('面板-景气指数'!$37:$244,MATCH('面板-总览'!$R60,'面板-景气指数'!$A$37:$A$244,0),MATCH('面板-总览'!X$2,'面板-景气指数'!$36:$36,0)) -> 0.7895 | Y60: =INDEX('面板-景气指数'!$37:$244,MATCH('面板-总览'!$R60,'面板-景气指数'!$A$37:$A$244,0),MATCH('面板-总览'!Y$2,'面板-景气指数'!$36:$36,0)) -> 0.7895 | Z60: =INDEX('面板-景气指数'!$37:$244,MATCH('面板-总览'!$R60,'面板-景气指数'!$A$37:$A$244,0),MATCH('面板-总览'!Z$2,'面板-景气指数'!$36:$36,0)) -> 0.7895 | ... AE60: =INDEX('面板-景气指数'!$37:$244,MATCH('面板-总览'!$R60,'面板-景气指数'!$A$37:$A$244,0),MATCH('面板-总览'!AE$2,'面板-景气指数'!$36:$36,0)) -> 0.7895 | AG60: =AE60-AB60 -> 0 | AI60: 原料药 | AJ60: =INDEX('面板-景气指数'!$37:$244,MATCH('面板-总览'!$AI60,'面板-景气指数'!$A$37:$A$244,0),MATCH('面板-总览'!AJ$2,'面板-景气指数'!$36:$36,0)) -> 0.4875 | AK60: =INDEX('面板-景气指数'!$37:$244,MATCH('面板-总览'!$AI60,'面板-景气指数'!$A$37:$A$244,0),MATCH('面板-总览'!AK$2,'面板-景气指数'!$36:$36,0)) -> 0.51875 | AL60: =INDEX('面板-景气指数'!$37:$244,MATCH('面板-总览'!$AI60,'面板-景气指数'!$A$37:$A$244,0),MATCH('面板-总览'!AL$2,'面板-景气指数'!$36:$36,0)) -> 0.49975 | AM60: =INDEX('面板-景气指数'!$37:$244,MATCH('面板-总览'!$AI60,'面板-景气指数'!$A$37:$A$244,0),MATCH('面板-总览'!AM$2,'面板-景气指数'!$36:$36,0)) -> 0.4995 | AN60: =INDEX('面板-景气指数'!$37:$244,MATCH('面板-总览'!$AI60,'面板-景气指数'!$A$37:$A$244,0),MATCH('面板-总览'!AN$2,'面板-景气指数'!$36:$36,0)) -> 0.5065 | AO60: =INDEX('面板-景气指数'!$37:$244,MATCH('面板-总览'!$AI60,'面板-景气指数'!$A$37:$A$244,0),MATCH('面板-总览'!AO$2,'面板-景气指数'!$36:$36,0)) -> 0.519 | AP60: =INDEX('面板-景气指数'!$37:$244,MATCH('面板-总览'!$AI60,'面板-景气指数'!$A$37:$A$244,0),MATCH('面板-总览'!AP$2,'面板-景气指数'!$36:$36,0)) -> 0.533 | AQ60: =INDEX('面板-景气指数'!$37:$244,MATCH('面板-总览'!$AI60,'面板-景气指数'!$A$37:$A$244,0),MATCH('面板-总览'!AQ$2,'面板-景气指数'!$36:$36,0)) -> 0.54275 | ... AV60: =INDEX('面板-景气指数'!$37:$244,MATCH('面板-总览'!$AI60,'面板-景气指数'!$A$37:$A$244,0),MATCH('面板-总览'!AV$2,'面板-景气指数'!$36:$36,0)) -> 0.72075 | AX60: =AV60-AS60 -> 0.05075
R61: 一般零售 | S61: =INDEX('面板-景气指数'!$37:$244,MATCH('面板-总览'!$R61,'面板-景气指数'!$A$37:$A$244,0),MATCH('面板-总览'!S$2,'面板-景气指数'!$36:$36,0)) -> 0.509 | T61: =INDEX('面板-景气指数'!$37:$244,MATCH('面板-总览'!$R61,'面板-景气指数'!$A$37:$A$244,0),MATCH('面板-总览'!T$2,'面板-景气指数'!$36:$36,0)) -> 0.519 | U61: =INDEX('面板-景气指数'!$37:$244,MATCH('面板-总览'!$R61,'面板-景气指数'!$A$37:$A$244,0),MATCH('面板-总览'!U$2,'面板-景气指数'!$36:$36,0)) -> 0.548 | V61: =INDEX('面板-景气指数'!$37:$244,MATCH('面板-总览'!$R61,'面板-景气指数'!$A$37:$A$244,0),MATCH('面板-总览'!V$2,'面板-景气指数'!$36:$36,0)) -> 0.567 | W61: =INDEX('面板-景气指数'!$37:$244,MATCH('面板-总览'!$R61,'面板-景气指数'!$A$37:$A$244,0),MATCH('面板-总览'!W$2,'面板-景气指数'!$36:$36,0)) -> 0.461 | X61: =INDEX('面板-景气指数'!$37:$244,MATCH('面板-总览'!$R61,'面板-景气指数'!$A$37:$A$244,0),MATCH('面板-总览'!X$2,'面板-景气指数'!$36:$36,0)) -> 0.413 | Y61: =INDEX('面板-景气指数'!$37:$244,MATCH('面板-总览'!$R61,'面板-景气指数'!$A$37:$A$244,0),MATCH('面板-总览'!Y$2,'面板-景气指数'!$36:$36,0)) -> 0.403 | Z61: =INDEX('面板-景气指数'!$37:$244,MATCH('面板-总览'!$R61,'面板-景气指数'!$A$37:$A$244,0),MATCH('面板-总览'!Z$2,'面板-景气指数'!$36:$36,0)) -> 0.375 | ... AE61: =INDEX('面板-景气指数'!$37:$244,MATCH('面板-总览'!$R61,'面板-景气指数'!$A$37:$A$244,0),MATCH('面板-总览'!AE$2,'面板-景气指数'!$36:$36,0)) -> 0.221 | AG61: =AE61-AB61 -> -0.086 | AI61: 化学制剂 | AJ61: =INDEX('面板-景气指数'!$37:$244,MATCH('面板-总览'!$AI61,'面板-景气指数'!$A$37:$A$244,0),MATCH('面板-总览'!AJ$2,'面板-景气指数'!$36:$36,0)) -> 0.4655 | AK61: =INDEX('面板-景气指数'!$37:$244,MATCH('面板-总览'!$AI61,'面板-景气指数'!$A$37:$A$244,0),MATCH('面板-总览'!AK$2,'面板-景气指数'!$36:$36,0)) -> 0.4755 | AL61: =INDEX('面板-景气指数'!$37:$244,MATCH('面板-总览'!$AI61,'面板-景气指数'!$A$37:$A$244,0),MATCH('面板-总览'!AL$2,'面板-景气指数'!$36:$36,0)) -> 0.3745 | AM61: =INDEX('面板-景气指数'!$37:$244,MATCH('面板-总览'!$AI61,'面板-景气指数'!$A$37:$A$244,0),MATCH('面板-总览'!AM$2,'面板-景气指数'!$36:$36,0)) -> 0.3215 | AN61: =INDEX('面板-景气指数'!$37:$244,MATCH('面板-总览'!$AI61,'面板-景气指数'!$A$37:$A$244,0),MATCH('面板-总览'!AN$2,'面板-景气指数'!$36:$36,0)) -> 0.2115 | AO61: =INDEX('面板-景气指数'!$37:$244,MATCH('面板-总览'!$AI61,'面板-景气指数'!$A$37:$A$244,0),MATCH('面板-总览'!AO$2,'面板-景气指数'!$36:$36,0)) -> 0.1725 | AP61: =INDEX('面板-景气指数'!$37:$244,MATCH('面板-总览'!$AI61,'面板-景气指数'!$A$37:$A$244,0),MATCH('面板-总览'!AP$2,'面板-景气指数'!$36:$36,0)) -> 0.1535 | AQ61: =INDEX('面板-景气指数'!$37:$244,MATCH('面板-总览'!$AI61,'面板-景气指数'!$A$37:$A$244,0),MATCH('面板-总览'!AQ$2,'面板-景气指数'!$36:$36,0)) -> 0.25 | ... AV61: =INDEX('面板-景气指数'!$37:$244,MATCH('面板-总览'!$AI61,'面板-景气指数'!$A$37:$A$244,0),MATCH('面板-总览'!AV$2,'面板-景气指数'!$36:$36,0)) -> 0.168 | AX61: =AV61-AS61 -> -0.024
R62: 旅游零售 | S62: =INDEX('面板-景气指数'!$37:$244,MATCH('面板-总览'!$R62,'面板-景气指数'!$A$37:$A$244,0),MATCH('面板-总览'!S$2,'面板-景气指数'!$36:$36,0)) -> 0.92133333 | T62: =INDEX('面板-景气指数'!$37:$244,MATCH('面板-总览'!$R62,'面板-景气指数'!$A$37:$A$244,0),MATCH('面板-总览'!T$2,'面板-景气指数'!$36:$36,0)) -> 0.85966667 | U62: =INDEX('面板-景气指数'!$37:$244,MATCH('面板-总览'!$R62,'面板-景气指数'!$A$37:$A$244,0),MATCH('面板-总览'!U$2,'面板-景气指数'!$36:$36,0)) -> 0.75466667 | V62: =INDEX('面板-景气指数'!$37:$244,MATCH('面板-总览'!$R62,'面板-景气指数'!$A$37:$A$244,0),MATCH('面板-总览'!V$2,'面板-景气指数'!$36:$36,0)) -> 0.678 | W62: =INDEX('面板-景气指数'!$37:$244,MATCH('面板-总览'!$R62,'面板-景气指数'!$A$37:$A$244,0),MATCH('面板-总览'!W$2,'面板-景气指数'!$36:$36,0)) -> 0.66933333 | X62: =INDEX('面板-景气指数'!$37:$244,MATCH('面板-总览'!$R62,'面板-景气指数'!$A$37:$A$244,0),MATCH('面板-总览'!X$2,'面板-景气指数'!$36:$36,0)) -> 0.488 | Y62: =INDEX('面板-景气指数'!$37:$244,MATCH('面板-总览'!$R62,'面板-景气指数'!$A$37:$A$244,0),MATCH('面板-总览'!Y$2,'面板-景气指数'!$36:$36,0)) -> 0.354 | Z62: =INDEX('面板-景气指数'!$37:$244,MATCH('面板-总览'!$R62,'面板-景气指数'!$A$37:$A$244,0),MATCH('面板-总览'!Z$2,'面板-景气指数'!$36:$36,0)) -> 0.24833333 | ... AE62: =INDEX('面板-景气指数'!$37:$244,MATCH('面板-总览'!$R62,'面板-景气指数'!$A$37:$A$244,0),MATCH('面板-总览'!AE$2,'面板-景气指数'!$36:$36,0)) -> 0.23633333 | AG62: =AE62-AB62 -> 0.026 | AI62: 医院 | AJ62: =INDEX('面板-景气指数'!$37:$244,MATCH('面板-总览'!$AI62,'面板-景气指数'!$A$37:$A$244,0),MATCH('面板-总览'!AJ$2,'面板-景气指数'!$36:$36,0)) -> 0.67666667 | AK62: =INDEX('面板-景气指数'!$37:$244,MATCH('面板-总览'!$AI62,'面板-景气指数'!$A$37:$A$244,0),MATCH('面板-总览'!AK$2,'面板-景气指数'!$36:$36,0)) -> 0.71466667 | AL62: =INDEX('面板-景气指数'!$37:$244,MATCH('面板-总览'!$AI62,'面板-景气指数'!$A$37:$A$244,0),MATCH('面板-总览'!AL$2,'面板-景气指数'!$36:$36,0)) -> 0.71533333 | AM62: =INDEX('面板-景气指数'!$37:$244,MATCH('面板-总览'!$AI62,'面板-景气指数'!$A$37:$A$244,0),MATCH('面板-总览'!AM$2,'面板-景气指数'!$36:$36,0)) -> 0.713 | AN62: =INDEX('面板-景气指数'!$37:$244,MATCH('面板-总览'!$AI62,'面板-景气指数'!$A$37:$A$244,0),MATCH('面板-总览'!AN$2,'面板-景气指数'!$36:$36,0)) -> 0.57233333 | AO62: =INDEX('面板-景气指数'!$37:$244,MATCH('面板-总览'!$AI62,'面板-景气指数'!$A$37:$A$244,0),MATCH('面板-总览'!AO$2,'面板-景气指数'!$36:$36,0)) -> 0.452 | AP62: =INDEX('面板-景气指数'!$37:$244,MATCH('面板-总览'!$AI62,'面板-景气指数'!$A$37:$A$244,0),MATCH('面板-总览'!AP$2,'面板-景气指数'!$36:$36,0)) -> 0.11966667 | AQ62: =INDEX('面板-景气指数'!$37:$244,MATCH('面板-总览'!$AI62,'面板-景气指数'!$A$37:$A$244,0),MATCH('面板-总览'!AQ$2,'面板-景气指数'!$36:$36,0)) -> 0.059 | ... AV62: =INDEX('面板-景气指数'!$37:$244,MATCH('面板-总览'!$AI62,'面板-景气指数'!$A$37:$A$244,0),MATCH('面板-总览'!AV$2,'面板-景气指数'!$36:$36,0)) -> 0.059 | AX62: =AV62-AS62 -> 0
R63: 酒店餐饮 | S63: =INDEX('面板-景气指数'!$37:$244,MATCH('面板-总览'!$R63,'面板-景气指数'!$A$37:$A$244,0),MATCH('面板-总览'!S$2,'面板-景气指数'!$36:$36,0)) -> 0.71533333 | T63: =INDEX('面板-景气指数'!$37:$244,MATCH('面板-总览'!$R63,'面板-景气指数'!$A$37:$A$244,0),MATCH('面板-总览'!T$2,'面板-景气指数'!$36:$36,0)) -> 0.75633333 | U63: =INDEX('面板-景气指数'!$37:$244,MATCH('面板-总览'!$R63,'面板-景气指数'!$A$37:$A$244,0),MATCH('面板-总览'!U$2,'面板-景气指数'!$36:$36,0)) -> 0.769 | V63: =INDEX('面板-景气指数'!$37:$244,MATCH('面板-总览'!$R63,'面板-景气指数'!$A$37:$A$244,0),MATCH('面板-总览'!V$2,'面板-景气指数'!$36:$36,0)) -> 0.782 | W63: =INDEX('面板-景气指数'!$37:$244,MATCH('面板-总览'!$R63,'面板-景气指数'!$A$37:$A$244,0),MATCH('面板-总览'!W$2,'面板-景气指数'!$36:$36,0)) -> 0.75933333 | X63: =INDEX('面板-景气指数'!$37:$244,MATCH('面板-总览'!$R63,'面板-景气指数'!$A$37:$A$244,0),MATCH('面板-总览'!X$2,'面板-景气指数'!$36:$36,0)) -> 0.737 | Y63: =INDEX('面板-景气指数'!$37:$244,MATCH('面板-总览'!$R63,'面板-景气指数'!$A$37:$A$244,0),MATCH('面板-总览'!Y$2,'面板-景气指数'!$36:$36,0)) -> 0.71766667 | Z63: =INDEX('面板-景气指数'!$37:$244,MATCH('面板-总览'!$R63,'面板-景气指数'!$A$37:$A$244,0),MATCH('面板-总览'!Z$2,'面板-景气指数'!$36:$36,0)) -> 0.57366667 | ... AE63: =INDEX('面板-景气指数'!$37:$244,MATCH('面板-总览'!$R63,'面板-景气指数'!$A$37:$A$244,0),MATCH('面板-总览'!AE$2,'面板-景气指数'!$36:$36,0)) -> 0.564 | AG63: =AE63-AB63 -> -0.0033333333 | AI63: 医疗研发外包 | AJ63: =INDEX('面板-景气指数'!$37:$244,MATCH('面板-总览'!$AI63,'面板-景气指数'!$A$37:$A$244,0),MATCH('面板-总览'!AJ$2,'面板-景气指数'!$36:$36,0)) -> 0.428 | AK63: =INDEX('面板-景气指数'!$37:$244,MATCH('面板-总览'!$AI63,'面板-景气指数'!$A$37:$A$244,0),MATCH('面板-总览'!AK$2,'面板-景气指数'!$36:$36,0)) -> 0.632 | AL63: =INDEX('面板-景气指数'!$37:$244,MATCH('面板-总览'!$AI63,'面板-景气指数'!$A$37:$A$244,0),MATCH('面板-总览'!AL$2,'面板-景气指数'!$36:$36,0)) -> 0.899 | AM63: =INDEX('面板-景气指数'!$37:$244,MATCH('面板-总览'!$AI63,'面板-景气指数'!$A$37:$A$244,0),MATCH('面板-总览'!AM$2,'面板-景气指数'!$36:$36,0)) -> 0.8185 | AN63: =INDEX('面板-景气指数'!$37:$244,MATCH('面板-总览'!$AI63,'面板-景气指数'!$A$37:$A$244,0),MATCH('面板-总览'!AN$2,'面板-景气指数'!$36:$36,0)) -> 0.6385 | AO63: =INDEX('面板-景气指数'!$37:$244,MATCH('面板-总览'!$AI63,'面板-景气指数'!$A$37:$A$244,0),MATCH('面板-总览'!AO$2,'面板-景气指数'!$36:$36,0)) -> 0.1285 | AP63: =INDEX('面板-景气指数'!$37:$244,MATCH('面板-总览'!$AI63,'面板-景气指数'!$A$37:$A$244,0),MATCH('面板-总览'!AP$2,'面板-景气指数'!$36:$36,0)) -> 0.197 | AQ63: =INDEX('面板-景气指数'!$37:$244,MATCH('面板-总览'!$AI63,'面板-景气指数'!$A$37:$A$244,0),MATCH('面板-总览'!AQ$2,'面板-景气指数'!$36:$36,0)) -> 0.2215 | ... AV63: =INDEX('面板-景气指数'!$37:$244,MATCH('面板-总览'!$AI63,'面板-景气指数'!$A$37:$A$244,0),MATCH('面板-总览'!AV$2,'面板-景气指数'!$36:$36,0)) -> 0.2805 | AX63: =AV63-AS63 -> 0.106
R64: 旅游及景区 | S64: =INDEX('面板-景气指数'!$37:$244,MATCH('面板-总览'!$R64,'面板-景气指数'!$A$37:$A$244,0),MATCH('面板-总览'!S$2,'面板-景气指数'!$36:$36,0)) -> 0.9515 | T64: =INDEX('面板-景气指数'!$37:$244,MATCH('面板-总览'!$R64,'面板-景气指数'!$A$37:$A$244,0),MATCH('面板-总览'!T$2,'面板-景气指数'!$36:$36,0)) -> 0.942 | U64: =INDEX('面板-景气指数'!$37:$244,MATCH('面板-总览'!$R64,'面板-景气指数'!$A$37:$A$244,0),MATCH('面板-总览'!U$2,'面板-景气指数'!$36:$36,0)) -> 0.9225 | V64: =INDEX('面板-景气指数'!$37:$244,MATCH('面板-总览'!$R64,'面板-景气指数'!$A$37:$A$244,0),MATCH('面板-总览'!V$2,'面板-景气指数'!$36:$36,0)) -> 0.884 | W64: =INDEX('面板-景气指数'!$37:$244,MATCH('面板-总览'!$R64,'面板-景气指数'!$A$37:$A$244,0),MATCH('面板-总览'!W$2,'面板-景气指数'!$36:$36,0)) -> 0.8455 | X64: =INDEX('面板-景气指数'!$37:$244,MATCH('面板-总览'!$R64,'面板-景气指数'!$A$37:$A$244,0),MATCH('面板-总览'!X$2,'面板-景气指数'!$36:$36,0)) -> 0.759 | Y64: =INDEX('面板-景气指数'!$37:$244,MATCH('面板-总览'!$R64,'面板-景气指数'!$A$37:$A$244,0),MATCH('面板-总览'!Y$2,'面板-景气指数'!$36:$36,0)) -> 0.793 | Z64: =INDEX('面板-景气指数'!$37:$244,MATCH('面板-总览'!$R64,'面板-景气指数'!$A$37:$A$244,0),MATCH('面板-总览'!Z$2,'面板-景气指数'!$36:$36,0)) -> 0.639 | ... AE64: =INDEX('面板-景气指数'!$37:$244,MATCH('面板-总览'!$R64,'面板-景气指数'!$A$37:$A$244,0),MATCH('面板-总览'!AE$2,'面板-景气指数'!$36:$36,0)) -> 0.639 | AG64: =AE64-AB64 -> 0 | AI64: 快递 | AJ64: =INDEX('面板-景气指数'!$37:$244,MATCH('面板-总览'!$AI64,'面板-景气指数'!$A$37:$A$244,0),MATCH('面板-总览'!AJ$2,'面板-景气指数'!$36:$36,0)) -> 0.345 | AK64: =INDEX('面板-景气指数'!$37:$244,MATCH('面板-总览'!$AI64,'面板-景气指数'!$A$37:$A$244,0),MATCH('面板-总览'!AK$2,'面板-景气指数'!$36:$36,0)) -> 0.313 | AL64: =INDEX('面板-景气指数'!$37:$244,MATCH('面板-总览'!$AI64,'面板-景气指数'!$A$37:$A$244,0),MATCH('面板-总览'!AL$2,'面板-景气指数'!$36:$36,0)) -> 0.233 | AM64: =INDEX('面板-景气指数'!$37:$244,MATCH('面板-总览'!$AI64,'面板-景气指数'!$A$37:$A$244,0),MATCH('面板-总览'!AM$2,'面板-景气指数'!$36:$36,0)) -> 0.272 | AN64: =INDEX('面板-景气指数'!$37:$244,MATCH('面板-总览'!$AI64,'面板-景气指数'!$A$37:$A$244,0),MATCH('面板-总览'!AN$2,'面板-景气指数'!$36:$36,0)) -> 0.3915 | AO64: =INDEX('面板-景气指数'!$37:$244,MATCH('面板-总览'!$AI64,'面板-景气指数'!$A$37:$A$244,0),MATCH('面板-总览'!AO$2,'面板-景气指数'!$36:$36,0)) -> 0.4345 | AP64: =INDEX('面板-景气指数'!$37:$244,MATCH('面板-总览'!$AI64,'面板-景气指数'!$A$37:$A$244,0),MATCH('面板-总览'!AP$2,'面板-景气指数'!$36:$36,0)) -> 0.322 | AQ64: =INDEX('面板-景气指数'!$37:$244,MATCH('面板-总览'!$AI64,'面板-景气指数'!$A$37:$A$244,0),MATCH('面板-总览'!AQ$2,'面板-景气指数'!$36:$36,0)) -> 0.2275 | ... AV64: =INDEX('面板-景气指数'!$37:$244,MATCH('面板-总览'!$AI64,'面板-景气指数'!$A$37:$A$244,0),MATCH('面板-总览'!AV$2,'面板-景气指数'!$36:$36,0)) -> 0.1855 | AX64: =AV64-AS64 -> -0.0065
... R71: 化妆品 | S71: =INDEX('面板-景气指数'!$37:$244,MATCH('面板-总览'!$R71,'面板-景气指数'!$A$37:$A$244,0),MATCH('面板-总览'!S$2,'面板-景气指数'!$36:$36,0)) -> 0.269 | T71: =INDEX('面板-景气指数'!$37:$244,MATCH('面板-总览'!$R71,'面板-景气指数'!$A$37:$A$244,0),MATCH('面板-总览'!T$2,'面板-景气指数'!$36:$36,0)) -> 0.163 | U71: =INDEX('面板-景气指数'!$37:$244,MATCH('面板-总览'!$R71,'面板-景气指数'!$A$37:$A$244,0),MATCH('面板-总览'!U$2,'面板-景气指数'!$36:$36,0)) -> 0.23 | V71: =INDEX('面板-景气指数'!$37:$244,MATCH('面板-总览'!$R71,'面板-景气指数'!$A$37:$A$244,0),MATCH('面板-总览'!V$2,'面板-景气指数'!$36:$36,0)) -> 0.307 | W71: =INDEX('面板-景气指数'!$37:$244,MATCH('面板-总览'!$R71,'面板-景气指数'!$A$37:$A$244,0),MATCH('面板-总览'!W$2,'面板-景气指数'!$36:$36,0)) -> 0.5 | X71: =INDEX('面板-景气指数'!$37:$244,MATCH('面板-总览'!$R71,'面板-景气指数'!$A$37:$A$244,0),MATCH('面板-总览'!X$2,'面板-景气指数'!$36:$36,0)) -> 0.307 | Y71: =INDEX('面板-景气指数'!$37:$244,MATCH('面板-总览'!$R71,'面板-景气指数'!$A$37:$A$244,0),MATCH('面板-总览'!Y$2,'面板-景气指数'!$36:$36,0)) -> 0.201 | Z71: =INDEX('面板-景气指数'!$37:$244,MATCH('面板-总览'!$R71,'面板-景气指数'!$A$37:$A$244,0),MATCH('面板-总览'!Z$2,'面板-景气指数'!$36:$36,0)) -> 0.375 | ... AE71: =INDEX('面板-景气指数'!$37:$244,MATCH('面板-总览'!$R71,'面板-景气指数'!$A$37:$A$244,0),MATCH('面板-总览'!AE$2,'面板-景气指数'!$36:$36,0)) -> 0.086 | AG71: =AE71-AB71 -> -0.067 | AI71: 光伏发电 | AJ71: =INDEX('面板-景气指数'!$37:$244,MATCH('面板-总览'!$AI71,'面板-景气指数'!$A$37:$A$244,0),MATCH('面板-总览'!AJ$2,'面板-景气指数'!$36:$36,0)) -> 0.283 | AK71: =INDEX('面板-景气指数'!$37:$244,MATCH('面板-总览'!$AI71,'面板-景气指数'!$A$37:$A$244,0),MATCH('面板-总览'!AK$2,'面板-景气指数'!$36:$36,0)) -> 0.3645 | AL71: =INDEX('面板-景气指数'!$37:$244,MATCH('面板-总览'!$AI71,'面板-景气指数'!$A$37:$A$244,0),MATCH('面板-总览'!AL$2,'面板-景气指数'!$36:$36,0)) -> 0.4265 | AM71: =INDEX('面板-景气指数'!$37:$244,MATCH('面板-总览'!$AI71,'面板-景气指数'!$A$37:$A$244,0),MATCH('面板-总览'!AM$2,'面板-景气指数'!$36:$36,0)) -> 0.444 | AN71: =INDEX('面板-景气指数'!$37:$244,MATCH('面板-总览'!$AI71,'面板-景气指数'!$A$37:$A$244,0),MATCH('面板-总览'!AN$2,'面板-景气指数'!$36:$36,0)) -> 0.044 | AO71: =INDEX('面板-景气指数'!$37:$244,MATCH('面板-总览'!$AI71,'面板-景气指数'!$A$37:$A$244,0),MATCH('面板-总览'!AO$2,'面板-景气指数'!$36:$36,0)) -> 0.019 | AP71: =INDEX('面板-景气指数'!$37:$244,MATCH('面板-总览'!$AI71,'面板-景气指数'!$A$37:$A$244,0),MATCH('面板-总览'!AP$2,'面板-景气指数'!$36:$36,0)) -> 0.0165 | AQ71: =INDEX('面板-景气指数'!$37:$244,MATCH('面板-总览'!$AI71,'面板-景气指数'!$A$37:$A$244,0),MATCH('面板-总览'!AQ$2,'面板-景气指数'!$36:$36,0)) -> 0.3365 | ... AV71: =INDEX('面板-景气指数'!$37:$244,MATCH('面板-总览'!$AI71,'面板-景气指数'!$A$37:$A$244,0),MATCH('面板-总览'!AV$2,'面板-景气指数'!$36:$36,0)) -> 0.4465 | AX71: =AV71-AS71 -> 0.054
R72: 个护用品 | S72: =INDEX('面板-景气指数'!$37:$244,MATCH('面板-总览'!$R72,'面板-景气指数'!$A$37:$A$244,0),MATCH('面板-总览'!S$2,'面板-景气指数'!$36:$36,0)) -> 0.1445 | T72: =INDEX('面板-景气指数'!$37:$244,MATCH('面板-总览'!$R72,'面板-景气指数'!$A$37:$A$244,0),MATCH('面板-总览'!T$2,'面板-景气指数'!$36:$36,0)) -> 0.1705 | U72: =INDEX('面板-景气指数'!$37:$244,MATCH('面板-总览'!$R72,'面板-景气指数'!$A$37:$A$244,0),MATCH('面板-总览'!U$2,'面板-景气指数'!$36:$36,0)) -> 0.1335 | V72: =INDEX('面板-景气指数'!$37:$244,MATCH('面板-总览'!$R72,'面板-景气指数'!$A$37:$A$244,0),MATCH('面板-总览'!V$2,'面板-景气指数'!$36:$36,0)) -> 0.217 | W72: =INDEX('面板-景气指数'!$37:$244,MATCH('面板-总览'!$R72,'面板-景气指数'!$A$37:$A$244,0),MATCH('面板-总览'!W$2,'面板-景气指数'!$36:$36,0)) -> 0.1075 | X72: =INDEX('面板-景气指数'!$37:$244,MATCH('面板-总览'!$R72,'面板-景气指数'!$A$37:$A$244,0),MATCH('面板-总览'!X$2,'面板-景气指数'!$36:$36,0)) -> 0.1315 | Y72: =INDEX('面板-景气指数'!$37:$244,MATCH('面板-总览'!$R72,'面板-景气指数'!$A$37:$A$244,0),MATCH('面板-总览'!Y$2,'面板-景气指数'!$36:$36,0)) -> 0.199 | Z72: =INDEX('面板-景气指数'!$37:$244,MATCH('面板-总览'!$R72,'面板-景气指数'!$A$37:$A$244,0),MATCH('面板-总览'!Z$2,'面板-景气指数'!$36:$36,0)) -> 0.247 | ... AE72: =INDEX('面板-景气指数'!$37:$244,MATCH('面板-总览'!$R72,'面板-景气指数'!$A$37:$A$244,0),MATCH('面板-总览'!AE$2,'面板-景气指数'!$36:$36,0)) -> 0.175 | AG72: =AE72-AB72 -> -0.043
R73: 医疗美容 | S73: =INDEX('面板-景气指数'!$37:$244,MATCH('面板-总览'!$R73,'面板-景气指数'!$A$37:$A$244,0),MATCH('面板-总览'!S$2,'面板-景气指数'!$36:$36,0)) -> 0.454 | T73: =INDEX('面板-景气指数'!$37:$244,MATCH('面板-总览'!$R73,'面板-景气指数'!$A$37:$A$244,0),MATCH('面板-总览'!T$2,'面板-景气指数'!$36:$36,0)) -> 0.34666667 | U73: =INDEX('面板-景气指数'!$37:$244,MATCH('面板-总览'!$R73,'面板-景气指数'!$A$37:$A$244,0),MATCH('面板-总览'!U$2,'面板-景气指数'!$36:$36,0)) -> 0.28366667 | V73: =INDEX('面板-景气指数'!$37:$244,MATCH('面板-总览'!$R73,'面板-景气指数'!$A$37:$A$244,0),MATCH('面板-总览'!V$2,'面板-景气指数'!$36:$36,0)) -> 0.20283333 | W73: =INDEX('面板-景气指数'!$37:$244,MATCH('面板-总览'!$R73,'面板-景气指数'!$A$37:$A$244,0),MATCH('面板-总览'!W$2,'面板-景气指数'!$36:$36,0)) -> 0.16833333 | X73: =INDEX('面板-景气指数'!$37:$244,MATCH('面板-总览'!$R73,'面板-景气指数'!$A$37:$A$244,0),MATCH('面板-总览'!X$2,'面板-景气指数'!$36:$36,0)) -> 0.14283333 | Y73: =INDEX('面板-景气指数'!$37:$244,MATCH('面板-总览'!$R73,'面板-景气指数'!$A$37:$A$244,0),MATCH('面板-总览'!Y$2,'面板-景气指数'!$36:$36,0)) -> 0.087 | Z73: =INDEX('面板-景气指数'!$37:$244,MATCH('面板-总览'!$R73,'面板-景气指数'!$A$37:$A$244,0),MATCH('面板-总览'!Z$2,'面板-景气指数'!$36:$36,0)) -> 0.1005 | ... AE73: =INDEX('面板-景气指数'!$37:$244,MATCH('面板-总览'!$R73,'面板-景气指数'!$A$37:$A$244,0),MATCH('面板-总览'!AE$2,'面板-景气指数'!$36:$36,0)) -> 0.11316667 | AG73: =AE73-AB73 -> 0
R74: 养殖业 | S74: =INDEX('面板-景气指数'!$37:$244,MATCH('面板-总览'!$R74,'面板-景气指数'!$A$37:$A$244,0),MATCH('面板-总览'!S$2,'面板-景气指数'!$36:$36,0)) -> 0.2888 | T74: =INDEX('面板-景气指数'!$37:$244,MATCH('面板-总览'!$R74,'面板-景气指数'!$A$37:$A$244,0),MATCH('面板-总览'!T$2,'面板-景气指数'!$36:$36,0)) -> 0.2362 | U74: =INDEX('面板-景气指数'!$37:$244,MATCH('面板-总览'!$R74,'面板-景气指数'!$A$37:$A$244,0),MATCH('面板-总览'!U$2,'面板-景气指数'!$36:$36,0)) -> 0.21 | V74: =INDEX('面板-景气指数'!$37:$244,MATCH('面板-总览'!$R74,'面板-景气指数'!$A$37:$A$244,0),MATCH('面板-总览'!V$2,'面板-景气指数'!$36:$36,0)) -> 0.2178 | W74: =INDEX('面板-景气指数'!$37:$244,MATCH('面板-总览'!$R74,'面板-景气指数'!$A$37:$A$244,0),MATCH('面板-总览'!W$2,'面板-景气指数'!$36:$36,0)) -> 0.2562 | X74: =INDEX('面板-景气指数'!$37:$244,MATCH('面板-总览'!$R74,'面板-景气指数'!$A$37:$A$244,0),MATCH('面板-总览'!X$2,'面板-景气指数'!$36:$36,0)) -> 0.2715 | Y74: =INDEX('面板-景气指数'!$37:$244,MATCH('面板-总览'!$R74,'面板-景气指数'!$A$37:$A$244,0),MATCH('面板-总览'!Y$2,'面板-景气指数'!$36:$36,0)) -> 0.2727 | Z74: =INDEX('面板-景气指数'!$37:$244,MATCH('面板-总览'!$R74,'面板-景气指数'!$A$37:$A$244,0),MATCH('面板-总览'!Z$2,'面板-景气指数'!$36:$36,0)) -> 0.2926 | ... AE74: =INDEX('面板-景气指数'!$37:$244,MATCH('面板-总览'!$R74,'面板-景气指数'!$A$37:$A$244,0),MATCH('面板-总览'!AE$2,'面板-景气指数'!$36:$36,0)) -> 0.5745 | AG74: =AE74-AB74 -> 0.1358
R75: 动物保健 | S75: =INDEX('面板-景气指数'!$37:$244,MATCH('面板-总览'!$R75,'面板-景气指数'!$A$37:$A$244,0),MATCH('面板-总览'!S$2,'面板-景气指数'!$36:$36,0)) -> 0.259 | T75: =INDEX('面板-景气指数'!$37:$244,MATCH('面板-总览'!$R75,'面板-景气指数'!$A$37:$A$244,0),MATCH('面板-总览'!T$2,'面板-景气指数'!$36:$36,0)) -> 0.23 | U75: =INDEX('面板-景气指数'!$37:$244,MATCH('面板-总览'!$R75,'面板-景气指数'!$A$37:$A$244,0),MATCH('面板-总览'!U$2,'面板-景气指数'!$36:$36,0)) -> 0.144 | V75: =INDEX('面板-景气指数'!$37:$244,MATCH('面板-总览'!$R75,'面板-景气指数'!$A$37:$A$244,0),MATCH('面板-总览'!V$2,'面板-景气指数'!$36:$36,0)) -> 0.173 | W75: =INDEX('面板-景气指数'!$37:$244,MATCH('面板-总览'!$R75,'面板-景气指数'!$A$37:$A$244,0),MATCH('面板-总览'!W$2,'面板-景气指数'!$36:$36,0)) -> 0.201 | X75: =INDEX('面板-景气指数'!$37:$244,MATCH('面板-总览'!$R75,'面板-景气指数'!$A$37:$A$244,0),MATCH('面板-总览'!X$2,'面板-景气指数'!$36:$36,0)) -> 0.307 | Y75: =INDEX('面板-景气指数'!$37:$244,MATCH('面板-总览'!$R75,'面板-景气指数'!$A$37:$A$244,0),MATCH('面板-总览'!Y$2,'面板-景气指数'!$36:$36,0)) -> 0.326 | Z75: =INDEX('面板-景气指数'!$37:$244,MATCH('面板-总览'!$R75,'面板-景气指数'!$A$37:$A$244,0),MATCH('面板-总览'!Z$2,'面板-景气指数'!$36:$36,0)) -> 0.355 | ... AE75: =INDEX('面板-景气指数'!$37:$244,MATCH('面板-总览'!$R75,'面板-景气指数'!$A$37:$A$244,0),MATCH('面板-总览'!AE$2,'面板-景气指数'!$36:$36,0)) -> 0.836 | AG75: =AE75-AB75 -> 0.394
R76: 饲料 | S76: =INDEX('面板-景气指数'!$37:$244,MATCH('面板-总览'!$R76,'面板-景气指数'!$A$37:$A$244,0),MATCH('面板-总览'!S$2,'面板-景气指数'!$36:$36,0)) -> 0.307 | T76: =INDEX('面板-景气指数'!$37:$244,MATCH('面板-总览'!$R76,'面板-景气指数'!$A$37:$A$244,0),MATCH('面板-总览'!T$2,'面板-景气指数'!$36:$36,0)) -> 0.115 | U76: =INDEX('面板-景气指数'!$37:$244,MATCH('面板-总览'!$R76,'面板-景气指数'!$A$37:$A$244,0),MATCH('面板-总览'!U$2,'面板-景气指数'!$36:$36,0)) -> 0.057 | V76: =INDEX('面板-景气指数'!$37:$244,MATCH('面板-总览'!$R76,'面板-景气指数'!$A$37:$A$244,0),MATCH('面板-总览'!V$2,'面板-景气指数'!$36:$36,0)) -> 0.028 | W76: =INDEX('面板-景气指数'!$37:$244,MATCH('面板-总览'!$R76,'面板-景气指数'!$A$37:$A$244,0),MATCH('面板-总览'!W$2,'面板-景气指数'!$36:$36,0)) -> 0.019 | X76: =INDEX('面板-景气指数'!$37:$244,MATCH('面板-总览'!$R76,'面板-景气指数'!$A$37:$A$244,0),MATCH('面板-总览'!X$2,'面板-景气指数'!$36:$36,0)) -> 0.048 | Y76: =INDEX('面板-景气指数'!$37:$244,MATCH('面板-总览'!$R76,'面板-景气指数'!$A$37:$A$244,0),MATCH('面板-总览'!Y$2,'面板-景气指数'!$36:$36,0)) -> 0.076 | Z76: =INDEX('面板-景气指数'!$37:$244,MATCH('面板-总览'!$R76,'面板-景气指数'!$A$37:$A$244,0),MATCH('面板-总览'!Z$2,'面板-景气指数'!$36:$36,0)) -> 0.125 | ... AE76: =INDEX('面板-景气指数'!$37:$244,MATCH('面板-总览'!$R76,'面板-景气指数'!$A$37:$A$244,0),MATCH('面板-总览'!AE$2,'面板-景气指数'!$36:$36,0)) -> 0 | AG76: =AE76-AB76 -> -0.086
R77: 农产品加工 | S77: =INDEX('面板-景气指数'!$37:$244,MATCH('面板-总览'!$R77,'面板-景气指数'!$A$37:$A$244,0),MATCH('面板-总览'!S$2,'面板-景气指数'!$36:$36,0)) -> 0.08286328 | T77: =INDEX('面板-景气指数'!$37:$244,MATCH('面板-总览'!$R77,'面板-景气指数'!$A$37:$A$244,0),MATCH('面板-总览'!T$2,'面板-景气指数'!$36:$36,0)) -> 0.10818101 | U77: =INDEX('面板-景气指数'!$37:$244,MATCH('面板-总览'!$R77,'面板-景气指数'!$A$37:$A$244,0),MATCH('面板-总览'!U$2,'面板-景气指数'!$36:$36,0)) -> 0.11174447 | V77: =INDEX('面板-景气指数'!$37:$244,MATCH('面板-总览'!$R77,'面板-景气指数'!$A$37:$A$244,0),MATCH('面板-总览'!V$2,'面板-景气指数'!$36:$36,0)) -> 0.1190269 | W77: =INDEX('面板-景气指数'!$37:$244,MATCH('面板-总览'!$R77,'面板-景气指数'!$A$37:$A$244,0),MATCH('面板-总览'!W$2,'面板-景气指数'!$36:$36,0)) -> 0.085888487 | X77: =INDEX('面板-景气指数'!$37:$244,MATCH('面板-总览'!$R77,'面板-景气指数'!$A$37:$A$244,0),MATCH('面板-总览'!X$2,'面板-景气指数'!$36:$36,0)) -> 0.15160495 | Y77: =INDEX('面板-景气指数'!$37:$244,MATCH('面板-总览'!$R77,'面板-景气指数'!$A$37:$A$244,0),MATCH('面板-总览'!Y$2,'面板-景气指数'!$36:$36,0)) -> 0.12747774 | Z77: =INDEX('面板-景气指数'!$37:$244,MATCH('面板-总览'!$R77,'面板-景气指数'!$A$37:$A$244,0),MATCH('面板-总览'!Z$2,'面板-景气指数'!$36:$36,0)) -> 0.1380398 | ... AE77: =INDEX('面板-景气指数'!$37:$244,MATCH('面板-总览'!$R77,'面板-景气指数'!$A$37:$A$244,0),MATCH('面板-总览'!AE$2,'面板-景气指数'!$36:$36,0)) -> 0.10915691 | AG77: =AE77-AB77 -> -0.084454747
R78: 白酒 | S78: =INDEX('面板-景气指数'!$37:$244,MATCH('面板-总览'!$R78,'面板-景气指数'!$A$37:$A$244,0),MATCH('面板-总览'!S$2,'面板-景气指数'!$36:$36,0)) -> 0.21721591 | T78: =INDEX('面板-景气指数'!$37:$244,MATCH('面板-总览'!$R78,'面板-景气指数'!$A$37:$A$244,0),MATCH('面板-总览'!T$2,'面板-景气指数'!$36:$36,0)) -> 0.24769318 | U78: =INDEX('面板-景气指数'!$37:$244,MATCH('面板-总览'!$R78,'面板-景气指数'!$A$37:$A$244,0),MATCH('面板-总览'!U$2,'面板-景气指数'!$36:$36,0)) -> 0.27981818 | V78: =INDEX('面板-景气指数'!$37:$244,MATCH('面板-总览'!$R78,'面板-景气指数'!$A$37:$A$244,0),MATCH('面板-总览'!V$2,'面板-景气指数'!$36:$36,0)) -> 0.28881818 | W78: =INDEX('面板-景气指数'!$37:$244,MATCH('面板-总览'!$R78,'面板-景气指数'!$A$37:$A$244,0),MATCH('面板-总览'!W$2,'面板-景气指数'!$36:$36,0)) -> 0.27089773 | X78: =INDEX('面板-景气指数'!$37:$244,MATCH('面板-总览'!$R78,'面板-景气指数'!$A$37:$A$244,0),MATCH('面板-总览'!X$2,'面板-景气指数'!$36:$36,0)) -> 0.23293182 | Y78: =INDEX('面板-景气指数'!$37:$244,MATCH('面板-总览'!$R78,'面板-景气指数'!$A$37:$A$244,0),MATCH('面板-总览'!Y$2,'面板-景气指数'!$36:$36,0)) -> 0.20501136 | Z78: =INDEX('面板-景气指数'!$37:$244,MATCH('面板-总览'!$R78,'面板-景气指数'!$A$37:$A$244,0),MATCH('面板-总览'!Z$2,'面板-景气指数'!$36:$36,0)) -> 0.20425 | ... AE78: =INDEX('面板-景气指数'!$37:$244,MATCH('面板-总览'!$R78,'面板-景气指数'!$A$37:$A$244,0),MATCH('面板-总览'!AE$2,'面板-景气指数'!$36:$36,0)) -> 0.042522727 | AG78: =AE78-AB78 -> -0.10820455
R79: 非白酒 | S79: =INDEX('面板-景气指数'!$37:$244,MATCH('面板-总览'!$R79,'面板-景气指数'!$A$37:$A$244,0),MATCH('面板-总览'!S$2,'面板-景气指数'!$36:$36,0)) -> 0.70113376 | T79: =INDEX('面板-景气指数'!$37:$244,MATCH('面板-总览'!$R79,'面板-景气指数'!$A$37:$A$244,0),MATCH('面板-总览'!T$2,'面板-景气指数'!$36:$36,0)) -> 0.7318535 | U79: =INDEX('面板-景气指数'!$37:$244,MATCH('面板-总览'!$R79,'面板-景气指数'!$A$37:$A$244,0),MATCH('面板-总览'!U$2,'面板-景气指数'!$36:$36,0)) -> 0.73802548 | V79: =INDEX('面板-景气指数'!$37:$244,MATCH('面板-总览'!$R79,'面板-景气指数'!$A$37:$A$244,0),MATCH('面板-总览'!V$2,'面板-景气指数'!$36:$36,0)) -> 0.75589172 | W79: =INDEX('面板-景气指数'!$37:$244,MATCH('面板-总览'!$R79,'面板-景气指数'!$A$37:$A$244,0),MATCH('面板-总览'!W$2,'面板-景气指数'!$36:$36,0)) -> 0.84738854 | X79: =INDEX('面板-景气指数'!$37:$244,MATCH('面板-总览'!$R79,'面板-景气指数'!$A$37:$A$244,0),MATCH('面板-总览'!X$2,'面板-景气指数'!$36:$36,0)) -> 0.63915924 | Y79: =INDEX('面板-景气指数'!$37:$244,MATCH('面板-总览'!$R79,'面板-景气指数'!$A$37:$A$244,0),MATCH('面板-总览'!Y$2,'面板-景气指数'!$36:$36,0)) -> 0.51984076 | Z79: =INDEX('面板-景气指数'!$37:$244,MATCH('面板-总览'!$R79,'面板-景气指数'!$A$37:$A$244,0),MATCH('面板-总览'!Z$2,'面板-景气指数'!$36:$36,0)) -> 0.47205096 | ... AE79: =INDEX('面板-景气指数'!$37:$244,MATCH('面板-总览'!$R79,'面板-景气指数'!$A$37:$A$244,0),MATCH('面板-总览'!AE$2,'面板-景气指数'!$36:$36,0)) -> 0.23875796 | AG79: =AE79-AB79 -> -0.07888535
R80: 饮料乳品 | S80: =INDEX('面板-景气指数'!$37:$244,MATCH('面板-总览'!$R80,'面板-景气指数'!$A$37:$A$244,0),MATCH('面板-总览'!S$2,'面板-景气指数'!$36:$36,0)) -> 0.25862261 | T80: =INDEX('面板-景气指数'!$37:$244,MATCH('面板-总览'!$R80,'面板-景气指数'!$A$37:$A$244,0),MATCH('面板-总览'!T$2,'面板-景气指数'!$36:$36,0)) -> 0.27448525 | U80: =INDEX('面板-景气指数'!$37:$244,MATCH('面板-总览'!$R80,'面板-景气指数'!$A$37:$A$244,0),MATCH('面板-总览'!U$2,'面板-景气指数'!$36:$36,0)) -> 0.29869834 | V80: =INDEX('面板-景气指数'!$37:$244,MATCH('面板-总览'!$R80,'面板-景气指数'!$A$37:$A$244,0),MATCH('面板-总览'!V$2,'面板-景气指数'!$36:$36,0)) -> 0.31402587 | W80: =INDEX('面板-景气指数'!$37:$244,MATCH('面板-总览'!$R80,'面板-景气指数'!$A$37:$A$244,0),MATCH('面板-总览'!W$2,'面板-景气指数'!$36:$36,0)) -> 0.32306888 | X80: =INDEX('面板-景气指数'!$37:$244,MATCH('面板-总览'!$R80,'面板-景气指数'!$A$37:$A$244,0),MATCH('面板-总览'!X$2,'面板-景气指数'!$36:$36,0)) -> 0.29117566 | Y80: =INDEX('面板-景气指数'!$37:$244,MATCH('面板-总览'!$R80,'面板-景气指数'!$A$37:$A$244,0),MATCH('面板-总览'!Y$2,'面板-景气指数'!$36:$36,0)) -> 0.29088786 | Z80: =INDEX('面板-景气指数'!$37:$244,MATCH('面板-总览'!$R80,'面板-景气指数'!$A$37:$A$244,0),MATCH('面板-总览'!Z$2,'面板-景气指数'!$36:$36,0)) -> 0.30176011 | ... AE80: =INDEX('面板-景气指数'!$37:$244,MATCH('面板-总览'!$R80,'面板-景气指数'!$A$37:$A$244,0),MATCH('面板-总览'!AE$2,'面板-景气指数'!$36:$36,0)) -> 0.33385423 | AG80: =AE80-AB80 -> -0.020089389
R81: 休闲食品 | S81: =INDEX('面板-景气指数'!$37:$244,MATCH('面板-总览'!$R81,'面板-景气指数'!$A$37:$A$244,0),MATCH('面板-总览'!S$2,'面板-景气指数'!$36:$36,0)) -> 0.071 | T81: =INDEX('面板-景气指数'!$37:$244,MATCH('面板-总览'!$R81,'面板-景气指数'!$A$37:$A$244,0),MATCH('面板-总览'!T$2,'面板-景气指数'!$36:$36,0)) -> 0.071 | U81: =INDEX('面板-景气指数'!$37:$244,MATCH('面板-总览'!$R81,'面板-景气指数'!$A$37:$A$244,0),MATCH('面板-总览'!U$2,'面板-景气指数'!$36:$36,0)) -> 0.071 | V81: =INDEX('面板-景气指数'!$37:$244,MATCH('面板-总览'!$R81,'面板-景气指数'!$A$37:$A$244,0),MATCH('面板-总览'!V$2,'面板-景气指数'!$36:$36,0)) -> 0.071 | W81: =INDEX('面板-景气指数'!$37:$244,MATCH('面板-总览'!$R81,'面板-景气指数'!$A$37:$A$244,0),MATCH('面板-总览'!W$2,'面板-景气指数'!$36:$36,0)) -> 0.071 | X81: =INDEX('面板-景气指数'!$37:$244,MATCH('面板-总览'!$R81,'面板-景气指数'!$A$37:$A$244,0),MATCH('面板-总览'!X$2,'面板-景气指数'!$36:$36,0)) -> 0.071 | Y81: =INDEX('面板-景气指数'!$37:$244,MATCH('面板-总览'!$R81,'面板-景气指数'!$A$37:$A$244,0),MATCH('面板-总览'!Y$2,'面板-景气指数'!$36:$36,0)) -> 0.071 | Z81: =INDEX('面板-景气指数'!$37:$244,MATCH('面板-总览'!$R81,'面板-景气指数'!$A$37:$A$244,0),MATCH('面板-总览'!Z$2,'面板-景气指数'!$36:$36,0)) -> 0.071 | ... AE81: =INDEX('面板-景气指数'!$37:$244,MATCH('面板-总览'!$R81,'面板-景气指数'!$A$37:$A$244,0),MATCH('面板-总览'!AE$2,'面板-景气指数'!$36:$36,0)) -> 0.071 | AG81: =AE81-AB81 -> 0
R82: 调味发酵品 | S82: =INDEX('面板-景气指数'!$37:$244,MATCH('面板-总览'!$R82,'面板-景气指数'!$A$37:$A$244,0),MATCH('面板-总览'!S$2,'面板-景气指数'!$36:$36,0)) -> 0.70266667 | T82: =INDEX('面板-景气指数'!$37:$244,MATCH('面板-总览'!$R82,'面板-景气指数'!$A$37:$A$244,0),MATCH('面板-总览'!T$2,'面板-景气指数'!$36:$36,0)) -> 0.71166667 | U82: =INDEX('面板-景气指数'!$37:$244,MATCH('面板-总览'!$R82,'面板-景气指数'!$A$37:$A$244,0),MATCH('面板-总览'!U$2,'面板-景气指数'!$36:$36,0)) -> 0.71916667 | V82: =INDEX('面板-景气指数'!$37:$244,MATCH('面板-总览'!$R82,'面板-景气指数'!$A$37:$A$244,0),MATCH('面板-总览'!V$2,'面板-景气指数'!$36:$36,0)) -> 0.75733333 | W82: =INDEX('面板-景气指数'!$37:$244,MATCH('面板-总览'!$R82,'面板-景气指数'!$A$37:$A$244,0),MATCH('面板-总览'!W$2,'面板-景气指数'!$36:$36,0)) -> 0.78916667 | X82: =INDEX('面板-景气指数'!$37:$244,MATCH('面板-总览'!$R82,'面板-景气指数'!$A$37:$A$244,0),MATCH('面板-总览'!X$2,'面板-景气指数'!$36:$36,0)) -> 0.61033333 | Y82: =INDEX('面板-景气指数'!$37:$244,MATCH('面板-总览'!$R82,'面板-景气指数'!$A$37:$A$244,0),MATCH('面板-总览'!Y$2,'面板-景气指数'!$36:$36,0)) -> 0.5545 | Z82: =INDEX('面板-景气指数'!$37:$244,MATCH('面板-总览'!$R82,'面板-景气指数'!$A$37:$A$244,0),MATCH('面板-总览'!Z$2,'面板-景气指数'!$36:$36,0)) -> 0.5055 | ... AE82: =INDEX('面板-景气指数'!$37:$244,MATCH('面板-总览'!$R82,'面板-景气指数'!$A$37:$A$244,0),MATCH('面板-总览'!AE$2,'面板-景气指数'!$36:$36,0)) -> 0.55983333 | AG82: =AE82-AB82 -> 0.12166667
R83: 化学制药 | S83: =INDEX('面板-景气指数'!$37:$244,MATCH('面板-总览'!$R83,'面板-景气指数'!$A$37:$A$244,0),MATCH('面板-总览'!S$2,'面板-景气指数'!$36:$36,0)) -> 0.37733333 | T83: =INDEX('面板-景气指数'!$37:$244,MATCH('面板-总览'!$R83,'面板-景气指数'!$A$37:$A$244,0),MATCH('面板-总览'!T$2,'面板-景气指数'!$36:$36,0)) -> 0.44791667 | U83: =INDEX('面板-景气指数'!$37:$244,MATCH('面板-总览'!$R83,'面板-景气指数'!$A$37:$A$244,0),MATCH('面板-总览'!U$2,'面板-景气指数'!$36:$36,0)) -> 0.52225 | V83: =INDEX('面板-景气指数'!$37:$244,MATCH('面板-总览'!$R83,'面板-景气指数'!$A$37:$A$244,0),MATCH('面板-总览'!V$2,'面板-景气指数'!$36:$36,0)) -> 0.49958333 | W83: =INDEX('面板-景气指数'!$37:$244,MATCH('面板-总览'!$R83,'面板-景气指数'!$A$37:$A$244,0),MATCH('面板-总览'!W$2,'面板-景气指数'!$36:$36,0)) -> 0.46333333 | X83: =INDEX('面板-景气指数'!$37:$244,MATCH('面板-总览'!$R83,'面板-景气指数'!$A$37:$A$244,0),MATCH('面板-总览'!X$2,'面板-景气指数'!$36:$36,0)) -> 0.29475 | Y83: =INDEX('面板-景气指数'!$37:$244,MATCH('面板-总览'!$R83,'面板-景气指数'!$A$37:$A$244,0),MATCH('面板-总览'!Y$2,'面板-景气指数'!$36:$36,0)) -> 0.32575 | Z83: =INDEX('面板-景气指数'!$37:$244,MATCH('面板-总览'!$R83,'面板-景气指数'!$A$37:$A$244,0),MATCH('面板-总览'!Z$2,'面板-景气指数'!$36:$36,0)) -> 0.39833333 | ... AE83: =INDEX('面板-景气指数'!$37:$244,MATCH('面板-总览'!$R83,'面板-景气指数'!$A$37:$A$244,0),MATCH('面板-总览'!AE$2,'面板-景气指数'!$36:$36,0)) -> 0.40125 | AG83: =AE83-AB83 -> 0.010666667
... R101: 航运港口 | S101: =INDEX('面板-景气指数'!$37:$244,MATCH('面板-总览'!$R101,'面板-景气指数'!$A$37:$A$244,0),MATCH('面板-总览'!S$2,'面板-景气指数'!$36:$36,0)) -> 0.622 | T101: =INDEX('面板-景气指数'!$37:$244,MATCH('面板-总览'!$R101,'面板-景气指数'!$A$37:$A$244,0),MATCH('面板-总览'!T$2,'面板-景气指数'!$36:$36,0)) -> 0.63675 | U101: =INDEX('面板-景气指数'!$37:$244,MATCH('面板-总览'!$R101,'面板-景气指数'!$A$37:$A$244,0),MATCH('面板-总览'!U$2,'面板-景气指数'!$36:$36,0)) -> 0.68925 | V101: =INDEX('面板-景气指数'!$37:$244,MATCH('面板-总览'!$R101,'面板-景气指数'!$A$37:$A$244,0),MATCH('面板-总览'!V$2,'面板-景气指数'!$36:$36,0)) -> 0.752 | W101: =INDEX('面板-景气指数'!$37:$244,MATCH('面板-总览'!$R101,'面板-景气指数'!$A$37:$A$244,0),MATCH('面板-总览'!W$2,'面板-景气指数'!$36:$36,0)) -> 0.7665 | X101: =INDEX('面板-景气指数'!$37:$244,MATCH('面板-总览'!$R101,'面板-景气指数'!$A$37:$A$244,0),MATCH('面板-总览'!X$2,'面板-景气指数'!$36:$36,0)) -> 0.771 | Y101: =INDEX('面板-景气指数'!$37:$244,MATCH('面板-总览'!$R101,'面板-景气指数'!$A$37:$A$244,0),MATCH('面板-总览'!Y$2,'面板-景气指数'!$36:$36,0)) -> 0.78075 | Z101: =INDEX('面板-景气指数'!$37:$244,MATCH('面板-总览'!$R101,'面板-景气指数'!$A$37:$A$244,0),MATCH('面板-总览'!Z$2,'面板-景气指数'!$36:$36,0)) -> 0.7975 | ... AE101: =INDEX('面板-景气指数'!$37:$244,MATCH('面板-总览'!$R101,'面板-景气指数'!$A$37:$A$244,0),MATCH('面板-总览'!AE$2,'面板-景气指数'!$36:$36,0)) -> 0.82875 | AG101: =AE101-AB101 -> -0.00725

Sheet 景气时钟
C2: 简称 | D2: 一级/二级行业 | E2: 当前景气度 | F2: 3M变化 | G2: 3M变化（处理后）
C3: 石化 | D3: 石油石化 | E3: =INDEX('面板-景气指数'!F:F,MATCH(景气时钟!D3,'面板-景气指数'!A:A,0)) -> 0.5797 | F3: =INDEX('面板-景气指数'!C:C,MATCH(景气时钟!D3,'面板-景气指数'!A:A,0)) -> -3.455 | G3: =F3 -> -3.455
C4: 煤炭 | D4: 煤炭 | E4: =INDEX('面板-景气指数'!F:F,MATCH(景气时钟!D4,'面板-景气指数'!A:A,0)) -> 0.52933333 | F4: =INDEX('面板-景气指数'!C:C,MATCH(景气时钟!D4,'面板-景气指数'!A:A,0)) -> -8.9833333 | G4: =F4 -> -8.9833333
C5: 工业金属 | D5: 工业金属 | E5: =INDEX('面板-景气指数'!F:F,MATCH(景气时钟!D5,'面板-景气指数'!A:A,0)) -> 0.5706681 | F5: =INDEX('面板-景气指数'!C:C,MATCH(景气时钟!D5,'面板-景气指数'!A:A,0)) -> -19.85174 | G5: =F5 -> -19.85174
C6: 贵金属 | D6: 贵金属 | E6: =INDEX('面板-景气指数'!F:F,MATCH(景气时钟!D6,'面板-景气指数'!A:A,0)) -> 0.9325 | F6: =INDEX('面板-景气指数'!C:C,MATCH(景气时钟!D6,'面板-景气指数'!A:A,0)) -> 11.1 | G6: =F6 -> 11.1
C7: 小金属 | D7: 小金属 | E7: =INDEX('面板-景气指数'!F:F,MATCH(景气时钟!D7,'面板-景气指数'!A:A,0)) -> 0.507 | F7: =INDEX('面板-景气指数'!C:C,MATCH(景气时钟!D7,'面板-景气指数'!A:A,0)) -> -9.1 | G7: =F7 -> -9.1
C8: 能源金属 | D8: 能源金属 | E8: =INDEX('面板-景气指数'!F:F,MATCH(景气时钟!D8,'面板-景气指数'!A:A,0)) -> 0.24266667 | F8: =INDEX('面板-景气指数'!C:C,MATCH(景气时钟!D8,'面板-景气指数'!A:A,0)) -> 0.5 | G8: =F8 -> 0.5
C9: 基化 | D9: 基础化工 | E9: =INDEX('面板-景气指数'!F:F,MATCH(景气时钟!D9,'面板-景气指数'!A:A,0)) -> 0.27327124 | F9: =INDEX('面板-景气指数'!C:C,MATCH(景气时钟!D9,'面板-景气指数'!A:A,0)) -> -11.694211 | G9: =F9 -> -11.694211
C10: 钢铁 | D10: 钢铁 | E10: =INDEX('面板-景气指数'!F:F,MATCH(景气时钟!D10,'面板-景气指数'!A:A,0)) -> 0.16136377 | F10: =INDEX('面板-景气指数'!C:C,MATCH(景气时钟!D10,'面板-景气指数'!A:A,0)) -> -13.929227 | G10: =F10 -> -13.929227
C11: 农业 | D11: 农林牧渔 | E11: =INDEX('面板-景气指数'!F:F,MATCH(景气时钟!D11,'面板-景气指数'!A:A,0)) -> 0.26707846 | F11: =INDEX('面板-景气指数'!C:C,MATCH(景气时钟!D11,'面板-景气指数'!A:A,0)) -> 0.31961488 | G11: =F11 -> 0.31961488
C12: 纺服 | D12: 纺织服饰 | E12: =INDEX('面板-景气指数'!F:F,MATCH(景气时钟!D12,'面板-景气指数'!A:A,0)) -> 0.34787851 | F12: =INDEX('面板-景气指数'!C:C,MATCH(景气时钟!D12,'面板-景气指数'!A:A,0)) -> -8.4468474 | G12: =F12 -> -8.4468474
C13: 汽车 | D13: 汽车 | E13: =INDEX('面板-景气指数'!F:F,MATCH(景气时钟!D13,'面板-景气指数'!A:A,0)) -> 0.317 | F13: =INDEX('面板-景气指数'!C:C,MATCH(景气时钟!D13,'面板-景气指数'!A:A,0)) -> -5.29 | G13: =F13 -> -5.29
C14: 家电 | D14: 家用电器 | E14: =INDEX('面板-景气指数'!F:F,MATCH(景气时钟!D14,'面板-景气指数'!A:A,0)) -> 0.60690292 | F14: =INDEX('面板-景气指数'!C:C,MATCH(景气时钟!D14,'面板-景气指数'!A:A,0)) -> -6.7492967 | G14: =F14 -> -6.7492967
... C61: 家居 | D61: 家居用品 | E61: =INDEX('面板-景气指数'!F:F,MATCH(景气时钟!D61,'面板-景气指数'!A:A,0)) -> 0.356 | F61: =INDEX('面板-景气指数'!C:C,MATCH(景气时钟!D61,'面板-景气指数'!A:A,0)) -> 0.35 | G61: =F61 -> 0.35

Sheet 安全边际
C2: 简称 | D2: 一级/二级行业 | E2: 估值分位数 | F2: 配置系数 | G2: 配置系数分位数 | H2: 2023.11.1至今涨跌幅 | I2: 景气度变化 | J2: 当前景气度
C3: 石化 | D3: 石油石化 | E3: 0 | F3: 27.094275 | G3: 78.1 | H3: 0 | I3: =INDEX('面板-景气指数'!B:B,MATCH(安全边际!D3,'面板-景气指数'!A:A,0)) -> -15.67 | J3: =INDEX('面板-景气指数'!F:F,MATCH(安全边际!D3,'面板-景气指数'!A:A,0))*100 -> 57.97
C4: 煤炭 | D4: 煤炭 | E4: 0 | F4: 56.591466 | G4: 100 | H4: 0 | I4: =INDEX('面板-景气指数'!B:B,MATCH(安全边际!D4,'面板-景气指数'!A:A,0)) -> -14.016667 | J4: =INDEX('面板-景气指数'!F:F,MATCH(安全边际!D4,'面板-景气指数'!A:A,0))*100 -> 52.933333
C5: 军工 | D5: 国防军工 | E5: 0 | F5: 107.4606 | G5: 50 | H5: 0 | I5: =INDEX('面板-景气指数'!B:B,MATCH(安全边际!D5,'面板-景气指数'!A:A,0)) -> 19.320764 | J5: =INDEX('面板-景气指数'!F:F,MATCH(安全边际!D5,'面板-景气指数'!A:A,0))*100 -> 46.612586
C6: 纺服 | D6: 纺织服饰 | E6: 0 | F6: 93.982791 | G6: 96.8 | H6: 0 | I6: =INDEX('面板-景气指数'!B:B,MATCH(安全边际!D6,'面板-景气指数'!A:A,0)) -> -22.585397 | J6: =INDEX('面板-景气指数'!F:F,MATCH(安全边际!D6,'面板-景气指数'!A:A,0))*100 -> 34.787851
C7: 家电 | D7: 家用电器 | E7: 0 | F7: 205.4425 | G7: 56.2 | H7: 0 | I7: =INDEX('面板-景气指数'!B:B,MATCH(安全边际!D7,'面板-景气指数'!A:A,0)) -> -3.4110559 | J7: =INDEX('面板-景气指数'!F:F,MATCH(安全边际!D7,'面板-景气指数'!A:A,0))*100 -> 60.690292
C8: 汽车 | D8: 汽车 | E8: 0 | F8: 128.08881 | G8: 100 | H8: 0 | I8: =INDEX('面板-景气指数'!B:B,MATCH(安全边际!D8,'面板-景气指数'!A:A,0)) -> -46.41 | J8: =INDEX('面板-景气指数'!F:F,MATCH(安全边际!D8,'面板-景气指数'!A:A,0))*100 -> 31.7
C9: 轻工 | D9: 轻工制造 | E9: 0 | F9: 107.22114 | G9: 62.5 | H9: 0 | I9: =INDEX('面板-景气指数'!B:B,MATCH(安全边际!D9,'面板-景气指数'!A:A,0)) -> 4.7569231 | J9: =INDEX('面板-景气指数'!F:F,MATCH(安全边际!D9,'面板-景气指数'!A:A,0))*100 -> 40.321222
C10: 商贸 | D10: 商贸零售 | E10: 0 | F10: 55.354608 | G10: 18.7 | H10: 0 | I10: =INDEX('面板-景气指数'!B:B,MATCH(安全边际!D10,'面板-景气指数'!A:A,0)) -> -23.631861 | J10: =INDEX('面板-景气指数'!F:F,MATCH(安全边际!D10,'面板-景气指数'!A:A,0))*100 -> 30.147235
C11: 社服 | D11: 社会服务 | E11: 0 | F11: 94.769435 | G11: 0 | H11: 0 | I11: =INDEX('面板-景气指数'!B:B,MATCH(安全边际!D11,'面板-景气指数'!A:A,0)) -> -24.546564 | J11: =INDEX('面板-景气指数'!F:F,MATCH(安全边际!D11,'面板-景气指数'!A:A,0))*100 -> 60.000834
C12: 传媒 | D12: 传媒 | E12: 0 | F12: 49.576273 | G12: 9.3 | H12: 0 | I12: =INDEX('面板-景气指数'!B:B,MATCH(安全边际!D12,'面板-景气指数'!A:A,0)) -> -26.955 | J12: =INDEX('面板-景气指数'!F:F,MATCH(安全边际!D12,'面板-景气指数'!A:A,0))*100 -> 48.154
C13: 公用 | D13: 公用事业 | E13: 0 | F13: 55.59276 | G13: 100 | H13: 0 | I13: =INDEX('面板-景气指数'!B:B,MATCH(安全边际!D13,'面板-景气指数'!A:A,0)) -> 14.636876 | J13: =INDEX('面板-景气指数'!F:F,MATCH(安全边际!D13,'面板-景气指数'!A:A,0))*100 -> 56.116694
C14: 环保 | D14: 环保 | E14: 0 | F14: 51.236563 | G14: 68.7 | H14: 0 | I14: =INDEX('面板-景气指数'!B:B,MATCH(安全边际!D14,'面板-景气指数'!A:A,0)) -> -9.6 | J14: =INDEX('面板-景气指数'!F:F,MATCH(安全边际!D14,'面板-景气指数'!A:A,0))*100 -> 14.9
... C19: 小金属 | D19: 小金属 | E19: 0 | F19: 129.77784 | G19: 78.1 | H19: 0 | I19: =INDEX('面板-景气指数'!B:B,MATCH(安全边际!D19,'面板-景气指数'!A:A,0)) -> -12.725 | J19: =INDEX('面板-景气指数'!F:F,MATCH(安全边际!D19,'面板-景气指数'!A:A,0))*100 -> 50.7
C20: 能源金属 | D20: 能源金属 | E20: 0 | F20: 103.98988 | G20: 25 | I20: =INDEX('面板-景气指数'!B:B,MATCH(安全边际!D20,'面板-景气指数'!A:A,0)) -> 9.9 | J20: =INDEX('面板-景气指数'!F:F,MATCH(安全边际!D20,'面板-景气指数'!A:A,0))*100 -> 24.266667
C21: 化学原料 | D21: 化学原料 | E21: 0 | F21: 54.655727 | G21: 18.7 | H21: 0 | I21: =INDEX('面板-景气指数'!B:B,MATCH(安全边际!D21,'面板-景气指数'!A:A,0)) -> -25.872682 | J21: =INDEX('面板-景气指数'!F:F,MATCH(安全边际!D21,'面板-景气指数'!A:A,0))*100 -> 18.248593
C22: 化学制品 | D22: 化学制品 | E22: 0 | F22: 93.694622 | G22: 25 | H22: 0 | I22: =INDEX('面板-景气指数'!B:B,MATCH(安全边际!D22,'面板-景气指数'!A:A,0)) -> -5.1445883 | J22: =INDEX('面板-景气指数'!F:F,MATCH(安全边际!D22,'面板-景气指数'!A:A,0))*100 -> 42.59358
C23: 化纤 | D23: 化学纤维 | E23: 0 | F23: 22.041419 | G23: 0 | H23: 0 | I23: =INDEX('面板-景气指数'!B:B,MATCH(安全边际!D23,'面板-景气指数'!A:A,0)) -> -18.543763 | J23: =INDEX('面板-景气指数'!F:F,MATCH(安全边际!D23,'面板-景气指数'!A:A,0))*100 -> 17.956417
C24: 农化 | D24: 农化制品 | E24: 0 | F24: 111.14641 | G24: 87.5 | H24: 0 | I24: =INDEX('面板-景气指数'!B:B,MATCH(安全边际!D24,'面板-景气指数'!A:A,0)) -> -20.971429 | J24: =INDEX('面板-景气指数'!F:F,MATCH(安全边际!D24,'面板-景气指数'!A:A,0))*100 -> 16.357143
C25: 水泥 | D25: 水泥 | E25: 0 | F25: 58.224579 | G25: 59.3 | H25: 0 | I25: =INDEX('面板-景气指数'!B:B,MATCH(安全边际!D25,'面板-景气指数'!A:A,0)) -> 42.25 | J25: =INDEX('面板-景气指数'!F:F,MATCH(安全边际!D25,'面板-景气指数'!A:A,0))*100 -> 47.9
C26: 玻璃 | D26: 玻璃玻纤 | E26: 0 | F26: 23.354079 | G26: 3.1 | H26: 0 | I26: =INDEX('面板-景气指数'!B:B,MATCH(安全边际!D26,'面板-景气指数'!A:A,0)) -> 9.6 | J26: =INDEX('面板-景气指数'!F:F,MATCH(安全边际!D26,'面板-景气指数'!A:A,0))*100 -> 45.65
C27: 装修建材 | D27: 装修建材 | E27: 0 | F27: 74.568868 | G27: 3.1 | H27: 0 | I27: =INDEX('面板-景气指数'!B:B,MATCH(安全边际!D27,'面板-景气指数'!A:A,0)) -> -41.733454 | J27: =INDEX('面板-景气指数'!F:F,MATCH(安全边际!D27,'面板-景气指数'!A:A,0))*100 -> 21.880103
C28: 通用 | D28: 通用设备 | E28: 0 | F28: 114.94161 | G28: 50 | H28: 0 | I28: =INDEX('面板-景气指数'!B:B,MATCH(安全边际!D28,'面板-景气指数'!A:A,0)) -> 14.440924 | J28: =INDEX('面板-景气指数'!F:F,MATCH(安全边际!D28,'面板-景气指数'!A:A,0))*100 -> 85.818021
C29: 自动化 | D29: 自动化设备 | E29: 0 | F29: 79.637889 | G29: 68.7 | H29: 0 | I29: =INDEX('面板-景气指数'!B:B,MATCH(安全边际!D29,'面板-景气指数'!A:A,0)) -> 25.55 | J29: =INDEX('面板-景气指数'!F:F,MATCH(安全边际!D29,'面板-景气指数'!A:A,0))*100 -> 41.166667
C30: 工程机械 | D30: 工程机械 | E30: 0 | F30: 128.0478 | G30: 71.8 | H30: 0 | I30: =INDEX('面板-景气指数'!B:B,MATCH(安全边际!D30,'面板-景气指数'!A:A,0)) -> 22.2375 | J30: =INDEX('面板-景气指数'!F:F,MATCH(安全边际!D30,'面板-景气指数'!A:A,0))*100 -> 42.5125
C31: 光伏 | D31: 光伏设备 | E31: 0 | F31: 183.6955 | G31: 37.5 | H31: 0 | I31: =INDEX('面板-景气指数'!B:B,MATCH(安全边际!D31,'面板-景气指数'!A:A,0)) -> -39.193333 | J31: =INDEX('面板-景气指数'!F:F,MATCH(安全边际!D31,'面板-景气指数'!A:A,0))*100 -> 21.893333
C32: 风电 | D32: 风电设备 | F32: 91.49984 | G32: 34.3 | H32: 0 | I32: =INDEX('面板-景气指数'!B:B,MATCH(安全边际!D32,'面板-景气指数'!A:A,0)) -> -5.775 | J32: =INDEX('面板-景气指数'!F:F,MATCH(安全边际!D32,'面板-景气指数'!A:A,0))*100 -> 54.3
C33: 电池 | D33: 电池 | E33: 0 | F33: 238.05164 | G33: 78.1 | H33: 0 | I33: =INDEX('面板-景气指数'!B:B,MATCH(安全边际!D33,'面板-景气指数'!A:A,0)) -> 1.8333333 | J33: =INDEX('面板-景气指数'!F:F,MATCH(安全边际!D33,'面板-景气指数'!A:A,0))*100 -> 30.541667
C34: 电网 | D34: 电网设备 | E34: 0 | F34: 97.055178 | G34: 81.2 | H34: 0 | I34: =INDEX('面板-景气指数'!B:B,MATCH(安全边际!D34,'面板-景气指数'!A:A,0)) -> 26.95 | J34: =INDEX('面板-景气指数'!F:F,MATCH(安全边际!D34,'面板-景气指数'!A:A,0))*100 -> 78.825
C35: 半导体 | D35: 半导体 | E35: 0 | F35: 222.8653 | G35: 50 | H35: 0 | I35: =INDEX('面板-景气指数'!B:B,MATCH(安全边际!D35,'面板-景气指数'!A:A,0)) -> 27.414286 | J35: =INDEX('面板-景气指数'!F:F,MATCH(安全边际!D35,'面板-景气指数'!A:A,0))*100 -> 57.75
C36: 软件 | D36: 软件开发 | F36: 105.35088 | G36: 12.5 | H36: 0 | I36: =INDEX('面板-景气指数'!B:B,MATCH(安全边际!D36,'面板-景气指数'!A:A,0)) -> -10.625 | J36: =INDEX('面板-景气指数'!F:F,MATCH(安全边际!D36,'面板-景气指数'!A:A,0))*100 -> 26.875
C37: 计算机设备 | D37: 计算机设备 | E37: 0 | F37: 124.58016 | G37: 21.8 | H37: 0 | I37: =INDEX('面板-景气指数'!B:B,MATCH(安全边际!D37,'面板-景气指数'!A:A,0)) -> 24.49 | J37: =INDEX('面板-景气指数'!F:F,MATCH(安全边际!D37,'面板-景气指数'!A:A,0))*100 -> 49.1
C38: 光电 | D38: 光学光电子 | E38: 0 | F38: 79.89494 | G38: 34.3 | H38: 0 | I38: =INDEX('面板-景气指数'!B:B,MATCH(安全边际!D38,'面板-景气指数'!A:A,0)) -> 7.12 | J38: =INDEX('面板-景气指数'!F:F,MATCH(安全边际!D38,'面板-景气指数'!A:A,0))*100 -> 54.07
C39: 消电 | D39: 消费电子 | E39: 0 | F39: 129.2336 | G39: 31.2 | H39: 0 | I39: =INDEX('面板-景气指数'!B:B,MATCH(安全边际!D39,'面板-景气指数'!A:A,0)) -> 46.209091 | J39: =INDEX('面板-景气指数'!F:F,MATCH(安全边际!D39,'面板-景气指数'!A:A,0))*100 -> 78.509091
C40: 元件 | D40: 元件 | E40: 0 | F40: 192.91139 | G40: 59.3 | H40: 0 | I40: =INDEX('面板-景气指数'!B:B,MATCH(安全边际!D40,'面板-景气指数'!A:A,0)) -> 52.4 | J40: =INDEX('面板-景气指数'!F:F,MATCH(安全边际!D40,'面板-景气指数'!A:A,0))*100 -> 64.85
C41: 通信服务 | D41: 通信服务 | F41: 133.60182 | G41: 93.7 | H41: 0 | I41: =INDEX('面板-景气指数'!B:B,MATCH(安全边际!D41,'面板-景气指数'!A:A,0)) -> -11.075 | J41: =INDEX('面板-景气指数'!F:F,MATCH(安全边际!D41,'面板-景气指数'!A:A,0))*100 -> 4.275
C42: 通信设备 | D42: 通信设备 | E42: 0 | F42: 223.51954 | G42: 96.8 | H42: 0 | I42: =INDEX('面板-景气指数'!B:B,MATCH(安全边际!D42,'面板-景气指数'!A:A,0)) -> 10.271429 | J42: =INDEX('面板-景气指数'!F:F,MATCH(安全边际!D42,'面板-景气指数'!A:A,0))*100 -> 38.728571
C43: 港股电商 | D43: 互联网电商 | E43: 0 | H43: 0 | I43: =INDEX('面板-景气指数'!B:B,MATCH(安全边际!D43,'面板-景气指数'!A:A,0)) -> 6.1206147 | J43: =INDEX('面板-景气指数'!F:F,MATCH(安全边际!D43,'面板-景气指数'!A:A,0))*100 -> 54.224366
C44: 港股游戏 | D44: 游戏 | E44: 0 | H44: 0 | I44: =INDEX('面板-景气指数'!B:B,MATCH(安全边际!D44,'面板-景气指数'!A:A,0)) -> -28.59375 | J44: =INDEX('面板-景气指数'!F:F,MATCH(安全边际!D44,'面板-景气指数'!A:A,0))*100 -> 54.14375
C45: 白酒 | D45: 白酒 | E45: 0 | F45: 208.3562 | G45: 50 | H45: 0 | I45: =INDEX('面板-景气指数'!B:B,MATCH(安全边际!D45,'面板-景气指数'!A:A,0)) -> -20.517045 | J45: =INDEX('面板-景气指数'!F:F,MATCH(安全边际!D45,'面板-景气指数'!A:A,0))*100 -> 4.2522727
C46: 食品 | D46: 食品加工 | E46: 0 | F46: 129.73062 | G46: 21.8 | H46: 0 | I46: =INDEX('面板-景气指数'!B:B,MATCH(安全边际!D46,'面板-景气指数'!A:A,0)) -> 2.1297872 | J46: =INDEX('面板-景气指数'!F:F,MATCH(安全边际!D46,'面板-景气指数'!A:A,0))*100 -> 48.402128
C47: 化药 | D47: 化学制药 | E47: 0 | F47: 168.44067 | G47: 59.3 | H47: 0 | I47: =INDEX('面板-景气指数'!B:B,MATCH(安全边际!D47,'面板-景气指数'!A:A,0)) -> -4.6666667 | J47: =INDEX('面板-景气指数'!F:F,MATCH(安全边际!D47,'面板-景气指数'!A:A,0))*100 -> 40.125
C48: 医疗服务 | D48: 医疗服务 | E48: 0 | F48: 226.28894 | G48: 12.5 | H48: 0 | I48: =INDEX('面板-景气指数'!B:B,MATCH(安全边际!D48,'面板-景气指数'!A:A,0)) -> -57.9625 | J48: =INDEX('面板-景气指数'!F:F,MATCH(安全边际!D48,'面板-景气指数'!A:A,0))*100 -> 11.4375
C49: 保险 | D49: 保险 | E49: 0 | F49: 7.0740945 | G49: 6.2 | H49: 0 | I49: =INDEX('面板-景气指数'!B:B,MATCH(安全边际!D49,'面板-景气指数'!A:A,0)) -> 15.9875 | J49: =INDEX('面板-景气指数'!F:F,MATCH(安全边际!D49,'面板-景气指数'!A:A,0))*100 -> 66.05
C50: 物流 | D50: 物流 | E50: 0 | F50: 67.289262 | G50: 28.1 | H50: 0 | I50: =INDEX('面板-景气指数'!B:B,MATCH(安全边际!D50,'面板-景气指数'!A:A,0)) -> -22.275 | J50: =INDEX('面板-景气指数'!F:F,MATCH(安全边际!D50,'面板-景气指数'!A:A,0))*100 -> 20.775
C51: 铁路公路 | D51: 铁路公路 | E51: 0 | F51: 29.397353 | G51: 40.6 | H51: 0 | I51: =INDEX('面板-景气指数'!B:B,MATCH(安全边际!D51,'面板-景气指数'!A:A,0)) -> -17.575 | J51: =INDEX('面板-景气指数'!F:F,MATCH(安全边际!D51,'面板-景气指数'!A:A,0))*100 -> 54.025
C52: 航空机场 | D52: 航空机场 | E52: 0 | F52: 129.8179 | G52: 84.3 | H52: 0 | I52: =INDEX('面板-景气指数'!B:B,MATCH(安全边际!D52,'面板-景气指数'!A:A,0)) -> -22.1 | J52: =INDEX('面板-景气指数'!F:F,MATCH(安全边际!D52,'面板-景气指数'!A:A,0))*100 -> 75
C53: 航运港口 | D53: 航运港口 | E53: 0 | F53: 51.788969 | G53: 100 | H53: 0 | I53: =INDEX('面板-景气指数'!B:B,MATCH(安全边际!D53,'面板-景气指数'!A:A,0)) -> 19.2 | J53: =INDEX('面板-景气指数'!F:F,MATCH(安全边际!D53,'面板-景气指数'!A:A,0))*100 -> 82.875

Sheet 面板-景气指数
D3: =INDEX('面板-景气指数'!$37:$244,MATCH('面板-总览'!$A3,'面板-景气指数'!$A$37:$A$244,0),MATCH('面板-总览'!D$2,'面板-景气指数'!$36:$36,0)) -> 0.56205 | E3: =INDEX('面板-景气指数'!$37:$244,MATCH('面板-总览'!$A3,'面板-景气指数'!$A$37:$A$244,0),MATCH('面板-总览'!E$2,'面板-景气指数'!$36:$36,0)) -> 0.4319
D4: =INDEX('面板-景气指数'!$37:$244,MATCH('面板-总览'!$A4,'面板-景气指数'!$A$37:$A$244,0),MATCH('面板-总览'!D$2,'面板-景气指数'!$36:$36,0)) -> 0.7005 | E4: =INDEX('面板-景气指数'!$37:$244,MATCH('面板-总览'!$A4,'面板-景气指数'!$A$37:$A$244,0),MATCH('面板-总览'!E$2,'面板-景气指数'!$36:$36,0)) -> 0.72783333
D5: =INDEX('面板-景气指数'!$37:$244,MATCH('面板-总览'!$A5,'面板-景气指数'!$A$37:$A$244,0),MATCH('面板-总览'!D$2,'面板-景气指数'!$36:$36,0)) -> 0.47491315 | E5: =INDEX('面板-景气指数'!$37:$244,MATCH('面板-总览'!$A5,'面板-景气指数'!$A$37:$A$244,0),MATCH('面板-总览'!E$2,'面板-景气指数'!$36:$36,0)) -> 0.44749714
D6: =INDEX('面板-景气指数'!$37:$244,MATCH('面板-总览'!$A6,'面板-景气指数'!$A$37:$A$244,0),MATCH('面板-总览'!D$2,'面板-景气指数'!$36:$36,0)) -> 0.37532625 | E6: =INDEX('面板-景气指数'!$37:$244,MATCH('面板-总览'!$A6,'面板-景气指数'!$A$37:$A$244,0),MATCH('面板-总览'!E$2,'面板-景气指数'!$36:$36,0)) -> 0.34536085
D7: =INDEX('面板-景气指数'!$37:$244,MATCH('面板-总览'!$A7,'面板-景气指数'!$A$37:$A$244,0),MATCH('面板-总览'!D$2,'面板-景气指数'!$36:$36,0)) -> 0.39858746 | E7: =INDEX('面板-景气指数'!$37:$244,MATCH('面板-总览'!$A7,'面板-景气指数'!$A$37:$A$244,0),MATCH('面板-总览'!E$2,'面板-景气指数'!$36:$36,0)) -> 0.37331075
D8: =INDEX('面板-景气指数'!$37:$244,MATCH('面板-总览'!$A8,'面板-景气指数'!$A$37:$A$244,0),MATCH('面板-总览'!D$2,'面板-景气指数'!$36:$36,0)) -> 0.29998686 | E8: =INDEX('面板-景气指数'!$37:$244,MATCH('面板-总览'!$A8,'面板-景气指数'!$A$37:$A$244,0),MATCH('面板-总览'!E$2,'面板-景气指数'!$36:$36,0)) -> 0.32513939
D9: =INDEX('面板-景气指数'!$37:$244,MATCH('面板-总览'!$A9,'面板-景气指数'!$A$37:$A$244,0),MATCH('面板-总览'!D$2,'面板-景气指数'!$36:$36,0)) -> 0.50520542 | E9: =INDEX('面板-景气指数'!$37:$244,MATCH('面板-总览'!$A9,'面板-景气指数'!$A$37:$A$244,0),MATCH('面板-总览'!E$2,'面板-景气指数'!$36:$36,0)) -> 0.53714328
D10: =INDEX('面板-景气指数'!$37:$244,MATCH('面板-总览'!$A10,'面板-景气指数'!$A$37:$A$244,0),MATCH('面板-总览'!D$2,'面板-景气指数'!$36:$36,0)) -> 0.49384103 | E10: =INDEX('面板-景气指数'!$37:$244,MATCH('面板-总览'!$A10,'面板-景气指数'!$A$37:$A$244,0),MATCH('面板-总览'!E$2,'面板-景气指数'!$36:$36,0)) -> 0.50740977
D11: =INDEX('面板-景气指数'!$37:$244,MATCH('面板-总览'!$A11,'面板-景气指数'!$A$37:$A$244,0),MATCH('面板-总览'!D$2,'面板-景气指数'!$36:$36,0)) -> 0.27936614 | E11: =INDEX('面板-景气指数'!$37:$244,MATCH('面板-总览'!$A11,'面板-景气指数'!$A$37:$A$244,0),MATCH('面板-总览'!E$2,'面板-景气指数'!$36:$36,0)) -> 0.30122389
A24: 大类板块 | B24: 23年11月至今 | C24: 3M chg | D24: 45322 | F24: 45565 | G24: 45535 | H24: 45504 | I24: 45473 | J24: 45443 | K24: 45412 | L24: 45382 | M24: 45351 | N24: 45322 | O24: 45291 | P24: 45260 | Q24: 45230 | R24: 45199 | S24: 45169 | T24: 45138 | U24: 45107 | V24: 45077 | W24: 45046 | X24: 45016 | Y24: 44985 | Z24: 44957 | AA24: 44926 | AB24: 44895 | AC24: 44865 | AD24: 44834 | AE24: 44804 | AF24: 44773 | AG24: 44742 | AH24: 44712 | AI24: 44681 | AJ24: 44651 | AK24: 44620 | AL24: 44592 | AM24: 44561 | AN24: 44530 | AO24: 44500 | AP24: 44469 | AQ24: 44439 | AR24: 44408 | AS24: 44377 | AT24: 44347 | AU24: 44316 | AV24: 44286 | AW24: 44255 | AX24: 44227 | AY24: 44196 | AZ24: 44165 | BA24: 44135 | BB24: 44104 | BC24: 44074 | BD24: 44043 | BE24: 44012 | BF24: 43982 | BG24: 43951 | BH24: 43921 | BI24: 43890 | BJ24: 43861 | BK24: 43830 | BL24: 43799 | BM24: 43769 | BN24: 43738 | BO24: 43708 | BP24: 43677 | BQ24: 43646 | BR24: 43616 | BS24: 43585 | BT24: 43555 | BU24: 43524 | BV24: 43496 | BW24: 43465 | BX24: 43434 | BY24: 43404 | BZ24: 43373 | CA24: 43343 | CB24: 43312 | CC24: 43281 | CD24: 43251 | CE24: 43220 | CF24: 43190 | CG24: 43159 | CH24: 43131 | CI24: 43100 | CJ24: 43069 | CK24: 43039 | CL24: 43008 | CM24: 42978 | CN24: 42947 | CO24: 42916 | CP24: 42886 | CQ24: 42855 | CR24: 42825 | CS24: 42794 | CT24: 42766 | CU24: 42735 | CV24: 42704 | CW24: 42674 | CX24: 42643 | CY24: 42613 | CZ24: 42582 | DA24: 42551 | DB24: 42521 | DC24: 42490 | DD24: 42460 | DE24: 42429 | DF24: 42400
A25: 上游资源 | B25: =(F25-Q25)*100 -> -8.0520131 | C25: =(F25-I25)*100 -> -7.7744674 | F25: =AVERAGE(F37:F39) -> 0.57003027 | G25: =AVERAGE(G37:G39) -> 0.58814242 | H25: =AVERAGE(H37:H39) -> 0.63669588 | I25: =AVERAGE(I37:I39) -> 0.64777495 | J25: =AVERAGE(J37:J39) -> 0.63046379 | K25: =AVERAGE(K37:K39) -> 0.5910909 | L25: =AVERAGE(L37:L39) -> 0.59319531 | M25: =AVERAGE(M37:M39) -> 0.56340061 | ... DF25: =AVERAGE(DF37:DF39) -> 0.18345928
A26: 中游材料 | B26: =(F26-Q26)*100 -> -6.3529766 | C26: =(F26-I26)*100 -> -9.6563494 | F26: =AVERAGE(F40:F42) -> 0.27783374 | G26: =AVERAGE(G40:G42) -> 0.29683626 | H26: =AVERAGE(H40:H42) -> 0.33182513 | I26: =AVERAGE(I40:I42) -> 0.37439724 | J26: =AVERAGE(J40:J42) -> 0.34984714 | K26: =AVERAGE(K40:K42) -> 0.31032578 | L26: =AVERAGE(L40:L42) -> 0.27258274 | M26: =AVERAGE(M40:M42) -> 0.27937713 | ... DF26: =AVERAGE(DF40:DF42) -> 0.2860364
A27: 中游制造 | B27: =(F27-Q27)*100 -> 12.367055 | C27: =(F27-I27)*100 -> 3.4185961 | F27: =AVERAGE(F43:F45) -> 0.51593607 | G27: =AVERAGE(G43:G45) -> 0.51525971 | H27: =AVERAGE(H43:H45) -> 0.50601598 | I27: =AVERAGE(I43:I45) -> 0.48175011 | J27: =AVERAGE(J43:J45) -> 0.46921167 | K27: =AVERAGE(K43:K45) -> 0.42722234 | L27: =AVERAGE(L43:L45) -> 0.41386444 | M27: =AVERAGE(M43:M45) -> 0.39597114 | ... DF27: =AVERAGE(DF43:DF45) -> 0.39899877
A28: 必选消费 | B28: =(F28-Q28)*100 -> -0.56995057 | C28: =(F28-I28)*100 -> -2.4402369 | F28: =AVERAGE(F46:F48) -> 0.24961977 | G28: =AVERAGE(G46:G48) -> 0.24963531 | H28: =AVERAGE(H46:H48) -> 0.2660745 | I28: =AVERAGE(I46:I48) -> 0.27402214 | J28: =AVERAGE(J46:J48) -> 0.27434985 | K28: =AVERAGE(K46:K48) -> 0.26603218 | L28: =AVERAGE(L46:L48) -> 0.24942566 | M28: =AVERAGE(M46:M48) -> 0.24588838 | ... DF28: =AVERAGE(DF46:DF48) -> 0.42703094
A29: 可选消费 | B29: =(F29-Q29)*100 -> -17.387366 | C29: =(F29-I29)*100 -> -3.4178616 | F29: =AVERAGE(F49:F55) -> 0.38609416 | G29: =AVERAGE(G49:G55) -> 0.39177548 | H29: =AVERAGE(H49:H55) -> 0.40089367 | I29: =AVERAGE(I49:I55) -> 0.42027278 | J29: =AVERAGE(J49:J55) -> 0.44635148 | K29: =AVERAGE(K49:K55) -> 0.47846416 | L29: =AVERAGE(L49:L55) -> 0.4978838 | M29: =AVERAGE(M49:M55) -> 0.50194572 | ... DF29: =AVERAGE(DF49:DF55) -> 0.4336156
A30: TMT | B30: =(F30-Q30)*100 -> -0.97394021 | C30: =(F30-I30)*100 -> 0.64845492 | F30: =AVERAGE(F56:F59) -> 0.40483055 | G30: =AVERAGE(G56:G59) -> 0.42231418 | H30: =AVERAGE(H56:H59) -> 0.40623871 | I30: =AVERAGE(I56:I59) -> 0.398346 | J30: =AVERAGE(J56:J59) -> 0.41391706 | K30: =AVERAGE(K56:K59) -> 0.45479367 | L30: =AVERAGE(L56:L59) -> 0.45973664 | M30: =AVERAGE(M56:M59) -> 0.42195568 | ... DF30: =AVERAGE(DF56:DF59) -> 0.52742241
A31: 大金融 | B31: =(F31-Q31)*100 -> 5.7246422 | C31: =(F31-I31)*100 -> 8.5263907 | F31: =AVERAGE(F61:F62) -> 0.54655688 | G31: =AVERAGE(G61:G62) -> 0.50202251 | H31: =AVERAGE(H61:H62) -> 0.47686372 | I31: =AVERAGE(I61:I62) -> 0.46129297 | J31: =AVERAGE(J61:J62) -> 0.48148422 | K31: =AVERAGE(K61:K62) -> 0.49384913 | L31: =AVERAGE(L61:L62) -> 0.49827139 | M31: =AVERAGE(M61:M62) -> 0.49912261 | ... DF31: =AVERAGE(DF61:DF62) -> 0.56320974
A32: 公共产业 | B32: =(F32-Q32)*100 -> -0.74433406 | C32: =(F32-I32)*100 -> -0.16416705 | D32: =_xludf.STDEV.P(W32:DF32)*100 -> #NAME? | F32: =AVERAGE(F64:F65) -> 0.45845533 | G32: =AVERAGE(G64:G65) -> 0.44686795 | H32: =AVERAGE(H64:H65) -> 0.46231962 | I32: =AVERAGE(I64:I65) -> 0.460097 | J32: =AVERAGE(J64:J65) -> 0.48400065 | K32: =AVERAGE(K64:K65) -> 0.48471939 | L32: =AVERAGE(L64:L65) -> 0.52132469 | M32: =AVERAGE(M64:M65) -> 0.54474204 | ... DF32: =AVERAGE(DF64:DF65) -> 0.42437959
A33: 全行业 | B33: =(F33-Q33)*100 -> -4.4481877 | C33: =(F33-I33)*100 -> -0.93445943 | D33: =_xludf.STDEV.P(W33:DF33)*100 -> #NAME? | F33: =SUMPRODUCT($E$37:$E$65,F37:F65) -> 0.3808938 | G33: =SUMPRODUCT($E$37:$E$65,G37:G65) -> 0.38140227 | H33: =SUMPRODUCT($E$37:$E$65,H37:H65) -> 0.38922965 | I33: =SUMPRODUCT($E$37:$E$65,I37:I65) -> 0.39023839 | J33: =SUMPRODUCT($E$37:$E$65,J37:J65) -> 0.39739769 | K33: =SUMPRODUCT($E$37:$E$65,K37:K65) -> 0.39278558 | L33: =SUMPRODUCT($E$37:$E$65,L37:L65) -> 0.40195204 | M33: =SUMPRODUCT($E$37:$E$65,M37:M65) -> 0.39222043 | ... DF33: =SUMPRODUCT($E$37:$E$65,DF37:DF65) -> 0.35621608
A34: 全部非金融行业 | B34: =(F34-Q34)*100 -> -5.6838635 | C34: =(F34-I34)*100 -> -2.0101209 | D34: =_xludf.STDEV.P(W34:DF34)*100 -> #NAME? | F34: =(SUMPRODUCT($E$37:$E$65,F37:F65)-SUMPRODUCT($E$61:$E$62,F61:F62))/(1-SUM($E$61:$E$62)) -> 0.35939765 | G34: =(SUMPRODUCT($E$37:$E$65,G37:G65)-SUMPRODUCT($E$61:$E$62,G61:G62))/(1-SUM($E$61:$E$62)) -> 0.36488504 | H34: =(SUMPRODUCT($E$37:$E$65,H37:H65)-SUMPRODUCT($E$61:$E$62,H61:H62))/(1-SUM($E$61:$E$62)) -> 0.37662779 | I34: =(SUMPRODUCT($E$37:$E$65,I37:I65)-SUMPRODUCT($E$61:$E$62,I61:I62))/(1-SUM($E$61:$E$62)) -> 0.37949885 | J34: =(SUMPRODUCT($E$37:$E$65,J37:J65)-SUMPRODUCT($E$61:$E$62,J61:J62))/(1-SUM($E$61:$E$62)) -> 0.38498435 | K34: =(SUMPRODUCT($E$37:$E$65,K37:K65)-SUMPRODUCT($E$61:$E$62,K61:K62))/(1-SUM($E$61:$E$62)) -> 0.37798791 | L34: =(SUMPRODUCT($E$37:$E$65,L37:L65)-SUMPRODUCT($E$61:$E$62,L61:L62))/(1-SUM($E$61:$E$62)) -> 0.38735529 | M34: =(SUMPRODUCT($E$37:$E$65,M37:M65)-SUMPRODUCT($E$61:$E$62,M61:M62))/(1-SUM($E$61:$E$62)) -> 0.37558364 | ... DF34: =(SUMPRODUCT($E$37:$E$65,DF37:DF65)-SUMPRODUCT($E$61:$E$62,DF61:DF62))/(1-SUM($E$61:$E$62)) -> 0.33260584
A36: 一级行业 | B36: 23年11月至今 | C36: 3M chg | D36: 标准差 | E36: 权重 | F36: 45565 | G36: 45535 | H36: 45504 | I36: 45473 | J36: 45443 | K36: 45412 | L36: 45382 | M36: 45351 | N36: 45322 | O36: 45291 | P36: 45260 | Q36: 45230 | R36: 45199 | S36: 45169 | T36: 45138 | U36: 45107 | V36: 45077 | W36: 45046 | X36: 45016 | Y36: 44985 | Z36: 44957 | AA36: 44926 | AB36: 44895 | AC36: 44865 | AD36: 44834 | AE36: 44804 | AF36: 44773 | AG36: 44742 | AH36: 44712 | AI36: 44681 | AJ36: 44651 | AK36: 44620 | AL36: 44592 | AM36: 44561 | AN36: 44530 | AO36: 44500 | AP36: 44469 | AQ36: 44439 | AR36: 44408 | AS36: 44377 | AT36: 44347 | AU36: 44316 | AV36: 44286 | AW36: 44255 | AX36: 44227 | AY36: 44196 | AZ36: 44165 | BA36: 44135 | BB36: 44104 | BC36: 44074 | BD36: 44043 | BE36: 44012 | BF36: 43982 | BG36: 43951 | BH36: 43921 | BI36: 43890 | BJ36: 43861 | BK36: 43830 | BL36: 43799 | BM36: 43769 | BN36: 43738 | BO36: 43708 | BP36: 43677 | BQ36: 43646 | BR36: 43616 | BS36: 43585 | BT36: 43555 | BU36: 43524 | BV36: 43496 | BW36: 43465 | BX36: 43434 | BY36: 43404 | BZ36: 43373 | CA36: 43343 | CB36: 43312 | CC36: 43281 | CD36: 43251 | CE36: 43220 | CF36: 43190 | CG36: 43159 | CH36: 43131 | CI36: 43100 | CJ36: 43069 | CK36: 43039 | CL36: 43008 | CM36: 42978 | CN36: 42947 | CO36: 42916 | CP36: 42886 | CQ36: 42855 | CR36: 42825 | CS36: 42794 | CT36: 42766 | CU36: 42735 | CV36: 42704 | CW36: 42674 | CX36: 42643 | CY36: 42613 | CZ36: 42582 | DA36: 42551 | DB36: 42521 | DC36: 42490 | DD36: 42460 | DE36: 42429 | DF36: 42400
A37: 石油石化 | B37: =(F37-Q37)*100 -> -15.67 | C37: =(F37-I37)*100 -> -3.455 | D37: =_xludf.STDEV.P(W37:DF37)*100 -> #NAME? | E37: 0.11098673 | F37: 0.5797 | G37: 0.57725 | H37: 0.6277 | I37: 0.61425 | J37: 0.6054 | K37: 0.5402 | L37: 0.6277 | M37: 0.5842 | N37: 0.46545 | O37: 0.4319 | P37: 0.56205 | Q37: 0.7364 | R37: 0.8104 | S37: 0.7644 | T37: 0.64485 | U37: 0.58795 | V37: 0.73285 | W37: 0.75745 | X37: 0.76395 | Y37: 0.63825 | Z37: 0.60515 | AA37: 0.5423 | AB37: 0.57625 | AC37: 0.65765 | AD37: 0.69075 | AE37: 0.68505 | AF37: 0.69475 | AG37: 0.6579 | AH37: 0.68745 | AI37: 0.6679 | AJ37: 0.7233 | AK37: 0.79775 | AL37: 0.88095 | AM37: 0.81555 | AN37: 0.7719 | AO37: 0.7623 | AP37: 0.79865 | AQ37: 0.7306 | AR37: 0.6574 | AS37: 0.55535 | AT37: 0.44255 | AU37: 0.35935 | AV37: 0.36595 | AW37: 0.3523 | AX37: 0.3422 | AY37: 0.32955 | AZ37: 0.2617 | BA37: 0.2326 | BB37: 0.17415 | BC37: 0.19835 | BD37: 0.26985 | BE37: 0.3056 | BF37: 0.3391 | BG37: 0.3296 | BH37: 0.2778 | BI37: 0.27675 | BJ37: 0.3147 | BK37: 0.26725 | BL37: 0.28545 | BM37: 0.30045 | BN37: 0.3184 | BO37: 0.3839 | BP37: 0.4299 | BQ37: 0.44925 | BR37: 0.4253 | BS37: 0.4108 | BT37: 0.3815 | BU37: 0.4293 | BV37: 0.42935 | BW37: 0.4808 | BX37: 0.5273 | BY37: 0.61075 | BZ37: 0.6729 | CA37: 0.66035 | CB37: 0.62155 | CC37: 0.61165 | CD37: 0.6472 | CE37: 0.66155 | CF37: 0.7094 | CG37: 0.70595 | CH37: 0.69915 | CI37: 0.6571 | CJ37: 0.6138 | CK37: 0.55645 | CL37: 0.5423 | CM37: 0.54645 | CN37: 0.5339 | CO37: 0.53595 | CP37: 0.4866 | CQ37: 0.3935 | CR37: 0.29145 | CS37: 0.22635 | CT37: 0.21425 | CU37: 0.22175 | CV37: 0.22735 | CW37: 0.1889 | CX37: 0.17085 | CY37: 0.1555 | CZ37: 0.16075 | DA37: 0.17835 | DB37: 0.3146 | DC37: 0.3414 | DD37: 0.37435 | DE37: 0.315 | DF37: 0.31195
A38: 煤炭 | B38: =(F38-Q38)*100 -> -14.016667 | C38: =(F38-I38)*100 -> -8.9833333 | D38: =_xludf.STDEV.P(W38:DF38)*100 -> #NAME? | E38: 0.020655279 | F38: 0.52933333 | G38: 0.55466667 | H38: 0.616 | I38: 0.61916667 | J38: 0.60766667 | K38: 0.62216667 | L38: 0.64333333 | M38: 0.6575 | N38: 0.67166667 | O38: 0.72783333 | P38: 0.7005 | Q38: 0.6695 | R38: 0.6415 | S38: 0.63366667 | T38: 0.63333333 | U38: 0.68483333 | V38: 0.78883333 | W38: 0.843 | X38: 0.86033333 | Y38: 0.85583333 | Z38: 0.8085 | AA38: 0.84366667 | AB38: 0.8225 | AC38: 0.8205 | AD38: 0.81683333 | AE38: 0.82766667 | AF38: 0.84883333 | AG38: 0.86833333 | AH38: 0.841 | AI38: 0.93066667 | AJ38: 0.918 | AK38: 0.88283333 | AL38: 0.86633333 | AM38: 0.8545 | AN38: 0.87016667 | AO38: 0.78733333 | AP38: 0.76633333 | AQ38: 0.72133333 | AR38: 0.65883333 | AS38: 0.6355 | AT38: 0.6115 | AU38: 0.56566667 | AV38: 0.40416667 | AW38: 0.4965 | AX38: 0.56033333 | AY38: 0.59066667 | AZ38: 0.39366667 | BA38: 0.22666667 | BB38: 0.174 | BC38: 0.1595 | BD38: 0.14683333 | BE38: 0.1135 | BF38: 0.11316667 | BG38: 0.12616667 | BH38: 0.12016667 | BI38: 0.15333333 | BJ38: 0.145 | BK38: 0.18933333 | BL38: 0.29116667 | BM38: 0.32433333 | BN38: 0.34216667 | BO38: 0.37316667 | BP38: 0.401 | BQ38: 0.4435 | BR38: 0.475 | BS38: 0.49183333 | BT38: 0.4305 | BU38: 0.41 | BV38: 0.40183333 | BW38: 0.42933333 | BX38: 0.46916667 | BY38: 0.49 | BZ38: 0.45 | CA38: 0.453 | CB38: 0.48366667 | CC38: 0.48866667 | CD38: 0.42783333 | CE38: 0.40983333 | CF38: 0.49783333 | CG38: 0.52366667 | CH38: 0.5445 | CI38: 0.49983333 | CJ38: 0.50433333 | CK38: 0.50583333 | CL38: 0.4835 | CM38: 0.40483333 | CN38: 0.2865 | CO38: 0.2575 | CP38: 0.2975 | CQ38: 0.37783333 | CR38: 0.40183333 | CS38: 0.37133333 | CT38: 0.36816667 | CU38: 0.4435 | CV38: 0.4195 | CW38: 0.30566667 | CX38: 0.17116667 | CY38: 0.13916667 | CZ38: 0.13083333 | DA38: 0.12333333 | DB38: 0.115 | DC38: 0.10666667 | DD38: 0.095833333 | DE38: 0.087833333 | DF38: 0.089666667
A39: 有色金属 | B39: =(F39-Q39)*100 -> 5.5306274 | C39: =(F39-I39)*100 -> -10.885069 | D39: =_xludf.STDEV.P(W39:DF39)*100 -> #NAME? | E39: 0.046589329 | F39: 0.60105749 | G39: 0.63251059 | H39: 0.66638764 | I39: 0.70990818 | J39: 0.67832471 | K39: 0.61090604 | L39: 0.5085526 | M39: 0.44850184 | N39: 0.41348719 | O39: 0.44749714 | P39: 0.47491315 | Q39: 0.54575121 | R39: 0.54875983 | S39: 0.57845683 | T39: 0.49320018 | U39: 0.41842948 | V39: 0.30306659 | W39: 0.25984519 | X39: 0.28907051 | Y39: 0.34265466 | Z39: 0.39182752 | AA39: 0.38541919 | AB39: 0.32385962 | AC39: 0.28567353 | AD39: 0.2865525 | AE39: 0.28881505 | AF39: 0.33403362 | AG39: 0.41142907 | AH39: 0.55718169 | AI39: 0.62497931 | AJ39: 0.68637012 | AK39: 0.68384051 | AL39: 0.66600996 | AM39: 0.66516429 | AN39: 0.70486668 | AO39: 0.70625867 | AP39: 0.67650174 | AQ39: 0.68578944 | AR39: 0.76821788 | AS39: 0.81807828 | AT39: 0.83635431 | AU39: 0.85134291 | AV39: 0.82441962 | AW39: 0.77894791 | AX39: 0.69681083 | AY39: 0.62627077 | AZ39: 0.58968336 | BA39: 0.53858618 | BB39: 0.53430891 | BC39: 0.53263301 | BD39: 0.48521418 | BE39: 0.37102014 | BF39: 0.25263545 | BG39: 0.21494198 | BH39: 0.21212845 | BI39: 0.26777267 | BJ39: 0.33957493 | BK39: 0.35021852 | BL39: 0.34479189 | BM39: 0.35344417 | BN39: 0.36539832 | BO39: 0.36189893 | BP39: 0.30342406 | BQ39: 0.25229969 | BR39: 0.23029121 | BS39: 0.25678996 | BT39: 0.26116619 | BU39: 0.2219941 | BV39: 0.21547454 | BW39: 0.2103229 | BX39: 0.21683465 | BY39: 0.2057352 | BZ39: 0.21691299 | CA39: 0.31950128 | CB39: 0.48654123 | CC39: 0.58597771 | CD39: 0.62192278 | CE39: 0.6032764 | CF39: 0.56599527 | CG39: 0.60374495 | CH39: 0.59841074 | CI39: 0.62750762 | CJ39: 0.69969947 | CK39: 0.74873183 | CL39: 0.76930832 | CM39: 0.72178133 | CN39: 0.69696892 | CO39: 0.67054012 | CP39: 0.70028085 | CQ39: 0.71316357 | CR39: 0.74540499 | CS39: 0.76352921 | CT39: 0.78618948 | CU39: 0.79439031 | CV39: 0.74712466 | CW39: 0.68001198 | CX39: 0.61098796 | CY39: 0.53617083 | CZ39: 0.41454705 | DA39: 0.31715529 | DB39: 0.25445397 | DC39: 0.26333233 | DD39: 0.26249732 | DE39: 0.19607584 | DF39: 0.14876117
A40: 基础化工 | B40: =(F40-Q40)*100 -> -10.089162 | C40: =(F40-I40)*100 -> -11.694211 | D40: =_xludf.STDEV.P(W40:DF40)*100 -> #NAME? | E40: 0.028938874 | F40: 0.27327124 | G40: 0.29138178 | H40: 0.33221222 | I40: 0.39021334 | J40: 0.39835063 | K40: 0.37066705 | L40: 0.32157047 | M40: 0.28960632 | N40: 0.32295038 | O40: 0.34536085 | P40: 0.37532625 | Q40: 0.37416285 | R40: 0.37710011 | S40: 0.37184407 | T40: 0.31244556 | U40: 0.24417038 | V40: 0.20556582 | W40: 0.21458 | X40: 0.29807006 | Y40: 0.36991929 | Z40: 0.44007166 | AA40: 0.46447284 | AB40: 0.44275061 | AC40: 0.45454731 | AD40: 0.47314594 | AE40: 0.50387197 | AF40: 0.53737035 | AG40: 0.59133705 | AH40: 0.66118183 | AI40: 0.68652914 | AJ40: 0.68052071 | AK40: 0.68366193 | AL40: 0.68119257 | AM40: 0.72501923 | AN40: 0.75449141 | AO40: 0.77903891 | AP40: 0.77655839 | AQ40: 0.78160801 | AR40: 0.76497951 | AS40: 0.7576474 | AT40: 0.74515725 | AU40: 0.73953503 | AV40: 0.73301641 | AW40: 0.65698516 | AX40: 0.5910147 | AY40: 0.54196766 | AZ40: 0.54353059 | BA40: 0.48861206 | BB40: 0.42423355 | BC40: 0.34430086 | BD40: 0.30941962 | BE40: 0.29469796 | BF40: 0.27092008 | BG40: 0.24261395 | BH40: 0.2387462 | BI40: 0.26384431 | BJ40: 0.32157465 | BK40: 0.35960841 | BL40: 0.36434631 | BM40: 0.37379222 | BN40: 0.36574418 | BO40: 0.38848818 | BP40: 0.40197537 | BQ40: 0.42220594 | BR40: 0.44195636 | BS40: 0.46165952 | BT40: 0.4639034 | BU40: 0.45360155 | BV40: 0.44373621 | BW40: 0.47322321 | BX40: 0.48667388 | BY40: 0.52735371 | BZ40: 0.58345716 | CA40: 0.62842499 | CB40: 0.66010606 | CC40: 0.66701594 | CD40: 0.68218242 | CE40: 0.66767429 | CF40: 0.6643887 | CG40: 0.64070745 | CH40: 0.64249694 | CI40: 0.6319912 | CJ40: 0.63432096 | CK40: 0.66652422 | CL40: 0.71290919 | CM40: 0.73804647 | CN40: 0.71383549 | CO40: 0.67672806 | CP40: 0.63567478 | CQ40: 0.64443002 | CR40: 0.65625987 | CS40: 0.67257758 | CT40: 0.6776392 | CU40: 0.64794667 | CV40: 0.60920818 | CW40: 0.55301111 | CX40: 0.5019342 | CY40: 0.42644398 | CZ40: 0.3863258 | DA40: 0.34534614 | DB40: 0.34406338 | DC40: 0.35482108 | DD40: 0.36245884 | DE40: 0.36142684 | DF40: 0.34271642
A41: 钢铁 | B41: =(F41-Q41)*100 -> -22.542108 | C41: =(F41-I41)*100 -> -13.929227 | D41: =_xludf.STDEV.P(W41:DF41)*100 -> #NAME? | E41: 0.031889485 | F41: 0.16136377 | G41: 0.18407776 | H41: 0.22520953 | I41: 0.30065604 | J41: 0.30805314 | K41: 0.28660648 | L41: 0.24570715 | M41: 0.26191319 | N41: 0.32578492 | O41: 0.37331075 | P41: 0.39858746 | Q41: 0.38678485 | R41: 0.37704824 | S41: 0.37572101 | T41: 0.31742747 | U41: 0.23990909 | V41: 0.17823111 | W41: 0.1749631 | X41: 0.22634368 | Y41: 0.22714614 | Z41: 0.17076326 | AA41: 0.11078611 | AB41: 0.084297336 | AC41: 0.07163572 | AD41: 0.085014729 | AE41: 0.070994493 | AF41: 0.10688438 | AG41: 0.14387239 | AH41: 0.27548274 | AI41: 0.42153757 | AJ41: 0.52213639 | AK41: 0.59311957 | AL41: 0.60587121 | AM41: 0.59605922 | AN41: 0.61533475 | AO41: 0.64600456 | AP41: 0.68366312 | AQ41: 0.60324282 | AR41: 0.53492749 | AS41: 0.63725392 | AT41: 0.69087556 | AU41: 0.68774409 | AV41: 0.55284982 | AW41: 0.5210371 | AX41: 0.55517675 | AY41: 0.57832504 | AZ41: 0.54053582 | BA41: 0.49646774 | BB41: 0.48949155 | BC41: 0.49391044 | BD41: 0.49629474 | BE41: 0.47329175 | BF41: 0.44207375 | BG41: 0.42053245 | BH41: 0.43164905 | BI41: 0.50196884 | BJ41: 0.57963254 | BK41: 0.55680925 | BL41: 0.47920085 | BM41: 0.38006245 | BN41: 0.33955263 | BO41: 0.35569543 | BP41: 0.42852266 | BQ41: 0.53309476 | BR41: 0.60052429 | BS41: 0.6167856 | BT41: 0.57822786 | BU41: 0.52709103 | BV41: 0.49453909 | BW41: 0.50797131 | BX41: 0.60137615 | BY41: 0.67061119 | BZ41: 0.71127219 | CA41: 0.72377338 | CB41: 0.74811446 | CC41: 0.77795583 | CD41: 0.80097428 | CE41: 0.73766459 | CF41: 0.68643854 | CG41: 0.66455968 | CH41: 0.74768304 | CI41: 0.78504003 | CJ41: 0.81908379 | CK41: 0.84956304 | CL41: 0.88511453 | CM41: 0.90718983 | CN41: 0.89742518 | CO41: 0.84228448 | CP41: 0.77252465 | CQ41: 0.75618002 | CR41: 0.76725265 | CS41: 0.76506686 | CT41: 0.71211448 | CU41: 0.69191589 | CV41: 0.66470383 | CW41: 0.62352681 | CX41: 0.59857382 | CY41: 0.6001829 | CZ41: 0.5801422 | DA41: 0.55202299 | DB41: 0.57935693 | DC41: 0.54573074 | DD41: 0.40429919 | DE41: 0.26163296 | DF41: 0.18338251
A42: 建筑材料 | B42: =(F42-Q42)*100 -> 13.57234 | C42: =(F42-I42)*100 -> -3.3456104 | D42: =_xludf.STDEV.P(W42:DF42)*100 -> #NAME? | E42: 0.011535392 | F42: 0.39886622 | G42: 0.41504923 | H42: 0.43805365 | I42: 0.43232232 | J42: 0.34313763 | K42: 0.2737038 | L42: 0.25047061 | M42: 0.28661189 | N42: 0.32065609 | O42: 0.32513939 | P42: 0.29998686 | Q42: 0.26314281 | R42: 0.25350935 | S42: 0.25606299 | T42: 0.25189034 | U42: 0.24919329 | V42: 0.24466972 | W42: 0.26727255 | X42: 0.25502417 | Y42: 0.22598565 | Z42: 0.15981489 | AA42: 0.097367098 | AB42: 0.089405545 | AC42: 0.10829547 | AD42: 0.13777773 | AE42: 0.22797864 | AF42: 0.26848854 | AG42: 0.31755068 | AH42: 0.39057653 | AI42: 0.47834047 | AJ42: 0.57400384 | AK42: 0.64966773 | AL42: 0.66179395 | AM42: 0.68342129 | AN42: 0.79137675 | AO42: 0.89378869 | AP42: 0.87786138 | AQ42: 0.76254121 | AR42: 0.69606143 | AS42: 0.76173135 | AT42: 0.83552175 | AU42: 0.77868869 | AV42: 0.71804674 | AW42: 0.59648244 | AX42: 0.55478362 | AY42: 0.54802628 | AZ42: 0.53642329 | BA42: 0.53864499 | BB42: 0.47472429 | BC42: 0.38813888 | BD42: 0.36891046 | BE42: 0.37652238 | BF42: 0.3443579 | BG42: 0.30554999 | BH42: 0.26470766 | BI42: 0.34281905 | BJ42: 0.46243061 | BK42: 0.57887263 | BL42: 0.55600697 | BM42: 0.54747735 | BN42: 0.50232319 | BO42: 0.41615328 | BP42: 0.35992358 | BQ42: 0.37497596 | BR42: 0.44570215 | BS42: 0.46427078 | BT42: 0.4777999 | BU42: 0.45336595 | BV42: 0.57498968 | BW42: 0.63632979 | BX42: 0.66802871 | BY42: 0.68405161 | BZ42: 0.66535845 | CA42: 0.64008234 | CB42: 0.64807094 | CC42: 0.68958244 | CD42: 0.68651593 | CE42: 0.67793886 | CF42: 0.65089039 | CG42: 0.68615499 | CH42: 0.75577766 | CI42: 0.73983909 | CJ42: 0.65449298 | CK42: 0.60481888 | CL42: 0.62146684 | CM42: 0.62195046 | CN42: 0.63442398 | CO42: 0.66336109 | CP42: 0.7118452 | CQ42: 0.75106434 | CR42: 0.75840635 | CS42: 0.74976322 | CT42: 0.7309742 | CU42: 0.71526122 | CV42: 0.70459771 | CW42: 0.67444774 | CX42: 0.63037957 | CY42: 0.56593292 | CZ42: 0.54129774 | DA42: 0.47985955 | DB42: 0.42837139 | DC42: 0.39981373 | DD42: 0.40854276 | DE42: 0.39440594 | DF42: 0.33201029
A43: 机械设备 | B43: =(F43-Q43)*100 -> 18.810264 | C43: =(F43-I43)*100 -> 7.0019951 | D43: =_xludf.STDEV.P(W43:DF43)*100 -> #NAME? | E43: 0.026998238 | F43: 0.62291137 | G43: 0.63312527 | H43: 0.60100057 | I43: 0.55289142 | J43: 0.51589488 | K43: 0.41475806 | L43: 0.3892641 | M43: 0.35140682 | N43: 0.48888551 | O43: 0.53714328 | P43: 0.50520542 | Q43: 0.43480873 | R43: 0.36061112 | S43: 0.30242664 | T43: 0.27444778 | U43: 0.22320909 | V43: 0.27536738 | W43: 0.30791954 | X43: 0.37175162 | Y43: 0.36306554 | Z43: 0.30324975 | AA43: 0.23226539 | AB43: 0.32533841 | AC43: 0.38479456 | AD43: 0.43854632 | AE43: 0.4098571 | AF43: 0.37609905 | AG43: 0.40605083 | AH43: 0.39020598 | AI43: 0.42896821 | AJ43: 0.46259672 | AK43: 0.48490077 | AL43: 0.51866205 | AM43: 0.44668157 | AN43: 0.44312883 | AO43: 0.485883 | AP43: 0.57760515 | AQ43: 0.63789285 | AR43: 0.68179013 | AS43: 0.71216203 | AT43: 0.74921915 | AU43: 0.83420688 | AV43: 0.93717154 | AW43: 0.97067034 | AX43: 0.91917823 | AY43: 0.84670628 | AZ43: 0.79855139 | BA43: 0.75658768 | BB43: 0.67052962 | BC43: 0.63039664 | BD43: 0.60376099 | BE43: 0.58250599 | BF43: 0.5740155 | BG43: 0.41352682 | BH43: 0.30998089 | BI43: 0.17935405 | BJ43: 0.34020158 | BK43: 0.39155679 | BL43: 0.43265682 | BM43: 0.38887173 | BN43: 0.33736934 | BO43: 0.34116621 | BP43: 0.36560153 | BQ43: 0.3327052 | BR43: 0.26325921 | BS43: 0.27060491 | BT43: 0.32666811 | BU43: 0.40345888 | BV43: 0.26509637 | BW43: 0.24295962 | BX43: 0.29797105 | BY43: 0.32067286 | BZ43: 0.34801242 | CA43: 0.34768818 | CB43: 0.36385889 | CC43: 0.42758567 | CD43: 0.48301027 | CE43: 0.50214237 | CF43: 0.45758173 | CG43: 0.50644187 | CH43: 0.55805756 | CI43: 0.62879343 | CJ43: 0.601698 | CK43: 0.63332264 | CL43: 0.64312408 | CM43: 0.68042238 | CN43: 0.69383932 | CO43: 0.72260542 | CP43: 0.71338892 | CQ43: 0.70518311 | CR43: 0.70839792 | CS43: 0.68653328 | CT43: 0.72922241 | CU43: 0.70173126 | CV43: 0.68640931 | CW43: 0.70439024 | CX43: 0.6725301 | CY43: 0.61941989 | CZ43: 0.53807755 | DA43: 0.43819238 | DB43: 0.3980769 | DC43: 0.4094519 | DD43: 0.44879646 | DE43: 0.45469067 | DF43: 0.27946302
A44: 电力设备 | B44: =(F44-Q44)*100 -> -1.0298638 | C44: =(F44-I44)*100 -> 1.6641076 | D44: =_xludf.STDEV.P(W44:DF44)*100 -> #NAME? | E44: 0.050000753 | F44: 0.45877097 | G44: 0.44595162 | H44: 0.44255089 | I44: 0.4421299 | J44: 0.44954704 | K44: 0.44575454 | L44: 0.48177898 | M44: 0.47957166 | N44: 0.49636199 | O44: 0.50740977 | P44: 0.49384103 | Q44: 0.46906961 | R44: 0.45139438 | S44: 0.45890687 | T44: 0.47913247 | U44: 0.52848217 | V44: 0.56698792 | W44: 0.56326885 | X44: 0.5368469 | Y44: 0.45414542 | Z44: 0.42392667 | AA44: 0.47853181 | AB44: 0.55040317 | AC44: 0.61252608 | AD44: 0.64994031 | AE44: 0.69907574 | AF44: 0.71004821 | AG44: 0.70172862 | AH44: 0.68050395 | AI44: 0.7084818 | AJ44: 0.80250673 | AK44: 0.8431382 | AL44: 0.77134038 | AM44: 0.61141809 | AN44: 0.60145244 | AO44: 0.62376163 | AP44: 0.63874444 | AQ44: 0.63550263 | AR44: 0.64685454 | AS44: 0.66163164 | AT44: 0.70509109 | AU44: 0.7376127 | AV44: 0.78502636 | AW44: 0.77806306 | AX44: 0.7247532 | AY44: 0.54680857 | AZ44: 0.47509981 | BA44: 0.42223188 | BB44: 0.3558986 | BC44: 0.30686845 | BD44: 0.24496472 | BE44: 0.2201084 | BF44: 0.18346551 | BG44: 0.14266385 | BH44: 0.11747473 | BI44: 0.12781903 | BJ44: 0.15290236 | BK44: 0.26376904 | BL44: 0.26029312 | BM44: 0.2444315 | BN44: 0.2419792 | BO44: 0.21368719 | BP44: 0.21737552 | BQ44: 0.24683295 | BR44: 0.28208506 | BS44: 0.28314948 | BT44: 0.30608402 | BU44: 0.33999689 | BV44: 0.36597644 | BW44: 0.40901258 | BX44: 0.39243975 | BY44: 0.38281096 | BZ44: 0.37784758 | CA44: 0.37990903 | CB44: 0.39259938 | CC44: 0.43240583 | CD44: 0.4484639 | CE44: 0.49245408 | CF44: 0.52134483 | CG44: 0.59096528 | CH44: 0.56694632 | CI44: 0.53688881 | CJ44: 0.51208687 | CK44: 0.5423903 | CL44: 0.55988316 | CM44: 0.56308124 | CN44: 0.52752284 | CO44: 0.50515152 | CP44: 0.49772512 | CQ44: 0.4995337 | CR44: 0.48228691 | CS44: 0.42711748 | CT44: 0.49760471 | CU44: 0.51458748 | CV44: 0.54909401 | CW44: 0.56537756 | CX44: 0.57630225 | CY44: 0.59283134 | CZ44: 0.5955996 | DA44: 0.60892953 | DB44: 0.60598176 | DC44: 0.60720767 | DD44: 0.58466274 | DE44: 0.57644222 | DF44: 0.58339893
A45: 国防军工 | B45: =(F45-Q45)*100 -> 19.320764 | C45: =(F45-I45)*100 -> 1.5896855 | D45: =_xludf.STDEV.P(W45:DF45)*100 -> #NAME? | E45: 0.0087554527 | F45: 0.46612586 | G45: 0.46670224 | H45: 0.47449647 | I45: 0.45022901 | J45: 0.44219309 | K45: 0.42115442 | L45: 0.37055023 | M45: 0.35693495 | N45: 0.32360826 | O45: 0.30122389 | P45: 0.27936614 | Q45: 0.27291822 | R45: 0.27027071 | S45: 0.25753304 | T45: 0.26182934 | U45: 0.27458045 | V45: 0.31037984 | W45: 0.3282415 | X45: 0.36749915 | Y45: 0.38576788 | Z45: 0.48211142 | AA45: 0.54245305 | AB45: 0.55279874 | AC45: 0.58910155 | AD45: 0.62139824 | AE45: 0.63778743 | AF45: 0.65876386 | AG45: 0.67269405 | AH45: 0.68428445 | AI45: 0.71429969 | AJ45: 0.77957433 | AK45: 0.81880989 | AL45: 0.81960822 | AM45: 0.79955642 | AN45: 0.79830426 | AO45: 0.81062025 | AP45: 0.83317894 | AQ45: 0.79211925 | AR45: 0.79963902 | AS45: 0.72875432 | AT45: 0.68049468 | AU45: 0.60550853 | AV45: 0.5772279 | AW45: 0.58411368 | AX45: 0.56732573 | AY45: 0.52552153 | AZ45: 0.45711438 | BA45: 0.44335421 | BB45: 0.41014429 | BC45: 0.40542773 | BD45: 0.36940283 | BE45: 0.38737952 | BF45: 0.37713782 | BG45: 0.40211246 | BH45: 0.38847739 | BI45: 0.35879224 | BJ45: 0.37656227 | BK45: 0.3606693 | BL45: 0.35976841 | BM45: 0.36845071 | BN45: 0.39273236 | BO45: 0.41435231 | BP45: 0.45975855 | BQ45: 0.48195589 | BR45: 0.47742821 | BS45: 0.48322123 | BT45: 0.52002066 | BU45: 0.5864326 | BV45: 0.67112433 | BW45: 0.66773553 | BX45: 0.66701696 | BY45: 0.60346441 | BZ45: 0.56763404 | CA45: 0.57435599 | CB45: 0.52086628 | CC45: 0.51796956 | CD45: 0.50117589 | CE45: 0.54751023 | CF45: 0.5157583 | CG45: 0.51767224 | CH45: 0.50935848 | CI45: 0.54428742 | CJ45: 0.55183764 | CK45: 0.61143587 | CL45: 0.61458108 | CM45: 0.61082346 | CN45: 0.59717255 | CO45: 0.56228925 | CP45: 0.52212096 | CQ45: 0.4601261 | CR45: 0.46846496 | CS45: 0.442091 | CT45: 0.5039818 | CU45: 0.44019504 | CV45: 0.44000782 | CW45: 0.35824752 | CX45: 0.3469068 | CY45: 0.32618631 | CZ45: 0.37372901 | DA45: 0.37711494 | DB45: 0.38527197 | DC45: 0.37518079 | DD45: 0.3951117 | DE45: 0.36854871 | DF45: 0.33413435
A46: 农林牧渔 | B46: =(F46-Q46)*100 -> 10.891313 | C46: =(F46-I46)*100 -> 0.31961488 | D46: =_xludf.STDEV.P(W46:DF46)*100 -> #NAME? | E46: 0.016969776 | F46: 0.26707846 | G46: 0.27309771 | H46: 0.29211784 | I46: 0.26388231 | J46: 0.22319503 | K46: 0.19502475 | L46: 0.17258462 | M46: 0.17570142 | N46: 0.13544072 | O46: 0.13643751 | P46: 0.13632548 | Q46: 0.15816532 | R46: 0.20829772 | S46: 0.23952051 | T46: 0.23214358 | U46: 0.18820705 | V46: 0.20454787 | W46: 0.24461836 | X46: 0.3197218 | Y46: 0.37614502 | Z46: 0.44438632 | AA46: 0.55355287 | AB46: 0.6725651 | AC46: 0.74427304 | AD46: 0.74317722 | AE46: 0.6970831 | AF46: 0.65349152 | AG46: 0.6173368 | AH46: 0.54782328 | AI46: 0.52151661 | AJ46: 0.50532146 | AK46: 0.50726927 | AL46: 0.54443872 | AM46: 0.62032244 | AN46: 0.63187413 | AO46: 0.59896637 | AP46: 0.58902347 | AQ46: 0.59263246 | AR46: 0.64108505 | AS46: 0.6959617 | AT46: 0.74405616 | AU46: 0.79618282 | AV46: 0.82315275 | AW46: 0.88607973 | AX46: 0.8434333 | AY46: 0.80570179 | AZ46: 0.77297299 | BA46: 0.76907696 | BB46: 0.75855708 | BC46: 0.75491425 | BD46: 0.72039042 | BE46: 0.69552325 | BF46: 0.69332317 | BG46: 0.67868928 | BH46: 0.68912876 | BI46: 0.62222554 | BJ46: 0.5950076 | BK46: 0.55269945 | BL46: 0.54249111 | BM46: 0.57882301 | BN46: 0.59656875 | BO46: 0.59716071 | BP46: 0.57048052 | BQ46: 0.5380693 | BR46: 0.50553909 | BS46: 0.44762858 | BT46: 0.40281087 | BU46: 0.39249029 | BV46: 0.41508795 | BW46: 0.4380601 | BX46: 0.4507641 | BY46: 0.47958733 | BZ46: 0.48068216 | CA46: 0.44664551 | CB46: 0.43635294 | CC46: 0.41403585 | CD46: 0.40352619 | CE46: 0.41015079 | CF46: 0.45754325 | CG46: 0.4983783 | CH46: 0.52350903 | CI46: 0.48805657 | CJ46: 0.46218529 | CK46: 0.42527889 | CL46: 0.39987032 | CM46: 0.37618128 | CN46: 0.37034473 | CO46: 0.39549197 | CP46: 0.45790637 | CQ46: 0.54423592 | CR46: 0.57864137 | CS46: 0.57622119 | CT46: 0.56566944 | CU46: 0.60025988 | CV46: 0.57712246 | CW46: 0.56825336 | CX46: 0.53775235 | CY46: 0.51700138 | CZ46: 0.52684237 | DA46: 0.53351383 | DB46: 0.53230933 | DC46: 0.4804998 | DD46: 0.43344036 | DE46: 0.36945032 | DF46: 0.32737418
A47: 食品饮料 | B47: =(F47-Q47)*100 -> -9.3779503 | C47: =(F47-I47)*100 -> -3.2291715 | D47: =_xludf.STDEV.P(W47:DF47)*100 -> #NAME? | E47: 0.013217009 | F47: 0.25307411 | G47: 0.24635204 | H47: 0.26158121 | I47: 0.28536582 | J47: 0.29756063 | K47: 0.28929481 | L47: 0.28958418 | M47: 0.3108386 | N47: 0.37985162 | O47: 0.38341736 | P47: 0.37611403 | Q47: 0.34685361 | R47: 0.30511594 | S47: 0.30429235 | T47: 0.30677616 | U47: 0.37654504 | V47: 0.4012422 | W47: 0.41481707 | X47: 0.4156561 | Y47: 0.38778904 | Z47: 0.30898354 | AA47: 0.33443665 | AB47: 0.36243052 | AC47: 0.41888486 | AD47: 0.44987876 | AE47: 0.48017512 | AF47: 0.4986876 | AG47: 0.52924442 | AH47: 0.54082993 | AI47: 0.53871993 | AJ47: 0.56004683 | AK47: 0.58358346 | AL47: 0.66255873 | AM47: 0.65057474 | AN47: 0.65031281 | AO47: 0.6776571 | AP47: 0.70125392 | AQ47: 0.70571979 | AR47: 0.69366541 | AS47: 0.67432934 | AT47: 0.63827116 | AU47: 0.64551054 | AV47: 0.66059966 | AW47: 0.63942471 | AX47: 0.57820405 | AY47: 0.43160021 | AZ47: 0.421329 | BA47: 0.39388315 | BB47: 0.37779147 | BC47: 0.35832073 | BD47: 0.37960107 | BE47: 0.38391137 | BF47: 0.41128188 | BG47: 0.41932966 | BH47: 0.43320159 | BI47: 0.4924447 | BJ47: 0.5818607 | BK47: 0.63927435 | BL47: 0.62024437 | BM47: 0.637339 | BN47: 0.61935808 | BO47: 0.61068514 | BP47: 0.58721831 | BQ47: 0.5949692 | BR47: 0.59158153 | BS47: 0.57323004 | BT47: 0.5457359 | BU47: 0.51576923 | BV47: 0.4724327 | BW47: 0.44013933 | BX47: 0.4932433 | BY47: 0.50942661 | BZ47: 0.52544555 | CA47: 0.53609354 | CB47: 0.53452711 | CC47: 0.53276709 | CD47: 0.5331168 | CE47: 0.52415945 | CF47: 0.55738368 | CG47: 0.56961044 | CH47: 0.56710978 | CI47: 0.59233441 | CJ47: 0.62222707 | CK47: 0.63992444 | CL47: 0.65003867 | CM47: 0.63881973 | CN47: 0.64736772 | CO47: 0.65745858 | CP47: 0.66214893 | CQ47: 0.66605251 | CR47: 0.65015948 | CS47: 0.63393085 | CT47: 0.61794928 | CU47: 0.58866173 | CV47: 0.55003638 | CW47: 0.50720533 | CX47: 0.47738886 | CY47: 0.44152703 | CZ47: 0.42598019 | DA47: 0.40114633 | DB47: 0.3777338 | DC47: 0.35590128 | DD47: 0.3645117 | DE47: 0.38434993 | DF47: 0.41096364
A48: 医药生物 | B48: =(F48-Q48)*100 -> -3.2232147 | C48: =(F48-I48)*100 -> -4.4111541 | D48: =_xludf.STDEV.P(W48:DF48)*100 -> #NAME? | E48: 0.034629266 | F48: 0.22870675 | G48: 0.22945617 | H48: 0.24452443 | I48: 0.27281829 | J48: 0.3022939 | K48: 0.31377697 | L48: 0.28610818 | M48: 0.25112513 | N48: 0.25423932 | O48: 0.24061864 | P48: 0.232717 | Q48: 0.26093889 | R48: 0.23497622 | S48: 0.23260087 | T48: 0.25284701 | U48: 0.26041867 | V48: 0.25015766 | W48: 0.26333317 | X48: 0.36680454 | Y48: 0.40816353 | Z48: 0.40442869 | AA48: 0.38087653 | AB48: 0.39700674 | AC48: 0.2744678 | AD48: 0.25909678 | AE48: 0.22716386 | AF48: 0.26769101 | AG48: 0.28912291 | AH48: 0.30673395 | AI48: 0.37898678 | AJ48: 0.38153298 | AK48: 0.51085178 | AL48: 0.64881917 | AM48: 0.76364994 | AN48: 0.73680572 | AO48: 0.73165615 | AP48: 0.72443992 | AQ48: 0.73638484 | AR48: 0.72049453 | AS48: 0.6902712 | AT48: 0.68057938 | AU48: 0.71830988 | AV48: 0.80953013 | AW48: 0.83748018 | AX48: 0.79747697 | AY48: 0.68929077 | AZ48: 0.66556807 | BA48: 0.56637968 | BB48: 0.45123425 | BC48: 0.38616357 | BD48: 0.36690208 | BE48: 0.34921581 | BF48: 0.347082 | BG48: 0.33871978 | BH48: 0.3104839 | BI48: 0.31874704 | BJ48: 0.25758269 | BK48: 0.33761159 | BL48: 0.33091788 | BM48: 0.34015394 | BN48: 0.36834698 | BO48: 0.40216982 | BP48: 0.42753234 | BQ48: 0.46443715 | BR48: 0.4622777 | BS48: 0.45665081 | BT48: 0.45857322 | BU48: 0.42800274 | BV48: 0.46117005 | BW48: 0.45330853 | BX48: 0.47427911 | BY48: 0.49384917 | BZ48: 0.48732425 | CA48: 0.47462335 | CB48: 0.47621676 | CC48: 0.49967516 | CD48: 0.54450656 | CE48: 0.60207289 | CF48: 0.64128525 | CG48: 0.67223721 | CH48: 0.76252166 | CI48: 0.76037077 | CJ48: 0.76106548 | CK48: 0.77462641 | CL48: 0.76720737 | CM48: 0.77020435 | CN48: 0.75639097 | CO48: 0.74918772 | CP48: 0.74446809 | CQ48: 0.70358635 | CR48: 0.67126844 | CS48: 0.65165041 | CT48: 0.58740477 | CU48: 0.62565124 | CV48: 0.63900912 | CW48: 0.65106047 | CX48: 0.62931865 | CY48: 0.5741422 | CZ48: 0.56163983 | DA48: 0.58202225 | DB48: 0.63415906 | DC48: 0.68447421 | DD48: 0.62212397 | DE48: 0.62478742 | DF48: 0.542755
... A67: 建筑 | B67: =(F67-Q67)*100 -> -19.3375 | C67: =(F67-I67)*100 -> -3.4025 | D67: =_xludf.STDEV.P(W67:DF67)*100 -> #NAME? | E67: 0.12685618 | F67: 0.155725 | G67: 0.15925 | H67: 0.166775 | I67: 0.18975 | J67: 0.26035 | K67: 0.323525 | L67: 0.310375 | M67: 0.3019 | N67: 0.299525 | O67: 0.32275 | P67: 0.297625 | Q67: 0.3491 | R67: 0.354025 | S67: 0.32215 | T67: 0.255425 | U67: 0.25775 | V67: 0.380675 | W67: 0.58295 | X67: 0.647075 | Y67: 0.508125 | Z67: 0.31575 | AA67: 0.247925 | AB67: 0.342125 | AC67: 0.39925 | AD67: 0.3929 | AE67: 0.379925 | AF67: 0.36065 | AG67: 0.33635 | AH67: 0.331125 | AI67: 0.343375 | AJ67: 0.4008 | AK67: 0.444725 | AL67: 0.43225 | AM67: 0.4197 | AN67: 0.37665 | AO67: 0.38055 | AP67: 0.425525 | AQ67: 0.473025 | AR67: 0.552025 | AS67: 0.5669 | AT67: 0.62035 | AU67: 0.749325 | AV67: 0.709525 | AW67: 0.71045 | AX67: 0.6421 | AY67: 0.672725 | AZ67: 0.6259 | BA67: 0.608075 | BB67: 0.580875 | BC67: 0.59105 | BD67: 0.5412 | BE67: 0.490325 | BF67: 0.44285 | BG67: 0.337175 | BH67: 0.1553 | BI67: 0.155775 | BJ67: 0.171975 | BK67: 0.3727 | BL67: 0.441625 | BM67: 0.443025 | BN67: 0.4795 | BO67: 0.401225 | BP67: 0.4105 | BQ67: 0.355025 | BR67: 0.3832 | BS67: 0.4698 | BT67: 0.540975 | BU67: 0.65065 | BV67: 0.6464 | BW67: 0.58715 | BX67: 0.553475 | BY67: 0.55945 | BZ67: 0.541375 | CA67: 0.4761 | CB67: 0.381325 | CC67: 0.4327 | CD67: 0.6025 | CE67: 0.65435 | CF67: 0.638825 | CG67: 0.70015 | CH67: 0.77695 | CI67: 0.816325 | CJ67: 0.725975 | CK67: 0.669325 | CL67: 0.61175 | CM67: 0.7238 | CN67: 0.748825 | CO67: 0.777475 | CP67: 0.747775 | CQ67: 0.702425 | CR67: 0.711 | CS67: 0.681625 | CT67: 0.7206 | CU67: 0.723325 | CV67: 0.785625 | CW67: 0.789925 | CX67: 0.731825 | CY67: 0.7161 | CZ67: 0.736975 | DA67: 0.8042 | DB67: 0.754375 | DC67: 0.691625 | DD67: 0.575525 | DE67: 0.362 | DF67: 0.306425
A69: 二级行业 | B69: 23年11月至今 | C69: Pct-chg | D69: 标准差 | F69: 45565 | G69: 45535 | H69: 45504 | I69: 45473 | J69: 45443 | K69: 45412 | L69: 45382 | M69: 45351 | N69: 45322 | O69: 45291 | P69: 45260 | Q69: 45230 | R69: 45199 | S69: 45169 | T69: 45138 | U69: 45107 | V69: 45077 | W69: 45046 | X69: 45016 | Y69: 44985 | Z69: 44957 | AA69: 44926 | AB69: 44895 | AC69: 44865 | AD69: 44834 | AE69: 44804 | AF69: 44773 | AG69: 44742 | AH69: 44712 | AI69: 44681 | AJ69: 44651 | AK69: 44620 | AL69: 44592 | AM69: 44561 | AN69: 44530 | AO69: 44500 | AP69: 44469 | AQ69: 44439 | AR69: 44408 | AS69: 44377 | AT69: 44347 | AU69: 44316 | AV69: 44286 | AW69: 44255 | AX69: 44227 | AY69: 44196 | AZ69: 44165 | BA69: 44135 | BB69: 44104 | BC69: 44074 | BD69: 44043 | BE69: 44012 | BF69: 43982 | BG69: 43951 | BH69: 43921 | BI69: 43890 | BJ69: 43861 | BK69: 43830 | BL69: 43799 | BM69: 43769 | BN69: 43738 | BO69: 43708 | BP69: 43677 | BQ69: 43646 | BR69: 43616 | BS69: 43585 | BT69: 43555 | BU69: 43524 | BV69: 43496 | BW69: 43465 | BX69: 43434 | BY69: 43404 | BZ69: 43373 | CA69: 43343 | CB69: 43312 | CC69: 43281 | CD69: 43251 | CE69: 43220 | CF69: 43190 | CG69: 43159 | CH69: 43131 | CI69: 43100 | CJ69: 43069 | CK69: 43039 | CL69: 43008 | CM69: 42978 | CN69: 42947 | CO69: 42916 | CP69: 42886 | CQ69: 42855 | CR69: 42825 | CS69: 42794 | CT69: 42766 | CU69: 42735 | CV69: 42704 | CW69: 42674 | CX69: 42643 | CY69: 42613 | CZ69: 42582 | DA69: 42551 | DB69: 42521 | DC69: 42490 | DD69: 42460 | DE69: 42429 | DF69: 42400
A70: 油气开采/油服工程 | B70: =(F70-Q70)*100 -> -17.323077 | C70: =(F70-I70)*100 -> -11.076923 | D70: =_xludf.STDEV.P(W70:DF70)*100 -> #NAME? | F70: 0.54723077 | G70: 0.55369231 | H70: 0.64207692 | I70: 0.658 | J70: 0.69123077 | K70: 0.711 | L70: 0.72015385 | M70: 0.66884615 | N70: 0.64338462 | O70: 0.63861538 | P70: 0.67138462 | Q70: 0.72046154 | R70: 0.76592308 | S70: 0.76838462 | T70: 0.69969231 | U70: 0.63530769 | V70: 0.59438462 | W70: 0.62684615 | X70: 0.64761538 | Y70: 0.67392308 | Z70: 0.70646154 | AA70: 0.71961538 | AB70: 0.74061538 | AC70: 0.756 | AD70: 0.78053846 | AE70: 0.79276923 | AF70: 0.81792308 | AG70: 0.85061538 | AH70: 0.85407692 | AI70: 0.85523077 | AJ70: 0.84138462 | AK70: 0.86169231 | AL70: 0.85346154 | AM70: 0.73238462 | AN70: 0.67546154 | AO70: 0.70269231 | AP70: 0.73223077 | AQ70: 0.66953846 | AR70: 0.65115385 | AS70: 0.63523077 | AT70: 0.60276923 | AU70: 0.52161538 | AV70: 0.49515385 | AW70: 0.43269231 | AX70: 0.39076923 | AY70: 0.32930769 | AZ70: 0.23569231 | BA70: 0.20115385 | BB70: 0.18446154 | BC70: 0.20607692 | BD70: 0.20623077 | BE70: 0.15676923 | BF70: 0.093076923 | BG70: 0.062846154 | BH70: 0.072 | BI70: 0.15923077 | BJ70: 0.33284615 | BK70: 0.36969231 | BL70: 0.38207692 | BM70: 0.35776923 | BN70: 0.34876923 | BO70: 0.40269231 | BP70: 0.46323077 | BQ70: 0.47684615 | BR70: 0.52884615 | BS70: 0.53830769 | BT70: 0.54007692 | BU70: 0.47792308 | BV70: 0.38376923 | BW70: 0.35846154 | BX70: 0.41438462 | BY70: 0.54761538 | BZ70: 0.65884615 | CA70: 0.66592308 | CB70: 0.62723077 | CC70: 0.63784615 | CD70: 0.65592308 | CE70: 0.61553846 | CF70: 0.60030769 | CG70: 0.57938462 | CH70: 0.55815385 | CI70: 0.53546154 | CJ70: 0.48446154 | CK70: 0.43284615 | CL70: 0.40084615 | CM70: 0.39161538 | CN70: 0.35615385 | CO70: 0.33884615 | CP70: 0.30976923 | CQ70: 0.30761538 | CR70: 0.31807692 | CS70: 0.32776923 | CT70: 0.314 | CU70: 0.27869231 | CV70: 0.26092308 | CW70: 0.23838462 | CX70: 0.25261538 | CY70: 0.23923077 | CZ70: 0.24246154 | DA70: 0.23830769 | DB70: 0.24923077 | DC70: 0.20646154 | DD70: 0.15807692 | DE70: 0.11361538 | DF70: 0.093307692
A71: 炼化及贸易 | B71: =(F71-Q71)*100 -> -12.6 | C71: =(F71-I71)*100 -> 10.7 | D71: =_xludf.STDEV.P(W71:DF71)*100 -> #NAME? | F71: 0.64 | G71: 0.621 | H71: 0.601 | I71: 0.533 | J71: 0.446 | K71: 0.223 | L71: 0.456 | M71: 0.427 | N71: 0.135 | O71: 0.048 | P71: 0.359 | Q71: 0.766 | R71: 0.893 | S71: 0.757 | T71: 0.543 | U71: 0.5 | V71: 0.99 | W71: 1 | X71: 0.98 | Y71: 0.572 | Z71: 0.417 | AA71: 0.213 | AB71: 0.271 | AC71: 0.475 | AD71: 0.524 | AE71: 0.485 | AF71: 0.466 | AG71: 0.3 | AH71: 0.378 | AI71: 0.32 | AJ71: 0.504 | AK71: 0.679 | AL71: 0.932 | AM71: 0.97 | AN71: 0.951 | AO71: 0.873 | AP71: 0.922 | AQ71: 0.844 | AR71: 0.669 | AS71: 0.407 | AT71: 0.145 | AU71: 0.058 | AV71: 0.126 | AW71: 0.203 | AX71: 0.252 | AY71: 0.33 | AZ71: 0.31 | BA71: 0.291 | BB71: 0.155 | BC71: 0.184 | BD71: 0.388 | BE71: 0.582 | BF71: 0.796 | BG71: 0.825 | BH71: 0.66 | BI71: 0.495 | BJ71: 0.281 | BK71: 0.077 | BL71: 0.106 | BM71: 0.194 | BN71: 0.262 | BO71: 0.349 | BP71: 0.368 | BQ71: 0.398 | BR71: 0.233 | BS71: 0.174 | BT71: 0.087 | BU71: 0.339 | BV71: 0.514 | BW71: 0.708 | BX71: 0.737 | BY71: 0.728 | BZ71: 0.699 | CA71: 0.65 | CB71: 0.611 | CC71: 0.563 | CD71: 0.631 | CE71: 0.747 | CF71: 0.912 | CG71: 0.941 | CH71: 0.961 | CI71: 0.883 | CJ71: 0.854 | CK71: 0.786 | CL71: 0.805 | CM71: 0.834 | CN71: 0.864 | CO71: 0.902 | CP71: 0.815 | CQ71: 0.553 | CR71: 0.242 | CS71: 0.038 | CT71: 0.029 | CU71: 0.116 | CV71: 0.165 | CW71: 0.097 | CX71: 0.019 | CY71: 0 | CZ71: 0.009 | DA71: 0.067 | DB71: 0.436 | DC71: 0.592 | DD71: 0.776 | DE71: 0.689 | DF71: 0.718
A72: 动力煤 | B72: =(F72-Q72)*100 -> -13.4 | C72: =(F72-I72)*100 -> -2.9 | D72: =_xludf.STDEV.P(W72:DF72)*100 -> #NAME? | F72: 0.567 | G72: 0.576 | H72: 0.615 | I72: 0.596 | J72: 0.586 | K72: 0.634 | L72: 0.673 | M72: 0.692 | N72: 0.701 | O72: 0.721 | P72: 0.74 | Q72: 0.701 | R72: 0.682 | S72: 0.625 | T72: 0.605 | U72: 0.663 | V72: 0.798 | W72: 0.855 | X72: 0.875 | Y72: 0.884 | Z72: 0.903 | AA72: 0.99 | AB72: 0.942 | AC72: 0.942 | AD72: 0.942 | AE72: 0.942 | AF72: 0.913 | AG72: 0.932 | AH72: 0.923 | AI72: 1 | AJ72: 0.98 | AK72: 0.894 | AL72: 0.865 | AM72: 0.807 | AN72: 0.817 | AO72: 0.826 | AP72: 0.826 | AQ72: 0.826 | AR72: 0.759 | AS72: 0.759 | AT72: 0.759 | AU72: 0.759 | AV72: 0.519 | AW72: 0.653 | AX72: 0.75 | AY72: 0.73 | AZ72: 0.423 | BA72: 0.25 | BB72: 0.201 | BC72: 0.182 | BD72: 0.163 | BE72: 0.105 | BF72: 0.086 | BG72: 0.076 | BH72: 0.096 | BI72: 0.153 | BJ72: 0.144 | BK72: 0.115 | BL72: 0.134 | BM72: 0.173 | BN72: 0.192 | BO72: 0.211 | BP72: 0.221 | BQ72: 0.259 | BR72: 0.307 | BS72: 0.346 | BT72: 0.326 | BU72: 0.269 | BV72: 0.24 | BW72: 0.298 | BX72: 0.384 | BY72: 0.432 | BZ72: 0.394 | CA72: 0.403 | CB72: 0.471 | CC72: 0.5 | CD72: 0.375 | CE72: 0.336 | CF72: 0.48 | CG72: 0.557 | CH72: 0.644 | CI72: 0.548 | CJ72: 0.538 | CK72: 0.528 | CL72: 0.509 | CM72: 0.451 | CN72: 0.288 | CO72: 0.23 | CP72: 0.278 | CQ72: 0.413 | CR72: 0.442 | CS72: 0.355 | CT72: 0.317 | CU72: 0.461 | CV72: 0.49 | CW72: 0.365 | CX72: 0.125 | CY72: 0.067 | CZ72: 0.057 | DA72: 0.048 | DB72: 0.038 | DC72: 0.028 | DD72: 0.019 | DE72: 0.009 | DF72: 0
A73: 焦煤 | B73: =(F73-Q73)*100 -> -41.3 | C73: =(F73-I73)*100 -> -37.5 | D73: =_xludf.STDEV.P(W73:DF73)*100 -> #NAME? | F73: 0.317 | G73: 0.423 | H73: 0.625 | I73: 0.692 | J73: 0.701 | K73: 0.711 | L73: 0.74 | M73: 0.778 | N73: 0.798 | O73: 0.788 | P73: 0.759 | Q73: 0.73 | R73: 0.673 | S73: 0.576 | T73: 0.605 | U73: 0.644 | V73: 0.721 | W73: 0.769 | X73: 0.807 | Y73: 0.836 | Z73: 0.855 | AA73: 0.865 | AB73: 0.875 | AC73: 0.846 | AD73: 0.826 | AE73: 0.884 | AF73: 0.903 | AG73: 0.932 | AH73: 0.961 | AI73: 0.971 | AJ73: 0.942 | AK73: 0.923 | AL73: 0.894 | AM73: 0.913 | AN73: 0.98 | AO73: 1 | AP73: 0.99 | AQ73: 0.951 | AR73: 0.817 | AS73: 0.75 | AT73: 0.682 | AU73: 0.528 | AV73: 0.384 | AW73: 0.394 | AX73: 0.375 | AY73: 0.307 | AZ73: 0.211 | BA73: 0.153 | BB73: 0.125 | BC73: 0.115 | BD73: 0.134 | BE73: 0.144 | BF73: 0.173 | BG73: 0.201 | BH73: 0.24 | BI73: 0.288 | BJ73: 0.25 | BK73: 0.23 | BL73: 0.221 | BM73: 0.278 | BN73: 0.355 | BO73: 0.413 | BP73: 0.442 | BQ73: 0.509 | BR73: 0.557 | BS73: 0.586 | BT73: 0.615 | BU73: 0.653 | BV73: 0.663 | BW73: 0.634 | BX73: 0.596 | BY73: 0.548 | BZ73: 0.461 | CA73: 0.471 | CB73: 0.48 | CC73: 0.49 | CD73: 0.519 | CE73: 0.538 | CF73: 0.567 | CG73: 0.5 | CH73: 0.403 | CI73: 0.336 | CJ73: 0.326 | CK73: 0.346 | CL73: 0.298 | CM73: 0.182 | CN73: 0.096 | CO73: 0.105 | CP73: 0.163 | CQ73: 0.192 | CR73: 0.259 | CS73: 0.365 | CT73: 0.451 | CU73: 0.432 | CV73: 0.269 | CW73: 0.086 | CX73: 0.076 | CY73: 0.067 | CZ73: 0.057 | DA73: 0.048 | DB73: 0.038 | DC73: 0.028 | DD73: 0.009 | DE73: 0 | DF73: 0.019
A74: 无烟煤 | B74: =(F74-Q74)*100 -> -8.7 | C74: =(F74-I74)*100 -> -7.7 | D74: =_xludf.STDEV.P(W74:DF74)*100 -> #NAME? | F74: 0.682 | G74: 0.701 | H74: 0.75 | I74: 0.759 | J74: 0.711 | K74: 0.644 | L74: 0.625 | M74: 0.615 | N74: 0.653 | O74: 0.663 | P74: 0.778 | Q74: 0.769 | R74: 0.73 | S74: 0.721 | T74: 0.673 | U74: 0.692 | V74: 0.788 | W74: 0.817 | X74: 0.884 | Y74: 0.971 | Z74: 0.98 | AA74: 0.951 | AB74: 0.942 | AC74: 0.913 | AD74: 0.865 | AE74: 0.826 | AF74: 0.836 | AG74: 0.836 | AH74: 0.855 | AI74: 0.875 | AJ74: 0.903 | AK74: 0.923 | AL74: 0.894 | AM74: 0.932 | AN74: 0.99 | AO74: 1 | AP74: 0.961 | AQ74: 0.807 | AR74: 0.798 | AS74: 0.74 | AT74: 0.634 | AU74: 0.451 | AV74: 0.269 | AW74: 0.365 | AX74: 0.384 | AY74: 0.355 | AZ74: 0.221 | BA74: 0.134 | BB74: 0.086 | BC74: 0.096 | BD74: 0.105 | BE74: 0.115 | BF74: 0.125 | BG74: 0.144 | BH74: 0.163 | BI74: 0.173 | BJ74: 0.173 | BK74: 0.192 | BL74: 0.201 | BM74: 0.211 | BN74: 0.23 | BO74: 0.24 | BP74: 0.317 | BQ74: 0.375 | BR74: 0.403 | BS74: 0.451 | BT74: 0.49 | BU74: 0.5 | BV74: 0.528 | BW74: 0.548 | BX74: 0.567 | BY74: 0.596 | BZ74: 0.557 | CA74: 0.538 | CB74: 0.509 | CC74: 0.442 | CD74: 0.423 | CE74: 0.413 | CF74: 0.48 | CG74: 0.471 | CH74: 0.432 | CI74: 0.519 | CJ74: 0.586 | CK74: 0.605 | CL74: 0.576 | CM74: 0.394 | CN74: 0.259 | CO74: 0.25 | CP74: 0.288 | CQ74: 0.336 | CR74: 0.326 | CS74: 0.298 | CT74: 0.307 | CU74: 0.346 | CV74: 0.278 | CW74: 0.153 | CX74: 0.076 | CY74: 0.067 | CZ74: 0.057 | DA74: 0.048 | DB74: 0.038 | DC74: 0.028 | DD74: 0.009 | DE74: 0 | DF74: 0.019
A75: 工业金属 | B75: =(F75-Q75)*100 -> 5.8933426 | C75: =(F75-I75)*100 -> -19.85174 | D75: =_xludf.STDEV.P(W75:DF75)*100 -> #NAME? | F75: 0.5706681 | G75: 0.63728261 | H75: 0.70470563 | I75: 0.7691855 | J75: 0.72757198 | K75: 0.65418428 | L75: 0.53735338 | M75: 0.4784987 | N75: 0.42470918 | O75: 0.44381462 | P75: 0.44329097 | Q75: 0.51173467 | R75: 0.49711191 | S75: 0.53041579 | T75: 0.41967244 | U75: 0.3415814 | V75: 0.21260795 | W75: 0.17619655 | X75: 0.24280618 | Y75: 0.31431483 | Z75: 0.35310215 | AA75: 0.35191127 | AB75: 0.30482539 | AC75: 0.27331723 | AD75: 0.25737926 | AE75: 0.2503601 | AF75: 0.29517755 | AG75: 0.36886579 | AH75: 0.54735827 | AI75: 0.60619894 | AJ75: 0.67350437 | AK75: 0.69467426 | AL75: 0.7003024 | AM75: 0.69842589 | AN75: 0.76272387 | AO75: 0.77059412 | AP75: 0.75154193 | AQ75: 0.73213405 | AR75: 0.81190815 | AS75: 0.85655583 | AT75: 0.88531766 | AU75: 0.90480435 | AV75: 0.88001003 | AW75: 0.81730967 | AX75: 0.70248971 | AY75: 0.58959226 | AZ75: 0.5478733 | BA75: 0.46988842 | BB75: 0.45756397 | BC75: 0.45255697 | BD75: 0.40784203 | BE75: 0.26122794 | BF75: 0.10772198 | BG75: 0.052690018 | BH75: 0.049705585 | BI75: 0.13175201 | BJ75: 0.24013223 | BK75: 0.27150928 | BL75: 0.24523313 | BM75: 0.2358234 | BN75: 0.24458757 | BO75: 0.2651391 | BP75: 0.19329952 | BQ75: 0.1749541 | BR75: 0.19969869 | BS75: 0.28170994 | BT75: 0.27035822 | BU75: 0.19206612 | BV75: 0.15146052 | BW75: 0.16456073 | BX75: 0.18811002 | BY75: 0.19890282 | BZ75: 0.22292497 | CA75: 0.34877834 | CB75: 0.52608408 | CC75: 0.62029722 | CD75: 0.67067499 | CE75: 0.63937603 | CF75: 0.58492589 | CG75: 0.62065249 | CH75: 0.62188888 | CI75: 0.66734141 | CJ75: 0.80105348 | CK75: 0.87717095 | CL75: 0.93373816 | CM75: 0.90497406 | CN75: 0.88070339 | CO75: 0.85530544 | CP75: 0.8569449 | CQ75: 0.86105678 | CR75: 0.89125253 | CS75: 0.91249938 | CT75: 0.93106658 | CU75: 0.91808029 | CV75: 0.85774998 | CW75: 0.72843095 | CX75: 0.60989325 | CY75: 0.4969073 | CZ75: 0.32051794 | DA75: 0.22399429 | DB75: 0.19211889 | DC75: 0.24929216 | DD75: 0.28319551 | DE75: 0.23114976 | DF75: 0.17750094
A76: 贵金属 | B76: =(F76-Q76)*100 -> 22.15 | C76: =(F76-I76)*100 -> 11.1 | D76: =_xludf.STDEV.P(W76:DF76)*100 -> #NAME? | F76: 0.9325 | G76: 0.8985 | H76: 0.8505 | I76: 0.8215 | J76: 0.7495 | K76: 0.687 | L76: 0.629 | M76: 0.5715 | N76: 0.5425 | O76: 0.591 | P76: 0.6585 | Q76: 0.711 | R76: 0.7255 | S76: 0.7545 | T76: 0.668 | U76: 0.634 | V76: 0.5335 | W76: 0.442 | X76: 0.3075 | Y76: 0.3165 | Z76: 0.408 | AA76: 0.3605 | AB76: 0.1675 | AC76: 0.0475 | AD76: 0.0665 | AE76: 0.0815 | AF76: 0.1195 | AG76: 0.125 | AH76: 0.2205 | AI76: 0.36 | AJ76: 0.4275 | AK76: 0.3215 | AL76: 0.187 | AM76: 0.206 | AN76: 0.2155 | AO76: 0.2065 | AP76: 0.1005 | AQ76: 0.2395 | AR76: 0.4805 | AS76: 0.6725 | AT76: 0.7205 | AU76: 0.745 | AV76: 0.769 | AW76: 0.836 | AX76: 0.8795 | AY76: 0.9035 | AZ76: 0.913 | BA76: 0.913 | BB76: 0.937 | BC76: 0.9415 | BD76: 0.9275 | BE76: 0.889 | BF76: 0.8025 | BG76: 0.7595 | BH76: 0.7205 | BI76: 0.716 | BJ76: 0.735 | BK76: 0.74 | BL76: 0.783 | BM76: 0.836 | BN76: 0.836 | BO76: 0.7445 | BP76: 0.615 | BQ76: 0.3935 | BR76: 0.23 | BS76: 0.1725 | BT76: 0.2255 | BU76: 0.24 | BV76: 0.2255 | BW76: 0.144 | BX76: 0.1055 | BY76: 0.043 | BZ76: 0.043 | CA76: 0.1055 | CB76: 0.2785 | CC76: 0.389 | CD76: 0.4035 | CE76: 0.408 | CF76: 0.384 | CG76: 0.4755 | CH76: 0.514 | CI76: 0.4995 | CJ76: 0.4225 | CK76: 0.336 | CL76: 0.216 | CM76: 0.086 | CN76: 0.1005 | CO76: 0.173 | CP76: 0.389 | CQ76: 0.4225 | CR76: 0.49 | CS76: 0.552 | CT76: 0.615 | CU76: 0.692 | CV76: 0.6535 | CW76: 0.7495 | CX76: 0.817 | CY76: 0.836 | CZ76: 0.798 | DA76: 0.639 | DB76: 0.49 | DC76: 0.437 | DD76: 0.3605 | DE76: 0.1535 | DF76: 0.043
A77: 小金属 | B77: =(F77-Q77)*100 -> -12.725 | C77: =(F77-I77)*100 -> -9.1 | D77: =_xludf.STDEV.P(W77:DF77)*100 -> #NAME? | F77: 0.507 | G77: 0.51375 | H77: 0.5355 | I77: 0.598 | J77: 0.63425 | K77: 0.57175 | L77: 0.45175 | M77: 0.37425 | N77: 0.384 | O77: 0.45875 | P77: 0.5405 | Q77: 0.63425 | R77: 0.66775 | S77: 0.7015 | T77: 0.68475 | U77: 0.55 | V77: 0.45625 | W77: 0.4395 | X77: 0.52125 | Y77: 0.5595 | Z77: 0.5885 | AA77: 0.5695 | AB77: 0.533 | AC77: 0.4805 | AD77: 0.478 | AE77: 0.48025 | AF77: 0.51875 | AG77: 0.68925 | AH77: 0.82625 | AI77: 0.882 | AJ77: 0.913 | AK77: 0.913 | AL77: 0.91525 | AM77: 0.90125 | AN77: 0.906 | AO77: 0.906 | AP77: 0.913 | AQ77: 0.896 | AR77: 0.86725 | AS77: 0.80475 | AT77: 0.747 | AU77: 0.72575 | AV77: 0.639 | AW77: 0.5525 | AX77: 0.449 | AY77: 0.418 | AZ77: 0.35525 | BA77: 0.35275 | BB77: 0.3625 | BC77: 0.3845 | BD77: 0.31925 | BE77: 0.24475 | BF77: 0.15825 | BG77: 0.1415 | BH77: 0.1845 | BI77: 0.24475 | BJ77: 0.27125 | BK77: 0.22775 | BL77: 0.2205 | BM77: 0.2305 | BN77: 0.25675 | BO77: 0.26375 | BP77: 0.29525 | BQ77: 0.30975 | BR77: 0.312 | BS77: 0.26175 | BT77: 0.26875 | BU77: 0.276 | BV77: 0.34075 | BW77: 0.36475 | BX77: 0.40825 | BY77: 0.40825 | BZ77: 0.40575 | CA77: 0.46575 | CB77: 0.58375 | CC77: 0.64875 | CD77: 0.64625 | CE77: 0.6365 | CF77: 0.62475 | CG77: 0.6245 | CH77: 0.5595 | CI77: 0.57425 | CJ77: 0.60275 | CK77: 0.6965 | CL77: 0.723 | CM77: 0.70375 | CN77: 0.644 | CO77: 0.52825 | CP77: 0.485 | CQ77: 0.52125 | CR77: 0.54525 | CS77: 0.5235 | CT77: 0.53575 | CU77: 0.56425 | CV77: 0.55025 | CW77: 0.48275 | CX77: 0.4105 | CY77: 0.331 | CZ77: 0.29275 | DA77: 0.2375 | DB77: 0.1775 | DC77: 0.122 | DD77: 0.08625 | DE77: 0.0835 | DF77: 0.074
A78: 能源金属 | B78: =(F78-Q78)*100 -> 9.9 | C78: =(F78-I78)*100 -> 0.5 | D78: =_xludf.STDEV.P(W78:DF78)*100 -> #NAME? | F78: 0.24266667 | G78: 0.21533333 | H78: 0.21233333 | I78: 0.23766667 | J78: 0.25733333 | K78: 0.234 | L78: 0.20133333 | M78: 0.14966667 | N78: 0.13 | O78: 0.11366667 | P78: 0.11266667 | Q78: 0.14366667 | R78: 0.185 | S78: 0.22433333 | T78: 0.24233333 | U78: 0.23533333 | V78: 0.16933333 | W78: 0.15233333 | X78: 0.275 | Y78: 0.41433333 | Z78: 0.56933333 | AA78: 0.63266667 | AB78: 0.67366667 | AC78: 0.68 | AD78: 0.67133333 | AE78: 0.70266667 | AF78: 0.78866667 | AG78: 0.86666667 | AH78: 0.899 | AI78: 0.93166667 | AJ78: 0.93333333 | AK78: 0.93966667 | AL78: 0.878 | AM78: 0.862 | AN78: 0.86966667 | AO78: 0.85366667 | AP78: 0.836 | AQ78: 0.85533333 | AR78: 0.86533333 | AS78: 0.86466667 | AT78: 0.84866667 | AU78: 0.85433333 | AV78: 0.85433333 | AW78: 0.80433333 | AX78: 0.71233333 | AY78: 0.607 | AZ78: 0.50166667 | BA78: 0.42 | BB78: 0.40866667 | BC78: 0.41766667 | BD78: 0.465 | BE78: 0.453 | BF78: 0.45 | BG78: 0.446 | BH78: 0.46 | BI78: 0.47333333 | BJ78: 0.484 | BK78: 0.50166667 | BL78: 0.525 | BM78: 0.54766667 | BN78: 0.46966667 | BO78: 0.39533333 | BP78: 0.282 | BQ78: 0.218 | BR78: 0.21333333 | BS78: 0.209 | BT78: 0.237 | BU78: 0.22133333 | BV78: 0.225 | BW78: 0.28466667 | BX78: 0.364 | BY78: 0.42633333 | BZ78: 0.52066667 | CA78: 0.63433333 | CB78: 0.739 | CC78: 0.762 | CD78: 0.778 | CE78: 0.742 | CF78: 0.68533333 | CG78: 0.60133333 | CH78: 0.58266667 | CI78: 0.57066667 | CJ78: 0.49333333 | CK78: 0.52233333 | CL78: 0.52533333 | CM78: 0.49033333 | CN78: 0.48066667 | CO78: 0.487 | CP78: 0.516 | CQ78: 0.532 | CR78: 0.548 | CS78: 0.551 | CT78: 0.57666667 | CU78: 0.56066667 | CV78: 0.535 | CW78: 0.49666667 | CX78: 0.471 | CY78: 0.455 | CZ78: 0.407 | DA78: 0.36833333 | DB78: 0.35866667 | DC78: 0.34933333 | DD78: 0.346 | DE78: 0.33633333 | DF78: 0.33333333
A79: 金属新材料 | B79: =(F79-Q79)*100 -> 4.8 | C79: =(F79-I79)*100 -> 9.6 | D79: =_xludf.STDEV.P(W79:DF79)*100 -> #NAME? | F79: 0.211 | G79: 0.153 | H79: 0.125 | I79: 0.115 | J79: 0.105 | K79: 0.067 | L79: 0.028 | M79: 0 | N79: 0.009 | O79: 0.038 | P79: 0.076 | Q79: 0.163 | R79: 0.221 | S79: 0.201 | T79: 0.173 | U79: 0.182 | V79: 0.096 | W79: 0.048 | X79: 0.019 | Y79: 0.057 | Z79: 0.134 | AA79: 0.23 | AB79: 0.336 | AC79: 0.519 | AD79: 0.653 | AE79: 0.711 | AF79: 0.798 | AG79: 0.855 | AH79: 0.846 | AI79: 0.826 | AJ79: 0.903 | AK79: 0.961 | AL79: 1 | AM79: 0.99 | AN79: 0.971 | AO79: 0.942 | AP79: 0.923 | AQ79: 0.913 | AR79: 0.875 | AS79: 0.884 | AT79: 0.932 | AU79: 0.98 | AV79: 0.951 | AW79: 0.865 | AX79: 0.807 | AY79: 0.778 | AZ79: 0.74 | BA79: 0.673 | BB79: 0.625 | BC79: 0.567 | BD79: 0.432 | BE79: 0.298 | BF79: 0.346 | BG79: 0.442 | BH79: 0.413 | BI79: 0.365 | BJ79: 0.355 | BK79: 0.326 | BL79: 0.394 | BM79: 0.451 | BN79: 0.5 | BO79: 0.49 | BP79: 0.528 | BQ79: 0.461 | BR79: 0.307 | BS79: 0.24 | BT79: 0.25 | BU79: 0.317 | BV79: 0.48 | BW79: 0.423 | BX79: 0.269 | BY79: 0.144 | BZ79: 0.086 | CA79: 0.192 | CB79: 0.384 | CC79: 0.615 | CD79: 0.682 | CE79: 0.701 | CF79: 0.73 | CG79: 0.75 | CH79: 0.721 | CI79: 0.759 | CJ79: 0.788 | CK79: 0.836 | CL79: 0.894 | CM79: 0.817 | CN79: 0.769 | CO79: 0.692 | CP79: 0.663 | CQ79: 0.634 | CR79: 0.605 | CS79: 0.576 | CT79: 0.548 | CU79: 0.509 | CV79: 0.471 | CW79: 0.557 | CX79: 0.596 | CY79: 0.644 | CZ79: 0.586 | DA79: 0.538 | DB79: 0.403 | DC79: 0.288 | DD79: 0.259 | DE79: 0.278 | DF79: 0.375
A80: 化学原料 | B80: =(F80-Q80)*100 -> -25.872682 | C80: =(F80-I80)*100 -> -23.814135 | D80: =_xludf.STDEV.P(W80:DF80)*100 -> #NAME? | F80: 0.18248593 | G80: 0.20795962 | H80: 0.29723608 | I80: 0.42062728 | J80: 0.45510972 | K80: 0.37467935 | L80: 0.2758754 | M80: 0.23924694 | N80: 0.29206042 | O80: 0.32602119 | P80: 0.40729762 | Q80: 0.44121275 | R80: 0.42826653 | S80: 0.3723111 | T80: 0.25679511 | U80: 0.19831738 | V80: 0.18237677 | W80: 0.21958492 | X80: 0.26119681 | Y80: 0.25601309 | Z80: 0.241603 | AA80: 0.20960188 | AB80: 0.17115422 | AC80: 0.17636289 | AD80: 0.21045211 | AE80: 0.25942972 | AF80: 0.32812217 | AG80: 0.38797552 | AH80: 0.50078619 | AI80: 0.60201438 | AJ80: 0.64256712 | AK80: 0.63427582 | AL80: 0.62609072 | AM80: 0.62732346 | AN80: 0.64509962 | AO80: 0.6824539 | AP80: 0.68375407 | AQ80: 0.68944504 | AR80: 0.70103877 | AS80: 0.73542409 | AT80: 0.78371031 | AU80: 0.74822104 | AV80: 0.75920033 | AW80: 0.66776267 | AX80: 0.59977502 | AY80: 0.53358766 | AZ80: 0.59629782 | BA80: 0.59321702 | BB80: 0.52736485 | BC80: 0.45851553 | BD80: 0.37678232 | BE80: 0.29741881 | BF80: 0.19910363 | BG80: 0.17829847 | BH80: 0.20460803 | BI80: 0.3132213 | BJ80: 0.54457488 | BK80: 0.62705188 | BL80: 0.60763204 | BM80: 0.55079917 | BN80: 0.43486759 | BO80: 0.42352023 | BP80: 0.46836089 | BQ80: 0.53621207 | BR80: 0.53637062 | BS80: 0.52686152 | BT80: 0.49938591 | BU80: 0.53665531 | BV80: 0.56930085 | BW80: 0.56861119 | BX80: 0.52262881 | BY80: 0.49687494 | BZ80: 0.50060413 | CA80: 0.58815814 | CB80: 0.70879992 | CC80: 0.74735785 | CD80: 0.76063729 | CE80: 0.70479192 | CF80: 0.62779039 | CG80: 0.58297293 | CH80: 0.57788654 | CI80: 0.50179574 | CJ80: 0.47907399 | CK80: 0.55651238 | CL80: 0.7779213 | CM80: 0.80792484 | CN80: 0.78077464 | CO80: 0.71081546 | CP80: 0.6359566 | CQ80: 0.68199638 | CR80: 0.77259173 | CS80: 0.832407 | CT80: 0.86321003 | CU80: 0.85962108 | CV80: 0.83099279 | CW80: 0.78388227 | CX80: 0.71275236 | CY80: 0.60187059 | CZ80: 0.45608548 | DA80: 0.33301519 | DB80: 0.28412527 | DC80: 0.31147679 | DD80: 0.34366166 | DE80: 0.33599331 | DF80: 0.26079038
