Workbook
Name Bubble: "Bubble"
Name Chart: "Chart"
Name Heatmap: "Heatmap"
Name Histogram: "Histogram"
Name Map: "Map"
Name PieChart: "PieChart"
Name Scatter: "Scatter"
Name Series: "Series"
Name Table: "Table"

Sheet 面板-总览
A1: 一级行业 | R1: 二级行业 | AI1: 三级行业
A2: 景气指数 | B2: 45016 | C2: 45046 | D2: 45077 | E2: 45107 | F2: 45138 | G2: 45169 | H2: 45199 | I2: 45230 | J2: 45260 | K2: 45291 | L2: 45322 | M2: 45351 | N2: 45382 | O2: 3M变化 | R2: 景气指数 | S2: 45016 | T2: 45046 | U2: 45077 | V2: 45107 | W2: 45138 | X2: 45169 | Y2: 45199 | Z2: 45230 | AA2: 45260 | AB2: 45291 | AC2: 45322 | AD2: 45351 | AE2: 45382 | AF2: 3M变化 | AI2: 景气指数 | AJ2: 45016 | AK2: 45046 | AL2: 45077 | AM2: 45107 | AN2: 45138 | AO2: 45169 | AP2: 45199 | AQ2: 45230 | AR2: 45260 | AS2: 45291 | AT2: 45322 | AU2: 45351 | AV2: 45382 | AW2: 3M变化
A3: 石油石化 | B3: =INDEX('面板-景气指数'!$37:$242,MATCH('面板-总览'!$A3,'面板-景气指数'!$A$37:$A$242,0),MATCH('面板-总览'!B$2,'面板-景气指数'!$36:$36,0)) -> 0.7742 | C3: =INDEX('面板-景气指数'!$37:$242,MATCH('面板-总览'!$A3,'面板-景气指数'!$A$37:$A$242,0),MATCH('面板-总览'!C$2,'面板-景气指数'!$36:$36,0)) -> 0.76705 | D3: =INDEX('面板-景气指数'!$37:$242,MATCH('面板-总览'!$A3,'面板-景气指数'!$A$37:$A$242,0),MATCH('面板-总览'!D$2,'面板-景气指数'!$36:$36,0)) -> 0.73925 | E3: =INDEX('面板-景气指数'!$37:$242,MATCH('面板-总览'!$A3,'面板-景气指数'!$A$37:$A$242,0),MATCH('面板-总览'!E$2,'面板-景气指数'!$36:$36,0)) -> 0.59605 | F3: =INDEX('面板-景气指数'!$37:$242,MATCH('面板-总览'!$A3,'面板-景气指数'!$A$37:$A$242,0),MATCH('面板-总览'!F$2,'面板-景气指数'!$36:$36,0)) -> 0.64515 | G3: =INDEX('面板-景气指数'!$37:$242,MATCH('面板-总览'!$A3,'面板-景气指数'!$A$37:$A$242,0),MATCH('面板-总览'!G$2,'面板-景气指数'!$36:$36,0)) -> 0.7512 | H3: =INDEX('面板-景气指数'!$37:$242,MATCH('面板-总览'!$A3,'面板-景气指数'!$A$37:$A$242,0),MATCH('面板-总览'!H$2,'面板-景气指数'!$36:$36,0)) -> 0.8029 | I3: =INDEX('面板-景气指数'!$37:$242,MATCH('面板-总览'!$A3,'面板-景气指数'!$A$37:$A$242,0),MATCH('面板-总览'!I$2,'面板-景气指数'!$36:$36,0)) -> 0.7284 | ... N3: =INDEX('面板-景气指数'!$37:$242,MATCH('面板-总览'!$A3,'面板-景气指数'!$A$37:$A$242,0),MATCH('面板-总览'!N$2,'面板-景气指数'!$36:$36,0)) -> 0.6364 | P3: =N3-K3 -> 0.19375 | R3: 油气开采/油服工程 | S3: =INDEX('面板-景气指数'!$37:$242,MATCH('面板-总览'!$R3,'面板-景气指数'!$A$37:$A$242,0),MATCH('面板-总览'!S$2,'面板-景气指数'!$36:$36,0)) -> 0.66392308 | T3: =INDEX('面板-景气指数'!$37:$242,MATCH('面板-总览'!$R3,'面板-景气指数'!$A$37:$A$242,0),MATCH('面板-总览'!T$2,'面板-景气指数'!$36:$36,0)) -> 0.64161538 | U3: =INDEX('面板-景气指数'!$37:$242,MATCH('面板-总览'!$R3,'面板-景气指数'!$A$37:$A$242,0),MATCH('面板-总览'!U$2,'面板-景气指数'!$36:$36,0)) -> 0.60476923 | V3: =INDEX('面板-景气指数'!$37:$242,MATCH('面板-总览'!$R3,'面板-景气指数'!$A$37:$A$242,0),MATCH('面板-总览'!V$2,'面板-景气指数'!$36:$36,0)) -> 0.64776923 | W3: =INDEX('面板-景气指数'!$37:$242,MATCH('面板-总览'!$R3,'面板-景气指数'!$A$37:$A$242,0),MATCH('面板-总览'!W$2,'面板-景气指数'!$36:$36,0)) -> 0.69853846 | X3: =INDEX('面板-景气指数'!$37:$242,MATCH('面板-总览'!$R3,'面板-景气指数'!$A$37:$A$242,0),MATCH('面板-总览'!X$2,'面板-景气指数'!$36:$36,0)) -> 0.75615385 | Y3: =INDEX('面板-景气指数'!$37:$242,MATCH('面板-总览'!$R3,'面板-景气指数'!$A$37:$A$242,0),MATCH('面板-总览'!Y$2,'面板-景气指数'!$36:$36,0)) -> 0.75815385 | Z3: =INDEX('面板-景气指数'!$37:$242,MATCH('面板-总览'!$R3,'面板-景气指数'!$A$37:$A$242,0),MATCH('面板-总览'!Z$2,'面板-景气指数'!$36:$36,0)) -> 0.71569231 | ... AE3: =INDEX('面板-景气指数'!$37:$242,MATCH('面板-总览'!$R3,'面板-景气指数'!$A$37:$A$242,0),MATCH('面板-总览'!AE$2,'面板-景气指数'!$36:$36,0)) -> 0.70715385 | AG3: =AE3-AB3 -> 0.053615385 | AI3: 铜 | AJ3: =INDEX('面板-景气指数'!$37:$242,MATCH('面板-总览'!$AI3,'面板-景气指数'!$A$37:$A$242,0),MATCH('面板-总览'!AJ$2,'面板-景气指数'!$36:$36,0)) -> 0.285 | AK3: =INDEX('面板-景气指数'!$37:$242,MATCH('面板-总览'!$AI3,'面板-景气指数'!$A$37:$A$242,0),MATCH('面板-总览'!AK$2,'面板-景气指数'!$36:$36,0)) -> 0.193 | AL3: =INDEX('面板-景气指数'!$37:$242,MATCH('面板-总览'!$AI3,'面板-景气指数'!$A$37:$A$242,0),MATCH('面板-总览'!AL$2,'面板-景气指数'!$36:$36,0)) -> 0.265 | AM3: =INDEX('面板-景气指数'!$37:$242,MATCH('面板-总览'!$AI3,'面板-景气指数'!$A$37:$A$242,0),MATCH('面板-总览'!AM$2,'面板-景气指数'!$36:$36,0)) -> 0.489 | AN3: =INDEX('面板-景气指数'!$37:$242,MATCH('面板-总览'!$AI3,'面板-景气指数'!$A$37:$A$242,0),MATCH('面板-总览'!AN$2,'面板-景气指数'!$36:$36,0)) -> 0.581 | AO3: =INDEX('面板-景气指数'!$37:$242,MATCH('面板-总览'!$AI3,'面板-景气指数'!$A$37:$A$242,0),MATCH('面板-总览'!AO$2,'面板-景气指数'!$36:$36,0)) -> 0.683 | AP3: =INDEX('面板-景气指数'!$37:$242,MATCH('面板-总览'!$AI3,'面板-景气指数'!$A$37:$A$242,0),MATCH('面板-总览'!AP$2,'面板-景气指数'!$36:$36,0)) -> 0.571 | AQ3: =INDEX('面板-景气指数'!$37:$242,MATCH('面板-总览'!$AI3,'面板-景气指数'!$A$37:$A$242,0),MATCH('面板-总览'!AQ$2,'面板-景气指数'!$36:$36,0)) -> 0.551 | ... AV3: =INDEX('面板-景气指数'!$37:$242,MATCH('面板-总览'!$AI3,'面板-景气指数'!$A$37:$A$242,0),MATCH('面板-总览'!AV$2,'面板-景气指数'!$36:$36,0)) -> 0.459 | AX3: =AV3-AS3 -> -0.041
A4: 煤炭 | B4: =INDEX('面板-景气指数'!$37:$242,MATCH('面板-总览'!$A4,'面板-景气指数'!$A$37:$A$242,0),MATCH('面板-总览'!B$2,'面板-景气指数'!$36:$36,0)) -> 0.8505 | C4: =INDEX('面板-景气指数'!$37:$242,MATCH('面板-总览'!$A4,'面板-景气指数'!$A$37:$A$242,0),MATCH('面板-总览'!C$2,'面板-景气指数'!$36:$36,0)) -> 0.83283333 | D4: =INDEX('面板-景气指数'!$37:$242,MATCH('面板-总览'!$A4,'面板-景气指数'!$A$37:$A$242,0),MATCH('面板-总览'!D$2,'面板-景气指数'!$36:$36,0)) -> 0.7745 | E4: =INDEX('面板-景气指数'!$37:$242,MATCH('面板-总览'!$A4,'面板-景气指数'!$A$37:$A$242,0),MATCH('面板-总览'!E$2,'面板-景气指数'!$36:$36,0)) -> 0.67583333 | F4: =INDEX('面板-景气指数'!$37:$242,MATCH('面板-总览'!$A4,'面板-景气指数'!$A$37:$A$242,0),MATCH('面板-总览'!F$2,'面板-景气指数'!$36:$36,0)) -> 0.63483333 | G4: =INDEX('面板-景气指数'!$37:$242,MATCH('面板-总览'!$A4,'面板-景气指数'!$A$37:$A$242,0),MATCH('面板-总览'!G$2,'面板-景气指数'!$36:$36,0)) -> 0.624 | H4: =INDEX('面板-景气指数'!$37:$242,MATCH('面板-总览'!$A4,'面板-景气指数'!$A$37:$A$242,0),MATCH('面板-总览'!H$2,'面板-景气指数'!$36:$36,0)) -> 0.636 | I4: =INDEX('面板-景气指数'!$37:$242,MATCH('面板-总览'!$A4,'面板-景气指数'!$A$37:$A$242,0),MATCH('面板-总览'!I$2,'面板-景气指数'!$36:$36,0)) -> 0.6625 | ... N4: =INDEX('面板-景气指数'!$37:$242,MATCH('面板-总览'!$A4,'面板-景气指数'!$A$37:$A$242,0),MATCH('面板-总览'!N$2,'面板-景气指数'!$36:$36,0)) -> 0.64833333 | P4: =N4-K4 -> -0.069666667 | R4: 炼化及贸易 | S4: =INDEX('面板-景气指数'!$37:$242,MATCH('面板-总览'!$R4,'面板-景气指数'!$A$37:$A$242,0),MATCH('面板-总览'!S$2,'面板-景气指数'!$36:$36,0)) -> 0.979 | T4: =INDEX('面板-景气指数'!$37:$242,MATCH('面板-总览'!$R4,'面板-景气指数'!$A$37:$A$242,0),MATCH('面板-总览'!T$2,'面板-景气指数'!$36:$36,0)) -> 1 | U4: =INDEX('面板-景气指数'!$37:$242,MATCH('面板-总览'!$R4,'面板-景气指数'!$A$37:$A$242,0),MATCH('面板-总览'!U$2,'面板-景气指数'!$36:$36,0)) -> 0.989 | V4: =INDEX('面板-景气指数'!$37:$242,MATCH('面板-总览'!$R4,'面板-景气指数'!$A$37:$A$242,0),MATCH('面板-总览'!V$2,'面板-景气指数'!$36:$36,0)) -> 0.5 | W4: =INDEX('面板-景气指数'!$37:$242,MATCH('面板-总览'!$R4,'面板-景气指数'!$A$37:$A$242,0),MATCH('面板-总览'!W$2,'面板-景气指数'!$36:$36,0)) -> 0.546 | X4: =INDEX('面板-景气指数'!$37:$242,MATCH('面板-总览'!$R4,'面板-景气指数'!$A$37:$A$242,0),MATCH('面板-总览'!X$2,'面板-景气指数'!$36:$36,0)) -> 0.742 | Y4: =INDEX('面板-景气指数'!$37:$242,MATCH('面板-总览'!$R4,'面板-景气指数'!$A$37:$A$242,0),MATCH('面板-总览'!Y$2,'面板-景气指数'!$36:$36,0)) -> 0.886 | Z4: =INDEX('面板-景气指数'!$37:$242,MATCH('面板-总览'!$R4,'面板-景气指数'!$A$37:$A$242,0),MATCH('面板-总览'!Z$2,'面板-景气指数'!$36:$36,0)) -> 0.752 | ... AE4: =INDEX('面板-景气指数'!$37:$242,MATCH('面板-总览'!$R4,'面板-景气指数'!$A$37:$A$242,0),MATCH('面板-总览'!AE$2,'面板-景气指数'!$36:$36,0)) -> 0.505 | AG4: =AE4-AB4 -> 0.454 | AI4: 铝 | AJ4: =INDEX('面板-景气指数'!$37:$242,MATCH('面板-总览'!$AI4,'面板-景气指数'!$A$37:$A$242,0),MATCH('面板-总览'!AJ$2,'面板-景气指数'!$36:$36,0)) -> 0.02 | AK4: =INDEX('面板-景气指数'!$37:$242,MATCH('面板-总览'!$AI4,'面板-景气指数'!$A$37:$A$242,0),MATCH('面板-总览'!AK$2,'面板-景气指数'!$36:$36,0)) -> 0.051 | AL4: =INDEX('面板-景气指数'!$37:$242,MATCH('面板-总览'!$AI4,'面板-景气指数'!$A$37:$A$242,0),MATCH('面板-总览'!AL$2,'面板-景气指数'!$36:$36,0)) -> 0.122 | AM4: =INDEX('面板-景气指数'!$37:$242,MATCH('面板-总览'!$AI4,'面板-景气指数'!$A$37:$A$242,0),MATCH('面板-总览'!AM$2,'面板-景气指数'!$36:$36,0)) -> 0.234 | AN4: =INDEX('面板-景气指数'!$37:$242,MATCH('面板-总览'!$AI4,'面板-景气指数'!$A$37:$A$242,0),MATCH('面板-总览'!AN$2,'面板-景气指数'!$36:$36,0)) -> 0.346 | AO4: =INDEX('面板-景气指数'!$37:$242,MATCH('面板-总览'!$AI4,'面板-景气指数'!$A$37:$A$242,0),MATCH('面板-总览'!AO$2,'面板-景气指数'!$36:$36,0)) -> 0.448 | AP4: =INDEX('面板-景气指数'!$37:$242,MATCH('面板-总览'!$AI4,'面板-景气指数'!$A$37:$A$242,0),MATCH('面板-总览'!AP$2,'面板-景气指数'!$36:$36,0)) -> 0.52 | AQ4: =INDEX('面板-景气指数'!$37:$242,MATCH('面板-总览'!$AI4,'面板-景气指数'!$A$37:$A$242,0),MATCH('面板-总览'!AQ$2,'面板-景气指数'!$36:$36,0)) -> 0.53 | ... AV4: =INDEX('面板-景气指数'!$37:$242,MATCH('面板-总览'!$AI4,'面板-景气指数'!$A$37:$A$242,0),MATCH('面板-总览'!AV$2,'面板-景气指数'!$36:$36,0)) -> 0.469 | AX4: =AV4-AS4 -> 0.041
A5: 有色金属 | B5: =INDEX('面板-景气指数'!$37:$242,MATCH('面板-总览'!$A5,'面板-景气指数'!$A$37:$A$242,0),MATCH('面板-总览'!B$2,'面板-景气指数'!$36:$36,0)) -> 0.30173882 | C5: =INDEX('面板-景气指数'!$37:$242,MATCH('面板-总览'!$A5,'面板-景气指数'!$A$37:$A$242,0),MATCH('面板-总览'!C$2,'面板-景气指数'!$36:$36,0)) -> 0.27038534 | D5: =INDEX('面板-景气指数'!$37:$242,MATCH('面板-总览'!$A5,'面板-景气指数'!$A$37:$A$242,0),MATCH('面板-总览'!D$2,'面板-景气指数'!$36:$36,0)) -> 0.31641399 | E5: =INDEX('面板-景气指数'!$37:$242,MATCH('面板-总览'!$A5,'面板-景气指数'!$A$37:$A$242,0),MATCH('面板-总览'!E$2,'面板-景气指数'!$36:$36,0)) -> 0.43724984 | F5: =INDEX('面板-景气指数'!$37:$242,MATCH('面板-总览'!$A5,'面板-景气指数'!$A$37:$A$242,0),MATCH('面板-总览'!F$2,'面板-景气指数'!$36:$36,0)) -> 0.50920196 | G5: =INDEX('面板-景气指数'!$37:$242,MATCH('面板-总览'!$A5,'面板-景气指数'!$A$37:$A$242,0),MATCH('面板-总览'!G$2,'面板-景气指数'!$36:$36,0)) -> 0.59629111 | H5: =INDEX('面板-景气指数'!$37:$242,MATCH('面板-总览'!$A5,'面板-景气指数'!$A$37:$A$242,0),MATCH('面板-总览'!H$2,'面板-景气指数'!$36:$36,0)) -> 0.56774032 | I5: =INDEX('面板-景气指数'!$37:$242,MATCH('面板-总览'!$A5,'面板-景气指数'!$A$37:$A$242,0),MATCH('面板-总览'!I$2,'面板-景气指数'!$36:$36,0)) -> 0.56871034 | ... N5: =INDEX('面板-景气指数'!$37:$242,MATCH('面板-总览'!$A5,'面板-景气指数'!$A$37:$A$242,0),MATCH('面板-总览'!N$2,'面板-景气指数'!$36:$36,0)) -> 0.48655131 | P5: =N5-K5 -> 0.0096790578 | R5: 动力煤 | S5: =INDEX('面板-景气指数'!$37:$242,MATCH('面板-总览'!$R5,'面板-景气指数'!$A$37:$A$242,0),MATCH('面板-总览'!S$2,'面板-景气指数'!$36:$36,0)) -> 0.867 | T5: =INDEX('面板-景气指数'!$37:$242,MATCH('面板-总览'!$R5,'面板-景气指数'!$A$37:$A$242,0),MATCH('面板-总览'!T$2,'面板-景气指数'!$36:$36,0)) -> 0.846 | U5: =INDEX('面板-景气指数'!$37:$242,MATCH('面板-总览'!$R5,'面板-景气指数'!$A$37:$A$242,0),MATCH('面板-总览'!U$2,'面板-景气指数'!$36:$36,0)) -> 0.785 | V5: =INDEX('面板-景气指数'!$37:$242,MATCH('面板-总览'!$R5,'面板-景气指数'!$A$37:$A$242,0),MATCH('面板-总览'!V$2,'面板-景气指数'!$36:$36,0)) -> 0.642 | W5: =INDEX('面板-景气指数'!$37:$242,MATCH('面板-总览'!$R5,'面板-景气指数'!$A$37:$A$242,0),MATCH('面板-总览'!W$2,'面板-景气指数'!$36:$36,0)) -> 0.602 | X5: =INDEX('面板-景气指数'!$37:$242,MATCH('面板-总览'!$R5,'面板-景气指数'!$A$37:$A$242,0),MATCH('面板-总览'!X$2,'面板-景气指数'!$36:$36,0)) -> 0.612 | Y5: =INDEX('面板-景气指数'!$37:$242,MATCH('面板-总览'!$R5,'面板-景气指数'!$A$37:$A$242,0),MATCH('面板-总览'!Y$2,'面板-景气指数'!$36:$36,0)) -> 0.653 | Z5: =INDEX('面板-景气指数'!$37:$242,MATCH('面板-总览'!$R5,'面板-景气指数'!$A$37:$A$242,0),MATCH('面板-总览'!Z$2,'面板-景气指数'!$36:$36,0)) -> 0.683 | ... AE5: =INDEX('面板-景气指数'!$37:$242,MATCH('面板-总览'!$R5,'面板-景气指数'!$A$37:$A$242,0),MATCH('面板-总览'!AE$2,'面板-景气指数'!$36:$36,0)) -> 0.663 | AG5: =AE5-AB5 -> -0.041 | AI5: 铅锌 | AJ5: =INDEX('面板-景气指数'!$37:$242,MATCH('面板-总览'!$AI5,'面板-景气指数'!$A$37:$A$242,0),MATCH('面板-总览'!AJ$2,'面板-景气指数'!$36:$36,0)) -> 0.3005 | AK5: =INDEX('面板-景气指数'!$37:$242,MATCH('面板-总览'!$AI5,'面板-景气指数'!$A$37:$A$242,0),MATCH('面板-总览'!AK$2,'面板-景气指数'!$36:$36,0)) -> 0.219 | AL5: =INDEX('面板-景气指数'!$37:$242,MATCH('面板-总览'!$AI5,'面板-景气指数'!$A$37:$A$242,0),MATCH('面板-总览'!AL$2,'面板-景气指数'!$36:$36,0)) -> 0.224 | AM5: =INDEX('面板-景气指数'!$37:$242,MATCH('面板-总览'!$AI5,'面板-景气指数'!$A$37:$A$242,0),MATCH('面板-总览'!AM$2,'面板-景气指数'!$36:$36,0)) -> 0.311 | AN5: =INDEX('面板-景气指数'!$37:$242,MATCH('面板-总览'!$AI5,'面板-景气指数'!$A$37:$A$242,0),MATCH('面板-总览'!AN$2,'面板-景气指数'!$36:$36,0)) -> 0.3565 | AO5: =INDEX('面板-景气指数'!$37:$242,MATCH('面板-总览'!$AI5,'面板-景气指数'!$A$37:$A$242,0),MATCH('面板-总览'!AO$2,'面板-景气指数'!$36:$36,0)) -> 0.484 | AP5: =INDEX('面板-景气指数'!$37:$242,MATCH('面板-总览'!$AI5,'面板-景气指数'!$A$37:$A$242,0),MATCH('面板-总览'!AP$2,'面板-景气指数'!$36:$36,0)) -> 0.484 | AQ5: =INDEX('面板-景气指数'!$37:$242,MATCH('面板-总览'!$AI5,'面板-景气指数'!$A$37:$A$242,0),MATCH('面板-总览'!AQ$2,'面板-景气指数'!$36:$36,0)) -> 0.5355 | ... AV5: =INDEX('面板-景气指数'!$37:$242,MATCH('面板-总览'!$AI5,'面板-景气指数'!$A$37:$A$242,0),MATCH('面板-总览'!AV$2,'面板-景气指数'!$36:$36,0)) -> 0.5605 | AX5: =AV5-AS5 -> 0.0915
A6: 基础化工 | B6: =INDEX('面板-景气指数'!$37:$242,MATCH('面板-总览'!$A6,'面板-景气指数'!$A$37:$A$242,0),MATCH('面板-总览'!B$2,'面板-景气指数'!$36:$36,0)) -> 0.28766882 | C6: =INDEX('面板-景气指数'!$37:$242,MATCH('面板-总览'!$A6,'面板-景气指数'!$A$37:$A$242,0),MATCH('面板-总览'!C$2,'面板-景气指数'!$36:$36,0)) -> 0.20050759 | D6: =INDEX('面板-景气指数'!$37:$242,MATCH('面板-总览'!$A6,'面板-景气指数'!$A$37:$A$242,0),MATCH('面板-总览'!D$2,'面板-景气指数'!$36:$36,0)) -> 0.19729741 | E6: =INDEX('面板-景气指数'!$37:$242,MATCH('面板-总览'!$A6,'面板-景气指数'!$A$37:$A$242,0),MATCH('面板-总览'!E$2,'面板-景气指数'!$36:$36,0)) -> 0.23645825 | F6: =INDEX('面板-景气指数'!$37:$242,MATCH('面板-总览'!$A6,'面板-景气指数'!$A$37:$A$242,0),MATCH('面板-总览'!F$2,'面板-景气指数'!$36:$36,0)) -> 0.30313351 | G6: =INDEX('面板-景气指数'!$37:$242,MATCH('面板-总览'!$A6,'面板-景气指数'!$A$37:$A$242,0),MATCH('面板-总览'!G$2,'面板-景气指数'!$36:$36,0)) -> 0.36400093 | H6: =INDEX('面板-景气指数'!$37:$242,MATCH('面板-总览'!$A6,'面板-景气指数'!$A$37:$A$242,0),MATCH('面板-总览'!H$2,'面板-景气指数'!$36:$36,0)) -> 0.37019438 | I6: =INDEX('面板-景气指数'!$37:$242,MATCH('面板-总览'!$A6,'面板-景气指数'!$A$37:$A$242,0),MATCH('面板-总览'!I$2,'面板-景气指数'!$36:$36,0)) -> 0.36500388 | ... N6: =INDEX('面板-景气指数'!$37:$242,MATCH('面板-总览'!$A6,'面板-景气指数'!$A$37:$A$242,0),MATCH('面板-总览'!N$2,'面板-景气指数'!$36:$36,0)) -> 0.29217727 | P6: =N6-K6 -> -0.046615933 | R6: 焦煤 | S6: =INDEX('面板-景气指数'!$37:$242,MATCH('面板-总览'!$R6,'面板-景气指数'!$A$37:$A$242,0),MATCH('面板-总览'!S$2,'面板-景气指数'!$36:$36,0)) -> 0.795 | T6: =INDEX('面板-景气指数'!$37:$242,MATCH('面板-总览'!$R6,'面板-景气指数'!$A$37:$A$242,0),MATCH('面板-总览'!T$2,'面板-景气指数'!$36:$36,0)) -> 0.755 | U6: =INDEX('面板-景气指数'!$37:$242,MATCH('面板-总览'!$R6,'面板-景气指数'!$A$37:$A$242,0),MATCH('面板-总览'!U$2,'面板-景气指数'!$36:$36,0)) -> 0.704 | V6: =INDEX('面板-景气指数'!$37:$242,MATCH('面板-总览'!$R6,'面板-景气指数'!$A$37:$A$242,0),MATCH('面板-总览'!V$2,'面板-景气指数'!$36:$36,0)) -> 0.653 | W6: =INDEX('面板-景气指数'!$37:$242,MATCH('面板-总览'!$R6,'面板-景气指数'!$A$37:$A$242,0),MATCH('面板-总览'!W$2,'面板-景气指数'!$36:$36,0)) -> 0.622 | X6: =INDEX('面板-景气指数'!$37:$242,MATCH('面板-总览'!$R6,'面板-景气指数'!$A$37:$A$242,0),MATCH('面板-总览'!X$2,'面板-景气指数'!$36:$36,0)) -> 0.591 | Y6: =INDEX('面板-景气指数'!$37:$242,MATCH('面板-总览'!$R6,'面板-景气指数'!$A$37:$A$242,0),MATCH('面板-总览'!Y$2,'面板-景气指数'!$36:$36,0)) -> 0.683 | Z6: =INDEX('面板-景气指数'!$37:$242,MATCH('面板-总览'!$R6,'面板-景气指数'!$A$37:$A$242,0),MATCH('面板-总览'!Z$2,'面板-景气指数'!$36:$36,0)) -> 0.714 | ... AE6: =INDEX('面板-景气指数'!$37:$242,MATCH('面板-总览'!$R6,'面板-景气指数'!$A$37:$A$242,0),MATCH('面板-总览'!AE$2,'面板-景气指数'!$36:$36,0)) -> 0.734 | AG6: =AE6-AB6 -> -0.041 | AI6: 黄金 | AJ6: =INDEX('面板-景气指数'!$37:$242,MATCH('面板-总览'!$AI6,'面板-景气指数'!$A$37:$A$242,0),MATCH('面板-总览'!AJ$2,'面板-景气指数'!$36:$36,0)) -> 0.336 | AK6: =INDEX('面板-景气指数'!$37:$242,MATCH('面板-总览'!$AI6,'面板-景气指数'!$A$37:$A$242,0),MATCH('面板-总览'!AK$2,'面板-景气指数'!$36:$36,0)) -> 0.438 | AL6: =INDEX('面板-景气指数'!$37:$242,MATCH('面板-总览'!$AI6,'面板-景气指数'!$A$37:$A$242,0),MATCH('面板-总览'!AL$2,'面板-景气指数'!$36:$36,0)) -> 0.53 | AM6: =INDEX('面板-景气指数'!$37:$242,MATCH('面板-总览'!$AI6,'面板-景气指数'!$A$37:$A$242,0),MATCH('面板-总览'!AM$2,'面板-景气指数'!$36:$36,0)) -> 0.622 | AN6: =INDEX('面板-景气指数'!$37:$242,MATCH('面板-总览'!$AI6,'面板-景气指数'!$A$37:$A$242,0),MATCH('面板-总览'!AN$2,'面板-景气指数'!$36:$36,0)) -> 0.632 | AO6: =INDEX('面板-景气指数'!$37:$242,MATCH('面板-总览'!$AI6,'面板-景气指数'!$A$37:$A$242,0),MATCH('面板-总览'!AO$2,'面板-景气指数'!$36:$36,0)) -> 0.724 | AP6: =INDEX('面板-景气指数'!$37:$242,MATCH('面板-总览'!$AI6,'面板-景气指数'!$A$37:$A$242,0),MATCH('面板-总览'!AP$2,'面板-景气指数'!$36:$36,0)) -> 0.734 | AQ6: =INDEX('面板-景气指数'!$37:$242,MATCH('面板-总览'!$AI6,'面板-景气指数'!$A$37:$A$242,0),MATCH('面板-总览'!AQ$2,'面板-景气指数'!$36:$36,0)) -> 0.775 | ... AV6: =INDEX('面板-景气指数'!$37:$242,MATCH('面板-总览'!$AI6,'面板-景气指数'!$A$37:$A$242,0),MATCH('面板-总览'!AV$2,'面板-景气指数'!$36:$36,0)) -> 0.704 | AX6: =AV6-AS6 -> -0.01
A7: 钢铁 | B7: =INDEX('面板-景气指数'!$37:$242,MATCH('面板-总览'!$A7,'面板-景气指数'!$A$37:$A$242,0),MATCH('面板-总览'!B$2,'面板-景气指数'!$36:$36,0)) -> 0.21410132 | C7: =INDEX('面板-景气指数'!$37:$242,MATCH('面板-总览'!$A7,'面板-景气指数'!$A$37:$A$242,0),MATCH('面板-总览'!C$2,'面板-景气指数'!$36:$36,0)) -> 0.15995321 | D7: =INDEX('面板-景气指数'!$37:$242,MATCH('面板-总览'!$A7,'面板-景气指数'!$A$37:$A$242,0),MATCH('面板-总览'!D$2,'面板-景气指数'!$36:$36,0)) -> 0.16319651 | E7: =INDEX('面板-景气指数'!$37:$242,MATCH('面板-总览'!$A7,'面板-景气指数'!$A$37:$A$242,0),MATCH('面板-总览'!E$2,'面板-景气指数'!$36:$36,0)) -> 0.22800262 | F7: =INDEX('面板-景气指数'!$37:$242,MATCH('面板-总览'!$A7,'面板-景气指数'!$A$37:$A$242,0),MATCH('面板-总览'!F$2,'面板-景气指数'!$36:$36,0)) -> 0.30860179 | G7: =INDEX('面板-景气指数'!$37:$242,MATCH('面板-总览'!$A7,'面板-景气指数'!$A$37:$A$242,0),MATCH('面板-总览'!G$2,'面板-景气指数'!$36:$36,0)) -> 0.35986888 | H7: =INDEX('面板-景气指数'!$37:$242,MATCH('面板-总览'!$A7,'面板-景气指数'!$A$37:$A$242,0),MATCH('面板-总览'!H$2,'面板-景气指数'!$36:$36,0)) -> 0.35121995 | I7: =INDEX('面板-景气指数'!$37:$242,MATCH('面板-总览'!$A7,'面板-景气指数'!$A$37:$A$242,0),MATCH('面板-总览'!I$2,'面板-景气指数'!$36:$36,0)) -> 0.35451646 | ... N7: =INDEX('面板-景气指数'!$37:$242,MATCH('面板-总览'!$A7,'面板-景气指数'!$A$37:$A$242,0),MATCH('面板-总览'!N$2,'面板-景气指数'!$36:$36,0)) -> 0.23806672 | P7: =N7-K7 -> -0.11230179 | R7: 无烟煤 | S7: =INDEX('面板-景气指数'!$37:$242,MATCH('面板-总览'!$R7,'面板-景气指数'!$A$37:$A$242,0),MATCH('面板-总览'!S$2,'面板-景气指数'!$36:$36,0)) -> 0.877 | T7: =INDEX('面板-景气指数'!$37:$242,MATCH('面板-总览'!$R7,'面板-景气指数'!$A$37:$A$242,0),MATCH('面板-总览'!T$2,'面板-景气指数'!$36:$36,0)) -> 0.806 | U7: =INDEX('面板-景气指数'!$37:$242,MATCH('面板-总览'!$R7,'面板-景气指数'!$A$37:$A$242,0),MATCH('面板-总览'!U$2,'面板-景气指数'!$36:$36,0)) -> 0.775 | V7: =INDEX('面板-景气指数'!$37:$242,MATCH('面板-总览'!$R7,'面板-景气指数'!$A$37:$A$242,0),MATCH('面板-总览'!V$2,'面板-景气指数'!$36:$36,0)) -> 0.714 | W7: =INDEX('面板-景气指数'!$37:$242,MATCH('面板-总览'!$R7,'面板-景气指数'!$A$37:$A$242,0),MATCH('面板-总览'!W$2,'面板-景气指数'!$36:$36,0)) -> 0.704 | X7: =INDEX('面板-景气指数'!$37:$242,MATCH('面板-总览'!$R7,'面板-景气指数'!$A$37:$A$242,0),MATCH('面板-总览'!X$2,'面板-景气指数'!$36:$36,0)) -> 0.724 | Y7: =INDEX('面板-景气指数'!$37:$242,MATCH('面板-总览'!$R7,'面板-景气指数'!$A$37:$A$242,0),MATCH('面板-总览'!Y$2,'面板-景气指数'!$36:$36,0)) -> 0.734 | Z7: =INDEX('面板-景气指数'!$37:$242,MATCH('面板-总览'!$R7,'面板-景气指数'!$A$37:$A$242,0),MATCH('面板-总览'!Z$2,'面板-景气指数'!$36:$36,0)) -> 0.755 | ... AE7: =INDEX('面板-景气指数'!$37:$242,MATCH('面板-总览'!$R7,'面板-景气指数'!$A$37:$A$242,0),MATCH('面板-总览'!AE$2,'面板-景气指数'!$36:$36,0)) -> 0.642 | AG7: =AE7-AB7 -> -0.051 | AI7: 白银 | AJ7: =INDEX('面板-景气指数'!$37:$242,MATCH('面板-总览'!$AI7,'面板-景气指数'!$A$37:$A$242,0),MATCH('面板-总览'!AJ$2,'面板-景气指数'!$36:$36,0)) -> 0.316 | AK7: =INDEX('面板-景气指数'!$37:$242,MATCH('面板-总览'!$AI7,'面板-景气指数'!$A$37:$A$242,0),MATCH('面板-总览'!AK$2,'面板-景气指数'!$36:$36,0)) -> 0.5 | AL7: =INDEX('面板-景气指数'!$37:$242,MATCH('面板-总览'!$AI7,'面板-景气指数'!$A$37:$A$242,0),MATCH('面板-总览'!AL$2,'面板-景气指数'!$36:$36,0)) -> 0.612 | AM7: =INDEX('面板-景气指数'!$37:$242,MATCH('面板-总览'!$AI7,'面板-景气指数'!$A$37:$A$242,0),MATCH('面板-总览'!AM$2,'面板-景气指数'!$36:$36,0)) -> 0.714 | AN7: =INDEX('面板-景气指数'!$37:$242,MATCH('面板-总览'!$AI7,'面板-景气指数'!$A$37:$A$242,0),MATCH('面板-总览'!AN$2,'面板-景气指数'!$36:$36,0)) -> 0.765 | AO7: =INDEX('面板-景气指数'!$37:$242,MATCH('面板-总览'!$AI7,'面板-景气指数'!$A$37:$A$242,0),MATCH('面板-总览'!AO$2,'面板-景气指数'!$36:$36,0)) -> 0.846 | AP7: =INDEX('面板-景气指数'!$37:$242,MATCH('面板-总览'!$AI7,'面板-景气指数'!$A$37:$A$242,0),MATCH('面板-总览'!AP$2,'面板-景气指数'!$36:$36,0)) -> 0.785 | AQ7: =INDEX('面板-景气指数'!$37:$242,MATCH('面板-总览'!$AI7,'面板-景气指数'!$A$37:$A$242,0),MATCH('面板-总览'!AQ$2,'面板-景气指数'!$36:$36,0)) -> 0.724 | ... AV7: =INDEX('面板-景气指数'!$37:$242,MATCH('面板-总览'!$AI7,'面板-景气指数'!$A$37:$A$242,0),MATCH('面板-总览'!AV$2,'面板-景气指数'!$36:$36,0)) -> 0.591 | AX7: =AV7-AS7 -> 0.04
A8: 建筑材料 | B8: =INDEX('面板-景气指数'!$37:$242,MATCH('面板-总览'!$A8,'面板-景气指数'!$A$37:$A$242,0),MATCH('面板-总览'!B$2,'面板-景气指数'!$36:$36,0)) -> 0.26046305 | C8: =INDEX('面板-景气指数'!$37:$242,MATCH('面板-总览'!$A8,'面板-景气指数'!$A$37:$A$242,0),MATCH('面板-总览'!C$2,'面板-景气指数'!$36:$36,0)) -> 0.273204 | D8: =INDEX('面板-景气指数'!$37:$242,MATCH('面板-总览'!$A8,'面板-景气指数'!$A$37:$A$242,0),MATCH('面板-总览'!D$2,'面板-景气指数'!$36:$36,0)) -> 0.2485819 | E8: =INDEX('面板-景气指数'!$37:$242,MATCH('面板-总览'!$A8,'面板-景气指数'!$A$37:$A$242,0),MATCH('面板-总览'!E$2,'面板-景气指数'!$36:$36,0)) -> 0.25206015 | F8: =INDEX('面板-景气指数'!$37:$242,MATCH('面板-总览'!$A8,'面板-景气指数'!$A$37:$A$242,0),MATCH('面板-总览'!F$2,'面板-景气指数'!$36:$36,0)) -> 0.2537603 | G8: =INDEX('面板-景气指数'!$37:$242,MATCH('面板-总览'!$A8,'面板-景气指数'!$A$37:$A$242,0),MATCH('面板-总览'!G$2,'面板-景气指数'!$36:$36,0)) -> 0.25760361 | H8: =INDEX('面板-景气指数'!$37:$242,MATCH('面板-总览'!$A8,'面板-景气指数'!$A$37:$A$242,0),MATCH('面板-总览'!H$2,'面板-景气指数'!$36:$36,0)) -> 0.25369446 | I8: =INDEX('面板-景气指数'!$37:$242,MATCH('面板-总览'!$A8,'面板-景气指数'!$A$37:$A$242,0),MATCH('面板-总览'!I$2,'面板-景气指数'!$36:$36,0)) -> 0.26119798 | ... N8: =INDEX('面板-景气指数'!$37:$242,MATCH('面板-总览'!$A8,'面板-景气指数'!$A$37:$A$242,0),MATCH('面板-总览'!N$2,'面板-景气指数'!$36:$36,0)) -> 0.26686985 | P8: =N8-K8 -> -0.063187514 | R8: 工业金属 | S8: =INDEX('面板-景气指数'!$37:$242,MATCH('面板-总览'!$R8,'面板-景气指数'!$A$37:$A$242,0),MATCH('面板-总览'!S$2,'面板-景气指数'!$36:$36,0)) -> 0.25756408 | T8: =INDEX('面板-景气指数'!$37:$242,MATCH('面板-总览'!$R8,'面板-景气指数'!$A$37:$A$242,0),MATCH('面板-总览'!T$2,'面板-景气指数'!$36:$36,0)) -> 0.18713326 | U8: =INDEX('面板-景气指数'!$37:$242,MATCH('面板-总览'!$R8,'面板-景气指数'!$A$37:$A$242,0),MATCH('面板-总览'!U$2,'面板-景气指数'!$36:$36,0)) -> 0.22554747 | V8: =INDEX('面板-景气指数'!$37:$242,MATCH('面板-总览'!$R8,'面板-景气指数'!$A$37:$A$242,0),MATCH('面板-总览'!V$2,'面板-景气指数'!$36:$36,0)) -> 0.36627701 | W8: =INDEX('面板-景气指数'!$37:$242,MATCH('面板-总览'!$R8,'面板-景气指数'!$A$37:$A$242,0),MATCH('面板-总览'!W$2,'面板-景气指数'!$36:$36,0)) -> 0.43771431 | X8: =INDEX('面板-景气指数'!$37:$242,MATCH('面板-总览'!$R8,'面板-景气指数'!$A$37:$A$242,0),MATCH('面板-总览'!X$2,'面板-景气指数'!$36:$36,0)) -> 0.55244644 | Y8: =INDEX('面板-景气指数'!$37:$242,MATCH('面板-总览'!$R8,'面板-景气指数'!$A$37:$A$242,0),MATCH('面板-总览'!Y$2,'面板-景气指数'!$36:$36,0)) -> 0.52079141 | Z8: =INDEX('面板-景气指数'!$37:$242,MATCH('面板-总览'!$R8,'面板-景气指数'!$A$37:$A$242,0),MATCH('面板-总览'!Z$2,'面板-景气指数'!$36:$36,0)) -> 0.5404734 | ... AE8: =INDEX('面板-景气指数'!$37:$242,MATCH('面板-总览'!$R8,'面板-景气指数'!$A$37:$A$242,0),MATCH('面板-总览'!AE$2,'面板-景气指数'!$36:$36,0)) -> 0.51100625 | AG8: =AE8-AB8 -> 0.036041529 | AI8: 稀土 | AJ8: =INDEX('面板-景气指数'!$37:$242,MATCH('面板-总览'!$AI8,'面板-景气指数'!$A$37:$A$242,0),MATCH('面板-总览'!AJ$2,'面板-景气指数'!$36:$36,0)) -> 0.816 | AK8: =INDEX('面板-景气指数'!$37:$242,MATCH('面板-总览'!$AI8,'面板-景气指数'!$A$37:$A$242,0),MATCH('面板-总览'!AK$2,'面板-景气指数'!$36:$36,0)) -> 0.704 | AL8: =INDEX('面板-景气指数'!$37:$242,MATCH('面板-总览'!$AI8,'面板-景气指数'!$A$37:$A$242,0),MATCH('面板-总览'!AL$2,'面板-景气指数'!$36:$36,0)) -> 0.683 | AM8: =INDEX('面板-景气指数'!$37:$242,MATCH('面板-总览'!$AI8,'面板-景气指数'!$A$37:$A$242,0),MATCH('面板-总览'!AM$2,'面板-景气指数'!$36:$36,0)) -> 0.663 | AN8: =INDEX('面板-景气指数'!$37:$242,MATCH('面板-总览'!$AI8,'面板-景气指数'!$A$37:$A$242,0),MATCH('面板-总览'!AN$2,'面板-景气指数'!$36:$36,0)) -> 0.673 | AO8: =INDEX('面板-景气指数'!$37:$242,MATCH('面板-总览'!$AI8,'面板-景气指数'!$A$37:$A$242,0),MATCH('面板-总览'!AO$2,'面板-景气指数'!$36:$36,0)) -> 0.693 | AP8: =INDEX('面板-景气指数'!$37:$242,MATCH('面板-总览'!$AI8,'面板-景气指数'!$A$37:$A$242,0),MATCH('面板-总览'!AP$2,'面板-景气指数'!$36:$36,0)) -> 0.734 | AQ8: =INDEX('面板-景气指数'!$37:$242,MATCH('面板-总览'!$AI8,'面板-景气指数'!$A$37:$A$242,0),MATCH('面板-总览'!AQ$2,'面板-景气指数'!$36:$36,0)) -> 0.755 | ... AV8: =INDEX('面板-景气指数'!$37:$242,MATCH('面板-总览'!$AI8,'面板-景气指数'!$A$37:$A$242,0),MATCH('面板-总览'!AV$2,'面板-景气指数'!$36:$36,0)) -> 0.561 | AX8: =AV8-AS8 -> -0.092
A9: 机械设备 | B9: =INDEX('面板-景气指数'!$37:$242,MATCH('面板-总览'!$A9,'面板-景气指数'!$A$37:$A$242,0),MATCH('面板-总览'!B$2,'面板-景气指数'!$36:$36,0)) -> 0.36539702 | C9: =INDEX('面板-景气指数'!$37:$242,MATCH('面板-总览'!$A9,'面板-景气指数'!$A$37:$A$242,0),MATCH('面板-总览'!C$2,'面板-景气指数'!$36:$36,0)) -> 0.30310761 | D9: =INDEX('面板-景气指数'!$37:$242,MATCH('面板-总览'!$A9,'面板-景气指数'!$A$37:$A$242,0),MATCH('面板-总览'!D$2,'面板-景气指数'!$36:$36,0)) -> 0.26956095 | E9: =INDEX('面板-景气指数'!$37:$242,MATCH('面板-总览'!$A9,'面板-景气指数'!$A$37:$A$242,0),MATCH('面板-总览'!E$2,'面板-景气指数'!$36:$36,0)) -> 0.21891265 | F9: =INDEX('面板-景气指数'!$37:$242,MATCH('面板-总览'!$A9,'面板-景气指数'!$A$37:$A$242,0),MATCH('面板-总览'!F$2,'面板-景气指数'!$36:$36,0)) -> 0.26957784 | G9: =INDEX('面板-景气指数'!$37:$242,MATCH('面板-总览'!$A9,'面板-景气指数'!$A$37:$A$242,0),MATCH('面板-总览'!G$2,'面板-景气指数'!$36:$36,0)) -> 0.29601372 | H9: =INDEX('面板-景气指数'!$37:$242,MATCH('面板-总览'!$A9,'面板-景气指数'!$A$37:$A$242,0),MATCH('面板-总览'!H$2,'面板-景气指数'!$36:$36,0)) -> 0.35192771 | I9: =INDEX('面板-景气指数'!$37:$242,MATCH('面板-总览'!$A9,'面板-景气指数'!$A$37:$A$242,0),MATCH('面板-总览'!I$2,'面板-景气指数'!$36:$36,0)) -> 0.42514267 | ... N9: =INDEX('面板-景气指数'!$37:$242,MATCH('面板-总览'!$A9,'面板-景气指数'!$A$37:$A$242,0),MATCH('面板-总览'!N$2,'面板-景气指数'!$36:$36,0)) -> 0.5185558 | P9: =N9-K9 -> -0.021487394 | R9: 贵金属 | S9: =INDEX('面板-景气指数'!$37:$242,MATCH('面板-总览'!$R9,'面板-景气指数'!$A$37:$A$242,0),MATCH('面板-总览'!S$2,'面板-景气指数'!$36:$36,0)) -> 0.326 | T9: =INDEX('面板-景气指数'!$37:$242,MATCH('面板-总览'!$R9,'面板-景气指数'!$A$37:$A$242,0),MATCH('面板-总览'!T$2,'面板-景气指数'!$36:$36,0)) -> 0.469 | U9: =INDEX('面板-景气指数'!$37:$242,MATCH('面板-总览'!$R9,'面板-景气指数'!$A$37:$A$242,0),MATCH('面板-总览'!U$2,'面板-景气指数'!$36:$36,0)) -> 0.571 | V9: =INDEX('面板-景气指数'!$37:$242,MATCH('面板-总览'!$R9,'面板-景气指数'!$A$37:$A$242,0),MATCH('面板-总览'!V$2,'面板-景气指数'!$36:$36,0)) -> 0.668 | W9: =INDEX('面板-景气指数'!$37:$242,MATCH('面板-总览'!$R9,'面板-景气指数'!$A$37:$A$242,0),MATCH('面板-总览'!W$2,'面板-景气指数'!$36:$36,0)) -> 0.6985 | X9: =INDEX('面板-景气指数'!$37:$242,MATCH('面板-总览'!$R9,'面板-景气指数'!$A$37:$A$242,0),MATCH('面板-总览'!X$2,'面板-景气指数'!$36:$36,0)) -> 0.785 | Y9: =INDEX('面板-景气指数'!$37:$242,MATCH('面板-总览'!$R9,'面板-景气指数'!$A$37:$A$242,0),MATCH('面板-总览'!Y$2,'面板-景气指数'!$36:$36,0)) -> 0.7595 | Z9: =INDEX('面板-景气指数'!$37:$242,MATCH('面板-总览'!$R9,'面板-景气指数'!$A$37:$A$242,0),MATCH('面板-总览'!Z$2,'面板-景气指数'!$36:$36,0)) -> 0.7495 | ... AE9: =INDEX('面板-景气指数'!$37:$242,MATCH('面板-总览'!$R9,'面板-景气指数'!$A$37:$A$242,0),MATCH('面板-总览'!AE$2,'面板-景气指数'!$36:$36,0)) -> 0.6475 | AG9: =AE9-AB9 -> 0.015 | AI9: 钨 | AJ9: =INDEX('面板-景气指数'!$37:$242,MATCH('面板-总览'!$AI9,'面板-景气指数'!$A$37:$A$242,0),MATCH('面板-总览'!AJ$2,'面板-景气指数'!$36:$36,0)) -> 0.336 | AK9: =INDEX('面板-景气指数'!$37:$242,MATCH('面板-总览'!$AI9,'面板-景气指数'!$A$37:$A$242,0),MATCH('面板-总览'!AK$2,'面板-景气指数'!$36:$36,0)) -> 0.367 | AL9: =INDEX('面板-景气指数'!$37:$242,MATCH('面板-总览'!$AI9,'面板-景气指数'!$A$37:$A$242,0),MATCH('面板-总览'!AL$2,'面板-景气指数'!$36:$36,0)) -> 0.469 | AM9: =INDEX('面板-景气指数'!$37:$242,MATCH('面板-总览'!$AI9,'面板-景气指数'!$A$37:$A$242,0),MATCH('面板-总览'!AM$2,'面板-景气指数'!$36:$36,0)) -> 0.591 | AN9: =INDEX('面板-景气指数'!$37:$242,MATCH('面板-总览'!$AI9,'面板-景气指数'!$A$37:$A$242,0),MATCH('面板-总览'!AN$2,'面板-景气指数'!$36:$36,0)) -> 0.581 | AO9: =INDEX('面板-景气指数'!$37:$242,MATCH('面板-总览'!$AI9,'面板-景气指数'!$A$37:$A$242,0),MATCH('面板-总览'!AO$2,'面板-景气指数'!$36:$36,0)) -> 0.51 | AP9: =INDEX('面板-景气指数'!$37:$242,MATCH('面板-总览'!$AI9,'面板-景气指数'!$A$37:$A$242,0),MATCH('面板-总览'!AP$2,'面板-景气指数'!$36:$36,0)) -> 0.52 | AQ9: =INDEX('面板-景气指数'!$37:$242,MATCH('面板-总览'!$AI9,'面板-景气指数'!$A$37:$A$242,0),MATCH('面板-总览'!AQ$2,'面板-景气指数'!$36:$36,0)) -> 0.561 | ... AV9: =INDEX('面板-景气指数'!$37:$242,MATCH('面板-总览'!$AI9,'面板-景气指数'!$A$37:$A$242,0),MATCH('面板-总览'!AV$2,'面板-景气指数'!$36:$36,0)) -> 0.479 | AX9: =AV9-AS9 -> -0.092
A10: 电力设备 | B10: =INDEX('面板-景气指数'!$37:$242,MATCH('面板-总览'!$A10,'面板-景气指数'!$A$37:$A$242,0),MATCH('面板-总览'!B$2,'面板-景气指数'!$36:$36,0)) -> 0.47734998 | C10: =INDEX('面板-景气指数'!$37:$242,MATCH('面板-总览'!$A10,'面板-景气指数'!$A$37:$A$242,0),MATCH('面板-总览'!C$2,'面板-景气指数'!$36:$36,0)) -> 0.50168186 | D10: =INDEX('面板-景气指数'!$37:$242,MATCH('面板-总览'!$A10,'面板-景气指数'!$A$37:$A$242,0),MATCH('面板-总览'!D$2,'面板-景气指数'!$36:$36,0)) -> 0.50472554 | E10: =INDEX('面板-景气指数'!$37:$242,MATCH('面板-总览'!$A10,'面板-景气指数'!$A$37:$A$242,0),MATCH('面板-总览'!E$2,'面板-景气指数'!$36:$36,0)) -> 0.47644901 | F10: =INDEX('面板-景气指数'!$37:$242,MATCH('面板-总览'!$A10,'面板-景气指数'!$A$37:$A$242,0),MATCH('面板-总览'!F$2,'面板-景气指数'!$36:$36,0)) -> 0.44502906 | G10: =INDEX('面板-景气指数'!$37:$242,MATCH('面板-总览'!$A10,'面板-景气指数'!$A$37:$A$242,0),MATCH('面板-总览'!G$2,'面板-景气指数'!$36:$36,0)) -> 0.41705813 | H10: =INDEX('面板-景气指数'!$37:$242,MATCH('面板-总览'!$A10,'面板-景气指数'!$A$37:$A$242,0),MATCH('面板-总览'!H$2,'面板-景气指数'!$36:$36,0)) -> 0.40768674 | I10: =INDEX('面板-景气指数'!$37:$242,MATCH('面板-总览'!$A10,'面板-景气指数'!$A$37:$A$242,0),MATCH('面板-总览'!I$2,'面板-景气指数'!$36:$36,0)) -> 0.4227109 | ... N10: =INDEX('面板-景气指数'!$37:$242,MATCH('面板-总览'!$A10,'面板-景气指数'!$A$37:$A$242,0),MATCH('面板-总览'!N$2,'面板-景气指数'!$36:$36,0)) -> 0.45549044 | P10: =N10-K10 -> -0.017629702 | R10: 小金属 | S10: =INDEX('面板-景气指数'!$37:$242,MATCH('面板-总览'!$R10,'面板-景气指数'!$A$37:$A$242,0),MATCH('面板-总览'!S$2,'面板-景气指数'!$36:$36,0)) -> 0.5225 | T10: =INDEX('面板-景气指数'!$37:$242,MATCH('面板-总览'!$R10,'面板-景气指数'!$A$37:$A$242,0),MATCH('面板-总览'!T$2,'面板-景气指数'!$36:$36,0)) -> 0.43575 | U10: =INDEX('面板-景气指数'!$37:$242,MATCH('面板-总览'!$R10,'面板-景气指数'!$A$37:$A$242,0),MATCH('面板-总览'!U$2,'面板-景气指数'!$36:$36,0)) -> 0.4535 | V10: =INDEX('面板-景气指数'!$37:$242,MATCH('面板-总览'!$R10,'面板-景气指数'!$A$37:$A$242,0),MATCH('面板-总览'!V$2,'面板-景气指数'!$36:$36,0)) -> 0.55325 | W10: =INDEX('面板-景气指数'!$37:$242,MATCH('面板-总览'!$R10,'面板-景气指数'!$A$37:$A$242,0),MATCH('面板-总览'!W$2,'面板-景气指数'!$36:$36,0)) -> 0.6985 | X10: =INDEX('面板-景气指数'!$37:$242,MATCH('面板-总览'!$R10,'面板-景气指数'!$A$37:$A$242,0),MATCH('面板-总览'!X$2,'面板-景气指数'!$36:$36,0)) -> 0.71125 | Y10: =INDEX('面板-景气指数'!$37:$242,MATCH('面板-总览'!$R10,'面板-景气指数'!$A$37:$A$242,0),MATCH('面板-总览'!Y$2,'面板-景气指数'!$36:$36,0)) -> 0.678 | Z10: =INDEX('面板-景气指数'!$37:$242,MATCH('面板-总览'!$R10,'面板-景气指数'!$A$37:$A$242,0),MATCH('面板-总览'!Z$2,'面板-景气指数'!$36:$36,0)) -> 0.64275 | ... AE10: =INDEX('面板-景气指数'!$37:$242,MATCH('面板-总览'!$R10,'面板-景气指数'!$A$37:$A$242,0),MATCH('面板-总览'!AE$2,'面板-景气指数'!$36:$36,0)) -> 0.4025 | AG10: =AE10-AB10 -> -0.07675 | AI10: 钼 | AJ10: =INDEX('面板-景气指数'!$37:$242,MATCH('面板-总览'!$AI10,'面板-景气指数'!$A$37:$A$242,0),MATCH('面板-总览'!AJ$2,'面板-景气指数'!$36:$36,0)) -> 0.938 | AK10: =INDEX('面板-景气指数'!$37:$242,MATCH('面板-总览'!$AI10,'面板-景气指数'!$A$37:$A$242,0),MATCH('面板-总览'!AK$2,'面板-景气指数'!$36:$36,0)) -> 0.642 | AL10: =INDEX('面板-景气指数'!$37:$242,MATCH('面板-总览'!$AI10,'面板-景气指数'!$A$37:$A$242,0),MATCH('面板-总览'!AL$2,'面板-景气指数'!$36:$36,0)) -> 0.571 | AM10: =INDEX('面板-景气指数'!$37:$242,MATCH('面板-总览'!$AI10,'面板-景气指数'!$A$37:$A$242,0),MATCH('面板-总览'!AM$2,'面板-景气指数'!$36:$36,0)) -> 0.704 | AN10: =INDEX('面板-景气指数'!$37:$242,MATCH('面板-总览'!$AI10,'面板-景气指数'!$A$37:$A$242,0),MATCH('面板-总览'!AN$2,'面板-景气指数'!$36:$36,0)) -> 0.908 | AO10: =INDEX('面板-景气指数'!$37:$242,MATCH('面板-总览'!$AI10,'面板-景气指数'!$A$37:$A$242,0),MATCH('面板-总览'!AO$2,'面板-景气指数'!$36:$36,0)) -> 0.928 | AP10: =INDEX('面板-景气指数'!$37:$242,MATCH('面板-总览'!$AI10,'面板-景气指数'!$A$37:$A$242,0),MATCH('面板-总览'!AP$2,'面板-景气指数'!$36:$36,0)) -> 0.765 | AQ10: =INDEX('面板-景气指数'!$37:$242,MATCH('面板-总览'!$AI10,'面板-景气指数'!$A$37:$A$242,0),MATCH('面板-总览'!AQ$2,'面板-景气指数'!$36:$36,0)) -> 0.551 | ... AV10: =INDEX('面板-景气指数'!$37:$242,MATCH('面板-总览'!$AI10,'面板-景气指数'!$A$37:$A$242,0),MATCH('面板-总览'!AV$2,'面板-景气指数'!$36:$36,0)) -> 0.03 | AX10: =AV10-AS10 -> -0.082
A11: 国防军工 | B11: =INDEX('面板-景气指数'!$37:$242,MATCH('面板-总览'!$A11,'面板-景气指数'!$A$37:$A$242,0),MATCH('面板-总览'!B$2,'面板-景气指数'!$36:$36,0)) -> 0.35345019 | C11: =INDEX('面板-景气指数'!$37:$242,MATCH('面板-总览'!$A11,'面板-景气指数'!$A$37:$A$242,0),MATCH('面板-总览'!C$2,'面板-景气指数'!$36:$36,0)) -> 0.3205133 | D11: =INDEX('面板-景气指数'!$37:$242,MATCH('面板-总览'!$A11,'面板-景气指数'!$A$37:$A$242,0),MATCH('面板-总览'!D$2,'面板-景气指数'!$36:$36,0)) -> 0.31676427 | E11: =INDEX('面板-景气指数'!$37:$242,MATCH('面板-总览'!$A11,'面板-景气指数'!$A$37:$A$242,0),MATCH('面板-总览'!E$2,'面板-景气指数'!$36:$36,0)) -> 0.29040137 | F11: =INDEX('面板-景气指数'!$37:$242,MATCH('面板-总览'!$A11,'面板-景气指数'!$A$37:$A$242,0),MATCH('面板-总览'!F$2,'面板-景气指数'!$36:$36,0)) -> 0.28238223 | G11: =INDEX('面板-景气指数'!$37:$242,MATCH('面板-总览'!$A11,'面板-景气指数'!$A$37:$A$242,0),MATCH('面板-总览'!G$2,'面板-景气指数'!$36:$36,0)) -> 0.28142789 | H11: =INDEX('面板-景气指数'!$37:$242,MATCH('面板-总览'!$A11,'面板-景气指数'!$A$37:$A$242,0),MATCH('面板-总览'!H$2,'面板-景气指数'!$36:$36,0)) -> 0.28988789 | I11: =INDEX('面板-景气指数'!$37:$242,MATCH('面板-总览'!$A11,'面板-景气指数'!$A$37:$A$242,0),MATCH('面板-总览'!I$2,'面板-景气指数'!$36:$36,0)) -> 0.2890373 | ... N11: =INDEX('面板-景气指数'!$37:$242,MATCH('面板-总览'!$A11,'面板-景气指数'!$A$37:$A$242,0),MATCH('面板-总览'!N$2,'面板-景气指数'!$36:$36,0)) -> 0.30929651 | P11: =N11-K11 -> -0.011003154 | R11: 能源金属 | S11: =INDEX('面板-景气指数'!$37:$242,MATCH('面板-总览'!$R11,'面板-景气指数'!$A$37:$A$242,0),MATCH('面板-总览'!S$2,'面板-景气指数'!$36:$36,0)) -> 0.248 | T11: =INDEX('面板-景气指数'!$37:$242,MATCH('面板-总览'!$R11,'面板-景气指数'!$A$37:$A$242,0),MATCH('面板-总览'!T$2,'面板-景气指数'!$36:$36,0)) -> 0.11966667 | U11: =INDEX('面板-景气指数'!$37:$242,MATCH('面板-总览'!$R11,'面板-景气指数'!$A$37:$A$242,0),MATCH('面板-总览'!U$2,'面板-景气指数'!$36:$36,0)) -> 0.14833333 | V11: =INDEX('面板-景气指数'!$37:$242,MATCH('面板-总览'!$R11,'面板-景气指数'!$A$37:$A$242,0),MATCH('面板-总览'!V$2,'面板-景气指数'!$36:$36,0)) -> 0.22033333 | W11: =INDEX('面板-景气指数'!$37:$242,MATCH('面板-总览'!$R11,'面板-景气指数'!$A$37:$A$242,0),MATCH('面板-总览'!W$2,'面板-景气指数'!$36:$36,0)) -> 0.23166667 | X11: =INDEX('面板-景气指数'!$37:$242,MATCH('面板-总览'!$R11,'面板-景气指数'!$A$37:$A$242,0),MATCH('面板-总览'!X$2,'面板-景气指数'!$36:$36,0)) -> 0.20833333 | Y11: =INDEX('面板-景气指数'!$37:$242,MATCH('面板-总览'!$R11,'面板-景气指数'!$A$37:$A$242,0),MATCH('面板-总览'!Y$2,'面板-景气指数'!$36:$36,0)) -> 0.17466667 | Z11: =INDEX('面板-景气指数'!$37:$242,MATCH('面板-总览'!$R11,'面板-景气指数'!$A$37:$A$242,0),MATCH('面板-总览'!Z$2,'面板-景气指数'!$36:$36,0)) -> 0.148 | ... AE11: =INDEX('面板-景气指数'!$37:$242,MATCH('面板-总览'!$R11,'面板-景气指数'!$A$37:$A$242,0),MATCH('面板-总览'!AE$2,'面板-景气指数'!$36:$36,0)) -> 0.17233333 | AG11: =AE11-AB11 -> 0.053333333 | AI11: 其它小金属 | AJ11: =INDEX('面板-景气指数'!$37:$242,MATCH('面板-总览'!$AI11,'面板-景气指数'!$A$37:$A$242,0),MATCH('面板-总览'!AJ$2,'面板-景气指数'!$36:$36,0)) -> 0 | AK11: =INDEX('面板-景气指数'!$37:$242,MATCH('面板-总览'!$AI11,'面板-景气指数'!$A$37:$A$242,0),MATCH('面板-总览'!AK$2,'面板-景气指数'!$36:$36,0)) -> 0.03 | AL11: =INDEX('面板-景气指数'!$37:$242,MATCH('面板-总览'!$AI11,'面板-景气指数'!$A$37:$A$242,0),MATCH('面板-总览'!AL$2,'面板-景气指数'!$36:$36,0)) -> 0.091 | AM11: =INDEX('面板-景气指数'!$37:$242,MATCH('面板-总览'!$AI11,'面板-景气指数'!$A$37:$A$242,0),MATCH('面板-总览'!AM$2,'面板-景气指数'!$36:$36,0)) -> 0.255 | AN11: =INDEX('面板-景气指数'!$37:$242,MATCH('面板-总览'!$AI11,'面板-景气指数'!$A$37:$A$242,0),MATCH('面板-总览'!AN$2,'面板-景气指数'!$36:$36,0)) -> 0.632 | AO11: =INDEX('面板-景气指数'!$37:$242,MATCH('面板-总览'!$AI11,'面板-景气指数'!$A$37:$A$242,0),MATCH('面板-总览'!AO$2,'面板-景气指数'!$36:$36,0)) -> 0.714 | AP11: =INDEX('面板-景气指数'!$37:$242,MATCH('面板-总览'!$AI11,'面板-景气指数'!$A$37:$A$242,0),MATCH('面板-总览'!AP$2,'面板-景气指数'!$36:$36,0)) -> 0.693 | AQ11: =INDEX('面板-景气指数'!$37:$242,MATCH('面板-总览'!$AI11,'面板-景气指数'!$A$37:$A$242,0),MATCH('面板-总览'!AQ$2,'面板-景气指数'!$36:$36,0)) -> 0.704 | ... AV11: =INDEX('面板-景气指数'!$37:$242,MATCH('面板-总览'!$AI11,'面板-景气指数'!$A$37:$A$242,0),MATCH('面板-总览'!AV$2,'面板-景气指数'!$36:$36,0)) -> 0.54 | AX11: =AV11-AS11 -> -0.041
A12: 农林牧渔 | B12: =INDEX('面板-景气指数'!$37:$242,MATCH('面板-总览'!$A12,'面板-景气指数'!$A$37:$A$242,0),MATCH('面板-总览'!B$2,'面板-景气指数'!$36:$36,0)) -> 0.30418053 | C12: =INDEX('面板-景气指数'!$37:$242,MATCH('面板-总览'!$A12,'面板-景气指数'!$A$37:$A$242,0),MATCH('面板-总览'!C$2,'面板-景气指数'!$36:$36,0)) -> 0.22292741 | D12: =INDEX('面板-景气指数'!$37:$242,MATCH('面板-总览'!$A12,'面板-景气指数'!$A$37:$A$242,0),MATCH('面板-总览'!D$2,'面板-景气指数'!$36:$36,0)) -> 0.18332428 | E12: =INDEX('面板-景气指数'!$37:$242,MATCH('面板-总览'!$A12,'面板-景气指数'!$A$37:$A$242,0),MATCH('面板-总览'!E$2,'面板-景气指数'!$36:$36,0)) -> 0.18107007 | F12: =INDEX('面板-景气指数'!$37:$242,MATCH('面板-总览'!$A12,'面板-景气指数'!$A$37:$A$242,0),MATCH('面板-总览'!F$2,'面板-景气指数'!$36:$36,0)) -> 0.22442499 | G12: =INDEX('面板-景气指数'!$37:$242,MATCH('面板-总览'!$A12,'面板-景气指数'!$A$37:$A$242,0),MATCH('面板-总览'!G$2,'面板-景气指数'!$36:$36,0)) -> 0.24071517 | H12: =INDEX('面板-景气指数'!$37:$242,MATCH('面板-总览'!$A12,'面板-景气指数'!$A$37:$A$242,0),MATCH('面板-总览'!H$2,'面板-景气指数'!$36:$36,0)) -> 0.20650992 | I12: =INDEX('面板-景气指数'!$37:$242,MATCH('面板-总览'!$A12,'面板-景气指数'!$A$37:$A$242,0),MATCH('面板-总览'!I$2,'面板-景气指数'!$36:$36,0)) -> 0.15384665 | ... N12: =INDEX('面板-景气指数'!$37:$242,MATCH('面板-总览'!$A12,'面板-景气指数'!$A$37:$A$242,0),MATCH('面板-总览'!N$2,'面板-景气指数'!$36:$36,0)) -> 0.11322438 | P12: =N12-K12 -> -0.022662999 | R12: 金属新材料 | S12: =INDEX('面板-景气指数'!$37:$242,MATCH('面板-总览'!$R12,'面板-景气指数'!$A$37:$A$242,0),MATCH('面板-总览'!S$2,'面板-景气指数'!$36:$36,0)) -> 0.03 | T12: =INDEX('面板-景气指数'!$37:$242,MATCH('面板-总览'!$R12,'面板-景气指数'!$A$37:$A$242,0),MATCH('面板-总览'!T$2,'面板-景气指数'!$36:$36,0)) -> 0.051 | U12: =INDEX('面板-景气指数'!$37:$242,MATCH('面板-总览'!$R12,'面板-景气指数'!$A$37:$A$242,0),MATCH('面板-总览'!U$2,'面板-景气指数'!$36:$36,0)) -> 0.091 | V12: =INDEX('面板-景气指数'!$37:$242,MATCH('面板-总览'!$R12,'面板-景气指数'!$A$37:$A$242,0),MATCH('面板-总览'!V$2,'面板-景气指数'!$36:$36,0)) -> 0.142 | W12: =INDEX('面板-景气指数'!$37:$242,MATCH('面板-总览'!$R12,'面板-景气指数'!$A$37:$A$242,0),MATCH('面板-总览'!W$2,'面板-景气指数'!$36:$36,0)) -> 0.132 | X12: =INDEX('面板-景气指数'!$37:$242,MATCH('面板-总览'!$R12,'面板-景气指数'!$A$37:$A$242,0),MATCH('面板-总览'!X$2,'面板-景气指数'!$36:$36,0)) -> 0.163 | Y12: =INDEX('面板-景气指数'!$37:$242,MATCH('面板-总览'!$R12,'面板-景气指数'!$A$37:$A$242,0),MATCH('面板-总览'!Y$2,'面板-景气指数'!$36:$36,0)) -> 0.173 | Z12: =INDEX('面板-景气指数'!$37:$242,MATCH('面板-总览'!$R12,'面板-景气指数'!$A$37:$A$242,0),MATCH('面板-总览'!Z$2,'面板-景气指数'!$36:$36,0)) -> 0.122 | ... AE12: =INDEX('面板-景气指数'!$37:$242,MATCH('面板-总览'!$R12,'面板-景气指数'!$A$37:$A$242,0),MATCH('面板-总览'!AE$2,'面板-景气指数'!$36:$36,0)) -> 0.01 | AG12: =AE12-AB12 -> -0.03 | AI12: 锂 | AJ12: =INDEX('面板-景气指数'!$37:$242,MATCH('面板-总览'!$AI12,'面板-景气指数'!$A$37:$A$242,0),MATCH('面板-总览'!AJ$2,'面板-景气指数'!$36:$36,0)) -> 0.466 | AK12: =INDEX('面板-景气指数'!$37:$242,MATCH('面板-总览'!$AI12,'面板-景气指数'!$A$37:$A$242,0),MATCH('面板-总览'!AK$2,'面板-景气指数'!$36:$36,0)) -> 0.186 | AL12: =INDEX('面板-景气指数'!$37:$242,MATCH('面板-总览'!$AI12,'面板-景气指数'!$A$37:$A$242,0),MATCH('面板-总览'!AL$2,'面板-景气指数'!$36:$36,0)) -> 0.213 | AM12: =INDEX('面板-景气指数'!$37:$242,MATCH('面板-总览'!$AI12,'面板-景气指数'!$A$37:$A$242,0),MATCH('面板-总览'!AM$2,'面板-景气指数'!$36:$36,0)) -> 0.373 | AN12: =INDEX('面板-景气指数'!$37:$242,MATCH('面板-总览'!$AI12,'面板-景气指数'!$A$37:$A$242,0),MATCH('面板-总览'!AN$2,'面板-景气指数'!$36:$36,0)) -> 0.333 | AO12: =INDEX('面板-景气指数'!$37:$242,MATCH('面板-总览'!$AI12,'面板-景气指数'!$A$37:$A$242,0),MATCH('面板-总览'!AO$2,'面板-景气指数'!$36:$36,0)) -> 0.16 | AP12: =INDEX('面板-景气指数'!$37:$242,MATCH('面板-总览'!$AI12,'面板-景气指数'!$A$37:$A$242,0),MATCH('面板-总览'!AP$2,'面板-景气指数'!$36:$36,0)) -> 0.08 | AQ12: =INDEX('面板-景气指数'!$37:$242,MATCH('面板-总览'!$AI12,'面板-景气指数'!$A$37:$A$242,0),MATCH('面板-总览'!AQ$2,'面板-景气指数'!$36:$36,0)) -> 0.066 | ... AV12: =INDEX('面板-景气指数'!$37:$242,MATCH('面板-总览'!$AI12,'面板-景气指数'!$A$37:$A$242,0),MATCH('面板-总览'!AV$2,'面板-景气指数'!$36:$36,0)) -> 0.053 | AX12: =AV12-AS12 -> 0.04
A13: 食品饮料 | B13: =INDEX('面板-景气指数'!$37:$242,MATCH('面板-总览'!$A13,'面板-景气指数'!$A$37:$A$242,0),MATCH('面板-总览'!B$2,'面板-景气指数'!$36:$36,0)) -> 0.34366576 | C13: =INDEX('面板-景气指数'!$37:$242,MATCH('面板-总览'!$A13,'面板-景气指数'!$A$37:$A$242,0),MATCH('面板-总览'!C$2,'面板-景气指数'!$36:$36,0)) -> 0.33289853 | D13: =INDEX('面板-景气指数'!$37:$242,MATCH('面板-总览'!$A13,'面板-景气指数'!$A$37:$A$242,0),MATCH('面板-总览'!D$2,'面板-景气指数'!$36:$36,0)) -> 0.32309401 | E13: =INDEX('面板-景气指数'!$37:$242,MATCH('面板-总览'!$A13,'面板-景气指数'!$A$37:$A$242,0),MATCH('面板-总览'!E$2,'面板-景气指数'!$36:$36,0)) -> 0.30963971 | F13: =INDEX('面板-景气指数'!$37:$242,MATCH('面板-总览'!$A13,'面板-景气指数'!$A$37:$A$242,0),MATCH('面板-总览'!F$2,'面板-景气指数'!$36:$36,0)) -> 0.25662555 | G13: =INDEX('面板-景气指数'!$37:$242,MATCH('面板-总览'!$A13,'面板-景气指数'!$A$37:$A$242,0),MATCH('面板-总览'!G$2,'面板-景气指数'!$36:$36,0)) -> 0.25973161 | H13: =INDEX('面板-景气指数'!$37:$242,MATCH('面板-总览'!$A13,'面板-景气指数'!$A$37:$A$242,0),MATCH('面板-总览'!H$2,'面板-景气指数'!$36:$36,0)) -> 0.27113135 | I13: =INDEX('面板-景气指数'!$37:$242,MATCH('面板-总览'!$A13,'面板-景气指数'!$A$37:$A$242,0),MATCH('面板-总览'!I$2,'面板-景气指数'!$36:$36,0)) -> 0.31715787 | ... N13: =INDEX('面板-景气指数'!$37:$242,MATCH('面板-总览'!$A13,'面板-景气指数'!$A$37:$A$242,0),MATCH('面板-总览'!N$2,'面板-景气指数'!$36:$36,0)) -> 0.36871466 | P13: =N13-K13 -> 0.012084676 | R13: 化学原料 | S13: =INDEX('面板-景气指数'!$37:$242,MATCH('面板-总览'!$R13,'面板-景气指数'!$A$37:$A$242,0),MATCH('面板-总览'!S$2,'面板-景气指数'!$36:$36,0)) -> 0.25952884 | T13: =INDEX('面板-景气指数'!$37:$242,MATCH('面板-总览'!$R13,'面板-景气指数'!$A$37:$A$242,0),MATCH('面板-总览'!T$2,'面板-景气指数'!$36:$36,0)) -> 0.21636422 | U13: =INDEX('面板-景气指数'!$37:$242,MATCH('面板-总览'!$R13,'面板-景气指数'!$A$37:$A$242,0),MATCH('面板-总览'!U$2,'面板-景气指数'!$36:$36,0)) -> 0.17959427 | V13: =INDEX('面板-景气指数'!$37:$242,MATCH('面板-总览'!$R13,'面板-景气指数'!$A$37:$A$242,0),MATCH('面板-总览'!V$2,'面板-景气指数'!$36:$36,0)) -> 0.20179675 | W13: =INDEX('面板-景气指数'!$37:$242,MATCH('面板-总览'!$R13,'面板-景气指数'!$A$37:$A$242,0),MATCH('面板-总览'!W$2,'面板-景气指数'!$36:$36,0)) -> 0.25872219 | X13: =INDEX('面板-景气指数'!$37:$242,MATCH('面板-总览'!$R13,'面板-景气指数'!$A$37:$A$242,0),MATCH('面板-总览'!X$2,'面板-景气指数'!$36:$36,0)) -> 0.36939494 | Y13: =INDEX('面板-景气指数'!$37:$242,MATCH('面板-总览'!$R13,'面板-景气指数'!$A$37:$A$242,0),MATCH('面板-总览'!Y$2,'面板-景气指数'!$36:$36,0)) -> 0.42447936 | Z13: =INDEX('面板-景气指数'!$37:$242,MATCH('面板-总览'!$R13,'面板-景气指数'!$A$37:$A$242,0),MATCH('面板-总览'!Z$2,'面板-景气指数'!$36:$36,0)) -> 0.43610154 | ... AE13: =INDEX('面板-景气指数'!$37:$242,MATCH('面板-总览'!$R13,'面板-景气指数'!$A$37:$A$242,0),MATCH('面板-总览'!AE$2,'面板-景气指数'!$36:$36,0)) -> 0.24918726 | AG13: =AE13-AB13 -> -0.070964899 | AI13: 钴 | AJ13: =INDEX('面板-景气指数'!$37:$242,MATCH('面板-总览'!$AI13,'面板-景气指数'!$A$37:$A$242,0),MATCH('面板-总览'!AJ$2,'面板-景气指数'!$36:$36,0)) -> 0.013 | AK13: =INDEX('面板-景气指数'!$37:$242,MATCH('面板-总览'!$AI13,'面板-景气指数'!$A$37:$A$242,0),MATCH('面板-总览'!AK$2,'面板-景气指数'!$36:$36,0)) -> 0 | AL13: =INDEX('面板-景气指数'!$37:$242,MATCH('面板-总览'!$AI13,'面板-景气指数'!$A$37:$A$242,0),MATCH('面板-总览'!AL$2,'面板-景气指数'!$36:$36,0)) -> 0.069 | AM13: =INDEX('面板-景气指数'!$37:$242,MATCH('面板-总览'!$AI13,'面板-景气指数'!$A$37:$A$242,0),MATCH('面板-总览'!AM$2,'面板-景气指数'!$36:$36,0)) -> 0.166 | AN13: =INDEX('面板-景气指数'!$37:$242,MATCH('面板-总览'!$AI13,'面板-景气指数'!$A$37:$A$242,0),MATCH('面板-总览'!AN$2,'面板-景气指数'!$36:$36,0)) -> 0.25 | AO13: =INDEX('面板-景气指数'!$37:$242,MATCH('面板-总览'!$AI13,'面板-景气指数'!$A$37:$A$242,0),MATCH('面板-总览'!AO$2,'面板-景气指数'!$36:$36,0)) -> 0.333 | AP13: =INDEX('面板-景气指数'!$37:$242,MATCH('面板-总览'!$AI13,'面板-景气指数'!$A$37:$A$242,0),MATCH('面板-总览'!AP$2,'面板-景气指数'!$36:$36,0)) -> 0.291 | AQ13: =INDEX('面板-景气指数'!$37:$242,MATCH('面板-总览'!$AI13,'面板-景气指数'!$A$37:$A$242,0),MATCH('面板-总览'!AQ$2,'面板-景气指数'!$36:$36,0)) -> 0.236 | ... AV13: =INDEX('面板-景气指数'!$37:$242,MATCH('面板-总览'!$AI13,'面板-景气指数'!$A$37:$A$242,0),MATCH('面板-总览'!AV$2,'面板-景气指数'!$36:$36,0)) -> 0.444 | AX13: =AV13-AS13 -> 0.181
A14: 医药生物 | B14: =INDEX('面板-景气指数'!$37:$242,MATCH('面板-总览'!$A14,'面板-景气指数'!$A$37:$A$242,0),MATCH('面板-总览'!B$2,'面板-景气指数'!$36:$36,0)) -> 0.36205903 | C14: =INDEX('面板-景气指数'!$37:$242,MATCH('面板-总览'!$A14,'面板-景气指数'!$A$37:$A$242,0),MATCH('面板-总览'!C$2,'面板-景气指数'!$36:$36,0)) -> 0.25237578 | D14: =INDEX('面板-景气指数'!$37:$242,MATCH('面板-总览'!$A14,'面板-景气指数'!$A$37:$A$242,0),MATCH('面板-总览'!D$2,'面板-景气指数'!$36:$36,0)) -> 0.24136964 | E14: =INDEX('面板-景气指数'!$37:$242,MATCH('面板-总览'!$A14,'面板-景气指数'!$A$37:$A$242,0),MATCH('面板-总览'!E$2,'面板-景气指数'!$36:$36,0)) -> 0.25172913 | F14: =INDEX('面板-景气指数'!$37:$242,MATCH('面板-总览'!$A14,'面板-景气指数'!$A$37:$A$242,0),MATCH('面板-总览'!F$2,'面板-景气指数'!$36:$36,0)) -> 0.25585745 | G14: =INDEX('面板-景气指数'!$37:$242,MATCH('面板-总览'!$A14,'面板-景气指数'!$A$37:$A$242,0),MATCH('面板-总览'!G$2,'面板-景气指数'!$36:$36,0)) -> 0.23669935 | H14: =INDEX('面板-景气指数'!$37:$242,MATCH('面板-总览'!$A14,'面板-景气指数'!$A$37:$A$242,0),MATCH('面板-总览'!H$2,'面板-景气指数'!$36:$36,0)) -> 0.22866365 | I14: =INDEX('面板-景气指数'!$37:$242,MATCH('面板-总览'!$A14,'面板-景气指数'!$A$37:$A$242,0),MATCH('面板-总览'!I$2,'面板-景气指数'!$36:$36,0)) -> 0.25212105 | ... N14: =INDEX('面板-景气指数'!$37:$242,MATCH('面板-总览'!$A14,'面板-景气指数'!$A$37:$A$242,0),MATCH('面板-总览'!N$2,'面板-景气指数'!$36:$36,0)) -> 0.22473958 | P14: =N14-K14 -> -0.017375413 | R14: 化学制品 | S14: =INDEX('面板-景气指数'!$37:$242,MATCH('面板-总览'!$R14,'面板-景气指数'!$A$37:$A$242,0),MATCH('面板-总览'!S$2,'面板-景气指数'!$36:$36,0)) -> 0.23367675 | T14: =INDEX('面板-景气指数'!$37:$242,MATCH('面板-总览'!$R14,'面板-景气指数'!$A$37:$A$242,0),MATCH('面板-总览'!T$2,'面板-景气指数'!$36:$36,0)) -> 0.18558362 | U14: =INDEX('面板-景气指数'!$37:$242,MATCH('面板-总览'!$R14,'面板-景气指数'!$A$37:$A$242,0),MATCH('面板-总览'!U$2,'面板-景气指数'!$36:$36,0)) -> 0.18543823 | V14: =INDEX('面板-景气指数'!$37:$242,MATCH('面板-总览'!$R14,'面板-景气指数'!$A$37:$A$242,0),MATCH('面板-总览'!V$2,'面板-景气指数'!$36:$36,0)) -> 0.24248097 | W14: =INDEX('面板-景气指数'!$37:$242,MATCH('面板-总览'!$R14,'面板-景气指数'!$A$37:$A$242,0),MATCH('面板-总览'!W$2,'面板-景气指数'!$36:$36,0)) -> 0.33991038 | X14: =INDEX('面板-景气指数'!$37:$242,MATCH('面板-总览'!$R14,'面板-景气指数'!$A$37:$A$242,0),MATCH('面板-总览'!X$2,'面板-景气指数'!$36:$36,0)) -> 0.48679031 | Y14: =INDEX('面板-景气指数'!$37:$242,MATCH('面板-总览'!$R14,'面板-景气指数'!$A$37:$A$242,0),MATCH('面板-总览'!Y$2,'面板-景气指数'!$36:$36,0)) -> 0.47078158 | Z14: =INDEX('面板-景气指数'!$37:$242,MATCH('面板-总览'!$R14,'面板-景气指数'!$A$37:$A$242,0),MATCH('面板-总览'!Z$2,'面板-景气指数'!$36:$36,0)) -> 0.46987481 | ... AE14: =INDEX('面板-景气指数'!$37:$242,MATCH('面板-总览'!$R14,'面板-景气指数'!$A$37:$A$242,0),MATCH('面板-总览'!AE$2,'面板-景气指数'!$36:$36,0)) -> 0.41705216 | AG14: =AE14-AB14 -> -0.037973722 | AI14: 镍 | AJ14: =INDEX('面板-景气指数'!$37:$242,MATCH('面板-总览'!$AI14,'面板-景气指数'!$A$37:$A$242,0),MATCH('面板-总览'!AJ$2,'面板-景气指数'!$36:$36,0)) -> 0.265 | AK14: =INDEX('面板-景气指数'!$37:$242,MATCH('面板-总览'!$AI14,'面板-景气指数'!$A$37:$A$242,0),MATCH('面板-总览'!AK$2,'面板-景气指数'!$36:$36,0)) -> 0.173 | AL14: =INDEX('面板-景气指数'!$37:$242,MATCH('面板-总览'!$AI14,'面板-景气指数'!$A$37:$A$242,0),MATCH('面板-总览'!AL$2,'面板-景气指数'!$36:$36,0)) -> 0.163 | AM14: =INDEX('面板-景气指数'!$37:$242,MATCH('面板-总览'!$AI14,'面板-景气指数'!$A$37:$A$242,0),MATCH('面板-总览'!AM$2,'面板-景气指数'!$36:$36,0)) -> 0.122 | AN14: =INDEX('面板-景气指数'!$37:$242,MATCH('面板-总览'!$AI14,'面板-景气指数'!$A$37:$A$242,0),MATCH('面板-总览'!AN$2,'面板-景气指数'!$36:$36,0)) -> 0.112 | AO14: =INDEX('面板-景气指数'!$37:$242,MATCH('面板-总览'!$AI14,'面板-景气指数'!$A$37:$A$242,0),MATCH('面板-总览'!AO$2,'面板-景气指数'!$36:$36,0)) -> 0.132 | AP14: =INDEX('面板-景气指数'!$37:$242,MATCH('面板-总览'!$AI14,'面板-景气指数'!$A$37:$A$242,0),MATCH('面板-总览'!AP$2,'面板-景气指数'!$36:$36,0)) -> 0.153 | AQ14: =INDEX('面板-景气指数'!$37:$242,MATCH('面板-总览'!$AI14,'面板-景气指数'!$A$37:$A$242,0),MATCH('面板-总览'!AQ$2,'面板-景气指数'!$36:$36,0)) -> 0.142 | ... AV14: =INDEX('面板-景气指数'!$37:$242,MATCH('面板-总览'!$AI14,'面板-景气指数'!$A$37:$A$242,0),MATCH('面板-总览'!AV$2,'面板-景气指数'!$36:$36,0)) -> 0.02 | AX14: =AV14-AS14 -> -0.061
... A31: 交通运输 | B31: =INDEX('面板-景气指数'!$37:$242,MATCH('面板-总览'!$A31,'面板-景气指数'!$A$37:$A$242,0),MATCH('面板-总览'!B$2,'面板-景气指数'!$36:$36,0)) -> 0.41207138 | C31: =INDEX('面板-景气指数'!$37:$242,MATCH('面板-总览'!$A31,'面板-景气指数'!$A$37:$A$242,0),MATCH('面板-总览'!C$2,'面板-景气指数'!$36:$36,0)) -> 0.46042553 | D31: =INDEX('面板-景气指数'!$37:$242,MATCH('面板-总览'!$A31,'面板-景气指数'!$A$37:$A$242,0),MATCH('面板-总览'!D$2,'面板-景气指数'!$36:$36,0)) -> 0.38262417 | E31: =INDEX('面板-景气指数'!$37:$242,MATCH('面板-总览'!$A31,'面板-景气指数'!$A$37:$A$242,0),MATCH('面板-总览'!E$2,'面板-景气指数'!$36:$36,0)) -> 0.35709206 | F31: =INDEX('面板-景气指数'!$37:$242,MATCH('面板-总览'!$A31,'面板-景气指数'!$A$37:$A$242,0),MATCH('面板-总览'!F$2,'面板-景气指数'!$36:$36,0)) -> 0.35800351 | G31: =INDEX('面板-景气指数'!$37:$242,MATCH('面板-总览'!$A31,'面板-景气指数'!$A$37:$A$242,0),MATCH('面板-总览'!G$2,'面板-景气指数'!$36:$36,0)) -> 0.38628423 | H31: =INDEX('面板-景气指数'!$37:$242,MATCH('面板-总览'!$A31,'面板-景气指数'!$A$37:$A$242,0),MATCH('面板-总览'!H$2,'面板-景气指数'!$36:$36,0)) -> 0.4339256 | I31: =INDEX('面板-景气指数'!$37:$242,MATCH('面板-总览'!$A31,'面板-景气指数'!$A$37:$A$242,0),MATCH('面板-总览'!I$2,'面板-景气指数'!$36:$36,0)) -> 0.50066672 | ... N31: =INDEX('面板-景气指数'!$37:$242,MATCH('面板-总览'!$A31,'面板-景气指数'!$A$37:$A$242,0),MATCH('面板-总览'!N$2,'面板-景气指数'!$36:$36,0)) -> 0.54915539 | P31: =N31-K31 -> 0.042401346 | R31: 电池 | S31: =INDEX('面板-景气指数'!$37:$242,MATCH('面板-总览'!$R31,'面板-景气指数'!$A$37:$A$242,0),MATCH('面板-总览'!S$2,'面板-景气指数'!$36:$36,0)) -> 0.40479167 | T31: =INDEX('面板-景气指数'!$37:$242,MATCH('面板-总览'!$R31,'面板-景气指数'!$A$37:$A$242,0),MATCH('面板-总览'!T$2,'面板-景气指数'!$36:$36,0)) -> 0.386 | U31: =INDEX('面板-景气指数'!$37:$242,MATCH('面板-总览'!$R31,'面板-景气指数'!$A$37:$A$242,0),MATCH('面板-总览'!U$2,'面板-景气指数'!$36:$36,0)) -> 0.40670833 | V31: =INDEX('面板-景气指数'!$37:$242,MATCH('面板-总览'!$R31,'面板-景气指数'!$A$37:$A$242,0),MATCH('面板-总览'!V$2,'面板-景气指数'!$36:$36,0)) -> 0.34625 | W31: =INDEX('面板-景气指数'!$37:$242,MATCH('面板-总览'!$R31,'面板-景气指数'!$A$37:$A$242,0),MATCH('面板-总览'!W$2,'面板-景气指数'!$36:$36,0)) -> 0.31558333 | X31: =INDEX('面板-景气指数'!$37:$242,MATCH('面板-总览'!$R31,'面板-景气指数'!$A$37:$A$242,0),MATCH('面板-总览'!X$2,'面板-景气指数'!$36:$36,0)) -> 0.282375 | Y31: =INDEX('面板-景气指数'!$37:$242,MATCH('面板-总览'!$R31,'面板-景气指数'!$A$37:$A$242,0),MATCH('面板-总览'!Y$2,'面板-景气指数'!$36:$36,0)) -> 0.29091667 | Z31: =INDEX('面板-景气指数'!$37:$242,MATCH('面板-总览'!$R31,'面板-景气指数'!$A$37:$A$242,0),MATCH('面板-总览'!Z$2,'面板-景气指数'!$36:$36,0)) -> 0.27820833 | ... AE31: =INDEX('面板-景气指数'!$37:$242,MATCH('面板-总览'!$R31,'面板-景气指数'!$A$37:$A$242,0),MATCH('面板-总览'!AE$2,'面板-景气指数'!$36:$36,0)) -> 0.33495833 | AG31: =AE31-AB31 -> 0.036666667 | AI31: 其他化学纤维 | AJ31: =INDEX('面板-景气指数'!$37:$242,MATCH('面板-总览'!$AI31,'面板-景气指数'!$A$37:$A$242,0),MATCH('面板-总览'!AJ$2,'面板-景气指数'!$36:$36,0)) -> 0.2545 | AK31: =INDEX('面板-景气指数'!$37:$242,MATCH('面板-总览'!$AI31,'面板-景气指数'!$A$37:$A$242,0),MATCH('面板-总览'!AK$2,'面板-景气指数'!$36:$36,0)) -> 0.234 | AL31: =INDEX('面板-景气指数'!$37:$242,MATCH('面板-总览'!$AI31,'面板-景气指数'!$A$37:$A$242,0),MATCH('面板-总览'!AL$2,'面板-景气指数'!$36:$36,0)) -> 0.3105 | AM31: =INDEX('面板-景气指数'!$37:$242,MATCH('面板-总览'!$AI31,'面板-景气指数'!$A$37:$A$242,0),MATCH('面板-总览'!AM$2,'面板-景气指数'!$36:$36,0)) -> 0.3515 | AN31: =INDEX('面板-景气指数'!$37:$242,MATCH('面板-总览'!$AI31,'面板-景气指数'!$A$37:$A$242,0),MATCH('面板-总览'!AN$2,'面板-景气指数'!$36:$36,0)) -> 0.3515 | AO31: =INDEX('面板-景气指数'!$37:$242,MATCH('面板-总览'!$AI31,'面板-景气指数'!$A$37:$A$242,0),MATCH('面板-总览'!AO$2,'面板-景气指数'!$36:$36,0)) -> 0.3415 | AP31: =INDEX('面板-景气指数'!$37:$242,MATCH('面板-总览'!$AI31,'面板-景气指数'!$A$37:$A$242,0),MATCH('面板-总览'!AP$2,'面板-景气指数'!$36:$36,0)) -> 0.3055 | AQ31: =INDEX('面板-景气指数'!$37:$242,MATCH('面板-总览'!$AI31,'面板-景气指数'!$A$37:$A$242,0),MATCH('面板-总览'!AQ$2,'面板-景气指数'!$36:$36,0)) -> 0.326 | ... AV31: =INDEX('面板-景气指数'!$37:$242,MATCH('面板-总览'!$AI31,'面板-景气指数'!$A$37:$A$242,0),MATCH('面板-总览'!AV$2,'面板-景气指数'!$36:$36,0)) -> 0.2855 | AX31: =AV31-AS31 -> -0.2035
R32: 电网设备 | S32: =INDEX('面板-景气指数'!$37:$242,MATCH('面板-总览'!$R32,'面板-景气指数'!$A$37:$A$242,0),MATCH('面板-总览'!S$2,'面板-景气指数'!$36:$36,0)) -> 0.3515 | T32: =INDEX('面板-景气指数'!$37:$242,MATCH('面板-总览'!$R32,'面板-景气指数'!$A$37:$A$242,0),MATCH('面板-总览'!T$2,'面板-景气指数'!$36:$36,0)) -> 0.4025 | U32: =INDEX('面板-景气指数'!$37:$242,MATCH('面板-总览'!$R32,'面板-景气指数'!$A$37:$A$242,0),MATCH('面板-总览'!U$2,'面板-景气指数'!$36:$36,0)) -> 0.418 | V32: =INDEX('面板-景气指数'!$37:$242,MATCH('面板-总览'!$R32,'面板-景气指数'!$A$37:$A$242,0),MATCH('面板-总览'!V$2,'面板-景气指数'!$36:$36,0)) -> 0.4435 | W32: =INDEX('面板-景气指数'!$37:$242,MATCH('面板-总览'!$R32,'面板-景气指数'!$A$37:$A$242,0),MATCH('面板-总览'!W$2,'面板-景气指数'!$36:$36,0)) -> 0.4285 | X32: =INDEX('面板-景气指数'!$37:$242,MATCH('面板-总览'!$R32,'面板-景气指数'!$A$37:$A$242,0),MATCH('面板-总览'!X$2,'面板-景气指数'!$36:$36,0)) -> 0.3665 | Y32: =INDEX('面板-景气指数'!$37:$242,MATCH('面板-总览'!$R32,'面板-景气指数'!$A$37:$A$242,0),MATCH('面板-总览'!Y$2,'面板-景气指数'!$36:$36,0)) -> 0.3415 | Z32: =INDEX('面板-景气指数'!$37:$242,MATCH('面板-总览'!$R32,'面板-景气指数'!$A$37:$A$242,0),MATCH('面板-总览'!Z$2,'面板-景气指数'!$36:$36,0)) -> 0.3975 | ... AE32: =INDEX('面板-景气指数'!$37:$242,MATCH('面板-总览'!$R32,'面板-景气指数'!$A$37:$A$242,0),MATCH('面板-总览'!AE$2,'面板-景气指数'!$36:$36,0)) -> 0.6065 | AG32: =AE32-AB32 -> 0.056 | AI32: 其他塑料制品 | AJ32: =INDEX('面板-景气指数'!$37:$242,MATCH('面板-总览'!$AI32,'面板-景气指数'!$A$37:$A$242,0),MATCH('面板-总览'!AJ$2,'面板-景气指数'!$36:$36,0)) -> 0.193 | AK32: =INDEX('面板-景气指数'!$37:$242,MATCH('面板-总览'!$AI32,'面板-景气指数'!$A$37:$A$242,0),MATCH('面板-总览'!AK$2,'面板-景气指数'!$36:$36,0)) -> 0.214 | AL32: =INDEX('面板-景气指数'!$37:$242,MATCH('面板-总览'!$AI32,'面板-景气指数'!$A$37:$A$242,0),MATCH('面板-总览'!AL$2,'面板-景气指数'!$36:$36,0)) -> 0.265 | AM32: =INDEX('面板-景气指数'!$37:$242,MATCH('面板-总览'!$AI32,'面板-景气指数'!$A$37:$A$242,0),MATCH('面板-总览'!AM$2,'面板-景气指数'!$36:$36,0)) -> 0.459 | AN32: =INDEX('面板-景气指数'!$37:$242,MATCH('面板-总览'!$AI32,'面板-景气指数'!$A$37:$A$242,0),MATCH('面板-总览'!AN$2,'面板-景气指数'!$36:$36,0)) -> 0.714 | AO32: =INDEX('面板-景气指数'!$37:$242,MATCH('面板-总览'!$AI32,'面板-景气指数'!$A$37:$A$242,0),MATCH('面板-总览'!AO$2,'面板-景气指数'!$36:$36,0)) -> 0.775 | AP32: =INDEX('面板-景气指数'!$37:$242,MATCH('面板-总览'!$AI32,'面板-景气指数'!$A$37:$A$242,0),MATCH('面板-总览'!AP$2,'面板-景气指数'!$36:$36,0)) -> 0.744 | AQ32: =INDEX('面板-景气指数'!$37:$242,MATCH('面板-总览'!$AI32,'面板-景气指数'!$A$37:$A$242,0),MATCH('面板-总览'!AQ$2,'面板-景气指数'!$36:$36,0)) -> 0.663 | ... AV32: =INDEX('面板-景气指数'!$37:$242,MATCH('面板-总览'!$AI32,'面板-景气指数'!$A$37:$A$242,0),MATCH('面板-总览'!AV$2,'面板-景气指数'!$36:$36,0)) -> 0.642 | AX32: =AV32-AS32 -> -0.062
R33: 航海装备 | S33: =INDEX('面板-景气指数'!$37:$242,MATCH('面板-总览'!$R33,'面板-景气指数'!$A$37:$A$242,0),MATCH('面板-总览'!S$2,'面板-景气指数'!$36:$36,0)) -> 0.62175 | T33: =INDEX('面板-景气指数'!$37:$242,MATCH('面板-总览'!$R33,'面板-景气指数'!$A$37:$A$242,0),MATCH('面板-总览'!T$2,'面板-景气指数'!$36:$36,0)) -> 0.67325 | U33: =INDEX('面板-景气指数'!$37:$242,MATCH('面板-总览'!$R33,'面板-景气指数'!$A$37:$A$242,0),MATCH('面板-总览'!U$2,'面板-景气指数'!$36:$36,0)) -> 0.691 | V33: =INDEX('面板-景气指数'!$37:$242,MATCH('面板-总览'!$R33,'面板-景气指数'!$A$37:$A$242,0),MATCH('面板-总览'!V$2,'面板-景气指数'!$36:$36,0)) -> 0.63975 | W33: =INDEX('面板-景气指数'!$37:$242,MATCH('面板-总览'!$R33,'面板-景气指数'!$A$37:$A$242,0),MATCH('面板-总览'!W$2,'面板-景气指数'!$36:$36,0)) -> 0.645 | X33: =INDEX('面板-景气指数'!$37:$242,MATCH('面板-总览'!$R33,'面板-景气指数'!$A$37:$A$242,0),MATCH('面板-总览'!X$2,'面板-景气指数'!$36:$36,0)) -> 0.6655 | Y33: =INDEX('面板-景气指数'!$37:$242,MATCH('面板-总览'!$R33,'面板-景气指数'!$A$37:$A$242,0),MATCH('面板-总览'!Y$2,'面板-景气指数'!$36:$36,0)) -> 0.6985 | Z33: =INDEX('面板-景气指数'!$37:$242,MATCH('面板-总览'!$R33,'面板-景气指数'!$A$37:$A$242,0),MATCH('面板-总览'!Z$2,'面板-景气指数'!$36:$36,0)) -> 0.655 | ... AE33: =INDEX('面板-景气指数'!$37:$242,MATCH('面板-总览'!$R33,'面板-景气指数'!$A$37:$A$242,0),MATCH('面板-总览'!AE$2,'面板-景气指数'!$36:$36,0)) -> 0.7065 | AG33: =AE33-AB33 -> 0.02075 | AI33: 改性塑料 | AJ33: =INDEX('面板-景气指数'!$37:$242,MATCH('面板-总览'!$AI33,'面板-景气指数'!$A$37:$A$242,0),MATCH('面板-总览'!AJ$2,'面板-景气指数'!$36:$36,0)) -> 0.17075 | AK33: =INDEX('面板-景气指数'!$37:$242,MATCH('面板-总览'!$AI33,'面板-景气指数'!$A$37:$A$242,0),MATCH('面板-总览'!AK$2,'面板-景气指数'!$36:$36,0)) -> 0.165 | AL33: =INDEX('面板-景气指数'!$37:$242,MATCH('面板-总览'!$AI33,'面板-景气指数'!$A$37:$A$242,0),MATCH('面板-总览'!AL$2,'面板-景气指数'!$36:$36,0)) -> 0.1985 | AM33: =INDEX('面板-景气指数'!$37:$242,MATCH('面板-总览'!$AI33,'面板-景气指数'!$A$37:$A$242,0),MATCH('面板-总览'!AM$2,'面板-景气指数'!$36:$36,0)) -> 0.2625 | AN33: =INDEX('面板-景气指数'!$37:$242,MATCH('面板-总览'!$AI33,'面板-景气指数'!$A$37:$A$242,0),MATCH('面板-总览'!AN$2,'面板-景气指数'!$36:$36,0)) -> 0.3435 | AO33: =INDEX('面板-景气指数'!$37:$242,MATCH('面板-总览'!$AI33,'面板-景气指数'!$A$37:$A$242,0),MATCH('面板-总览'!AO$2,'面板-景气指数'!$36:$36,0)) -> 0.34375 | AP33: =INDEX('面板-景气指数'!$37:$242,MATCH('面板-总览'!$AI33,'面板-景气指数'!$A$37:$A$242,0),MATCH('面板-总览'!AP$2,'面板-景气指数'!$36:$36,0)) -> 0.40225 | AQ33: =INDEX('面板-景气指数'!$37:$242,MATCH('面板-总览'!$AI33,'面板-景气指数'!$A$37:$A$242,0),MATCH('面板-总览'!AQ$2,'面板-景气指数'!$36:$36,0)) -> 0.41775 | ... AV33: =INDEX('面板-景气指数'!$37:$242,MATCH('面板-总览'!$AI33,'面板-景气指数'!$A$37:$A$242,0),MATCH('面板-总览'!AV$2,'面板-景气指数'!$36:$36,0)) -> 0.54075 | AX33: =AV33-AS33 -> 0.031
R34: 航空装备 | S34: =INDEX('面板-景气指数'!$37:$242,MATCH('面板-总览'!$R34,'面板-景气指数'!$A$37:$A$242,0),MATCH('面板-总览'!S$2,'面板-景气指数'!$36:$36,0)) -> 0.2545 | T34: =INDEX('面板-景气指数'!$37:$242,MATCH('面板-总览'!$R34,'面板-景气指数'!$A$37:$A$242,0),MATCH('面板-总览'!T$2,'面板-景气指数'!$36:$36,0)) -> 0.158 | U34: =INDEX('面板-景气指数'!$37:$242,MATCH('面板-总览'!$R34,'面板-景气指数'!$A$37:$A$242,0),MATCH('面板-总览'!U$2,'面板-景气指数'!$36:$36,0)) -> 0.132 | V34: =INDEX('面板-景气指数'!$37:$242,MATCH('面板-总览'!$R34,'面板-景气指数'!$A$37:$A$242,0),MATCH('面板-总览'!V$2,'面板-景气指数'!$36:$36,0)) -> 0.107 | W34: =INDEX('面板-景气指数'!$37:$242,MATCH('面板-总览'!$R34,'面板-景气指数'!$A$37:$A$242,0),MATCH('面板-总览'!W$2,'面板-景气指数'!$36:$36,0)) -> 0.071 | X34: =INDEX('面板-景气指数'!$37:$242,MATCH('面板-总览'!$R34,'面板-景气指数'!$A$37:$A$242,0),MATCH('面板-总览'!X$2,'面板-景气指数'!$36:$36,0)) -> 0.03 | Y34: =INDEX('面板-景气指数'!$37:$242,MATCH('面板-总览'!$R34,'面板-景气指数'!$A$37:$A$242,0),MATCH('面板-总览'!Y$2,'面板-景气指数'!$36:$36,0)) -> 0.015 | Z34: =INDEX('面板-景气指数'!$37:$242,MATCH('面板-总览'!$R34,'面板-景气指数'!$A$37:$A$242,0),MATCH('面板-总览'!Z$2,'面板-景气指数'!$36:$36,0)) -> 0.0405 | ... AE34: =INDEX('面板-景气指数'!$37:$242,MATCH('面板-总览'!$R34,'面板-景气指数'!$A$37:$A$242,0),MATCH('面板-总览'!AE$2,'面板-景气指数'!$36:$36,0)) -> 0.071 | AG34: =AE34-AB34 -> 0.051 | AI34: 合成树脂 | AJ34: =INDEX('面板-景气指数'!$37:$242,MATCH('面板-总览'!$AI34,'面板-景气指数'!$A$37:$A$242,0),MATCH('面板-总览'!AJ$2,'面板-景气指数'!$36:$36,0)) -> 0.367 | AK34: =INDEX('面板-景气指数'!$37:$242,MATCH('面板-总览'!$AI34,'面板-景气指数'!$A$37:$A$242,0),MATCH('面板-总览'!AK$2,'面板-景气指数'!$36:$36,0)) -> 0.387 | AL34: =INDEX('面板-景气指数'!$37:$242,MATCH('面板-总览'!$AI34,'面板-景气指数'!$A$37:$A$242,0),MATCH('面板-总览'!AL$2,'面板-景气指数'!$36:$36,0)) -> 0.418 | AM34: =INDEX('面板-景气指数'!$37:$242,MATCH('面板-总览'!$AI34,'面板-景气指数'!$A$37:$A$242,0),MATCH('面板-总览'!AM$2,'面板-景气指数'!$36:$36,0)) -> 0.479 | AN34: =INDEX('面板-景气指数'!$37:$242,MATCH('面板-总览'!$AI34,'面板-景气指数'!$A$37:$A$242,0),MATCH('面板-总览'!AN$2,'面板-景气指数'!$36:$36,0)) -> 0.52 | AO34: =INDEX('面板-景气指数'!$37:$242,MATCH('面板-总览'!$AI34,'面板-景气指数'!$A$37:$A$242,0),MATCH('面板-总览'!AO$2,'面板-景气指数'!$36:$36,0)) -> 0.54 | AP34: =INDEX('面板-景气指数'!$37:$242,MATCH('面板-总览'!$AI34,'面板-景气指数'!$A$37:$A$242,0),MATCH('面板-总览'!AP$2,'面板-景气指数'!$36:$36,0)) -> 0.551 | AQ34: =INDEX('面板-景气指数'!$37:$242,MATCH('面板-总览'!$AI34,'面板-景气指数'!$A$37:$A$242,0),MATCH('面板-总览'!AQ$2,'面板-景气指数'!$36:$36,0)) -> 0.571 | ... AV34: =INDEX('面板-景气指数'!$37:$242,MATCH('面板-总览'!$AI34,'面板-景气指数'!$A$37:$A$242,0),MATCH('面板-总览'!AV$2,'面板-景气指数'!$36:$36,0)) -> 0.602 | AX34: =AV34-AS34 -> -0.02
R35: 军工电子 | S35: =INDEX('面板-景气指数'!$37:$242,MATCH('面板-总览'!$R35,'面板-景气指数'!$A$37:$A$242,0),MATCH('面板-总览'!S$2,'面板-景气指数'!$36:$36,0)) -> 0.142 | T35: =INDEX('面板-景气指数'!$37:$242,MATCH('面板-总览'!$R35,'面板-景气指数'!$A$37:$A$242,0),MATCH('面板-总览'!T$2,'面板-景气指数'!$36:$36,0)) -> 0.112 | U35: =INDEX('面板-景气指数'!$37:$242,MATCH('面板-总览'!$R35,'面板-景气指数'!$A$37:$A$242,0),MATCH('面板-总览'!U$2,'面板-景气指数'!$36:$36,0)) -> 0.122 | V35: =INDEX('面板-景气指数'!$37:$242,MATCH('面板-总览'!$R35,'面板-景气指数'!$A$37:$A$242,0),MATCH('面板-总览'!V$2,'面板-景气指数'!$36:$36,0)) -> 0.132 | W35: =INDEX('面板-景气指数'!$37:$242,MATCH('面板-总览'!$R35,'面板-景气指数'!$A$37:$A$242,0),MATCH('面板-总览'!W$2,'面板-景气指数'!$36:$36,0)) -> 0.163 | X35: =INDEX('面板-景气指数'!$37:$242,MATCH('面板-总览'!$R35,'面板-景气指数'!$A$37:$A$242,0),MATCH('面板-总览'!X$2,'面板-景气指数'!$36:$36,0)) -> 0.214 | Y35: =INDEX('面板-景气指数'!$37:$242,MATCH('面板-总览'!$R35,'面板-景气指数'!$A$37:$A$242,0),MATCH('面板-总览'!Y$2,'面板-景气指数'!$36:$36,0)) -> 0.234 | Z35: =INDEX('面板-景气指数'!$37:$242,MATCH('面板-总览'!$R35,'面板-景气指数'!$A$37:$A$242,0),MATCH('面板-总览'!Z$2,'面板-景气指数'!$36:$36,0)) -> 0.244 | ... AE35: =INDEX('面板-景气指数'!$37:$242,MATCH('面板-总览'!$R35,'面板-景气指数'!$A$37:$A$242,0),MATCH('面板-总览'!AE$2,'面板-景气指数'!$36:$36,0)) -> 0.193 | AG35: =AE35-AB35 -> -0.194 | AI35: 膜材料 | AJ35: =INDEX('面板-景气指数'!$37:$242,MATCH('面板-总览'!$AI35,'面板-景气指数'!$A$37:$A$242,0),MATCH('面板-总览'!AJ$2,'面板-景气指数'!$36:$36,0)) -> 0.306 | AK35: =INDEX('面板-景气指数'!$37:$242,MATCH('面板-总览'!$AI35,'面板-景气指数'!$A$37:$A$242,0),MATCH('面板-总览'!AK$2,'面板-景气指数'!$36:$36,0)) -> 0.326 | AL35: =INDEX('面板-景气指数'!$37:$242,MATCH('面板-总览'!$AI35,'面板-景气指数'!$A$37:$A$242,0),MATCH('面板-总览'!AL$2,'面板-景气指数'!$36:$36,0)) -> 0.193 | AM35: =INDEX('面板-景气指数'!$37:$242,MATCH('面板-总览'!$AI35,'面板-景气指数'!$A$37:$A$242,0),MATCH('面板-总览'!AM$2,'面板-景气指数'!$36:$36,0)) -> 0.142 | AN35: =INDEX('面板-景气指数'!$37:$242,MATCH('面板-总览'!$AI35,'面板-景气指数'!$A$37:$A$242,0),MATCH('面板-总览'!AN$2,'面板-景气指数'!$36:$36,0)) -> 0.183 | AO35: =INDEX('面板-景气指数'!$37:$242,MATCH('面板-总览'!$AI35,'面板-景气指数'!$A$37:$A$242,0),MATCH('面板-总览'!AO$2,'面板-景气指数'!$36:$36,0)) -> 0.387 | AP35: =INDEX('面板-景气指数'!$37:$242,MATCH('面板-总览'!$AI35,'面板-景气指数'!$A$37:$A$242,0),MATCH('面板-总览'!AP$2,'面板-景气指数'!$36:$36,0)) -> 0.459 | AQ35: =INDEX('面板-景气指数'!$37:$242,MATCH('面板-总览'!$AI35,'面板-景气指数'!$A$37:$A$242,0),MATCH('面板-总览'!AQ$2,'面板-景气指数'!$36:$36,0)) -> 0.489 | ... AV35: =INDEX('面板-景气指数'!$37:$242,MATCH('面板-总览'!$AI35,'面板-景气指数'!$A$37:$A$242,0),MATCH('面板-总览'!AV$2,'面板-景气指数'!$36:$36,0)) -> 0.53 | AX35: =AV35-AS35 -> 0.02
R36: 半导体 | S36: =INDEX('面板-景气指数'!$37:$242,MATCH('面板-总览'!$R36,'面板-景气指数'!$A$37:$A$242,0),MATCH('面板-总览'!S$2,'面板-景气指数'!$36:$36,0)) -> 0.251 | T36: =INDEX('面板-景气指数'!$37:$242,MATCH('面板-总览'!$R36,'面板-景气指数'!$A$37:$A$242,0),MATCH('面板-总览'!T$2,'面板-景气指数'!$36:$36,0)) -> 0.22857143 | U36: =INDEX('面板-景气指数'!$37:$242,MATCH('面板-总览'!$R36,'面板-景气指数'!$A$37:$A$242,0),MATCH('面板-总览'!U$2,'面板-景气指数'!$36:$36,0)) -> 0.21971429 | V36: =INDEX('面板-景气指数'!$37:$242,MATCH('面板-总览'!$R36,'面板-景气指数'!$A$37:$A$242,0),MATCH('面板-总览'!V$2,'面板-景气指数'!$36:$36,0)) -> 0.18864286 | W36: =INDEX('面板-景气指数'!$37:$242,MATCH('面板-总览'!$R36,'面板-景气指数'!$A$37:$A$242,0),MATCH('面板-总览'!W$2,'面板-景气指数'!$36:$36,0)) -> 0.20707143 | X36: =INDEX('面板-景气指数'!$37:$242,MATCH('面板-总览'!$R36,'面板-景气指数'!$A$37:$A$242,0),MATCH('面板-总览'!X$2,'面板-景气指数'!$36:$36,0)) -> 0.22664286 | Y36: =INDEX('面板-景气指数'!$37:$242,MATCH('面板-总览'!$R36,'面板-景气指数'!$A$37:$A$242,0),MATCH('面板-总览'!Y$2,'面板-景气指数'!$36:$36,0)) -> 0.26664286 | Z36: =INDEX('面板-景气指数'!$37:$242,MATCH('面板-总览'!$R36,'面板-景气指数'!$A$37:$A$242,0),MATCH('面板-总览'!Z$2,'面板-景气指数'!$36:$36,0)) -> 0.307 | ... AE36: =INDEX('面板-景气指数'!$37:$242,MATCH('面板-总览'!$R36,'面板-景气指数'!$A$37:$A$242,0),MATCH('面板-总览'!AE$2,'面板-景气指数'!$36:$36,0)) -> 0.48635714 | AG36: =AE36-AB36 -> 0.069071429 | AI36: 其他橡胶制品 | AJ36: =INDEX('面板-景气指数'!$37:$242,MATCH('面板-总览'!$AI36,'面板-景气指数'!$A$37:$A$242,0),MATCH('面板-总览'!AJ$2,'面板-景气指数'!$36:$36,0)) -> 0.265 | AK36: =INDEX('面板-景气指数'!$37:$242,MATCH('面板-总览'!$AI36,'面板-景气指数'!$A$37:$A$242,0),MATCH('面板-总览'!AK$2,'面板-景气指数'!$36:$36,0)) -> 0.244 | AL36: =INDEX('面板-景气指数'!$37:$242,MATCH('面板-总览'!$AI36,'面板-景气指数'!$A$37:$A$242,0),MATCH('面板-总览'!AL$2,'面板-景气指数'!$36:$36,0)) -> 0.326 | AM36: =INDEX('面板-景气指数'!$37:$242,MATCH('面板-总览'!$AI36,'面板-景气指数'!$A$37:$A$242,0),MATCH('面板-总览'!AM$2,'面板-景气指数'!$36:$36,0)) -> 0.397 | AN36: =INDEX('面板-景气指数'!$37:$242,MATCH('面板-总览'!$AI36,'面板-景气指数'!$A$37:$A$242,0),MATCH('面板-总览'!AN$2,'面板-景气指数'!$36:$36,0)) -> 0.459 | AO36: =INDEX('面板-景气指数'!$37:$242,MATCH('面板-总览'!$AI36,'面板-景气指数'!$A$37:$A$242,0),MATCH('面板-总览'!AO$2,'面板-景气指数'!$36:$36,0)) -> 0.551 | AP36: =INDEX('面板-景气指数'!$37:$242,MATCH('面板-总览'!$AI36,'面板-景气指数'!$A$37:$A$242,0),MATCH('面板-总览'!AP$2,'面板-景气指数'!$36:$36,0)) -> 0.693 | AQ36: =INDEX('面板-景气指数'!$37:$242,MATCH('面板-总览'!$AI36,'面板-景气指数'!$A$37:$A$242,0),MATCH('面板-总览'!AQ$2,'面板-景气指数'!$36:$36,0)) -> 0.724 | ... AV36: =INDEX('面板-景气指数'!$37:$242,MATCH('面板-总览'!$AI36,'面板-景气指数'!$A$37:$A$242,0),MATCH('面板-总览'!AV$2,'面板-景气指数'!$36:$36,0)) -> 0.785 | AX36: =AV36-AS36 -> 0.214
R37: 元件 | S37: =INDEX('面板-景气指数'!$37:$242,MATCH('面板-总览'!$R37,'面板-景气指数'!$A$37:$A$242,0),MATCH('面板-总览'!S$2,'面板-景气指数'!$36:$36,0)) -> 0.10175 | T37: =INDEX('面板-景气指数'!$37:$242,MATCH('面板-总览'!$R37,'面板-景气指数'!$A$37:$A$242,0),MATCH('面板-总览'!T$2,'面板-景气指数'!$36:$36,0)) -> 0.0605 | U37: =INDEX('面板-景气指数'!$37:$242,MATCH('面板-总览'!$R37,'面板-景气指数'!$A$37:$A$242,0),MATCH('面板-总览'!U$2,'面板-景气指数'!$36:$36,0)) -> 0.061 | V37: =INDEX('面板-景气指数'!$37:$242,MATCH('面板-总览'!$R37,'面板-景气指数'!$A$37:$A$242,0),MATCH('面板-总览'!V$2,'面板-景气指数'!$36:$36,0)) -> 0.061 | W37: =INDEX('面板-景气指数'!$37:$242,MATCH('面板-总览'!$R37,'面板-景气指数'!$A$37:$A$242,0),MATCH('面板-总览'!W$2,'面板-景气指数'!$36:$36,0)) -> 0.07625 | X37: =INDEX('面板-景气指数'!$37:$242,MATCH('面板-总览'!$R37,'面板-景气指数'!$A$37:$A$242,0),MATCH('面板-总览'!X$2,'面板-景气指数'!$36:$36,0)) -> 0.09375 | Y37: =INDEX('面板-景气指数'!$37:$242,MATCH('面板-总览'!$R37,'面板-景气指数'!$A$37:$A$242,0),MATCH('面板-总览'!Y$2,'面板-景气指数'!$36:$36,0)) -> 0.11425 | Z37: =INDEX('面板-景气指数'!$37:$242,MATCH('面板-总览'!$R37,'面板-景气指数'!$A$37:$A$242,0),MATCH('面板-总览'!Z$2,'面板-景气指数'!$36:$36,0)) -> 0.13975 | ... AE37: =INDEX('面板-景气指数'!$37:$242,MATCH('面板-总览'!$R37,'面板-景气指数'!$A$37:$A$242,0),MATCH('面板-总览'!AE$2,'面板-景气指数'!$36:$36,0)) -> 0.283 | AG37: =AE37-AB37 -> 0.1305 | AI37: 炭黑 | AJ37: =INDEX('面板-景气指数'!$37:$242,MATCH('面板-总览'!$AI37,'面板-景气指数'!$A$37:$A$242,0),MATCH('面板-总览'!AJ$2,'面板-景气指数'!$36:$36,0)) -> 0.959 | AK37: =INDEX('面板-景气指数'!$37:$242,MATCH('面板-总览'!$AI37,'面板-景气指数'!$A$37:$A$242,0),MATCH('面板-总览'!AK$2,'面板-景气指数'!$36:$36,0)) -> 0.969 | AL37: =INDEX('面板-景气指数'!$37:$242,MATCH('面板-总览'!$AI37,'面板-景气指数'!$A$37:$A$242,0),MATCH('面板-总览'!AL$2,'面板-景气指数'!$36:$36,0)) -> 0.948 | AM37: =INDEX('面板-景气指数'!$37:$242,MATCH('面板-总览'!$AI37,'面板-景气指数'!$A$37:$A$242,0),MATCH('面板-总览'!AM$2,'面板-景气指数'!$36:$36,0)) -> 0.775 | AN37: =INDEX('面板-景气指数'!$37:$242,MATCH('面板-总览'!$AI37,'面板-景气指数'!$A$37:$A$242,0),MATCH('面板-总览'!AN$2,'面板-景气指数'!$36:$36,0)) -> 0.857 | AO37: =INDEX('面板-景气指数'!$37:$242,MATCH('面板-总览'!$AI37,'面板-景气指数'!$A$37:$A$242,0),MATCH('面板-总览'!AO$2,'面板-景气指数'!$36:$36,0)) -> 0.938 | AP37: =INDEX('面板-景气指数'!$37:$242,MATCH('面板-总览'!$AI37,'面板-景气指数'!$A$37:$A$242,0),MATCH('面板-总览'!AP$2,'面板-景气指数'!$36:$36,0)) -> 1 | AQ37: =INDEX('面板-景气指数'!$37:$242,MATCH('面板-总览'!$AI37,'面板-景气指数'!$A$37:$A$242,0),MATCH('面板-总览'!AQ$2,'面板-景气指数'!$36:$36,0)) -> 0.979 | ... AV37: =INDEX('面板-景气指数'!$37:$242,MATCH('面板-总览'!$AI37,'面板-景气指数'!$A$37:$A$242,0),MATCH('面板-总览'!AV$2,'面板-景气指数'!$36:$36,0)) -> 0.816 | AX37: =AV37-AS37 -> -0.092
R38: 光学光电子 | S38: =INDEX('面板-景气指数'!$37:$242,MATCH('面板-总览'!$R38,'面板-景气指数'!$A$37:$A$242,0),MATCH('面板-总览'!S$2,'面板-景气指数'!$36:$36,0)) -> 0.138 | T38: =INDEX('面板-景气指数'!$37:$242,MATCH('面板-总览'!$R38,'面板-景气指数'!$A$37:$A$242,0),MATCH('面板-总览'!T$2,'面板-景气指数'!$36:$36,0)) -> 0.1856 | U38: =INDEX('面板-景气指数'!$37:$242,MATCH('面板-总览'!$R38,'面板-景气指数'!$A$37:$A$242,0),MATCH('面板-总览'!U$2,'面板-景气指数'!$36:$36,0)) -> 0.2719 | V38: =INDEX('面板-景气指数'!$37:$242,MATCH('面板-总览'!$R38,'面板-景气指数'!$A$37:$A$242,0),MATCH('面板-总览'!V$2,'面板-景气指数'!$36:$36,0)) -> 0.3332 | W38: =INDEX('面板-景气指数'!$37:$242,MATCH('面板-总览'!$R38,'面板-景气指数'!$A$37:$A$242,0),MATCH('面板-总览'!W$2,'面板-景气指数'!$36:$36,0)) -> 0.4437 | X38: =INDEX('面板-景气指数'!$37:$242,MATCH('面板-总览'!$R38,'面板-景气指数'!$A$37:$A$242,0),MATCH('面板-总览'!X$2,'面板-景气指数'!$36:$36,0)) -> 0.509 | Y38: =INDEX('面板-景气指数'!$37:$242,MATCH('面板-总览'!$R38,'面板-景气指数'!$A$37:$A$242,0),MATCH('面板-总览'!Y$2,'面板-景气指数'!$36:$36,0)) -> 0.5104 | Z38: =INDEX('面板-景气指数'!$37:$242,MATCH('面板-总览'!$R38,'面板-景气指数'!$A$37:$A$242,0),MATCH('面板-总览'!Z$2,'面板-景气指数'!$36:$36,0)) -> 0.484 | ... AE38: =INDEX('面板-景气指数'!$37:$242,MATCH('面板-总览'!$R38,'面板-景气指数'!$A$37:$A$242,0),MATCH('面板-总览'!AE$2,'面板-景气指数'!$36:$36,0)) -> 0.4796 | AG38: =AE38-AB38 -> 0.0345 | AI38: 氮肥 | AJ38: =INDEX('面板-景气指数'!$37:$242,MATCH('面板-总览'!$AI38,'面板-景气指数'!$A$37:$A$242,0),MATCH('面板-总览'!AJ$2,'面板-景气指数'!$36:$36,0)) -> 0.358875 | AK38: =INDEX('面板-景气指数'!$37:$242,MATCH('面板-总览'!$AI38,'面板-景气指数'!$A$37:$A$242,0),MATCH('面板-总览'!AK$2,'面板-景气指数'!$36:$36,0)) -> 0.1135 | AL38: =INDEX('面板-景气指数'!$37:$242,MATCH('面板-总览'!$AI38,'面板-景气指数'!$A$37:$A$242,0),MATCH('面板-总览'!AL$2,'面板-景气指数'!$36:$36,0)) -> 0.0625 | AM38: =INDEX('面板-景气指数'!$37:$242,MATCH('面板-总览'!$AI38,'面板-景气指数'!$A$37:$A$242,0),MATCH('面板-总览'!AM$2,'面板-景气指数'!$36:$36,0)) -> 0.193375 | AN38: =INDEX('面板-景气指数'!$37:$242,MATCH('面板-总览'!$AI38,'面板-景气指数'!$A$37:$A$242,0),MATCH('面板-总览'!AN$2,'面板-景气指数'!$36:$36,0)) -> 0.45075 | AO38: =INDEX('面板-景气指数'!$37:$242,MATCH('面板-总览'!$AI38,'面板-景气指数'!$A$37:$A$242,0),MATCH('面板-总览'!AO$2,'面板-景气指数'!$36:$36,0)) -> 0.543875 | AP38: =INDEX('面板-景气指数'!$37:$242,MATCH('面板-总览'!$AI38,'面板-景气指数'!$A$37:$A$242,0),MATCH('面板-总览'!AP$2,'面板-景气指数'!$36:$36,0)) -> 0.53 | AQ38: =INDEX('面板-景气指数'!$37:$242,MATCH('面板-总览'!$AI38,'面板-景气指数'!$A$37:$A$242,0),MATCH('面板-总览'!AQ$2,'面板-景气指数'!$36:$36,0)) -> 0.433125 | ... AV38: =INDEX('面板-景气指数'!$37:$242,MATCH('面板-总览'!$AI38,'面板-景气指数'!$A$37:$A$242,0),MATCH('面板-总览'!AV$2,'面板-景气指数'!$36:$36,0)) -> 0.137 | AX38: =AV38-AS38 -> -0.111125
R39: 消费电子 | S39: =INDEX('面板-景气指数'!$37:$242,MATCH('面板-总览'!$R39,'面板-景气指数'!$A$37:$A$242,0),MATCH('面板-总览'!S$2,'面板-景气指数'!$36:$36,0)) -> 0.26418182 | T39: =INDEX('面板-景气指数'!$37:$242,MATCH('面板-总览'!$R39,'面板-景气指数'!$A$37:$A$242,0),MATCH('面板-总览'!T$2,'面板-景气指数'!$36:$36,0)) -> 0.25536364 | U39: =INDEX('面板-景气指数'!$37:$242,MATCH('面板-总览'!$R39,'面板-景气指数'!$A$37:$A$242,0),MATCH('面板-总览'!U$2,'面板-景气指数'!$36:$36,0)) -> 0.24218182 | V39: =INDEX('面板-景气指数'!$37:$242,MATCH('面板-总览'!$R39,'面板-景气指数'!$A$37:$A$242,0),MATCH('面板-总览'!V$2,'面板-景气指数'!$36:$36,0)) -> 0.21172727 | W39: =INDEX('面板-景气指数'!$37:$242,MATCH('面板-总览'!$R39,'面板-景气指数'!$A$37:$A$242,0),MATCH('面板-总览'!W$2,'面板-景气指数'!$36:$36,0)) -> 0.17372727 | X39: =INDEX('面板-景气指数'!$37:$242,MATCH('面板-总览'!$R39,'面板-景气指数'!$A$37:$A$242,0),MATCH('面板-总览'!X$2,'面板-景气指数'!$36:$36,0)) -> 0.27563636 | Y39: =INDEX('面板-景气指数'!$37:$242,MATCH('面板-总览'!$R39,'面板-景气指数'!$A$37:$A$242,0),MATCH('面板-总览'!Y$2,'面板-景气指数'!$36:$36,0)) -> 0.28781818 | Z39: =INDEX('面板-景气指数'!$37:$242,MATCH('面板-总览'!$R39,'面板-景气指数'!$A$37:$A$242,0),MATCH('面板-总览'!Z$2,'面板-景气指数'!$36:$36,0)) -> 0.33372727 | ... AE39: =INDEX('面板-景气指数'!$37:$242,MATCH('面板-总览'!$R39,'面板-景气指数'!$A$37:$A$242,0),MATCH('面板-总览'!AE$2,'面板-景气指数'!$36:$36,0)) -> 0.60127273 | AG39: =AE39-AB39 -> 0.10672727 | AI39: 磷肥及磷化工 | AJ39: =INDEX('面板-景气指数'!$37:$242,MATCH('面板-总览'!$AI39,'面板-景气指数'!$A$37:$A$242,0),MATCH('面板-总览'!AJ$2,'面板-景气指数'!$36:$36,0)) -> 0.3975 | AK39: =INDEX('面板-景气指数'!$37:$242,MATCH('面板-总览'!$AI39,'面板-景气指数'!$A$37:$A$242,0),MATCH('面板-总览'!AK$2,'面板-景气指数'!$36:$36,0)) -> 0.0355 | AL39: =INDEX('面板-景气指数'!$37:$242,MATCH('面板-总览'!$AI39,'面板-景气指数'!$A$37:$A$242,0),MATCH('面板-总览'!AL$2,'面板-景气指数'!$36:$36,0)) -> 0.01 | AM39: =INDEX('面板-景气指数'!$37:$242,MATCH('面板-总览'!$AI39,'面板-景气指数'!$A$37:$A$242,0),MATCH('面板-总览'!AM$2,'面板-景气指数'!$36:$36,0)) -> 0 | AN39: =INDEX('面板-景气指数'!$37:$242,MATCH('面板-总览'!$AI39,'面板-景气指数'!$A$37:$A$242,0),MATCH('面板-总览'!AN$2,'面板-景气指数'!$36:$36,0)) -> 0.061 | AO39: =INDEX('面板-景气指数'!$37:$242,MATCH('面板-总览'!$AI39,'面板-景气指数'!$A$37:$A$242,0),MATCH('面板-总览'!AO$2,'面板-景气指数'!$36:$36,0)) -> 0.29 | AP39: =INDEX('面板-景气指数'!$37:$242,MATCH('面板-总览'!$AI39,'面板-景气指数'!$A$37:$A$242,0),MATCH('面板-总览'!AP$2,'面板-景气指数'!$36:$36,0)) -> 0.5865 | AQ39: =INDEX('面板-景气指数'!$37:$242,MATCH('面板-总览'!$AI39,'面板-景气指数'!$A$37:$A$242,0),MATCH('面板-总览'!AQ$2,'面板-景气指数'!$36:$36,0)) -> 0.617 | ... AV39: =INDEX('面板-景气指数'!$37:$242,MATCH('面板-总览'!$AI39,'面板-景气指数'!$A$37:$A$242,0),MATCH('面板-总览'!AV$2,'面板-景气指数'!$36:$36,0)) -> 0.316 | AX39: =AV39-AS39 -> -0.3315
R40: 通信服务 | S40: =INDEX('面板-景气指数'!$37:$242,MATCH('面板-总览'!$R40,'面板-景气指数'!$A$37:$A$242,0),MATCH('面板-总览'!S$2,'面板-景气指数'!$36:$36,0)) -> 0.0175 | T40: =INDEX('面板-景气指数'!$37:$242,MATCH('面板-总览'!$R40,'面板-景气指数'!$A$37:$A$242,0),MATCH('面板-总览'!T$2,'面板-景气指数'!$36:$36,0)) -> 0.0125 | U40: =INDEX('面板-景气指数'!$37:$242,MATCH('面板-总览'!$R40,'面板-景气指数'!$A$37:$A$242,0),MATCH('面板-总览'!U$2,'面板-景气指数'!$36:$36,0)) -> 0.06075 | V40: =INDEX('面板-景气指数'!$37:$242,MATCH('面板-总览'!$R40,'面板-景气指数'!$A$37:$A$242,0),MATCH('面板-总览'!V$2,'面板-景气指数'!$36:$36,0)) -> 0.04825 | W40: =INDEX('面板-景气指数'!$37:$242,MATCH('面板-总览'!$R40,'面板-景气指数'!$A$37:$A$242,0),MATCH('面板-总览'!W$2,'面板-景气指数'!$36:$36,0)) -> 0.04275 | X40: =INDEX('面板-景气指数'!$37:$242,MATCH('面板-总览'!$R40,'面板-景气指数'!$A$37:$A$242,0),MATCH('面板-总览'!X$2,'面板-景气指数'!$36:$36,0)) -> 0.03775 | Y40: =INDEX('面板-景气指数'!$37:$242,MATCH('面板-总览'!$R40,'面板-景气指数'!$A$37:$A$242,0),MATCH('面板-总览'!Y$2,'面板-景气指数'!$36:$36,0)) -> 0.066 | Z40: =INDEX('面板-景气指数'!$37:$242,MATCH('面板-总览'!$R40,'面板-景气指数'!$A$37:$A$242,0),MATCH('面板-总览'!Z$2,'面板-景气指数'!$36:$36,0)) -> 0.076 | ... AE40: =INDEX('面板-景气指数'!$37:$242,MATCH('面板-总览'!$R40,'面板-景气指数'!$A$37:$A$242,0),MATCH('面板-总览'!AE$2,'面板-景气指数'!$36:$36,0)) -> 0.117 | AG40: =AE40-AB40 -> 0.015 | AI40: 农药 | AJ40: =INDEX('面板-景气指数'!$37:$242,MATCH('面板-总览'!$AI40,'面板-景气指数'!$A$37:$A$242,0),MATCH('面板-总览'!AJ$2,'面板-景气指数'!$36:$36,0)) -> 0.423 | AK40: =INDEX('面板-景气指数'!$37:$242,MATCH('面板-总览'!$AI40,'面板-景气指数'!$A$37:$A$242,0),MATCH('面板-总览'!AK$2,'面板-景气指数'!$36:$36,0)) -> 0.2135 | AL40: =INDEX('面板-景气指数'!$37:$242,MATCH('面板-总览'!$AI40,'面板-景气指数'!$A$37:$A$242,0),MATCH('面板-总览'!AL$2,'面板-景气指数'!$36:$36,0)) -> 0.056 | AM40: =INDEX('面板-景气指数'!$37:$242,MATCH('面板-总览'!$AI40,'面板-景气指数'!$A$37:$A$242,0),MATCH('面板-总览'!AM$2,'面板-景气指数'!$36:$36,0)) -> 0.0305 | AN40: =INDEX('面板-景气指数'!$37:$242,MATCH('面板-总览'!$AI40,'面板-景气指数'!$A$37:$A$242,0),MATCH('面板-总览'!AN$2,'面板-景气指数'!$36:$36,0)) -> 0.1525 | AO40: =INDEX('面板-景气指数'!$37:$242,MATCH('面板-总览'!$AI40,'面板-景气指数'!$A$37:$A$242,0),MATCH('面板-总览'!AO$2,'面板-景气指数'!$36:$36,0)) -> 0.1575 | AP40: =INDEX('面板-景气指数'!$37:$242,MATCH('面板-总览'!$AI40,'面板-景气指数'!$A$37:$A$242,0),MATCH('面板-总览'!AP$2,'面板-景气指数'!$36:$36,0)) -> 0.1115 | AQ40: =INDEX('面板-景气指数'!$37:$242,MATCH('面板-总览'!$AI40,'面板-景气指数'!$A$37:$A$242,0),MATCH('面板-总览'!AQ$2,'面板-景气指数'!$36:$36,0)) -> 0.051 | ... AV40: =INDEX('面板-景气指数'!$37:$242,MATCH('面板-总览'!$AI40,'面板-景气指数'!$A$37:$A$242,0),MATCH('面板-总览'!AV$2,'面板-景气指数'!$36:$36,0)) -> 0.0865 | AX40: =AV40-AS40 -> 0.041
R41: 通信设备 | S41: =INDEX('面板-景气指数'!$37:$242,MATCH('面板-总览'!$R41,'面板-景气指数'!$A$37:$A$242,0),MATCH('面板-总览'!S$2,'面板-景气指数'!$36:$36,0)) -> 0.308 | T41: =INDEX('面板-景气指数'!$37:$242,MATCH('面板-总览'!$R41,'面板-景气指数'!$A$37:$A$242,0),MATCH('面板-总览'!T$2,'面板-景气指数'!$36:$36,0)) -> 0.378 | U41: =INDEX('面板-景气指数'!$37:$242,MATCH('面板-总览'!$R41,'面板-景气指数'!$A$37:$A$242,0),MATCH('面板-总览'!U$2,'面板-景气指数'!$36:$36,0)) -> 0.40514286 | V41: =INDEX('面板-景气指数'!$37:$242,MATCH('面板-总览'!$R41,'面板-景气指数'!$A$37:$A$242,0),MATCH('面板-总览'!V$2,'面板-景气指数'!$36:$36,0)) -> 0.37442857 | W41: =INDEX('面板-景气指数'!$37:$242,MATCH('面板-总览'!$R41,'面板-景气指数'!$A$37:$A$242,0),MATCH('面板-总览'!W$2,'面板-景气指数'!$36:$36,0)) -> 0.27664286 | X41: =INDEX('面板-景气指数'!$37:$242,MATCH('面板-总览'!$R41,'面板-景气指数'!$A$37:$A$242,0),MATCH('面板-总览'!X$2,'面板-景气指数'!$36:$36,0)) -> 0.18435714 | Y41: =INDEX('面板-景气指数'!$37:$242,MATCH('面板-总览'!$R41,'面板-景气指数'!$A$37:$A$242,0),MATCH('面板-总览'!Y$2,'面板-景气指数'!$36:$36,0)) -> 0.18285714 | Z41: =INDEX('面板-景气指数'!$37:$242,MATCH('面板-总览'!$R41,'面板-景气指数'!$A$37:$A$242,0),MATCH('面板-总览'!Z$2,'面板-景气指数'!$36:$36,0)) -> 0.30071429 | ... AE41: =INDEX('面板-景气指数'!$37:$242,MATCH('面板-总览'!$R41,'面板-景气指数'!$A$37:$A$242,0),MATCH('面板-总览'!AE$2,'面板-景气指数'!$36:$36,0)) -> 0.34635714 | AG41: =AE41-AB41 -> -0.19521429 | AI41: 钾肥 | AJ41: =INDEX('面板-景气指数'!$37:$242,MATCH('面板-总览'!$AI41,'面板-景气指数'!$A$37:$A$242,0),MATCH('面板-总览'!AJ$2,'面板-景气指数'!$36:$36,0)) -> 0.081 | AK41: =INDEX('面板-景气指数'!$37:$242,MATCH('面板-总览'!$AI41,'面板-景气指数'!$A$37:$A$242,0),MATCH('面板-总览'!AK$2,'面板-景气指数'!$36:$36,0)) -> 0.04 | AL41: =INDEX('面板-景气指数'!$37:$242,MATCH('面板-总览'!$AI41,'面板-景气指数'!$A$37:$A$242,0),MATCH('面板-总览'!AL$2,'面板-景气指数'!$36:$36,0)) -> 0.02 | AM41: =INDEX('面板-景气指数'!$37:$242,MATCH('面板-总览'!$AI41,'面板-景气指数'!$A$37:$A$242,0),MATCH('面板-总览'!AM$2,'面板-景气指数'!$36:$36,0)) -> 0 | AN41: =INDEX('面板-景气指数'!$37:$242,MATCH('面板-总览'!$AI41,'面板-景气指数'!$A$37:$A$242,0),MATCH('面板-总览'!AN$2,'面板-景气指数'!$36:$36,0)) -> 0.01 | AO41: =INDEX('面板-景气指数'!$37:$242,MATCH('面板-总览'!$AI41,'面板-景气指数'!$A$37:$A$242,0),MATCH('面板-总览'!AO$2,'面板-景气指数'!$36:$36,0)) -> 0.03 | AP41: =INDEX('面板-景气指数'!$37:$242,MATCH('面板-总览'!$AI41,'面板-景气指数'!$A$37:$A$242,0),MATCH('面板-总览'!AP$2,'面板-景气指数'!$36:$36,0)) -> 0.071 | AQ41: =INDEX('面板-景气指数'!$37:$242,MATCH('面板-总览'!$AI41,'面板-景气指数'!$A$37:$A$242,0),MATCH('面板-总览'!AQ$2,'面板-景气指数'!$36:$36,0)) -> 0.102 | ... AV41: =INDEX('面板-景气指数'!$37:$242,MATCH('面板-总览'!$AI41,'面板-景气指数'!$A$37:$A$242,0),MATCH('面板-总览'!AV$2,'面板-景气指数'!$36:$36,0)) -> 0.051 | AX41: =AV41-AS41 -> -0.061
R42: 计算机设备 | S42: =INDEX('面板-景气指数'!$37:$242,MATCH('面板-总览'!$R42,'面板-景气指数'!$A$37:$A$242,0),MATCH('面板-总览'!S$2,'面板-景气指数'!$36:$36,0)) -> 0.051 | T42: =INDEX('面板-景气指数'!$37:$242,MATCH('面板-总览'!$R42,'面板-景气指数'!$A$37:$A$242,0),MATCH('面板-总览'!T$2,'面板-景气指数'!$36:$36,0)) -> 0.0739 | U42: =INDEX('面板-景气指数'!$37:$242,MATCH('面板-总览'!$R42,'面板-景气指数'!$A$37:$A$242,0),MATCH('面板-总览'!U$2,'面板-景气指数'!$36:$36,0)) -> 0.0928 | V42: =INDEX('面板-景气指数'!$37:$242,MATCH('面板-总览'!$R42,'面板-景气指数'!$A$37:$A$242,0),MATCH('面板-总览'!V$2,'面板-景气指数'!$36:$36,0)) -> 0.092 | W42: =INDEX('面板-景气指数'!$37:$242,MATCH('面板-总览'!$R42,'面板-景气指数'!$A$37:$A$242,0),MATCH('面板-总览'!W$2,'面板-景气指数'!$36:$36,0)) -> 0.1169 | X42: =INDEX('面板-景气指数'!$37:$242,MATCH('面板-总览'!$R42,'面板-景气指数'!$A$37:$A$242,0),MATCH('面板-总览'!X$2,'面板-景气指数'!$36:$36,0)) -> 0.1727 | Y42: =INDEX('面板-景气指数'!$37:$242,MATCH('面板-总览'!$R42,'面板-景气指数'!$A$37:$A$242,0),MATCH('面板-总览'!Y$2,'面板-景气指数'!$36:$36,0)) -> 0.2113 | Z42: =INDEX('面板-景气指数'!$37:$242,MATCH('面板-总览'!$R42,'面板-景气指数'!$A$37:$A$242,0),MATCH('面板-总览'!Z$2,'面板-景气指数'!$36:$36,0)) -> 0.2479 | ... AE42: =INDEX('面板-景气指数'!$37:$242,MATCH('面板-总览'!$R42,'面板-景气指数'!$A$37:$A$242,0),MATCH('面板-总览'!AE$2,'面板-景气指数'!$36:$36,0)) -> 0.8078 | AG42: =AE42-AB42 -> 0.4429 | AI42: 复合肥 | AJ42: =INDEX('面板-景气指数'!$37:$242,MATCH('面板-总览'!$AI42,'面板-景气指数'!$A$37:$A$242,0),MATCH('面板-总览'!AJ$2,'面板-景气指数'!$36:$36,0)) -> 0.346 | AK42: =INDEX('面板-景气指数'!$37:$242,MATCH('面板-总览'!$AI42,'面板-景气指数'!$A$37:$A$242,0),MATCH('面板-总览'!AK$2,'面板-景气指数'!$36:$36,0)) -> 0.132 | AL42: =INDEX('面板-景气指数'!$37:$242,MATCH('面板-总览'!$AI42,'面板-景气指数'!$A$37:$A$242,0),MATCH('面板-总览'!AL$2,'面板-景气指数'!$36:$36,0)) -> 0.061 | AM42: =INDEX('面板-景气指数'!$37:$242,MATCH('面板-总览'!$AI42,'面板-景气指数'!$A$37:$A$242,0),MATCH('面板-总览'!AM$2,'面板-景气指数'!$36:$36,0)) -> 0 | AN42: =INDEX('面板-景气指数'!$37:$242,MATCH('面板-总览'!$AI42,'面板-景气指数'!$A$37:$A$242,0),MATCH('面板-总览'!AN$2,'面板-景气指数'!$36:$36,0)) -> 0.01 | AO42: =INDEX('面板-景气指数'!$37:$242,MATCH('面板-总览'!$AI42,'面板-景气指数'!$A$37:$A$242,0),MATCH('面板-总览'!AO$2,'面板-景气指数'!$36:$36,0)) -> 0.102 | AP42: =INDEX('面板-景气指数'!$37:$242,MATCH('面板-总览'!$AI42,'面板-景气指数'!$A$37:$A$242,0),MATCH('面板-总览'!AP$2,'面板-景气指数'!$36:$36,0)) -> 0.163 | AQ42: =INDEX('面板-景气指数'!$37:$242,MATCH('面板-总览'!$AI42,'面板-景气指数'!$A$37:$A$242,0),MATCH('面板-总览'!AQ$2,'面板-景气指数'!$36:$36,0)) -> 0.214 | ... AV42: =INDEX('面板-景气指数'!$37:$242,MATCH('面板-总览'!$AI42,'面板-景气指数'!$A$37:$A$242,0),MATCH('面板-总览'!AV$2,'面板-景气指数'!$36:$36,0)) -> 0.193 | AX42: =AV42-AS42 -> -0.092
R43: 软件开发 | S43: =INDEX('面板-景气指数'!$37:$242,MATCH('面板-总览'!$R43,'面板-景气指数'!$A$37:$A$242,0),MATCH('面板-总览'!S$2,'面板-景气指数'!$36:$36,0)) -> 0.287875 | T43: =INDEX('面板-景气指数'!$37:$242,MATCH('面板-总览'!$R43,'面板-景气指数'!$A$37:$A$242,0),MATCH('面板-总览'!T$2,'面板-景气指数'!$36:$36,0)) -> 0.280625 | U43: =INDEX('面板-景气指数'!$37:$242,MATCH('面板-总览'!$R43,'面板-景气指数'!$A$37:$A$242,0),MATCH('面板-总览'!U$2,'面板-景气指数'!$36:$36,0)) -> 0.306125 | V43: =INDEX('面板-景气指数'!$37:$242,MATCH('面板-总览'!$R43,'面板-景气指数'!$A$37:$A$242,0),MATCH('面板-总览'!V$2,'面板-景气指数'!$36:$36,0)) -> 0.365125 | W43: =INDEX('面板-景气指数'!$37:$242,MATCH('面板-总览'!$R43,'面板-景气指数'!$A$37:$A$242,0),MATCH('面板-总览'!W$2,'面板-景气指数'!$36:$36,0)) -> 0.384125 | X43: =INDEX('面板-景气指数'!$37:$242,MATCH('面板-总览'!$R43,'面板-景气指数'!$A$37:$A$242,0),MATCH('面板-总览'!X$2,'面板-景气指数'!$36:$36,0)) -> 0.320375 | Y43: =INDEX('面板-景气指数'!$37:$242,MATCH('面板-总览'!$R43,'面板-景气指数'!$A$37:$A$242,0),MATCH('面板-总览'!Y$2,'面板-景气指数'!$36:$36,0)) -> 0.30625 | Z43: =INDEX('面板-景气指数'!$37:$242,MATCH('面板-总览'!$R43,'面板-景气指数'!$A$37:$A$242,0),MATCH('面板-总览'!Z$2,'面板-景气指数'!$36:$36,0)) -> 0.34275 | ... AE43: =INDEX('面板-景气指数'!$37:$242,MATCH('面板-总览'!$R43,'面板-景气指数'!$A$37:$A$242,0),MATCH('面板-总览'!AE$2,'面板-景气指数'!$36:$36,0)) -> 0.3025 | AG43: =AE43-AB43 -> -0.04225 | AI43: 机床工具 | AJ43: =INDEX('面板-景气指数'!$37:$242,MATCH('面板-总览'!$AI43,'面板-景气指数'!$A$37:$A$242,0),MATCH('面板-总览'!AJ$2,'面板-景气指数'!$36:$36,0)) -> 0.364 | AK43: =INDEX('面板-景气指数'!$37:$242,MATCH('面板-总览'!$AI43,'面板-景气指数'!$A$37:$A$242,0),MATCH('面板-总览'!AK$2,'面板-景气指数'!$36:$36,0)) -> 0.24225 | AL43: =INDEX('面板-景气指数'!$37:$242,MATCH('面板-总览'!$AI43,'面板-景气指数'!$A$37:$A$242,0),MATCH('面板-总览'!AL$2,'面板-景气指数'!$36:$36,0)) -> 0.183 | AM43: =INDEX('面板-景气指数'!$37:$242,MATCH('面板-总览'!$AI43,'面板-景气指数'!$A$37:$A$242,0),MATCH('面板-总览'!AM$2,'面板-景气指数'!$36:$36,0)) -> 0.17575 | AN43: =INDEX('面板-景气指数'!$37:$242,MATCH('面板-总览'!$AI43,'面板-景气指数'!$A$37:$A$242,0),MATCH('面板-总览'!AN$2,'面板-景气指数'!$36:$36,0)) -> 0.37675 | AO43: =INDEX('面板-景气指数'!$37:$242,MATCH('面板-总览'!$AI43,'面板-景气指数'!$A$37:$A$242,0),MATCH('面板-总览'!AO$2,'面板-景气指数'!$36:$36,0)) -> 0.45075 | AP43: =INDEX('面板-景气指数'!$37:$242,MATCH('面板-总览'!$AI43,'面板-景气指数'!$A$37:$A$242,0),MATCH('面板-总览'!AP$2,'面板-景气指数'!$36:$36,0)) -> 0.55575 | AQ43: =INDEX('面板-景气指数'!$37:$242,MATCH('面板-总览'!$AI43,'面板-景气指数'!$A$37:$A$242,0),MATCH('面板-总览'!AQ$2,'面板-景气指数'!$36:$36,0)) -> 0.70875 | ... AV43: =INDEX('面板-景气指数'!$37:$242,MATCH('面板-总览'!$AI43,'面板-景气指数'!$A$37:$A$242,0),MATCH('面板-总览'!AV$2,'面板-景气指数'!$36:$36,0)) -> 0.76725 | AX43: =AV43-AS43 -> -0.026
... R50: 互联网电商 | S50: =INDEX('面板-景气指数'!$37:$242,MATCH('面板-总览'!$R50,'面板-景气指数'!$A$37:$A$242,0),MATCH('面板-总览'!S$2,'面板-景气指数'!$36:$36,0)) -> 0.27536063 | T50: =INDEX('面板-景气指数'!$37:$242,MATCH('面板-总览'!$R50,'面板-景气指数'!$A$37:$A$242,0),MATCH('面板-总览'!T$2,'面板-景气指数'!$36:$36,0)) -> 0.40415774 | U50: =INDEX('面板-景气指数'!$37:$242,MATCH('面板-总览'!$R50,'面板-景气指数'!$A$37:$A$242,0),MATCH('面板-总览'!U$2,'面板-景气指数'!$36:$36,0)) -> 0.44377763 | V50: =INDEX('面板-景气指数'!$37:$242,MATCH('面板-总览'!$R50,'面板-景气指数'!$A$37:$A$242,0),MATCH('面板-总览'!V$2,'面板-景气指数'!$36:$36,0)) -> 0.42356206 | W50: =INDEX('面板-景气指数'!$37:$242,MATCH('面板-总览'!$R50,'面板-景气指数'!$A$37:$A$242,0),MATCH('面板-总览'!W$2,'面板-景气指数'!$36:$36,0)) -> 0.37820122 | X50: =INDEX('面板-景气指数'!$37:$242,MATCH('面板-总览'!$R50,'面板-景气指数'!$A$37:$A$242,0),MATCH('面板-总览'!X$2,'面板-景气指数'!$36:$36,0)) -> 0.38075684 | Y50: =INDEX('面板-景气指数'!$37:$242,MATCH('面板-总览'!$R50,'面板-景气指数'!$A$37:$A$242,0),MATCH('面板-总览'!Y$2,'面板-景气指数'!$36:$36,0)) -> 0.42053948 | Z50: =INDEX('面板-景气指数'!$37:$242,MATCH('面板-总览'!$R50,'面板-景气指数'!$A$37:$A$242,0),MATCH('面板-总览'!Z$2,'面板-景气指数'!$36:$36,0)) -> 0.44098081 | ... AE50: =INDEX('面板-景气指数'!$37:$242,MATCH('面板-总览'!$R50,'面板-景气指数'!$A$37:$A$242,0),MATCH('面板-总览'!AE$2,'面板-景气指数'!$36:$36,0)) -> 0.52309367 | AG50: =AE50-AB50 -> 0.089161492 | AI50: 集成电路封测 | AJ50: =INDEX('面板-景气指数'!$37:$242,MATCH('面板-总览'!$AI50,'面板-景气指数'!$A$37:$A$242,0),MATCH('面板-总览'!AJ$2,'面板-景气指数'!$36:$36,0)) -> 0.122 | AK50: =INDEX('面板-景气指数'!$37:$242,MATCH('面板-总览'!$AI50,'面板-景气指数'!$A$37:$A$242,0),MATCH('面板-总览'!AK$2,'面板-景气指数'!$36:$36,0)) -> 0.091 | AL50: =INDEX('面板-景气指数'!$37:$242,MATCH('面板-总览'!$AI50,'面板-景气指数'!$A$37:$A$242,0),MATCH('面板-总览'!AL$2,'面板-景气指数'!$36:$36,0)) -> 0.081 | AM50: =INDEX('面板-景气指数'!$37:$242,MATCH('面板-总览'!$AI50,'面板-景气指数'!$A$37:$A$242,0),MATCH('面板-总览'!AM$2,'面板-景气指数'!$36:$36,0)) -> 0.132 | AN50: =INDEX('面板-景气指数'!$37:$242,MATCH('面板-总览'!$AI50,'面板-景气指数'!$A$37:$A$242,0),MATCH('面板-总览'!AN$2,'面板-景气指数'!$36:$36,0)) -> 0.153 | AO50: =INDEX('面板-景气指数'!$37:$242,MATCH('面板-总览'!$AI50,'面板-景气指数'!$A$37:$A$242,0),MATCH('面板-总览'!AO$2,'面板-景气指数'!$36:$36,0)) -> 0.183 | AP50: =INDEX('面板-景气指数'!$37:$242,MATCH('面板-总览'!$AI50,'面板-景气指数'!$A$37:$A$242,0),MATCH('面板-总览'!AP$2,'面板-景气指数'!$36:$36,0)) -> 0.214 | AQ50: =INDEX('面板-景气指数'!$37:$242,MATCH('面板-总览'!$AI50,'面板-景气指数'!$A$37:$A$242,0),MATCH('面板-总览'!AQ$2,'面板-景气指数'!$36:$36,0)) -> 0.224 | ... AV50: =INDEX('面板-景气指数'!$37:$242,MATCH('面板-总览'!$AI50,'面板-景气指数'!$A$37:$A$242,0),MATCH('面板-总览'!AV$2,'面板-景气指数'!$36:$36,0)) -> 0.591 | AX50: =AV50-AS50 -> 0.326
AI51: 模拟芯片设计 | AJ51: =INDEX('面板-景气指数'!$37:$242,MATCH('面板-总览'!$AI51,'面板-景气指数'!$A$37:$A$242,0),MATCH('面板-总览'!AJ$2,'面板-景气指数'!$36:$36,0)) -> 0.0965 | AK51: =INDEX('面板-景气指数'!$37:$242,MATCH('面板-总览'!$AI51,'面板-景气指数'!$A$37:$A$242,0),MATCH('面板-总览'!AK$2,'面板-景气指数'!$36:$36,0)) -> 0.1015 | AL51: =INDEX('面板-景气指数'!$37:$242,MATCH('面板-总览'!$AI51,'面板-景气指数'!$A$37:$A$242,0),MATCH('面板-总览'!AL$2,'面板-景气指数'!$36:$36,0)) -> 0.122 | AM51: =INDEX('面板-景气指数'!$37:$242,MATCH('面板-总览'!$AI51,'面板-景气指数'!$A$37:$A$242,0),MATCH('面板-总览'!AM$2,'面板-景气指数'!$36:$36,0)) -> 0.1475 | AN51: =INDEX('面板-景气指数'!$37:$242,MATCH('面板-总览'!$AI51,'面板-景气指数'!$A$37:$A$242,0),MATCH('面板-总览'!AN$2,'面板-景气指数'!$36:$36,0)) -> 0.163 | AO51: =INDEX('面板-景气指数'!$37:$242,MATCH('面板-总览'!$AI51,'面板-景气指数'!$A$37:$A$242,0),MATCH('面板-总览'!AO$2,'面板-景气指数'!$36:$36,0)) -> 0.1525 | AP51: =INDEX('面板-景气指数'!$37:$242,MATCH('面板-总览'!$AI51,'面板-景气指数'!$A$37:$A$242,0),MATCH('面板-总览'!AP$2,'面板-景气指数'!$36:$36,0)) -> 0.168 | AQ51: =INDEX('面板-景气指数'!$37:$242,MATCH('面板-总览'!$AI51,'面板-景气指数'!$A$37:$A$242,0),MATCH('面板-总览'!AQ$2,'面板-景气指数'!$36:$36,0)) -> 0.234 | ... AV51: =INDEX('面板-景气指数'!$37:$242,MATCH('面板-总览'!$AI51,'面板-景气指数'!$A$37:$A$242,0),MATCH('面板-总览'!AV$2,'面板-景气指数'!$36:$36,0)) -> 0.5505 | AX51: =AV51-AS51 -> 0.1835
R52: 景气指数 | S52: 45016 | T52: 45046 | U52: 45077 | V52: 45107 | W52: 45138 | X52: 45169 | Y52: 45199 | Z52: 45230 | AA52: 45260 | AB52: 45291 | AC52: 45322 | AD52: 45351 | AE52: 45382 | AF52: 3M变化 | AI52: 分立器件 | AJ52: =INDEX('面板-景气指数'!$37:$242,MATCH('面板-总览'!$AI52,'面板-景气指数'!$A$37:$A$242,0),MATCH('面板-总览'!AJ$2,'面板-景气指数'!$36:$36,0)) -> 0.5655 | AK52: =INDEX('面板-景气指数'!$37:$242,MATCH('面板-总览'!$AI52,'面板-景气指数'!$A$37:$A$242,0),MATCH('面板-总览'!AK$2,'面板-景气指数'!$36:$36,0)) -> 0.607 | AL52: =INDEX('面板-景气指数'!$37:$242,MATCH('面板-总览'!$AI52,'面板-景气指数'!$A$37:$A$242,0),MATCH('面板-总览'!AL$2,'面板-景气指数'!$36:$36,0)) -> 0.5705 | AM52: =INDEX('面板-景气指数'!$37:$242,MATCH('面板-总览'!$AI52,'面板-景气指数'!$A$37:$A$242,0),MATCH('面板-总览'!AM$2,'面板-景气指数'!$36:$36,0)) -> 0.3055 | AN52: =INDEX('面板-景气指数'!$37:$242,MATCH('面板-总览'!$AI52,'面板-景气指数'!$A$37:$A$242,0),MATCH('面板-总览'!AN$2,'面板-景气指数'!$36:$36,0)) -> 0.326 | AO52: =INDEX('面板-景气指数'!$37:$242,MATCH('面板-总览'!$AI52,'面板-景气指数'!$A$37:$A$242,0),MATCH('面板-总览'!AO$2,'面板-景气指数'!$36:$36,0)) -> 0.3925 | AP52: =INDEX('面板-景气指数'!$37:$242,MATCH('面板-总览'!$AI52,'面板-景气指数'!$A$37:$A$242,0),MATCH('面板-总览'!AP$2,'面板-景气指数'!$36:$36,0)) -> 0.4535 | AQ52: =INDEX('面板-景气指数'!$37:$242,MATCH('面板-总览'!$AI52,'面板-景气指数'!$A$37:$A$242,0),MATCH('面板-总览'!AQ$2,'面板-景气指数'!$36:$36,0)) -> 0.367 | ... AV52: =INDEX('面板-景气指数'!$37:$242,MATCH('面板-总览'!$AI52,'面板-景气指数'!$A$37:$A$242,0),MATCH('面板-总览'!AV$2,'面板-景气指数'!$36:$36,0)) -> 0.137 | AX52: =AV52-AS52 -> -0.2455
R53: 乘用车 | S53: =INDEX('面板-景气指数'!$37:$242,MATCH('面板-总览'!$R53,'面板-景气指数'!$A$37:$A$242,0),MATCH('面板-总览'!S$2,'面板-景气指数'!$36:$36,0)) -> 0.389 | T53: =INDEX('面板-景气指数'!$37:$242,MATCH('面板-总览'!$R53,'面板-景气指数'!$A$37:$A$242,0),MATCH('面板-总览'!T$2,'面板-景气指数'!$36:$36,0)) -> 0.5405 | U53: =INDEX('面板-景气指数'!$37:$242,MATCH('面板-总览'!$R53,'面板-景气指数'!$A$37:$A$242,0),MATCH('面板-总览'!U$2,'面板-景气指数'!$36:$36,0)) -> 0.748 | V53: =INDEX('面板-景气指数'!$37:$242,MATCH('面板-总览'!$R53,'面板-景气指数'!$A$37:$A$242,0),MATCH('面板-总览'!V$2,'面板-景气指数'!$36:$36,0)) -> 0.61316667 | W53: =INDEX('面板-景气指数'!$37:$242,MATCH('面板-总览'!$R53,'面板-景气指数'!$A$37:$A$242,0),MATCH('面板-总览'!W$2,'面板-景气指数'!$36:$36,0)) -> 0.52533333 | X53: =INDEX('面板-景气指数'!$37:$242,MATCH('面板-总览'!$R53,'面板-景气指数'!$A$37:$A$242,0),MATCH('面板-总览'!X$2,'面板-景气指数'!$36:$36,0)) -> 0.486 | Y53: =INDEX('面板-景气指数'!$37:$242,MATCH('面板-总览'!$R53,'面板-景气指数'!$A$37:$A$242,0),MATCH('面板-总览'!Y$2,'面板-景气指数'!$36:$36,0)) -> 0.69366667 | Z53: =INDEX('面板-景气指数'!$37:$242,MATCH('面板-总览'!$R53,'面板-景气指数'!$A$37:$A$242,0),MATCH('面板-总览'!Z$2,'面板-景气指数'!$36:$36,0)) -> 0.828 | ... AE53: =INDEX('面板-景气指数'!$37:$242,MATCH('面板-总览'!$R53,'面板-景气指数'!$A$37:$A$242,0),MATCH('面板-总览'!AE$2,'面板-景气指数'!$36:$36,0)) -> 0.10183333 | AG53: =AE53-AB53 -> -0.80033333 | AI53: 印制电路板 | AJ53: =INDEX('面板-景气指数'!$37:$242,MATCH('面板-总览'!$AI53,'面板-景气指数'!$A$37:$A$242,0),MATCH('面板-总览'!AJ$2,'面板-景气指数'!$36:$36,0)) -> 0.081333333 | AK53: =INDEX('面板-景气指数'!$37:$242,MATCH('面板-总览'!$AI53,'面板-景气指数'!$A$37:$A$242,0),MATCH('面板-总览'!AK$2,'面板-景气指数'!$36:$36,0)) -> 0.050333333 | AL53: =INDEX('面板-景气指数'!$37:$242,MATCH('面板-总览'!$AI53,'面板-景气指数'!$A$37:$A$242,0),MATCH('面板-总览'!AL$2,'面板-景气指数'!$36:$36,0)) -> 0.047333333 | AM53: =INDEX('面板-景气指数'!$37:$242,MATCH('面板-总览'!$AI53,'面板-景气指数'!$A$37:$A$242,0),MATCH('面板-总览'!AM$2,'面板-景气指数'!$36:$36,0)) -> 0.037333333 | AN53: =INDEX('面板-景气指数'!$37:$242,MATCH('面板-总览'!$AI53,'面板-景气指数'!$A$37:$A$242,0),MATCH('面板-总览'!AN$2,'面板-景气指数'!$36:$36,0)) -> 0.033666667 | AO53: =INDEX('面板-景气指数'!$37:$242,MATCH('面板-总览'!$AI53,'面板-景气指数'!$A$37:$A$242,0),MATCH('面板-总览'!AO$2,'面板-景气指数'!$36:$36,0)) -> 0.036666667 | AP53: =INDEX('面板-景气指数'!$37:$242,MATCH('面板-总览'!$AI53,'面板-景气指数'!$A$37:$A$242,0),MATCH('面板-总览'!AP$2,'面板-景气指数'!$36:$36,0)) -> 0.054 | AQ53: =INDEX('面板-景气指数'!$37:$242,MATCH('面板-总览'!$AI53,'面板-景气指数'!$A$37:$A$242,0),MATCH('面板-总览'!AQ$2,'面板-景气指数'!$36:$36,0)) -> 0.084333333 | ... AV53: =INDEX('面板-景气指数'!$37:$242,MATCH('面板-总览'!$AI53,'面板-景气指数'!$A$37:$A$242,0),MATCH('面板-总览'!AV$2,'面板-景气指数'!$36:$36,0)) -> 0.221 | AX53: =AV53-AS53 -> 0.12633333
R54: 汽车零部件 | S54: =INDEX('面板-景气指数'!$37:$242,MATCH('面板-总览'!$R54,'面板-景气指数'!$A$37:$A$242,0),MATCH('面板-总览'!S$2,'面板-景气指数'!$36:$36,0)) -> 0.183 | T54: =INDEX('面板-景气指数'!$37:$242,MATCH('面板-总览'!$R54,'面板-景气指数'!$A$37:$A$242,0),MATCH('面板-总览'!T$2,'面板-景气指数'!$36:$36,0)) -> 0.438 | U54: =INDEX('面板-景气指数'!$37:$242,MATCH('面板-总览'!$R54,'面板-景气指数'!$A$37:$A$242,0),MATCH('面板-总览'!U$2,'面板-景气指数'!$36:$36,0)) -> 0.622 | V54: =INDEX('面板-景气指数'!$37:$242,MATCH('面板-总览'!$R54,'面板-景气指数'!$A$37:$A$242,0),MATCH('面板-总览'!V$2,'面板-景气指数'!$36:$36,0)) -> 0.448 | W54: =INDEX('面板-景气指数'!$37:$242,MATCH('面板-总览'!$R54,'面板-景气指数'!$A$37:$A$242,0),MATCH('面板-总览'!W$2,'面板-景气指数'!$36:$36,0)) -> 0.397 | X54: =INDEX('面板-景气指数'!$37:$242,MATCH('面板-总览'!$R54,'面板-景气指数'!$A$37:$A$242,0),MATCH('面板-总览'!X$2,'面板-景气指数'!$36:$36,0)) -> 0.367 | Y54: =INDEX('面板-景气指数'!$37:$242,MATCH('面板-总览'!$R54,'面板-景气指数'!$A$37:$A$242,0),MATCH('面板-总览'!Y$2,'面板-景气指数'!$36:$36,0)) -> 0.581 | Z54: =INDEX('面板-景气指数'!$37:$242,MATCH('面板-总览'!$R54,'面板-景气指数'!$A$37:$A$242,0),MATCH('面板-总览'!Z$2,'面板-景气指数'!$36:$36,0)) -> 0.765 | ... AE54: =INDEX('面板-景气指数'!$37:$242,MATCH('面板-总览'!$R54,'面板-景气指数'!$A$37:$A$242,0),MATCH('面板-总览'!AE$2,'面板-景气指数'!$36:$36,0)) -> 0.938 | AG54: =AE54-AB54 -> 0.01 | AI54: 被动元件 | AJ54: =INDEX('面板-景气指数'!$37:$242,MATCH('面板-总览'!$AI54,'面板-景气指数'!$A$37:$A$242,0),MATCH('面板-总览'!AJ$2,'面板-景气指数'!$36:$36,0)) -> 0.163 | AK54: =INDEX('面板-景气指数'!$37:$242,MATCH('面板-总览'!$AI54,'面板-景气指数'!$A$37:$A$242,0),MATCH('面板-总览'!AK$2,'面板-景气指数'!$36:$36,0)) -> 0.091 | AL54: =INDEX('面板-景气指数'!$37:$242,MATCH('面板-总览'!$AI54,'面板-景气指数'!$A$37:$A$242,0),MATCH('面板-总览'!AL$2,'面板-景气指数'!$36:$36,0)) -> 0.102 | AM54: =INDEX('面板-景气指数'!$37:$242,MATCH('面板-总览'!$AI54,'面板-景气指数'!$A$37:$A$242,0),MATCH('面板-总览'!AM$2,'面板-景气指数'!$36:$36,0)) -> 0.132 | AN54: =INDEX('面板-景气指数'!$37:$242,MATCH('面板-总览'!$AI54,'面板-景气指数'!$A$37:$A$242,0),MATCH('面板-总览'!AN$2,'面板-景气指数'!$36:$36,0)) -> 0.204 | AO54: =INDEX('面板-景气指数'!$37:$242,MATCH('面板-总览'!$AI54,'面板-景气指数'!$A$37:$A$242,0),MATCH('面板-总览'!AO$2,'面板-景气指数'!$36:$36,0)) -> 0.265 | AP54: =INDEX('面板-景气指数'!$37:$242,MATCH('面板-总览'!$AI54,'面板-景气指数'!$A$37:$A$242,0),MATCH('面板-总览'!AP$2,'面板-景气指数'!$36:$36,0)) -> 0.295 | AQ54: =INDEX('面板-景气指数'!$37:$242,MATCH('面板-总览'!$AI54,'面板-景气指数'!$A$37:$A$242,0),MATCH('面板-总览'!AQ$2,'面板-景气指数'!$36:$36,0)) -> 0.306 | ... AV54: =INDEX('面板-景气指数'!$37:$242,MATCH('面板-总览'!$AI54,'面板-景气指数'!$A$37:$A$242,0),MATCH('面板-总览'!AV$2,'面板-景气指数'!$36:$36,0)) -> 0.469 | AX54: =AV54-AS54 -> 0.143
R55: 摩托车及其他 | S55: =INDEX('面板-景气指数'!$37:$242,MATCH('面板-总览'!$R55,'面板-景气指数'!$A$37:$A$242,0),MATCH('面板-总览'!S$2,'面板-景气指数'!$36:$36,0)) -> 0.285 | T55: =INDEX('面板-景气指数'!$37:$242,MATCH('面板-总览'!$R55,'面板-景气指数'!$A$37:$A$242,0),MATCH('面板-总览'!T$2,'面板-景气指数'!$36:$36,0)) -> 0.438 | U55: =INDEX('面板-景气指数'!$37:$242,MATCH('面板-总览'!$R55,'面板-景气指数'!$A$37:$A$242,0),MATCH('面板-总览'!U$2,'面板-景气指数'!$36:$36,0)) -> 0.459 | V55: =INDEX('面板-景气指数'!$37:$242,MATCH('面板-总览'!$R55,'面板-景气指数'!$A$37:$A$242,0),MATCH('面板-总览'!V$2,'面板-景气指数'!$36:$36,0)) -> 0.336 | W55: =INDEX('面板-景气指数'!$37:$242,MATCH('面板-总览'!$R55,'面板-景气指数'!$A$37:$A$242,0),MATCH('面板-总览'!W$2,'面板-景气指数'!$36:$36,0)) -> 0.357 | X55: =INDEX('面板-景气指数'!$37:$242,MATCH('面板-总览'!$R55,'面板-景气指数'!$A$37:$A$242,0),MATCH('面板-总览'!X$2,'面板-景气指数'!$36:$36,0)) -> 0.346 | Y55: =INDEX('面板-景气指数'!$37:$242,MATCH('面板-总览'!$R55,'面板-景气指数'!$A$37:$A$242,0),MATCH('面板-总览'!Y$2,'面板-景气指数'!$36:$36,0)) -> 0.5 | Z55: =INDEX('面板-景气指数'!$37:$242,MATCH('面板-总览'!$R55,'面板-景气指数'!$A$37:$A$242,0),MATCH('面板-总览'!Z$2,'面板-景气指数'!$36:$36,0)) -> 0.52 | ... AE55: =INDEX('面板-景气指数'!$37:$242,MATCH('面板-总览'!$R55,'面板-景气指数'!$A$37:$A$242,0),MATCH('面板-总览'!AE$2,'面板-景气指数'!$36:$36,0)) -> 0.948 | AG55: =AE55-AB55 -> 0.255 | AI55: 面板 | AJ55: =INDEX('面板-景气指数'!$37:$242,MATCH('面板-总览'!$AI55,'面板-景气指数'!$A$37:$A$242,0),MATCH('面板-总览'!AJ$2,'面板-景气指数'!$36:$36,0)) -> 0.10414286 | AK55: =INDEX('面板-景气指数'!$37:$242,MATCH('面板-总览'!$AI55,'面板-景气指数'!$A$37:$A$242,0),MATCH('面板-总览'!AK$2,'面板-景气指数'!$36:$36,0)) -> 0.21142857 | AL55: =INDEX('面板-景气指数'!$37:$242,MATCH('面板-总览'!$AI55,'面板-景气指数'!$A$37:$A$242,0),MATCH('面板-总览'!AL$2,'面板-景气指数'!$36:$36,0)) -> 0.336 | AM55: =INDEX('面板-景气指数'!$37:$242,MATCH('面板-总览'!$AI55,'面板-景气指数'!$A$37:$A$242,0),MATCH('面板-总览'!AM$2,'面板-景气指数'!$36:$36,0)) -> 0.40471429 | AN55: =INDEX('面板-景气指数'!$37:$242,MATCH('面板-总览'!$AI55,'面板-景气指数'!$A$37:$A$242,0),MATCH('面板-总览'!AN$2,'面板-景气指数'!$36:$36,0)) -> 0.497 | AO55: =INDEX('面板-景气指数'!$37:$242,MATCH('面板-总览'!$AI55,'面板-景气指数'!$A$37:$A$242,0),MATCH('面板-总览'!AO$2,'面板-景气指数'!$36:$36,0)) -> 0.54371429 | AP55: =INDEX('面板-景气指数'!$37:$242,MATCH('面板-总览'!$AI55,'面板-景气指数'!$A$37:$A$242,0),MATCH('面板-总览'!AP$2,'面板-景气指数'!$36:$36,0)) -> 0.50785714 | AQ55: =INDEX('面板-景气指数'!$37:$242,MATCH('面板-总览'!$AI55,'面板-景气指数'!$A$37:$A$242,0),MATCH('面板-总览'!AQ$2,'面板-景气指数'!$36:$36,0)) -> 0.45557143 | ... AV55: =INDEX('面板-景气指数'!$37:$242,MATCH('面板-总览'!$AI55,'面板-景气指数'!$A$37:$A$242,0),MATCH('面板-总览'!AV$2,'面板-景气指数'!$36:$36,0)) -> 0.41414286 | AX55: =AV55-AS55 -> 0.028714286
R56: 商用车 | S56: =INDEX('面板-景气指数'!$37:$242,MATCH('面板-总览'!$R56,'面板-景气指数'!$A$37:$A$242,0),MATCH('面板-总览'!S$2,'面板-景气指数'!$36:$36,0)) -> 0.8615 | T56: =INDEX('面板-景气指数'!$37:$242,MATCH('面板-总览'!$R56,'面板-景气指数'!$A$37:$A$242,0),MATCH('面板-总览'!T$2,'面板-景气指数'!$36:$36,0)) -> 0.775 | U56: =INDEX('面板-景气指数'!$37:$242,MATCH('面板-总览'!$R56,'面板-景气指数'!$A$37:$A$242,0),MATCH('面板-总览'!U$2,'面板-景气指数'!$36:$36,0)) -> 0.821 | V56: =INDEX('面板-景气指数'!$37:$242,MATCH('面板-总览'!$R56,'面板-景气指数'!$A$37:$A$242,0),MATCH('面板-总览'!V$2,'面板-景气指数'!$36:$36,0)) -> 0.76 | W56: =INDEX('面板-景气指数'!$37:$242,MATCH('面板-总览'!$R56,'面板-景气指数'!$A$37:$A$242,0),MATCH('面板-总览'!W$2,'面板-景气指数'!$36:$36,0)) -> 0.709 | X56: =INDEX('面板-景气指数'!$37:$242,MATCH('面板-总览'!$R56,'面板-景气指数'!$A$37:$A$242,0),MATCH('面板-总览'!X$2,'面板-景气指数'!$36:$36,0)) -> 0.6985 | Y56: =INDEX('面板-景气指数'!$37:$242,MATCH('面板-总览'!$R56,'面板-景气指数'!$A$37:$A$242,0),MATCH('面板-总览'!Y$2,'面板-景气指数'!$36:$36,0)) -> 0.6985 | Z56: =INDEX('面板-景气指数'!$37:$242,MATCH('面板-总览'!$R56,'面板-景气指数'!$A$37:$A$242,0),MATCH('面板-总览'!Z$2,'面板-景气指数'!$36:$36,0)) -> 0.7495 | ... AE56: =INDEX('面板-景气指数'!$37:$242,MATCH('面板-总览'!$R56,'面板-景气指数'!$A$37:$A$242,0),MATCH('面板-总览'!AE$2,'面板-景气指数'!$36:$36,0)) -> 0.239 | AG56: =AE56-AB56 -> -0.6735 | AI56: LED | AJ56: =INDEX('面板-景气指数'!$37:$242,MATCH('面板-总览'!$AI56,'面板-景气指数'!$A$37:$A$242,0),MATCH('面板-总览'!AJ$2,'面板-景气指数'!$36:$36,0)) -> 0.081 | AK56: =INDEX('面板-景气指数'!$37:$242,MATCH('面板-总览'!$AI56,'面板-景气指数'!$A$37:$A$242,0),MATCH('面板-总览'!AK$2,'面板-景气指数'!$36:$36,0)) -> 0.091 | AL56: =INDEX('面板-景气指数'!$37:$242,MATCH('面板-总览'!$AI56,'面板-景气指数'!$A$37:$A$242,0),MATCH('面板-总览'!AL$2,'面板-景气指数'!$36:$36,0)) -> 0.112 | AM56: =INDEX('面板-景气指数'!$37:$242,MATCH('面板-总览'!$AI56,'面板-景气指数'!$A$37:$A$242,0),MATCH('面板-总览'!AM$2,'面板-景气指数'!$36:$36,0)) -> 0.173 | AN56: =INDEX('面板-景气指数'!$37:$242,MATCH('面板-总览'!$AI56,'面板-景气指数'!$A$37:$A$242,0),MATCH('面板-总览'!AN$2,'面板-景气指数'!$36:$36,0)) -> 0.326 | AO56: =INDEX('面板-景气指数'!$37:$242,MATCH('面板-总览'!$AI56,'面板-景气指数'!$A$37:$A$242,0),MATCH('面板-总览'!AO$2,'面板-景气指数'!$36:$36,0)) -> 0.479 | AP56: =INDEX('面板-景气指数'!$37:$242,MATCH('面板-总览'!$AI56,'面板-景气指数'!$A$37:$A$242,0),MATCH('面板-总览'!AP$2,'面板-景气指数'!$36:$36,0)) -> 0.663 | AQ56: =INDEX('面板-景气指数'!$37:$242,MATCH('面板-总览'!$AI56,'面板-景气指数'!$A$37:$A$242,0),MATCH('面板-总览'!AQ$2,'面板-景气指数'!$36:$36,0)) -> 0.632 | ... AV56: =INDEX('面板-景气指数'!$37:$242,MATCH('面板-总览'!$AI56,'面板-景气指数'!$A$37:$A$242,0),MATCH('面板-总览'!AV$2,'面板-景气指数'!$36:$36,0)) -> 0.867 | AX56: =AV56-AS56 -> 0.123
R57: 白色家电 | S57: =INDEX('面板-景气指数'!$37:$242,MATCH('面板-总览'!$R57,'面板-景气指数'!$A$37:$A$242,0),MATCH('面板-总览'!S$2,'面板-景气指数'!$36:$36,0)) -> 0.64560321 | T57: =INDEX('面板-景气指数'!$37:$242,MATCH('面板-总览'!$R57,'面板-景气指数'!$A$37:$A$242,0),MATCH('面板-总览'!T$2,'面板-景气指数'!$36:$36,0)) -> 0.60766479 | U57: =INDEX('面板-景气指数'!$37:$242,MATCH('面板-总览'!$R57,'面板-景气指数'!$A$37:$A$242,0),MATCH('面板-总览'!U$2,'面板-景气指数'!$36:$36,0)) -> 0.71907637 | V57: =INDEX('面板-景气指数'!$37:$242,MATCH('面板-总览'!$R57,'面板-景气指数'!$A$37:$A$242,0),MATCH('面板-总览'!V$2,'面板-景气指数'!$36:$36,0)) -> 0.71576548 | W57: =INDEX('面板-景气指数'!$37:$242,MATCH('面板-总览'!$R57,'面板-景气指数'!$A$37:$A$242,0),MATCH('面板-总览'!W$2,'面板-景气指数'!$36:$36,0)) -> 0.72241698 | X57: =INDEX('面板-景气指数'!$37:$242,MATCH('面板-总览'!$R57,'面板-景气指数'!$A$37:$A$242,0),MATCH('面板-总览'!X$2,'面板-景气指数'!$36:$36,0)) -> 0.65787024 | Y57: =INDEX('面板-景气指数'!$37:$242,MATCH('面板-总览'!$R57,'面板-景气指数'!$A$37:$A$242,0),MATCH('面板-总览'!Y$2,'面板-景气指数'!$36:$36,0)) -> 0.66423255 | Z57: =INDEX('面板-景气指数'!$37:$242,MATCH('面板-总览'!$R57,'面板-景气指数'!$A$37:$A$242,0),MATCH('面板-总览'!Z$2,'面板-景气指数'!$36:$36,0)) -> 0.69932635 | ... AE57: =INDEX('面板-景气指数'!$37:$242,MATCH('面板-总览'!$R57,'面板-景气指数'!$A$37:$A$242,0),MATCH('面板-总览'!AE$2,'面板-景气指数'!$36:$36,0)) -> 0.72044757 | AG57: =AE57-AB57 -> -0.059516468 | AI57: 光学元件 | AJ57: =INDEX('面板-景气指数'!$37:$242,MATCH('面板-总览'!$AI57,'面板-景气指数'!$A$37:$A$242,0),MATCH('面板-总览'!AJ$2,'面板-景气指数'!$36:$36,0)) -> 0.285 | AK57: =INDEX('面板-景气指数'!$37:$242,MATCH('面板-总览'!$AI57,'面板-景气指数'!$A$37:$A$242,0),MATCH('面板-总览'!AK$2,'面板-景气指数'!$36:$36,0)) -> 0.1425 | AL57: =INDEX('面板-景气指数'!$37:$242,MATCH('面板-总览'!$AI57,'面板-景气指数'!$A$37:$A$242,0),MATCH('面板-总览'!AL$2,'面板-景气指数'!$36:$36,0)) -> 0.1275 | AM57: =INDEX('面板-景气指数'!$37:$242,MATCH('面板-总览'!$AI57,'面板-景气指数'!$A$37:$A$242,0),MATCH('面板-总览'!AM$2,'面板-景气指数'!$36:$36,0)) -> 0.163 | AN57: =INDEX('面板-景气指数'!$37:$242,MATCH('面板-总览'!$AI57,'面板-景气指数'!$A$37:$A$242,0),MATCH('面板-总览'!AN$2,'面板-景气指数'!$36:$36,0)) -> 0.316 | AO57: =INDEX('面板-景气指数'!$37:$242,MATCH('面板-总览'!$AI57,'面板-景气指数'!$A$37:$A$242,0),MATCH('面板-总览'!AO$2,'面板-景气指数'!$36:$36,0)) -> 0.4025 | AP57: =INDEX('面板-景气指数'!$37:$242,MATCH('面板-总览'!$AI57,'面板-景气指数'!$A$37:$A$242,0),MATCH('面板-总览'!AP$2,'面板-景气指数'!$36:$36,0)) -> 0.443 | AQ57: =INDEX('面板-景气指数'!$37:$242,MATCH('面板-总览'!$AI57,'面板-景气指数'!$A$37:$A$242,0),MATCH('面板-总览'!AQ$2,'面板-景气指数'!$36:$36,0)) -> 0.5095 | ... AV57: =INDEX('面板-景气指数'!$37:$242,MATCH('面板-总览'!$AI57,'面板-景气指数'!$A$37:$A$242,0),MATCH('面板-总览'!AV$2,'面板-景气指数'!$36:$36,0)) -> 0.515 | AX57: =AV57-AS57 -> 0.0105
R58: 黑色家电 | S58: =INDEX('面板-景气指数'!$37:$242,MATCH('面板-总览'!$R58,'面板-景气指数'!$A$37:$A$242,0),MATCH('面板-总览'!S$2,'面板-景气指数'!$36:$36,0)) -> 0.402 | T58: =INDEX('面板-景气指数'!$37:$242,MATCH('面板-总览'!$R58,'面板-景气指数'!$A$37:$A$242,0),MATCH('面板-总览'!T$2,'面板-景气指数'!$36:$36,0)) -> 0.264 | U58: =INDEX('面板-景气指数'!$37:$242,MATCH('面板-总览'!$R58,'面板-景气指数'!$A$37:$A$242,0),MATCH('面板-总览'!U$2,'面板-景气指数'!$36:$36,0)) -> 0.206 | V58: =INDEX('面板-景气指数'!$37:$242,MATCH('面板-总览'!$R58,'面板-景气指数'!$A$37:$A$242,0),MATCH('面板-总览'!V$2,'面板-景气指数'!$36:$36,0)) -> 0.091 | W58: =INDEX('面板-景气指数'!$37:$242,MATCH('面板-总览'!$R58,'面板-景气指数'!$A$37:$A$242,0),MATCH('面板-总览'!W$2,'面板-景气指数'!$36:$36,0)) -> 0.045 | X58: =INDEX('面板-景气指数'!$37:$242,MATCH('面板-总览'!$R58,'面板-景气指数'!$A$37:$A$242,0),MATCH('面板-总览'!X$2,'面板-景气指数'!$36:$36,0)) -> 0.011 | Y58: =INDEX('面板-景气指数'!$37:$242,MATCH('面板-总览'!$R58,'面板-景气指数'!$A$37:$A$242,0),MATCH('面板-总览'!Y$2,'面板-景气指数'!$36:$36,0)) -> 0.057 | Z58: =INDEX('面板-景气指数'!$37:$242,MATCH('面板-总览'!$R58,'面板-景气指数'!$A$37:$A$242,0),MATCH('面板-总览'!Z$2,'面板-景气指数'!$36:$36,0)) -> 0.275 | ... AE58: =INDEX('面板-景气指数'!$37:$242,MATCH('面板-总览'!$R58,'面板-景气指数'!$A$37:$A$242,0),MATCH('面板-总览'!AE$2,'面板-景气指数'!$36:$36,0)) -> 0.655 | AG58: =AE58-AB58 -> -0.126 | AI58: 消费电子零组件 | AJ58: =INDEX('面板-景气指数'!$37:$242,MATCH('面板-总览'!$AI58,'面板-景气指数'!$A$37:$A$242,0),MATCH('面板-总览'!AJ$2,'面板-景气指数'!$36:$36,0)) -> 0.066142857 | AK58: =INDEX('面板-景气指数'!$37:$242,MATCH('面板-总览'!$AI58,'面板-景气指数'!$A$37:$A$242,0),MATCH('面板-总览'!AK$2,'面板-景气指数'!$36:$36,0)) -> 0.053 | AL58: =INDEX('面板-景气指数'!$37:$242,MATCH('面板-总览'!$AI58,'面板-景气指数'!$A$37:$A$242,0),MATCH('面板-总览'!AL$2,'面板-景气指数'!$36:$36,0)) -> 0.066 | AM58: =INDEX('面板-景气指数'!$37:$242,MATCH('面板-总览'!$AI58,'面板-景气指数'!$A$37:$A$242,0),MATCH('面板-总览'!AM$2,'面板-景气指数'!$36:$36,0)) -> 0.057428571 | AN58: =INDEX('面板-景气指数'!$37:$242,MATCH('面板-总览'!$AI58,'面板-景气指数'!$A$37:$A$242,0),MATCH('面板-总览'!AN$2,'面板-景气指数'!$36:$36,0)) -> 0.048857143 | AO58: =INDEX('面板-景气指数'!$37:$242,MATCH('面板-总览'!$AI58,'面板-景气指数'!$A$37:$A$242,0),MATCH('面板-总览'!AO$2,'面板-景气指数'!$36:$36,0)) -> 0.129 | AP58: =INDEX('面板-景气指数'!$37:$242,MATCH('面板-总览'!$AI58,'面板-景气指数'!$A$37:$A$242,0),MATCH('面板-总览'!AP$2,'面板-景气指数'!$36:$36,0)) -> 0.15557143 | AQ58: =INDEX('面板-景气指数'!$37:$242,MATCH('面板-总览'!$AI58,'面板-景气指数'!$A$37:$A$242,0),MATCH('面板-总览'!AQ$2,'面板-景气指数'!$36:$36,0)) -> 0.19928571 | ... AV58: =INDEX('面板-景气指数'!$37:$242,MATCH('面板-总览'!$AI58,'面板-景气指数'!$A$37:$A$242,0),MATCH('面板-总览'!AV$2,'面板-景气指数'!$36:$36,0)) -> 0.63242857 | AX58: =AV58-AS58 -> 0.24428571
R59: 小家电 | S59: =INDEX('面板-景气指数'!$37:$242,MATCH('面板-总览'!$R59,'面板-景气指数'!$A$37:$A$242,0),MATCH('面板-总览'!S$2,'面板-景气指数'!$36:$36,0)) -> 0.2635 | T59: =INDEX('面板-景气指数'!$37:$242,MATCH('面板-总览'!$R59,'面板-景气指数'!$A$37:$A$242,0),MATCH('面板-总览'!T$2,'面板-景气指数'!$36:$36,0)) -> 0.206 | U59: =INDEX('面板-景气指数'!$37:$242,MATCH('面板-总览'!$R59,'面板-景气指数'!$A$37:$A$242,0),MATCH('面板-总览'!U$2,'面板-景气指数'!$36:$36,0)) -> 0.149 | V59: =INDEX('面板-景气指数'!$37:$242,MATCH('面板-总览'!$R59,'面板-景气指数'!$A$37:$A$242,0),MATCH('面板-总览'!V$2,'面板-景气指数'!$36:$36,0)) -> 0.1545 | W59: =INDEX('面板-景气指数'!$37:$242,MATCH('面板-总览'!$R59,'面板-景气指数'!$A$37:$A$242,0),MATCH('面板-总览'!W$2,'面板-景气指数'!$36:$36,0)) -> 0.241 | X59: =INDEX('面板-景气指数'!$37:$242,MATCH('面板-总览'!$R59,'面板-景气指数'!$A$37:$A$242,0),MATCH('面板-总览'!X$2,'面板-景气指数'!$36:$36,0)) -> 0.2985 | Y59: =INDEX('面板-景气指数'!$37:$242,MATCH('面板-总览'!$R59,'面板-景气指数'!$A$37:$A$242,0),MATCH('面板-总览'!Y$2,'面板-景气指数'!$36:$36,0)) -> 0.373 | Z59: =INDEX('面板-景气指数'!$37:$242,MATCH('面板-总览'!$R59,'面板-景气指数'!$A$37:$A$242,0),MATCH('面板-总览'!Z$2,'面板-景气指数'!$36:$36,0)) -> 0.3615 | ... AE59: =INDEX('面板-景气指数'!$37:$242,MATCH('面板-总览'!$R59,'面板-景气指数'!$A$37:$A$242,0),MATCH('面板-总览'!AE$2,'面板-景气指数'!$36:$36,0)) -> 0.3845 | AG59: =AE59-AB59 -> 0.092 | AI59: 品牌消费电子 | AJ59: =INDEX('面板-景气指数'!$37:$242,MATCH('面板-总览'!$AI59,'面板-景气指数'!$A$37:$A$242,0),MATCH('面板-总览'!AJ$2,'面板-景气指数'!$36:$36,0)) -> 0.61075 | AK59: =INDEX('面板-景气指数'!$37:$242,MATCH('面板-总览'!$AI59,'面板-景气指数'!$A$37:$A$242,0),MATCH('面板-总览'!AK$2,'面板-景气指数'!$36:$36,0)) -> 0.6095 | AL59: =INDEX('面板-景气指数'!$37:$242,MATCH('面板-总览'!$AI59,'面板-景气指数'!$A$37:$A$242,0),MATCH('面板-总览'!AL$2,'面板-景气指数'!$36:$36,0)) -> 0.5505 | AM59: =INDEX('面板-景气指数'!$37:$242,MATCH('面板-总览'!$AI59,'面板-景气指数'!$A$37:$A$242,0),MATCH('面板-总览'!AM$2,'面板-景气指数'!$36:$36,0)) -> 0.48175 | AN59: =INDEX('面板-景气指数'!$37:$242,MATCH('面板-总览'!$AI59,'面板-景气指数'!$A$37:$A$242,0),MATCH('面板-总览'!AN$2,'面板-景气指数'!$36:$36,0)) -> 0.39225 | AO59: =INDEX('面板-景气指数'!$37:$242,MATCH('面板-总览'!$AI59,'面板-景气指数'!$A$37:$A$242,0),MATCH('面板-总览'!AO$2,'面板-景气指数'!$36:$36,0)) -> 0.53225 | AP59: =INDEX('面板-景气指数'!$37:$242,MATCH('面板-总览'!$AI59,'面板-景气指数'!$A$37:$A$242,0),MATCH('面板-总览'!AP$2,'面板-景气指数'!$36:$36,0)) -> 0.51925 | AQ59: =INDEX('面板-景气指数'!$37:$242,MATCH('面板-总览'!$AI59,'面板-景气指数'!$A$37:$A$242,0),MATCH('面板-总览'!AQ$2,'面板-景气指数'!$36:$36,0)) -> 0.569 | ... AV59: =INDEX('面板-景气指数'!$37:$242,MATCH('面板-总览'!$AI59,'面板-景气指数'!$A$37:$A$242,0),MATCH('面板-总览'!AV$2,'面板-景气指数'!$36:$36,0)) -> 0.54675 | AX59: =AV59-AS59 -> -0.134
R60: 厨卫电器 | S60: =INDEX('面板-景气指数'!$37:$242,MATCH('面板-总览'!$R60,'面板-景气指数'!$A$37:$A$242,0),MATCH('面板-总览'!S$2,'面板-景气指数'!$36:$36,0)) -> 0.6505 | T60: =INDEX('面板-景气指数'!$37:$242,MATCH('面板-总览'!$R60,'面板-景气指数'!$A$37:$A$242,0),MATCH('面板-总览'!T$2,'面板-景气指数'!$36:$36,0)) -> 0.6105 | U60: =INDEX('面板-景气指数'!$37:$242,MATCH('面板-总览'!$R60,'面板-景气指数'!$A$37:$A$242,0),MATCH('面板-总览'!U$2,'面板-景气指数'!$36:$36,0)) -> 0.6105 | V60: =INDEX('面板-景气指数'!$37:$242,MATCH('面板-总览'!$R60,'面板-景气指数'!$A$37:$A$242,0),MATCH('面板-总览'!V$2,'面板-景气指数'!$36:$36,0)) -> 0.4915 | W60: =INDEX('面板-景气指数'!$37:$242,MATCH('面板-总览'!$R60,'面板-景气指数'!$A$37:$A$242,0),MATCH('面板-总览'!W$2,'面板-景气指数'!$36:$36,0)) -> 0.5395 | X60: =INDEX('面板-景气指数'!$37:$242,MATCH('面板-总览'!$R60,'面板-景气指数'!$A$37:$A$242,0),MATCH('面板-总览'!X$2,'面板-景气指数'!$36:$36,0)) -> 0.642 | Y60: =INDEX('面板-景气指数'!$37:$242,MATCH('面板-总览'!$R60,'面板-景气指数'!$A$37:$A$242,0),MATCH('面板-总览'!Y$2,'面板-景气指数'!$36:$36,0)) -> 0.7855 | Z60: =INDEX('面板-景气指数'!$37:$242,MATCH('面板-总览'!$R60,'面板-景气指数'!$A$37:$A$242,0),MATCH('面板-总览'!Z$2,'面板-景气指数'!$36:$36,0)) -> 0.8725 | ... AE60: =INDEX('面板-景气指数'!$37:$242,MATCH('面板-总览'!$R60,'面板-景气指数'!$A$37:$A$242,0),MATCH('面板-总览'!AE$2,'面板-景气指数'!$36:$36,0)) -> 0.865 | AG60: =AE60-AB60 -> -0.079 | AI60: 原料药 | AJ60: =INDEX('面板-景气指数'!$37:$242,MATCH('面板-总览'!$AI60,'面板-景气指数'!$A$37:$A$242,0),MATCH('面板-总览'!AJ$2,'面板-景气指数'!$36:$36,0)) -> 0.58875 | AK60: =INDEX('面板-景气指数'!$37:$242,MATCH('面板-总览'!$AI60,'面板-景气指数'!$A$37:$A$242,0),MATCH('面板-总览'!AK$2,'面板-景气指数'!$36:$36,0)) -> 0.5785 | AL60: =INDEX('面板-景气指数'!$37:$242,MATCH('面板-总览'!$AI60,'面板-景气指数'!$A$37:$A$242,0),MATCH('面板-总览'!AL$2,'面板-景气指数'!$36:$36,0)) -> 0.54825 | AM60: =INDEX('面板-景气指数'!$37:$242,MATCH('面板-总览'!$AI60,'面板-景气指数'!$A$37:$A$242,0),MATCH('面板-总览'!AM$2,'面板-景气指数'!$36:$36,0)) -> 0.53275 | AN60: =INDEX('面板-景气指数'!$37:$242,MATCH('面板-总览'!$AI60,'面板-景气指数'!$A$37:$A$242,0),MATCH('面板-总览'!AN$2,'面板-景气指数'!$36:$36,0)) -> 0.52 | AO60: =INDEX('面板-景气指数'!$37:$242,MATCH('面板-总览'!$AI60,'面板-景气指数'!$A$37:$A$242,0),MATCH('面板-总览'!AO$2,'面板-景气指数'!$36:$36,0)) -> 0.51 | AP60: =INDEX('面板-景气指数'!$37:$242,MATCH('面板-总览'!$AI60,'面板-景气指数'!$A$37:$A$242,0),MATCH('面板-总览'!AP$2,'面板-景气指数'!$36:$36,0)) -> 0.50225 | AQ60: =INDEX('面板-景气指数'!$37:$242,MATCH('面板-总览'!$AI60,'面板-景气指数'!$A$37:$A$242,0),MATCH('面板-总览'!AQ$2,'面板-景气指数'!$36:$36,0)) -> 0.535 | ... AV60: =INDEX('面板-景气指数'!$37:$242,MATCH('面板-总览'!$AI60,'面板-景气指数'!$A$37:$A$242,0),MATCH('面板-总览'!AV$2,'面板-景气指数'!$36:$36,0)) -> 0.548 | AX60: =AV60-AS60 -> 0.033
R61: 一般零售 | S61: =INDEX('面板-景气指数'!$37:$242,MATCH('面板-总览'!$R61,'面板-景气指数'!$A$37:$A$242,0),MATCH('面板-总览'!S$2,'面板-景气指数'!$36:$36,0)) -> 0.316 | T61: =INDEX('面板-景气指数'!$37:$242,MATCH('面板-总览'!$R61,'面板-景气指数'!$A$37:$A$242,0),MATCH('面板-总览'!T$2,'面板-景气指数'!$36:$36,0)) -> 0.408 | U61: =INDEX('面板-景气指数'!$37:$242,MATCH('面板-总览'!$R61,'面板-景气指数'!$A$37:$A$242,0),MATCH('面板-总览'!U$2,'面板-景气指数'!$36:$36,0)) -> 0.448 | V61: =INDEX('面板-景气指数'!$37:$242,MATCH('面板-总览'!$R61,'面板-景气指数'!$A$37:$A$242,0),MATCH('面板-总览'!V$2,'面板-景气指数'!$36:$36,0)) -> 0.5 | W61: =INDEX('面板-景气指数'!$37:$242,MATCH('面板-总览'!$R61,'面板-景气指数'!$A$37:$A$242,0),MATCH('面板-总览'!W$2,'面板-景气指数'!$36:$36,0)) -> 0.459 | X61: =INDEX('面板-景气指数'!$37:$242,MATCH('面板-总览'!$R61,'面板-景气指数'!$A$37:$A$242,0),MATCH('面板-总览'!X$2,'面板-景气指数'!$36:$36,0)) -> 0.5 | Y61: =INDEX('面板-景气指数'!$37:$242,MATCH('面板-总览'!$R61,'面板-景气指数'!$A$37:$A$242,0),MATCH('面板-总览'!Y$2,'面板-景气指数'!$36:$36,0)) -> 0.479 | Z61: =INDEX('面板-景气指数'!$37:$242,MATCH('面板-总览'!$R61,'面板-景气指数'!$A$37:$A$242,0),MATCH('面板-总览'!Z$2,'面板-景气指数'!$36:$36,0)) -> 0.489 | ... AE61: =INDEX('面板-景气指数'!$37:$242,MATCH('面板-总览'!$R61,'面板-景气指数'!$A$37:$A$242,0),MATCH('面板-总览'!AE$2,'面板-景气指数'!$36:$36,0)) -> 0.377 | AG61: =AE61-AB61 -> -0.163 | AI61: 化学制剂 | AJ61: =INDEX('面板-景气指数'!$37:$242,MATCH('面板-总览'!$AI61,'面板-景气指数'!$A$37:$A$242,0),MATCH('面板-总览'!AJ$2,'面板-景气指数'!$36:$36,0)) -> 0.811 | AK61: =INDEX('面板-景气指数'!$37:$242,MATCH('面板-总览'!$AI61,'面板-景气指数'!$A$37:$A$242,0),MATCH('面板-总览'!AK$2,'面板-景气指数'!$36:$36,0)) -> 0.785 | AL61: =INDEX('面板-景气指数'!$37:$242,MATCH('面板-总览'!$AI61,'面板-景气指数'!$A$37:$A$242,0),MATCH('面板-总览'!AL$2,'面板-景气指数'!$36:$36,0)) -> 0.739 | AM61: =INDEX('面板-景气指数'!$37:$242,MATCH('面板-总览'!$AI61,'面板-景气指数'!$A$37:$A$242,0),MATCH('面板-总览'!AM$2,'面板-景气指数'!$36:$36,0)) -> 0.714 | AN61: =INDEX('面板-景气指数'!$37:$242,MATCH('面板-总览'!$AI61,'面板-景气指数'!$A$37:$A$242,0),MATCH('面板-总览'!AN$2,'面板-景气指数'!$36:$36,0)) -> 0.6115 | AO61: =INDEX('面板-景气指数'!$37:$242,MATCH('面板-总览'!$AI61,'面板-景气指数'!$A$37:$A$242,0),MATCH('面板-总览'!AO$2,'面板-景气指数'!$36:$36,0)) -> 0.5095 | AP61: =INDEX('面板-景气指数'!$37:$242,MATCH('面板-总览'!$AI61,'面板-景气指数'!$A$37:$A$242,0),MATCH('面板-总览'!AP$2,'面板-景气指数'!$36:$36,0)) -> 0.4335 | AQ61: =INDEX('面板-景气指数'!$37:$242,MATCH('面板-总览'!$AI61,'面板-景气指数'!$A$37:$A$242,0),MATCH('面板-总览'!AQ$2,'面板-景气指数'!$36:$36,0)) -> 0.4435 | ... AV61: =INDEX('面板-景气指数'!$37:$242,MATCH('面板-总览'!$AI61,'面板-景气指数'!$A$37:$A$242,0),MATCH('面板-总览'!AV$2,'面板-景气指数'!$36:$36,0)) -> 0.02 | AX61: =AV61-AS61 -> -0.296
R62: 旅游零售 | S62: =INDEX('面板-景气指数'!$37:$242,MATCH('面板-总览'!$R62,'面板-景气指数'!$A$37:$A$242,0),MATCH('面板-总览'!S$2,'面板-景气指数'!$36:$36,0)) -> 0.84066667 | T62: =INDEX('面板-景气指数'!$37:$242,MATCH('面板-总览'!$R62,'面板-景气指数'!$A$37:$A$242,0),MATCH('面板-总览'!T$2,'面板-景气指数'!$36:$36,0)) -> 0.87933333 | U62: =INDEX('面板-景气指数'!$37:$242,MATCH('面板-总览'!$R62,'面板-景气指数'!$A$37:$A$242,0),MATCH('面板-总览'!U$2,'面板-景气指数'!$36:$36,0)) -> 0.84133333 | V62: =INDEX('面板-景气指数'!$37:$242,MATCH('面板-总览'!$R62,'面板-景气指数'!$A$37:$A$242,0),MATCH('面板-总览'!V$2,'面板-景气指数'!$36:$36,0)) -> 0.67366667 | W62: =INDEX('面板-景气指数'!$37:$242,MATCH('面板-总览'!$R62,'面板-景气指数'!$A$37:$A$242,0),MATCH('面板-总览'!W$2,'面板-景气指数'!$36:$36,0)) -> 0.80233333 | X62: =INDEX('面板-景气指数'!$37:$242,MATCH('面板-总览'!$R62,'面板-景气指数'!$A$37:$A$242,0),MATCH('面板-总览'!X$2,'面板-景气指数'!$36:$36,0)) -> 0.88 | Y62: =INDEX('面板-景气指数'!$37:$242,MATCH('面板-总览'!$R62,'面板-景气指数'!$A$37:$A$242,0),MATCH('面板-总览'!Y$2,'面板-景气指数'!$36:$36,0)) -> 0.911 | Z62: =INDEX('面板-景气指数'!$37:$242,MATCH('面板-总览'!$R62,'面板-景气指数'!$A$37:$A$242,0),MATCH('面板-总览'!Z$2,'面板-景气指数'!$36:$36,0)) -> 0.842 | ... AE62: =INDEX('面板-景气指数'!$37:$242,MATCH('面板-总览'!$R62,'面板-景气指数'!$A$37:$A$242,0),MATCH('面板-总览'!AE$2,'面板-景气指数'!$36:$36,0)) -> 0.59233333 | AG62: =AE62-AB62 -> -0.042333333 | AI62: 医院 | AJ62: =INDEX('面板-景气指数'!$37:$242,MATCH('面板-总览'!$AI62,'面板-景气指数'!$A$37:$A$242,0),MATCH('面板-总览'!AJ$2,'面板-景气指数'!$36:$36,0)) -> 0.70733333 | AK62: =INDEX('面板-景气指数'!$37:$242,MATCH('面板-总览'!$AI62,'面板-景气指数'!$A$37:$A$242,0),MATCH('面板-总览'!AK$2,'面板-景气指数'!$36:$36,0)) -> 0.81166667 | AL62: =INDEX('面板-景气指数'!$37:$242,MATCH('面板-总览'!$AI62,'面板-景气指数'!$A$37:$A$242,0),MATCH('面板-总览'!AL$2,'面板-景气指数'!$36:$36,0)) -> 0.79466667 | AM62: =INDEX('面板-景气指数'!$37:$242,MATCH('面板-总览'!$AI62,'面板-景气指数'!$A$37:$A$242,0),MATCH('面板-总览'!AM$2,'面板-景气指数'!$36:$36,0)) -> 0.67033333 | AN62: =INDEX('面板-景气指数'!$37:$242,MATCH('面板-总览'!$AI62,'面板-景气指数'!$A$37:$A$242,0),MATCH('面板-总览'!AN$2,'面板-景气指数'!$36:$36,0)) -> 0.61266667 | AO62: =INDEX('面板-景气指数'!$37:$242,MATCH('面板-总览'!$AI62,'面板-景气指数'!$A$37:$A$242,0),MATCH('面板-总览'!AO$2,'面板-景气指数'!$36:$36,0)) -> 0.64866667 | AP62: =INDEX('面板-景气指数'!$37:$242,MATCH('面板-总览'!$AI62,'面板-景气指数'!$A$37:$A$242,0),MATCH('面板-总览'!AP$2,'面板-景气指数'!$36:$36,0)) -> 0.63933333 | AQ62: =INDEX('面板-景气指数'!$37:$242,MATCH('面板-总览'!$AI62,'面板-景气指数'!$A$37:$A$242,0),MATCH('面板-总览'!AQ$2,'面板-景气指数'!$36:$36,0)) -> 0.687 | ... AV62: =INDEX('面板-景气指数'!$37:$242,MATCH('面板-总览'!$AI62,'面板-景气指数'!$A$37:$A$242,0),MATCH('面板-总览'!AV$2,'面板-景气指数'!$36:$36,0)) -> 0.049333333 | AX62: =AV62-AS62 -> -0.64066667
R63: 酒店餐饮 | S63: =INDEX('面板-景气指数'!$37:$242,MATCH('面板-总览'!$R63,'面板-景气指数'!$A$37:$A$242,0),MATCH('面板-总览'!S$2,'面板-景气指数'!$36:$36,0)) -> 0.89566667 | T63: =INDEX('面板-景气指数'!$37:$242,MATCH('面板-总览'!$R63,'面板-景气指数'!$A$37:$A$242,0),MATCH('面板-总览'!T$2,'面板-景气指数'!$36:$36,0)) -> 0.93266667 | U63: =INDEX('面板-景气指数'!$37:$242,MATCH('面板-总览'!$R63,'面板-景气指数'!$A$37:$A$242,0),MATCH('面板-总览'!U$2,'面板-景气指数'!$36:$36,0)) -> 0.91933333 | V63: =INDEX('面板-景气指数'!$37:$242,MATCH('面板-总览'!$R63,'面板-景气指数'!$A$37:$A$242,0),MATCH('面板-总览'!V$2,'面板-景气指数'!$36:$36,0)) -> 0.79266667 | W63: =INDEX('面板-景气指数'!$37:$242,MATCH('面板-总览'!$R63,'面板-景气指数'!$A$37:$A$242,0),MATCH('面板-总览'!W$2,'面板-景气指数'!$36:$36,0)) -> 0.72566667 | X63: =INDEX('面板-景气指数'!$37:$242,MATCH('面板-总览'!$R63,'面板-景气指数'!$A$37:$A$242,0),MATCH('面板-总览'!X$2,'面板-景气指数'!$36:$36,0)) -> 0.739 | Y63: =INDEX('面板-景气指数'!$37:$242,MATCH('面板-总览'!$R63,'面板-景气指数'!$A$37:$A$242,0),MATCH('面板-总览'!Y$2,'面板-景气指数'!$36:$36,0)) -> 0.75233333 | Z63: =INDEX('面板-景气指数'!$37:$242,MATCH('面板-总览'!$R63,'面板-景气指数'!$A$37:$A$242,0),MATCH('面板-总览'!Z$2,'面板-景气指数'!$36:$36,0)) -> 0.796 | ... AE63: =INDEX('面板-景气指数'!$37:$242,MATCH('面板-总览'!$R63,'面板-景气指数'!$A$37:$A$242,0),MATCH('面板-总览'!AE$2,'面板-景气指数'!$36:$36,0)) -> 0.772 | AG63: =AE63-AB63 -> -0.051 | AI63: 医疗研发外包 | AJ63: =INDEX('面板-景气指数'!$37:$242,MATCH('面板-总览'!$AI63,'面板-景气指数'!$A$37:$A$242,0),MATCH('面板-总览'!AJ$2,'面板-景气指数'!$36:$36,0)) -> 0.7015 | AK63: =INDEX('面板-景气指数'!$37:$242,MATCH('面板-总览'!$AI63,'面板-景气指数'!$A$37:$A$242,0),MATCH('面板-总览'!AK$2,'面板-景气指数'!$36:$36,0)) -> 0.892 | AL63: =INDEX('面板-景气指数'!$37:$242,MATCH('面板-总览'!$AI63,'面板-景气指数'!$A$37:$A$242,0),MATCH('面板-总览'!AL$2,'面板-景气指数'!$36:$36,0)) -> 0.6505 | AM63: =INDEX('面板-景气指数'!$37:$242,MATCH('面板-总览'!$AI63,'面板-景气指数'!$A$37:$A$242,0),MATCH('面板-总览'!AM$2,'面板-景气指数'!$36:$36,0)) -> 0.763 | AN63: =INDEX('面板-景气指数'!$37:$242,MATCH('面板-总览'!$AI63,'面板-景气指数'!$A$37:$A$242,0),MATCH('面板-总览'!AN$2,'面板-景气指数'!$36:$36,0)) -> 0.3975 | AO63: =INDEX('面板-景气指数'!$37:$242,MATCH('面板-总览'!$AI63,'面板-景气指数'!$A$37:$A$242,0),MATCH('面板-总览'!AO$2,'面板-景气指数'!$36:$36,0)) -> 0.512 | AP63: =INDEX('面板-景气指数'!$37:$242,MATCH('面板-总览'!$AI63,'面板-景气指数'!$A$37:$A$242,0),MATCH('面板-总览'!AP$2,'面板-景气指数'!$36:$36,0)) -> 0.387 | AQ63: =INDEX('面板-景气指数'!$37:$242,MATCH('面板-总览'!$AI63,'面板-景气指数'!$A$37:$A$242,0),MATCH('面板-总览'!AQ$2,'面板-景气指数'!$36:$36,0)) -> 0.6055 | ... AV63: =INDEX('面板-景气指数'!$37:$242,MATCH('面板-总览'!$AI63,'面板-景气指数'!$A$37:$A$242,0),MATCH('面板-总览'!AV$2,'面板-景气指数'!$36:$36,0)) -> 0.1725 | AX63: =AV63-AS63 -> -0.6275
R64: 旅游及景区 | S64: =INDEX('面板-景气指数'!$37:$242,MATCH('面板-总览'!$R64,'面板-景气指数'!$A$37:$A$242,0),MATCH('面板-总览'!S$2,'面板-景气指数'!$36:$36,0)) -> 0.8005 | T64: =INDEX('面板-景气指数'!$37:$242,MATCH('面板-总览'!$R64,'面板-景气指数'!$A$37:$A$242,0),MATCH('面板-总览'!T$2,'面板-景气指数'!$36:$36,0)) -> 0.872 | U64: =INDEX('面板-景气指数'!$37:$242,MATCH('面板-总览'!$R64,'面板-景气指数'!$A$37:$A$242,0),MATCH('面板-总览'!U$2,'面板-景气指数'!$36:$36,0)) -> 0.882 | V64: =INDEX('面板-景气指数'!$37:$242,MATCH('面板-总览'!$R64,'面板-景气指数'!$A$37:$A$242,0),MATCH('面板-总览'!V$2,'面板-景气指数'!$36:$36,0)) -> 0.831 | W64: =INDEX('面板-景气指数'!$37:$242,MATCH('面板-总览'!$R64,'面板-景气指数'!$A$37:$A$242,0),MATCH('面板-总览'!W$2,'面板-景气指数'!$36:$36,0)) -> 0.882 | X64: =INDEX('面板-景气指数'!$37:$242,MATCH('面板-总览'!$R64,'面板-景气指数'!$A$37:$A$242,0),MATCH('面板-总览'!X$2,'面板-景气指数'!$36:$36,0)) -> 0.9025 | Y64: =INDEX('面板-景气指数'!$37:$242,MATCH('面板-总览'!$R64,'面板-景气指数'!$A$37:$A$242,0),MATCH('面板-总览'!Y$2,'面板-景气指数'!$36:$36,0)) -> 0.9485 | Z64: =INDEX('面板-景气指数'!$37:$242,MATCH('面板-总览'!$R64,'面板-景气指数'!$A$37:$A$242,0),MATCH('面板-总览'!Z$2,'面板-景气指数'!$36:$36,0)) -> 0.9385 | ... AE64: =INDEX('面板-景气指数'!$37:$242,MATCH('面板-总览'!$R64,'面板-景气指数'!$A$37:$A$242,0),MATCH('面板-总览'!AE$2,'面板-景气指数'!$36:$36,0)) -> 0.816 | AG64: =AE64-AB64 -> -0.061 | AI64: 快递 | AJ64: =INDEX('面板-景气指数'!$37:$242,MATCH('面板-总览'!$AI64,'面板-景气指数'!$A$37:$A$242,0),MATCH('面板-总览'!AJ$2,'面板-景气指数'!$36:$36,0)) -> 0.109 | AK64: =INDEX('面板-景气指数'!$37:$242,MATCH('面板-总览'!$AI64,'面板-景气指数'!$A$37:$A$242,0),MATCH('面板-总览'!AK$2,'面板-景气指数'!$36:$36,0)) -> 0.122 | AL64: =INDEX('面板-景气指数'!$37:$242,MATCH('面板-总览'!$AI64,'面板-景气指数'!$A$37:$A$242,0),MATCH('面板-总览'!AL$2,'面板-景气指数'!$36:$36,0)) -> 0.1615 | AM64: =INDEX('面板-景气指数'!$37:$242,MATCH('面板-总览'!$AI64,'面板-景气指数'!$A$37:$A$242,0),MATCH('面板-总览'!AM$2,'面板-景气指数'!$36:$36,0)) -> 0.2335 | AN64: =INDEX('面板-景气指数'!$37:$242,MATCH('面板-总览'!$AI64,'面板-景气指数'!$A$37:$A$242,0),MATCH('面板-总览'!AN$2,'面板-景气指数'!$36:$36,0)) -> 0.275 | AO64: =INDEX('面板-景气指数'!$37:$242,MATCH('面板-总览'!$AI64,'面板-景气指数'!$A$37:$A$242,0),MATCH('面板-总览'!AO$2,'面板-景气指数'!$36:$36,0)) -> 0.299 | AP64: =INDEX('面板-景气指数'!$37:$242,MATCH('面板-总览'!$AI64,'面板-景气指数'!$A$37:$A$242,0),MATCH('面板-总览'!AP$2,'面板-景气指数'!$36:$36,0)) -> 0.318 | AQ64: =INDEX('面板-景气指数'!$37:$242,MATCH('面板-总览'!$AI64,'面板-景气指数'!$A$37:$A$242,0),MATCH('面板-总览'!AQ$2,'面板-景气指数'!$36:$36,0)) -> 0.2835 | ... AV64: =INDEX('面板-景气指数'!$37:$242,MATCH('面板-总览'!$AI64,'面板-景气指数'!$A$37:$A$242,0),MATCH('面板-总览'!AV$2,'面板-景气指数'!$36:$36,0)) -> 0.5225 | AX64: =AV64-AS64 -> 0.27
... R71: 化妆品 | S71: =INDEX('面板-景气指数'!$37:$242,MATCH('面板-总览'!$R71,'面板-景气指数'!$A$37:$A$242,0),MATCH('面板-总览'!S$2,'面板-景气指数'!$36:$36,0)) -> 0.693 | T71: =INDEX('面板-景气指数'!$37:$242,MATCH('面板-总览'!$R71,'面板-景气指数'!$A$37:$A$242,0),MATCH('面板-总览'!T$2,'面板-景气指数'!$36:$36,0)) -> 0.816 | U71: =INDEX('面板-景气指数'!$37:$242,MATCH('面板-总览'!$R71,'面板-景气指数'!$A$37:$A$242,0),MATCH('面板-总览'!U$2,'面板-景气指数'!$36:$36,0)) -> 0.724 | V71: =INDEX('面板-景气指数'!$37:$242,MATCH('面板-总览'!$R71,'面板-景气指数'!$A$37:$A$242,0),MATCH('面板-总览'!V$2,'面板-景气指数'!$36:$36,0)) -> 0.255 | W71: =INDEX('面板-景气指数'!$37:$242,MATCH('面板-总览'!$R71,'面板-景气指数'!$A$37:$A$242,0),MATCH('面板-总览'!W$2,'面板-景气指数'!$36:$36,0)) -> 0.224 | X71: =INDEX('面板-景气指数'!$37:$242,MATCH('面板-总览'!$R71,'面板-景气指数'!$A$37:$A$242,0),MATCH('面板-总览'!X$2,'面板-景气指数'!$36:$36,0)) -> 0.173 | Y71: =INDEX('面板-景气指数'!$37:$242,MATCH('面板-总览'!$R71,'面板-景气指数'!$A$37:$A$242,0),MATCH('面板-总览'!Y$2,'面板-景气指数'!$36:$36,0)) -> 0.255 | Z71: =INDEX('面板-景气指数'!$37:$242,MATCH('面板-总览'!$R71,'面板-景气指数'!$A$37:$A$242,0),MATCH('面板-总览'!Z$2,'面板-景气指数'!$36:$36,0)) -> 0.132 | ... AE71: =INDEX('面板-景气指数'!$37:$242,MATCH('面板-总览'!$R71,'面板-景气指数'!$A$37:$A$242,0),MATCH('面板-总览'!AE$2,'面板-景气指数'!$36:$36,0)) -> 0.234 | AG71: =AE71-AB71 -> 0.041 | AI71: 光伏发电 | AJ71: =INDEX('面板-景气指数'!$37:$242,MATCH('面板-总览'!$AI71,'面板-景气指数'!$A$37:$A$242,0),MATCH('面板-总览'!AJ$2,'面板-景气指数'!$36:$36,0)) -> 0.266 | AK71: =INDEX('面板-景气指数'!$37:$242,MATCH('面板-总览'!$AI71,'面板-景气指数'!$A$37:$A$242,0),MATCH('面板-总览'!AK$2,'面板-景气指数'!$36:$36,0)) -> 0.2025 | AL71: =INDEX('面板-景气指数'!$37:$242,MATCH('面板-总览'!$AI71,'面板-景气指数'!$A$37:$A$242,0),MATCH('面板-总览'!AL$2,'面板-景气指数'!$36:$36,0)) -> 0.0935 | AM71: =INDEX('面板-景气指数'!$37:$242,MATCH('面板-总览'!$AI71,'面板-景气指数'!$A$37:$A$242,0),MATCH('面板-总览'!AM$2,'面板-景气指数'!$36:$36,0)) -> 0.074 | AN71: =INDEX('面板-景气指数'!$37:$242,MATCH('面板-总览'!$AI71,'面板-景气指数'!$A$37:$A$242,0),MATCH('面板-总览'!AN$2,'面板-景气指数'!$36:$36,0)) -> 0.14 | AO71: =INDEX('面板-景气指数'!$37:$242,MATCH('面板-总览'!$AI71,'面板-景气指数'!$A$37:$A$242,0),MATCH('面板-总览'!AO$2,'面板-景气指数'!$36:$36,0)) -> 0.18 | AP71: =INDEX('面板-景气指数'!$37:$242,MATCH('面板-总览'!$AI71,'面板-景气指数'!$A$37:$A$242,0),MATCH('面板-总览'!AP$2,'面板-景气指数'!$36:$36,0)) -> 0.2565 | AQ71: =INDEX('面板-景气指数'!$37:$242,MATCH('面板-总览'!$AI71,'面板-景气指数'!$A$37:$A$242,0),MATCH('面板-总览'!AQ$2,'面板-景气指数'!$36:$36,0)) -> 0.3435 | ... AV71: =INDEX('面板-景气指数'!$37:$242,MATCH('面板-总览'!$AI71,'面板-景气指数'!$A$37:$A$242,0),MATCH('面板-总览'!AV$2,'面板-景气指数'!$36:$36,0)) -> 0 | AX71: =AV71-AS71 -> -0.428
R72: 个护用品 | S72: =INDEX('面板-景气指数'!$37:$242,MATCH('面板-总览'!$R72,'面板-景气指数'!$A$37:$A$242,0),MATCH('面板-总览'!S$2,'面板-景气指数'!$36:$36,0)) -> 0.3805 | T72: =INDEX('面板-景气指数'!$37:$242,MATCH('面板-总览'!$R72,'面板-景气指数'!$A$37:$A$242,0),MATCH('面板-总览'!T$2,'面板-景气指数'!$36:$36,0)) -> 0.319 | U72: =INDEX('面板-景气指数'!$37:$242,MATCH('面板-总览'!$R72,'面板-景气指数'!$A$37:$A$242,0),MATCH('面板-总览'!U$2,'面板-景气指数'!$36:$36,0)) -> 0.1805 | V72: =INDEX('面板-景气指数'!$37:$242,MATCH('面板-总览'!$R72,'面板-景气指数'!$A$37:$A$242,0),MATCH('面板-总览'!V$2,'面板-景气指数'!$36:$36,0)) -> 0.0915 | W72: =INDEX('面板-景气指数'!$37:$242,MATCH('面板-总览'!$R72,'面板-景气指数'!$A$37:$A$242,0),MATCH('面板-总览'!W$2,'面板-景气指数'!$36:$36,0)) -> 0.0685 | X72: =INDEX('面板-景气指数'!$37:$242,MATCH('面板-总览'!$R72,'面板-景气指数'!$A$37:$A$242,0),MATCH('面板-总览'!X$2,'面板-景气指数'!$36:$36,0)) -> 0.0965 | Y72: =INDEX('面板-景气指数'!$37:$242,MATCH('面板-总览'!$R72,'面板-景气指数'!$A$37:$A$242,0),MATCH('面板-总览'!Y$2,'面板-景气指数'!$36:$36,0)) -> 0.1475 | Z72: =INDEX('面板-景气指数'!$37:$242,MATCH('面板-总览'!$R72,'面板-景气指数'!$A$37:$A$242,0),MATCH('面板-总览'!Z$2,'面板-景气指数'!$36:$36,0)) -> 0.171 | ... AE72: =INDEX('面板-景气指数'!$37:$242,MATCH('面板-总览'!$R72,'面板-景气指数'!$A$37:$A$242,0),MATCH('面板-总览'!AE$2,'面板-景气指数'!$36:$36,0)) -> 0.148 | AG72: =AE72-AB72 -> -0.0335
R73: 医疗美容 | S73: =INDEX('面板-景气指数'!$37:$242,MATCH('面板-总览'!$R73,'面板-景气指数'!$A$37:$A$242,0),MATCH('面板-总览'!S$2,'面板-景气指数'!$36:$36,0)) -> 0.72966667 | T73: =INDEX('面板-景气指数'!$37:$242,MATCH('面板-总览'!$R73,'面板-景气指数'!$A$37:$A$242,0),MATCH('面板-总览'!T$2,'面板-景气指数'!$36:$36,0)) -> 0.77383333 | U73: =INDEX('面板-景气指数'!$37:$242,MATCH('面板-总览'!$R73,'面板-景气指数'!$A$37:$A$242,0),MATCH('面板-总览'!U$2,'面板-景气指数'!$36:$36,0)) -> 0.7565 | V73: =INDEX('面板-景气指数'!$37:$242,MATCH('面板-总览'!$R73,'面板-景气指数'!$A$37:$A$242,0),MATCH('面板-总览'!V$2,'面板-景气指数'!$36:$36,0)) -> 0.65066667 | W73: =INDEX('面板-景气指数'!$37:$242,MATCH('面板-总览'!$R73,'面板-景气指数'!$A$37:$A$242,0),MATCH('面板-总览'!W$2,'面板-景气指数'!$36:$36,0)) -> 0.55816667 | X73: =INDEX('面板-景气指数'!$37:$242,MATCH('面板-总览'!$R73,'面板-景气指数'!$A$37:$A$242,0),MATCH('面板-总览'!X$2,'面板-景气指数'!$36:$36,0)) -> 0.45416667 | Y73: =INDEX('面板-景气指数'!$37:$242,MATCH('面板-总览'!$R73,'面板-景气指数'!$A$37:$A$242,0),MATCH('面板-总览'!Y$2,'面板-景气指数'!$36:$36,0)) -> 0.41616667 | Z73: =INDEX('面板-景气指数'!$37:$242,MATCH('面板-总览'!$R73,'面板-景气指数'!$A$37:$A$242,0),MATCH('面板-总览'!Z$2,'面板-景气指数'!$36:$36,0)) -> 0.30116667 | ... AE73: =INDEX('面板-景气指数'!$37:$242,MATCH('面板-总览'!$R73,'面板-景气指数'!$A$37:$A$242,0),MATCH('面板-总览'!AE$2,'面板-景气指数'!$36:$36,0)) -> 0.10433333 | AG73: =AE73-AB73 -> -0.072
R74: 养殖业 | S74: =INDEX('面板-景气指数'!$37:$242,MATCH('面板-总览'!$R74,'面板-景气指数'!$A$37:$A$242,0),MATCH('面板-总览'!S$2,'面板-景气指数'!$36:$36,0)) -> 0.3363 | T74: =INDEX('面板-景气指数'!$37:$242,MATCH('面板-总览'!$R74,'面板-景气指数'!$A$37:$A$242,0),MATCH('面板-总览'!T$2,'面板-景气指数'!$36:$36,0)) -> 0.2985 | U74: =INDEX('面板-景气指数'!$37:$242,MATCH('面板-总览'!$R74,'面板-景气指数'!$A$37:$A$242,0),MATCH('面板-总览'!U$2,'面板-景气指数'!$36:$36,0)) -> 0.2141 | V74: =INDEX('面板-景气指数'!$37:$242,MATCH('面板-总览'!$R74,'面板-景气指数'!$A$37:$A$242,0),MATCH('面板-总览'!V$2,'面板-景气指数'!$36:$36,0)) -> 0.1872 | W74: =INDEX('面板-景气指数'!$37:$242,MATCH('面板-总览'!$R74,'面板-景气指数'!$A$37:$A$242,0),MATCH('面板-总览'!W$2,'面板-景气指数'!$36:$36,0)) -> 0.2392 | X74: =INDEX('面板-景气指数'!$37:$242,MATCH('面板-总览'!$R74,'面板-景气指数'!$A$37:$A$242,0),MATCH('面板-总览'!X$2,'面板-景气指数'!$36:$36,0)) -> 0.2954 | Y74: =INDEX('面板-景气指数'!$37:$242,MATCH('面板-总览'!$R74,'面板-景气指数'!$A$37:$A$242,0),MATCH('面板-总览'!Y$2,'面板-景气指数'!$36:$36,0)) -> 0.3079 | Z74: =INDEX('面板-景气指数'!$37:$242,MATCH('面板-总览'!$R74,'面板-景气指数'!$A$37:$A$242,0),MATCH('面板-总览'!Z$2,'面板-景气指数'!$36:$36,0)) -> 0.2576 | ... AE74: =INDEX('面板-景气指数'!$37:$242,MATCH('面板-总览'!$R74,'面板-景气指数'!$A$37:$A$242,0),MATCH('面板-总览'!AE$2,'面板-景气指数'!$36:$36,0)) -> 0.1943 | AG74: =AE74-AB74 -> -0.0296
R75: 动物保健 | S75: =INDEX('面板-景气指数'!$37:$242,MATCH('面板-总览'!$R75,'面板-景气指数'!$A$37:$A$242,0),MATCH('面板-总览'!S$2,'面板-景气指数'!$36:$36,0)) -> 0.091 | T75: =INDEX('面板-景气指数'!$37:$242,MATCH('面板-总览'!$R75,'面板-景气指数'!$A$37:$A$242,0),MATCH('面板-总览'!T$2,'面板-景气指数'!$36:$36,0)) -> 0.081 | U75: =INDEX('面板-景气指数'!$37:$242,MATCH('面板-总览'!$R75,'面板-景气指数'!$A$37:$A$242,0),MATCH('面板-总览'!U$2,'面板-景气指数'!$36:$36,0)) -> 0.051 | V75: =INDEX('面板-景气指数'!$37:$242,MATCH('面板-总览'!$R75,'面板-景气指数'!$A$37:$A$242,0),MATCH('面板-总览'!V$2,'面板-景气指数'!$36:$36,0)) -> 0.061 | W75: =INDEX('面板-景气指数'!$37:$242,MATCH('面板-总览'!$R75,'面板-景气指数'!$A$37:$A$242,0),MATCH('面板-总览'!W$2,'面板-景气指数'!$36:$36,0)) -> 0.173 | X75: =INDEX('面板-景气指数'!$37:$242,MATCH('面板-总览'!$R75,'面板-景气指数'!$A$37:$A$242,0),MATCH('面板-总览'!X$2,'面板-景气指数'!$36:$36,0)) -> 0.234 | Y75: =INDEX('面板-景气指数'!$37:$242,MATCH('面板-总览'!$R75,'面板-景气指数'!$A$37:$A$242,0),MATCH('面板-总览'!Y$2,'面板-景气指数'!$36:$36,0)) -> 0.275 | Z75: =INDEX('面板-景气指数'!$37:$242,MATCH('面板-总览'!$R75,'面板-景气指数'!$A$37:$A$242,0),MATCH('面板-总览'!Z$2,'面板-景气指数'!$36:$36,0)) -> 0.244 | ... AE75: =INDEX('面板-景气指数'!$37:$242,MATCH('面板-总览'!$R75,'面板-景气指数'!$A$37:$A$242,0),MATCH('面板-总览'!AE$2,'面板-景气指数'!$36:$36,0)) -> 0.336 | AG75: =AE75-AB75 -> 0.153
R76: 饲料 | S76: =INDEX('面板-景气指数'!$37:$242,MATCH('面板-总览'!$R76,'面板-景气指数'!$A$37:$A$242,0),MATCH('面板-总览'!S$2,'面板-景气指数'!$36:$36,0)) -> 0.204 | T76: =INDEX('面板-景气指数'!$37:$242,MATCH('面板-总览'!$R76,'面板-景气指数'!$A$37:$A$242,0),MATCH('面板-总览'!T$2,'面板-景气指数'!$36:$36,0)) -> 0.102 | U76: =INDEX('面板-景气指数'!$37:$242,MATCH('面板-总览'!$R76,'面板-景气指数'!$A$37:$A$242,0),MATCH('面板-总览'!U$2,'面板-景气指数'!$36:$36,0)) -> 0.214 | V76: =INDEX('面板-景气指数'!$37:$242,MATCH('面板-总览'!$R76,'面板-景气指数'!$A$37:$A$242,0),MATCH('面板-总览'!V$2,'面板-景气指数'!$36:$36,0)) -> 0.346 | W76: =INDEX('面板-景气指数'!$37:$242,MATCH('面板-总览'!$R76,'面板-景气指数'!$A$37:$A$242,0),MATCH('面板-总览'!W$2,'面板-景气指数'!$36:$36,0)) -> 0.489 | X76: =INDEX('面板-景气指数'!$37:$242,MATCH('面板-总览'!$R76,'面板-景气指数'!$A$37:$A$242,0),MATCH('面板-总览'!X$2,'面板-景气指数'!$36:$36,0)) -> 0.448 | Y76: =INDEX('面板-景气指数'!$37:$242,MATCH('面板-总览'!$R76,'面板-景气指数'!$A$37:$A$242,0),MATCH('面板-总览'!Y$2,'面板-景气指数'!$36:$36,0)) -> 0.265 | Z76: =INDEX('面板-景气指数'!$37:$242,MATCH('面板-总览'!$R76,'面板-景气指数'!$A$37:$A$242,0),MATCH('面板-总览'!Z$2,'面板-景气指数'!$36:$36,0)) -> 0.071 | ... AE76: =INDEX('面板-景气指数'!$37:$242,MATCH('面板-总览'!$R76,'面板-景气指数'!$A$37:$A$242,0),MATCH('面板-总览'!AE$2,'面板-景气指数'!$36:$36,0)) -> 0.04 | AG76: =AE76-AB76 -> 0.03
R77: 农产品加工 | S77: =INDEX('面板-景气指数'!$37:$242,MATCH('面板-总览'!$R77,'面板-景气指数'!$A$37:$A$242,0),MATCH('面板-总览'!S$2,'面板-景气指数'!$36:$36,0)) -> 0.33658867 | T77: =INDEX('面板-景气指数'!$37:$242,MATCH('面板-总览'!$R77,'面板-景气指数'!$A$37:$A$242,0),MATCH('面板-总览'!T$2,'面板-景气指数'!$36:$36,0)) -> 0.22450545 | U77: =INDEX('面板-景气指数'!$37:$242,MATCH('面板-总览'!$R77,'面板-景气指数'!$A$37:$A$242,0),MATCH('面板-总览'!U$2,'面板-景气指数'!$36:$36,0)) -> 0.14526282 | V77: =INDEX('面板-景气指数'!$37:$242,MATCH('面板-总览'!$R77,'面板-景气指数'!$A$37:$A$242,0),MATCH('面板-总览'!V$2,'面板-景气指数'!$36:$36,0)) -> 0.09435193 | W77: =INDEX('面板-景气指数'!$37:$242,MATCH('面板-总览'!$R77,'面板-景气指数'!$A$37:$A$242,0),MATCH('面板-总览'!W$2,'面板-景气指数'!$36:$36,0)) -> 0.075133106 | X77: =INDEX('面板-景气指数'!$37:$242,MATCH('面板-总览'!$R77,'面板-景气指数'!$A$37:$A$242,0),MATCH('面板-总览'!X$2,'面板-景气指数'!$36:$36,0)) -> 0.083929686 | Y77: =INDEX('面板-景气指数'!$37:$242,MATCH('面板-总览'!$R77,'面板-景气指数'!$A$37:$A$242,0),MATCH('面板-总览'!Y$2,'面板-景气指数'!$36:$36,0)) -> 0.082726267 | Z77: =INDEX('面板-景气指数'!$37:$242,MATCH('面板-总览'!$R77,'面板-景气指数'!$A$37:$A$242,0),MATCH('面板-总览'!Z$2,'面板-景气指数'!$36:$36,0)) -> 0.10090559 | ... AE77: =INDEX('面板-景气指数'!$37:$242,MATCH('面板-总览'!$R77,'面板-景气指数'!$A$37:$A$242,0),MATCH('面板-总览'!AE$2,'面板-景气指数'!$36:$36,0)) -> 0.070058004 | AG77: =AE77-AB77 -> -0.051172317
R78: 白酒 | S78: =INDEX('面板-景气指数'!$37:$242,MATCH('面板-总览'!$R78,'面板-景气指数'!$A$37:$A$242,0),MATCH('面板-总览'!S$2,'面板-景气指数'!$36:$36,0)) -> 0.12878392 | T78: =INDEX('面板-景气指数'!$37:$242,MATCH('面板-总览'!$R78,'面板-景气指数'!$A$37:$A$242,0),MATCH('面板-总览'!T$2,'面板-景气指数'!$36:$36,0)) -> 0.1308392 | U78: =INDEX('面板-景气指数'!$37:$242,MATCH('面板-总览'!$R78,'面板-景气指数'!$A$37:$A$242,0),MATCH('面板-总览'!U$2,'面板-景气指数'!$36:$36,0)) -> 0.12740704 | V78: =INDEX('面板-景气指数'!$37:$242,MATCH('面板-总览'!$R78,'面板-景气指数'!$A$37:$A$242,0),MATCH('面板-总览'!V$2,'面板-景气指数'!$36:$36,0)) -> 0.12943719 | W78: =INDEX('面板-景气指数'!$37:$242,MATCH('面板-总览'!$R78,'面板-景气指数'!$A$37:$A$242,0),MATCH('面板-总览'!W$2,'面板-景气指数'!$36:$36,0)) -> 0.12467839 | X78: =INDEX('面板-景气指数'!$37:$242,MATCH('面板-总览'!$R78,'面板-景气指数'!$A$37:$A$242,0),MATCH('面板-总览'!X$2,'面板-景气指数'!$36:$36,0)) -> 0.14887437 | Y78: =INDEX('面板-景气指数'!$37:$242,MATCH('面板-总览'!$R78,'面板-景气指数'!$A$37:$A$242,0),MATCH('面板-总览'!Y$2,'面板-景气指数'!$36:$36,0)) -> 0.16936181 | Z78: =INDEX('面板-景气指数'!$37:$242,MATCH('面板-总览'!$R78,'面板-景气指数'!$A$37:$A$242,0),MATCH('面板-总览'!Z$2,'面板-景气指数'!$36:$36,0)) -> 0.2100804 | ... AE78: =INDEX('面板-景气指数'!$37:$242,MATCH('面板-总览'!$R78,'面板-景气指数'!$A$37:$A$242,0),MATCH('面板-总览'!AE$2,'面板-景气指数'!$36:$36,0)) -> 0.36108543 | AG78: =AE78-AB78 -> 0.10315578
R79: 非白酒 | S79: =INDEX('面板-景气指数'!$37:$242,MATCH('面板-总览'!$R79,'面板-景气指数'!$A$37:$A$242,0),MATCH('面板-总览'!S$2,'面板-景气指数'!$36:$36,0)) -> 0.67889809 | T79: =INDEX('面板-景气指数'!$37:$242,MATCH('面板-总览'!$R79,'面板-景气指数'!$A$37:$A$242,0),MATCH('面板-总览'!T$2,'面板-景气指数'!$36:$36,0)) -> 0.72347134 | U79: =INDEX('面板-景气指数'!$37:$242,MATCH('面板-总览'!$R79,'面板-景气指数'!$A$37:$A$242,0),MATCH('面板-总览'!U$2,'面板-景气指数'!$36:$36,0)) -> 0.73838854 | V79: =INDEX('面板-景气指数'!$37:$242,MATCH('面板-总览'!$R79,'面板-景气指数'!$A$37:$A$242,0),MATCH('面板-总览'!V$2,'面板-景气指数'!$36:$36,0)) -> 0.67672611 | W79: =INDEX('面板-景气指数'!$37:$242,MATCH('面板-总览'!$R79,'面板-景气指数'!$A$37:$A$242,0),MATCH('面板-总览'!W$2,'面板-景气指数'!$36:$36,0)) -> 0.69303822 | X79: =INDEX('面板-景气指数'!$37:$242,MATCH('面板-总览'!$R79,'面板-景气指数'!$A$37:$A$242,0),MATCH('面板-总览'!X$2,'面板-景气指数'!$36:$36,0)) -> 0.69368153 | Y79: =INDEX('面板-景气指数'!$37:$242,MATCH('面板-总览'!$R79,'面板-景气指数'!$A$37:$A$242,0),MATCH('面板-总览'!Y$2,'面板-景气指数'!$36:$36,0)) -> 0.68773885 | Z79: =INDEX('面板-景气指数'!$37:$242,MATCH('面板-总览'!$R79,'面板-景气指数'!$A$37:$A$242,0),MATCH('面板-总览'!Z$2,'面板-景气指数'!$36:$36,0)) -> 0.72024841 | ... AE79: =INDEX('面板-景气指数'!$37:$242,MATCH('面板-总览'!$R79,'面板-景气指数'!$A$37:$A$242,0),MATCH('面板-总览'!AE$2,'面板-景气指数'!$36:$36,0)) -> 0.79322293 | AG79: =AE79-AB79 -> 0.041433121
R80: 饮料乳品 | S80: =INDEX('面板-景气指数'!$37:$242,MATCH('面板-总览'!$R80,'面板-景气指数'!$A$37:$A$242,0),MATCH('面板-总览'!S$2,'面板-景气指数'!$36:$36,0)) -> 0.28395511 | T80: =INDEX('面板-景气指数'!$37:$242,MATCH('面板-总览'!$R80,'面板-景气指数'!$A$37:$A$242,0),MATCH('面板-总览'!T$2,'面板-景气指数'!$36:$36,0)) -> 0.28903845 | U80: =INDEX('面板-景气指数'!$37:$242,MATCH('面板-总览'!$R80,'面板-景气指数'!$A$37:$A$242,0),MATCH('面板-总览'!U$2,'面板-景气指数'!$36:$36,0)) -> 0.27421 | V80: =INDEX('面板-景气指数'!$37:$242,MATCH('面板-总览'!$R80,'面板-景气指数'!$A$37:$A$242,0),MATCH('面板-总览'!V$2,'面板-景气指数'!$36:$36,0)) -> 0.25121328 | W80: =INDEX('面板-景气指数'!$37:$242,MATCH('面板-总览'!$R80,'面板-景气指数'!$A$37:$A$242,0),MATCH('面板-总览'!W$2,'面板-景气指数'!$36:$36,0)) -> 0.20967513 | X80: =INDEX('面板-景气指数'!$37:$242,MATCH('面板-总览'!$R80,'面板-景气指数'!$A$37:$A$242,0),MATCH('面板-总览'!X$2,'面板-景气指数'!$36:$36,0)) -> 0.1926667 | Y80: =INDEX('面板-景气指数'!$37:$242,MATCH('面板-总览'!$R80,'面板-景气指数'!$A$37:$A$242,0),MATCH('面板-总览'!Y$2,'面板-景气指数'!$36:$36,0)) -> 0.18964151 | Z80: =INDEX('面板-景气指数'!$37:$242,MATCH('面板-总览'!$R80,'面板-景气指数'!$A$37:$A$242,0),MATCH('面板-总览'!Z$2,'面板-景气指数'!$36:$36,0)) -> 0.20330918 | ... AE80: =INDEX('面板-景气指数'!$37:$242,MATCH('面板-总览'!$R80,'面板-景气指数'!$A$37:$A$242,0),MATCH('面板-总览'!AE$2,'面板-景气指数'!$36:$36,0)) -> 0.2402917 | AG80: =AE80-AB80 -> 0.00047753396
R81: 休闲食品 | S81: =INDEX('面板-景气指数'!$37:$242,MATCH('面板-总览'!$R81,'面板-景气指数'!$A$37:$A$242,0),MATCH('面板-总览'!S$2,'面板-景气指数'!$36:$36,0)) -> 0.545 | T81: =INDEX('面板-景气指数'!$37:$242,MATCH('面板-总览'!$R81,'面板-景气指数'!$A$37:$A$242,0),MATCH('面板-总览'!T$2,'面板-景气指数'!$36:$36,0)) -> 0.5 | U81: =INDEX('面板-景气指数'!$37:$242,MATCH('面板-总览'!$R81,'面板-景气指数'!$A$37:$A$242,0),MATCH('面板-总览'!U$2,'面板-景气指数'!$36:$36,0)) -> 0.454 | V81: =INDEX('面板-景气指数'!$37:$242,MATCH('面板-总览'!$R81,'面板-景气指数'!$A$37:$A$242,0),MATCH('面板-总览'!V$2,'面板-景气指数'!$36:$36,0)) -> 0.409 | W81: =INDEX('面板-景气指数'!$37:$242,MATCH('面板-总览'!$R81,'面板-景气指数'!$A$37:$A$242,0),MATCH('面板-总览'!W$2,'面板-景气指数'!$36:$36,0)) -> 0 | X81: =INDEX('面板-景气指数'!$37:$242,MATCH('面板-总览'!$R81,'面板-景气指数'!$A$37:$A$242,0),MATCH('面板-总览'!X$2,'面板-景气指数'!$36:$36,0)) -> 0.045 | Y81: =INDEX('面板-景气指数'!$37:$242,MATCH('面板-总览'!$R81,'面板-景气指数'!$A$37:$A$242,0),MATCH('面板-总览'!Y$2,'面板-景气指数'!$36:$36,0)) -> 0.09 | Z81: =INDEX('面板-景气指数'!$37:$242,MATCH('面板-总览'!$R81,'面板-景气指数'!$A$37:$A$242,0),MATCH('面板-总览'!Z$2,'面板-景气指数'!$36:$36,0)) -> 0.09 | ... AE81: =INDEX('面板-景气指数'!$37:$242,MATCH('面板-总览'!$R81,'面板-景气指数'!$A$37:$A$242,0),MATCH('面板-总览'!AE$2,'面板-景气指数'!$36:$36,0)) -> 0.09 | AG81: =AE81-AB81 -> 0
R82: 调味发酵品 | S82: =INDEX('面板-景气指数'!$37:$242,MATCH('面板-总览'!$R82,'面板-景气指数'!$A$37:$A$242,0),MATCH('面板-总览'!S$2,'面板-景气指数'!$36:$36,0)) -> 0.87616667 | T82: =INDEX('面板-景气指数'!$37:$242,MATCH('面板-总览'!$R82,'面板-景气指数'!$A$37:$A$242,0),MATCH('面板-总览'!T$2,'面板-景气指数'!$36:$36,0)) -> 0.916 | U82: =INDEX('面板-景气指数'!$37:$242,MATCH('面板-总览'!$R82,'面板-景气指数'!$A$37:$A$242,0),MATCH('面板-总览'!U$2,'面板-景气指数'!$36:$36,0)) -> 0.908 | V82: =INDEX('面板-景气指数'!$37:$242,MATCH('面板-总览'!$R82,'面板-景气指数'!$A$37:$A$242,0),MATCH('面板-总览'!V$2,'面板-景气指数'!$36:$36,0)) -> 0.847 | W82: =INDEX('面板-景气指数'!$37:$242,MATCH('面板-总览'!$R82,'面板-景气指数'!$A$37:$A$242,0),MATCH('面板-总览'!W$2,'面板-景气指数'!$36:$36,0)) -> 0.7645 | X82: =INDEX('面板-景气指数'!$37:$242,MATCH('面板-总览'!$R82,'面板-景气指数'!$A$37:$A$242,0),MATCH('面板-总览'!X$2,'面板-景气指数'!$36:$36,0)) -> 0.72066667 | Y82: =INDEX('面板-景气指数'!$37:$242,MATCH('面板-总览'!$R82,'面板-景气指数'!$A$37:$A$242,0),MATCH('面板-总览'!Y$2,'面板-景气指数'!$36:$36,0)) -> 0.7005 | Z82: =INDEX('面板-景气指数'!$37:$242,MATCH('面板-总览'!$R82,'面板-景气指数'!$A$37:$A$242,0),MATCH('面板-总览'!Z$2,'面板-景气指数'!$36:$36,0)) -> 0.71316667 | ... AE82: =INDEX('面板-景气指数'!$37:$242,MATCH('面板-总览'!$R82,'面板-景气指数'!$A$37:$A$242,0),MATCH('面板-总览'!AE$2,'面板-景气指数'!$36:$36,0)) -> 0.77233333 | AG82: =AE82-AB82 -> 0.0058333333
R83: 化学制药 | S83: =INDEX('面板-景气指数'!$37:$242,MATCH('面板-总览'!$R83,'面板-景气指数'!$A$37:$A$242,0),MATCH('面板-总览'!S$2,'面板-景气指数'!$36:$36,0)) -> 0.47566667 | T83: =INDEX('面板-景气指数'!$37:$242,MATCH('面板-总览'!$R83,'面板-景气指数'!$A$37:$A$242,0),MATCH('面板-总览'!T$2,'面板-景气指数'!$36:$36,0)) -> 0.56291667 | U83: =INDEX('面板-景气指数'!$37:$242,MATCH('面板-总览'!$R83,'面板-景气指数'!$A$37:$A$242,0),MATCH('面板-总览'!U$2,'面板-景气指数'!$36:$36,0)) -> 0.54441667 | V83: =INDEX('面板-景气指数'!$37:$242,MATCH('面板-总览'!$R83,'面板-景气指数'!$A$37:$A$242,0),MATCH('面板-总览'!V$2,'面板-景气指数'!$36:$36,0)) -> 0.56333333 | W83: =INDEX('面板-景气指数'!$37:$242,MATCH('面板-总览'!$R83,'面板-景气指数'!$A$37:$A$242,0),MATCH('面板-总览'!W$2,'面板-景气指数'!$36:$36,0)) -> 0.4665 | X83: =INDEX('面板-景气指数'!$37:$242,MATCH('面板-总览'!$R83,'面板-景气指数'!$A$37:$A$242,0),MATCH('面板-总览'!X$2,'面板-景气指数'!$36:$36,0)) -> 0.45466667 | Y83: =INDEX('面板-景气指数'!$37:$242,MATCH('面板-总览'!$R83,'面板-景气指数'!$A$37:$A$242,0),MATCH('面板-总览'!Y$2,'面板-景气指数'!$36:$36,0)) -> 0.36691667 | Z83: =INDEX('面板-景气指数'!$37:$242,MATCH('面板-总览'!$R83,'面板-景气指数'!$A$37:$A$242,0),MATCH('面板-总览'!Z$2,'面板-景气指数'!$36:$36,0)) -> 0.44275 | ... AE83: =INDEX('面板-景气指数'!$37:$242,MATCH('面板-总览'!$R83,'面板-景气指数'!$A$37:$A$242,0),MATCH('面板-总览'!AE$2,'面板-景气指数'!$36:$36,0)) -> 0.25475 | AG83: =AE83-AB83 -> -0.24708333
... R101: 航运港口 | S101: =INDEX('面板-景气指数'!$37:$242,MATCH('面板-总览'!$R101,'面板-景气指数'!$A$37:$A$242,0),MATCH('面板-总览'!S$2,'面板-景气指数'!$36:$36,0)) -> 0.6195 | T101: =INDEX('面板-景气指数'!$37:$242,MATCH('面板-总览'!$R101,'面板-景气指数'!$A$37:$A$242,0),MATCH('面板-总览'!T$2,'面板-景气指数'!$36:$36,0)) -> 0.66775 | U101: =INDEX('面板-景气指数'!$37:$242,MATCH('面板-总览'!$R101,'面板-景气指数'!$A$37:$A$242,0),MATCH('面板-总览'!U$2,'面板-景气指数'!$36:$36,0)) -> 0.6525 | V101: =INDEX('面板-景气指数'!$37:$242,MATCH('面板-总览'!$R101,'面板-景气指数'!$A$37:$A$242,0),MATCH('面板-总览'!V$2,'面板-景气指数'!$36:$36,0)) -> 0.62975 | W101: =INDEX('面板-景气指数'!$37:$242,MATCH('面板-总览'!$R101,'面板-景气指数'!$A$37:$A$242,0),MATCH('面板-总览'!W$2,'面板-景气指数'!$36:$36,0)) -> 0.60925 | X101: =INDEX('面板-景气指数'!$37:$242,MATCH('面板-总览'!$R101,'面板-景气指数'!$A$37:$A$242,0),MATCH('面板-总览'!X$2,'面板-景气指数'!$36:$36,0)) -> 0.627 | Y101: =INDEX('面板-景气指数'!$37:$242,MATCH('面板-总览'!$R101,'面板-景气指数'!$A$37:$A$242,0),MATCH('面板-总览'!Y$2,'面板-景气指数'!$36:$36,0)) -> 0.66025 | Z101: =INDEX('面板-景气指数'!$37:$242,MATCH('面板-总览'!$R101,'面板-景气指数'!$A$37:$A$242,0),MATCH('面板-总览'!Z$2,'面板-景气指数'!$36:$36,0)) -> 0.67525 | ... AE101: =INDEX('面板-景气指数'!$37:$242,MATCH('面板-总览'!$R101,'面板-景气指数'!$A$37:$A$242,0),MATCH('面板-总览'!AE$2,'面板-景气指数'!$36:$36,0)) -> 0.826 | AG101: =AE101-AB101 -> 0.043

Sheet 景气时钟
C2: 简称 | D2: 一级/二级行业 | E2: 当前景气度 | F2: 3M变化 | G2: 3M变化（处理后）
C3: 石化 | D3: 石油石化 | E3: =INDEX('面板-景气指数'!F:F,MATCH(景气时钟!D3,'面板-景气指数'!A:A,0)) -> 0.6364 | F3: =INDEX('面板-景气指数'!C:C,MATCH(景气时钟!D3,'面板-景气指数'!A:A,0)) -> 19.375 | G3: =F3 -> 19.375
C4: 煤炭 | D4: 煤炭 | E4: =INDEX('面板-景气指数'!F:F,MATCH(景气时钟!D4,'面板-景气指数'!A:A,0)) -> 0.64833333 | F4: =INDEX('面板-景气指数'!C:C,MATCH(景气时钟!D4,'面板-景气指数'!A:A,0)) -> -6.9666667 | G4: =F4 -> -6.9666667
C5: 工业金属 | D5: 工业金属 | E5: =INDEX('面板-景气指数'!F:F,MATCH(景气时钟!D5,'面板-景气指数'!A:A,0)) -> 0.51100625 | F5: =INDEX('面板-景气指数'!C:C,MATCH(景气时钟!D5,'面板-景气指数'!A:A,0)) -> 3.6041529 | G5: =F5 -> 3.6041529
C6: 贵金属 | D6: 贵金属 | E6: =INDEX('面板-景气指数'!F:F,MATCH(景气时钟!D6,'面板-景气指数'!A:A,0)) -> 0.6475 | F6: =INDEX('面板-景气指数'!C:C,MATCH(景气时钟!D6,'面板-景气指数'!A:A,0)) -> 1.5 | G6: =F6 -> 1.5
C7: 小金属 | D7: 小金属 | E7: =INDEX('面板-景气指数'!F:F,MATCH(景气时钟!D7,'面板-景气指数'!A:A,0)) -> 0.4025 | F7: =INDEX('面板-景气指数'!C:C,MATCH(景气时钟!D7,'面板-景气指数'!A:A,0)) -> -7.675 | G7: =F7 -> -7.675
C8: 能源金属 | D8: 能源金属 | E8: =INDEX('面板-景气指数'!F:F,MATCH(景气时钟!D8,'面板-景气指数'!A:A,0)) -> 0.17233333 | F8: =INDEX('面板-景气指数'!C:C,MATCH(景气时钟!D8,'面板-景气指数'!A:A,0)) -> 5.3333333 | G8: =F8 -> 5.3333333
C9: 基化 | D9: 基础化工 | E9: =INDEX('面板-景气指数'!F:F,MATCH(景气时钟!D9,'面板-景气指数'!A:A,0)) -> 0.29217727 | F9: =INDEX('面板-景气指数'!C:C,MATCH(景气时钟!D9,'面板-景气指数'!A:A,0)) -> -4.6615933 | G9: =F9 -> -4.6615933
C10: 钢铁 | D10: 钢铁 | E10: =INDEX('面板-景气指数'!F:F,MATCH(景气时钟!D10,'面板-景气指数'!A:A,0)) -> 0.23806672 | F10: =INDEX('面板-景气指数'!C:C,MATCH(景气时钟!D10,'面板-景气指数'!A:A,0)) -> -11.230179 | G10: =F10 -> -11.230179
C11: 农业 | D11: 农林牧渔 | E11: =INDEX('面板-景气指数'!F:F,MATCH(景气时钟!D11,'面板-景气指数'!A:A,0)) -> 0.11322438 | F11: =INDEX('面板-景气指数'!C:C,MATCH(景气时钟!D11,'面板-景气指数'!A:A,0)) -> -2.2662999 | G11: =F11 -> -2.2662999
C12: 纺服 | D12: 纺织服饰 | E12: =INDEX('面板-景气指数'!F:F,MATCH(景气时钟!D12,'面板-景气指数'!A:A,0)) -> 0.7641311 | F12: =INDEX('面板-景气指数'!C:C,MATCH(景气时钟!D12,'面板-景气指数'!A:A,0)) -> 9.8842875 | G12: =F12 -> 9.8842875
C13: 汽车 | D13: 汽车 | E13: =INDEX('面板-景气指数'!F:F,MATCH(景气时钟!D13,'面板-景气指数'!A:A,0)) -> 0.3674 | F13: =INDEX('面板-景气指数'!C:C,MATCH(景气时钟!D13,'面板-景气指数'!A:A,0)) -> -52.005 | G13: =F13 -> -52.005
C14: 家电 | D14: 家用电器 | E14: =INDEX('面板-景气指数'!F:F,MATCH(景气时钟!D14,'面板-景气指数'!A:A,0)) -> 0.69497448 | F14: =INDEX('面板-景气指数'!C:C,MATCH(景气时钟!D14,'面板-景气指数'!A:A,0)) -> -5.1492743 | G14: -30
C15: 商贸 | D15: 商贸零售 | E15: =INDEX('面板-景气指数'!F:F,MATCH(景气时钟!D15,'面板-景气指数'!A:A,0)) -> 0.44206455 | F15: =INDEX('面板-景气指数'!C:C,MATCH(景气时钟!D15,'面板-景气指数'!A:A,0)) -> -8.8321357 | G15: =F15 -> -8.8321357
C16: 社服 | D16: 社会服务 | E16: =INDEX('面板-景气指数'!F:F,MATCH(景气时钟!D16,'面板-景气指数'!A:A,0)) -> 0.79312489 | F16: =INDEX('面板-景气指数'!C:C,MATCH(景气时钟!D16,'面板-景气指数'!A:A,0)) -> -5.5801112 | G16: =F16 -> -5.5801112
C17: 医美 | D17: 美容护理 | E17: =INDEX('面板-景气指数'!F:F,MATCH(景气时钟!D17,'面板-景气指数'!A:A,0)) -> 0.1845449 | F17: =INDEX('面板-景气指数'!C:C,MATCH(景气时钟!D17,'面板-景气指数'!A:A,0)) -> -0.19110064 | G17: =F17 -> -0.19110064
C18: 计算机 | D18: 计算机 | E18: =INDEX('面板-景气指数'!F:F,MATCH(景气时钟!D18,'面板-景气指数'!A:A,0)) -> 0.39883643 | F18: =INDEX('面板-景气指数'!C:C,MATCH(景气时钟!D18,'面板-景气指数'!A:A,0)) -> 12.13555 | G18: =F18 -> 12.13555
C19: 消费建材 | D19: 装修建材 | E19: =INDEX('面板-景气指数'!F:F,MATCH(景气时钟!D19,'面板-景气指数'!A:A,0)) -> 0.22698744 | F19: =INDEX('面板-景气指数'!C:C,MATCH(景气时钟!D19,'面板-景气指数'!A:A,0)) -> -35.100466 | G19: =F19 -> -35.100466
C20: 水泥 | D20: 水泥 | E20: =INDEX('面板-景气指数'!F:F,MATCH(景气时钟!D20,'面板-景气指数'!A:A,0)) -> 0.2965 | F20: =INDEX('面板-景气指数'!C:C,MATCH(景气时钟!D20,'面板-景气指数'!A:A,0)) -> 9.6 | G20: =F20 -> 9.6
C21: 玻璃 | D21: 玻璃玻纤 | E21: =INDEX('面板-景气指数'!F:F,MATCH(景气时钟!D21,'面板-景气指数'!A:A,0)) -> 0.214 | F21: =INDEX('面板-景气指数'!C:C,MATCH(景气时钟!D21,'面板-景气指数'!A:A,0)) -> -13.75 | G21: =F21 -> -13.75
C22: 院线 | D22: 影视院线 | E22: =INDEX('面板-景气指数'!F:F,MATCH(景气时钟!D22,'面板-景气指数'!A:A,0)) -> 0.918 | F22: =INDEX('面板-景气指数'!C:C,MATCH(景气时钟!D22,'面板-景气指数'!A:A,0)) -> 1 | G22: =F22 -> 1
C23: 银行 | D23: 银行 | E23: =INDEX('面板-景气指数'!F:F,MATCH(景气时钟!D23,'面板-景气指数'!A:A,0)) -> 0.48442183 | F23: =INDEX('面板-景气指数'!C:C,MATCH(景气时钟!D23,'面板-景气指数'!A:A,0)) -> 0 | G23: =F23 -> 0
C24: 地产 | D24: 房地产 | E24: =INDEX('面板-景气指数'!F:F,MATCH(景气时钟!D24,'面板-景气指数'!A:A,0)) -> 0.12599834 | F24: =INDEX('面板-景气指数'!C:C,MATCH(景气时钟!D24,'面板-景气指数'!A:A,0)) -> -9.1684242 | G24: =F24 -> -9.1684242
C25: 公用事业 | D25: 公用事业 | E25: =INDEX('面板-景气指数'!F:F,MATCH(景气时钟!D25,'面板-景气指数'!A:A,0)) -> 0.58545224 | F25: =INDEX('面板-景气指数'!C:C,MATCH(景气时钟!D25,'面板-景气指数'!A:A,0)) -> 11.01411 | G25: =F25 -> 11.01411
C26: 环保 | D26: 环保 | E26: =INDEX('面板-景气指数'!F:F,MATCH(景气时钟!D26,'面板-景气指数'!A:A,0)) -> 0.2755 | F26: =INDEX('面板-景气指数'!C:C,MATCH(景气时钟!D26,'面板-景气指数'!A:A,0)) -> 2.55 | G26: =F26 -> 2.55
... C29: 电商 | D29: 互联网电商 | E29: =INDEX('面板-景气指数'!F:F,MATCH(景气时钟!D29,'面板-景气指数'!A:A,0)) -> 0.52309367 | F29: =INDEX('面板-景气指数'!C:C,MATCH(景气时钟!D29,'面板-景气指数'!A:A,0)) -> 8.9161492 | G29: =F29 -> 8.9161492
C30: 游戏 | D30: 游戏 | E30: =INDEX('面板-景气指数'!F:F,MATCH(景气时钟!D30,'面板-景气指数'!A:A,0)) -> 0.7885625 | F30: =INDEX('面板-景气指数'!C:C,MATCH(景气时钟!D30,'面板-景气指数'!A:A,0)) -> 8.86875 | G30: -30
C31: 通用设备 | D31: 通用设备 | E31: =INDEX('面板-景气指数'!F:F,MATCH(景气时钟!D31,'面板-景气指数'!A:A,0)) -> 0.76725 | F31: =INDEX('面板-景气指数'!C:C,MATCH(景气时钟!D31,'面板-景气指数'!A:A,0)) -> -2.6 | G31: =F31 -> -2.6
C32: 工程机械 | D32: 工程机械 | E32: =INDEX('面板-景气指数'!F:F,MATCH(景气时钟!D32,'面板-景气指数'!A:A,0)) -> 0.317625 | F32: =INDEX('面板-景气指数'!C:C,MATCH(景气时钟!D32,'面板-景气指数'!A:A,0)) -> -0.3625 | G32: =F32 -> -0.3625
C33: 自动化 | D33: 自动化设备 | E33: =INDEX('面板-景气指数'!F:F,MATCH(景气时钟!D33,'面板-景气指数'!A:A,0)) -> 0.265 | F33: =INDEX('面板-景气指数'!C:C,MATCH(景气时钟!D33,'面板-景气指数'!A:A,0)) -> -5.8833333 | G33: =F33 -> -5.8833333
C34: 通信服务 | D34: 通信服务 | E34: =INDEX('面板-景气指数'!F:F,MATCH(景气时钟!D34,'面板-景气指数'!A:A,0)) -> 0.117 | F34: =INDEX('面板-景气指数'!C:C,MATCH(景气时钟!D34,'面板-景气指数'!A:A,0)) -> 1.5 | G34: =F34 -> 1.5
C35: 通信设备 | D35: 通信设备 | E35: =INDEX('面板-景气指数'!F:F,MATCH(景气时钟!D35,'面板-景气指数'!A:A,0)) -> 0.34635714 | F35: =INDEX('面板-景气指数'!C:C,MATCH(景气时钟!D35,'面板-景气指数'!A:A,0)) -> -19.521429 | G35: =F35 -> -19.521429
C36: 航海装备 | D36: 航海装备 | E36: =INDEX('面板-景气指数'!F:F,MATCH(景气时钟!D36,'面板-景气指数'!A:A,0)) -> 0.7065 | F36: =INDEX('面板-景气指数'!C:C,MATCH(景气时钟!D36,'面板-景气指数'!A:A,0)) -> 2.075 | G36: =F36 -> 2.075
C37: 航空装备 | D37: 航空装备 | E37: =INDEX('面板-景气指数'!F:F,MATCH(景气时钟!D37,'面板-景气指数'!A:A,0)) -> 0.071 | F37: =INDEX('面板-景气指数'!C:C,MATCH(景气时钟!D37,'面板-景气指数'!A:A,0)) -> 5.1 | G37: =F37 -> 5.1
C38: 军工电子 | D38: 军工电子 | E38: =INDEX('面板-景气指数'!F:F,MATCH(景气时钟!D38,'面板-景气指数'!A:A,0)) -> 0.193 | F38: =INDEX('面板-景气指数'!C:C,MATCH(景气时钟!D38,'面板-景气指数'!A:A,0)) -> -19.4 | G38: 30
C39: 物流 | D39: 物流 | E39: =INDEX('面板-景气指数'!F:F,MATCH(景气时钟!D39,'面板-景气指数'!A:A,0)) -> 0.45975 | F39: =INDEX('面板-景气指数'!C:C,MATCH(景气时钟!D39,'面板-景气指数'!A:A,0)) -> 7.85 | G39: =F39 -> 7.85
C40: 铁路公路 | D40: 铁路公路 | E40: =INDEX('面板-景气指数'!F:F,MATCH(景气时钟!D40,'面板-景气指数'!A:A,0)) -> 0.64 | F40: =INDEX('面板-景气指数'!C:C,MATCH(景气时钟!D40,'面板-景气指数'!A:A,0)) -> -11.5 | G40: =F40 -> -11.5
C41: 航空机场 | D41: 航空机场 | E41: =INDEX('面板-景气指数'!F:F,MATCH(景气时钟!D41,'面板-景气指数'!A:A,0)) -> 0.826 | F41: =INDEX('面板-景气指数'!C:C,MATCH(景气时钟!D41,'面板-景气指数'!A:A,0)) -> -17.4 | G41: =F41 -> -17.4
C42: 航运港口 | D42: 航运港口 | E42: =INDEX('面板-景气指数'!F:F,MATCH(景气时钟!D42,'面板-景气指数'!A:A,0)) -> 0.826 | F42: =INDEX('面板-景气指数'!C:C,MATCH(景气时钟!D42,'面板-景气指数'!A:A,0)) -> 4.3 | G42: =F42 -> 4.3
C43: 半导体 | D43: 半导体 | E43: =INDEX('面板-景气指数'!F:F,MATCH(景气时钟!D43,'面板-景气指数'!A:A,0)) -> 0.48635714 | F43: =INDEX('面板-景气指数'!C:C,MATCH(景气时钟!D43,'面板-景气指数'!A:A,0)) -> 6.9071429 | G43: =F43 -> 6.9071429
C44: 元件 | D44: 元件 | E44: =INDEX('面板-景气指数'!F:F,MATCH(景气时钟!D44,'面板-景气指数'!A:A,0)) -> 0.283 | F44: =INDEX('面板-景气指数'!C:C,MATCH(景气时钟!D44,'面板-景气指数'!A:A,0)) -> 13.05 | G44: 30
C45: 光电 | D45: 光学光电子 | E45: =INDEX('面板-景气指数'!F:F,MATCH(景气时钟!D45,'面板-景气指数'!A:A,0)) -> 0.4796 | F45: =INDEX('面板-景气指数'!C:C,MATCH(景气时钟!D45,'面板-景气指数'!A:A,0)) -> 3.45 | G45: =F45 -> 3.45
C46: 消电 | D46: 消费电子 | E46: =INDEX('面板-景气指数'!F:F,MATCH(景气时钟!D46,'面板-景气指数'!A:A,0)) -> 0.60127273 | F46: =INDEX('面板-景气指数'!C:C,MATCH(景气时钟!D46,'面板-景气指数'!A:A,0)) -> 10.672727 | G46: =F46 -> 10.672727
C47: 光伏 | D47: 光伏设备 | E47: =INDEX('面板-景气指数'!F:F,MATCH(景气时钟!D47,'面板-景气指数'!A:A,0)) -> 0.39873333 | F47: =INDEX('面板-景气指数'!C:C,MATCH(景气时钟!D47,'面板-景气指数'!A:A,0)) -> -17.246667 | G47: =F47 -> -17.246667
C48: 风电 | D48: 风电设备 | E48: =INDEX('面板-景气指数'!F:F,MATCH(景气时钟!D48,'面板-景气指数'!A:A,0)) -> 0.558 | F48: =INDEX('面板-景气指数'!C:C,MATCH(景气时钟!D48,'面板-景气指数'!A:A,0)) -> -4.4 | G48: =F48 -> -4.4
C49: 电池 | D49: 电池 | E49: =INDEX('面板-景气指数'!F:F,MATCH(景气时钟!D49,'面板-景气指数'!A:A,0)) -> 0.33495833 | F49: =INDEX('面板-景气指数'!C:C,MATCH(景气时钟!D49,'面板-景气指数'!A:A,0)) -> 3.6666667 | G49: =F49 -> 3.6666667
C50: 白酒 | D50: 白酒 | E50: =INDEX('面板-景气指数'!F:F,MATCH(景气时钟!D50,'面板-景气指数'!A:A,0)) -> 0.36108543 | F50: =INDEX('面板-景气指数'!C:C,MATCH(景气时钟!D50,'面板-景气指数'!A:A,0)) -> 10.315578 | G50: =F50 -> 10.315578
C51: 啤酒 | D51: 非白酒 | E51: =INDEX('面板-景气指数'!F:F,MATCH(景气时钟!D51,'面板-景气指数'!A:A,0)) -> 0.79322293 | F51: =INDEX('面板-景气指数'!C:C,MATCH(景气时钟!D51,'面板-景气指数'!A:A,0)) -> 4.1433121 | G51: =F51 -> 4.1433121
C52: 调味品 | D52: 调味发酵品 | E52: =INDEX('面板-景气指数'!F:F,MATCH(景气时钟!D52,'面板-景气指数'!A:A,0)) -> 0.77233333 | F52: =INDEX('面板-景气指数'!C:C,MATCH(景气时钟!D52,'面板-景气指数'!A:A,0)) -> 0.58333333 | G52: =F52 -> 0.58333333
C53: 饮料乳品 | D53: 饮料乳品 | E53: =INDEX('面板-景气指数'!F:F,MATCH(景气时钟!D53,'面板-景气指数'!A:A,0)) -> 0.2402917 | F53: =INDEX('面板-景气指数'!C:C,MATCH(景气时钟!D53,'面板-景气指数'!A:A,0)) -> 0.047753396 | G53: =F53 -> 0.047753396
C54: 食品 | D54: 休闲食品 | E54: =INDEX('面板-景气指数'!F:F,MATCH(景气时钟!D54,'面板-景气指数'!A:A,0)) -> 0.09 | F54: =INDEX('面板-景气指数'!C:C,MATCH(景气时钟!D54,'面板-景气指数'!A:A,0)) -> 0 | G54: =F54 -> 0
C55: 化药 | D55: 化学制药 | E55: =INDEX('面板-景气指数'!F:F,MATCH(景气时钟!D55,'面板-景气指数'!A:A,0)) -> 0.25475 | F55: =INDEX('面板-景气指数'!C:C,MATCH(景气时钟!D55,'面板-景气指数'!A:A,0)) -> -24.708333 | G55: =F55 -> -24.708333
C56: 医药商业 | D56: 医药商业 | E56: =INDEX('面板-景气指数'!F:F,MATCH(景气时钟!D56,'面板-景气指数'!A:A,0)) -> 0.03 | F56: =INDEX('面板-景气指数'!C:C,MATCH(景气时钟!D56,'面板-景气指数'!A:A,0)) -> 2 | G56: =F56 -> 2
C57: 医疗器械 | D57: 医疗器械 | E57: =INDEX('面板-景气指数'!F:F,MATCH(景气时钟!D57,'面板-景气指数'!A:A,0)) -> 0.697 | F57: =INDEX('面板-景气指数'!C:C,MATCH(景气时钟!D57,'面板-景气指数'!A:A,0)) -> -3.14 | G57: =F57 -> -3.14
C58: 医疗服务 | D58: 医疗服务 | E58: =INDEX('面板-景气指数'!F:F,MATCH(景气时钟!D58,'面板-景气指数'!A:A,0)) -> 0.080125 | F58: =INDEX('面板-景气指数'!C:C,MATCH(景气时钟!D58,'面板-景气指数'!A:A,0)) -> -63.7375 | G58: -30
C59: 中药 | D59: 中药 | E59: =INDEX('面板-景气指数'!F:F,MATCH(景气时钟!D59,'面板-景气指数'!A:A,0)) -> 0.448 | F59: =INDEX('面板-景气指数'!C:C,MATCH(景气时钟!D59,'面板-景气指数'!A:A,0)) -> -11.3 | G59: =F59 -> -11.3
C60: 造纸 | D60: 造纸 | E60: =INDEX('面板-景气指数'!F:F,MATCH(景气时钟!D60,'面板-景气指数'!A:A,0)) -> 0.163 | F60: =INDEX('面板-景气指数'!C:C,MATCH(景气时钟!D60,'面板-景气指数'!A:A,0)) -> 6.65 | G60: =F60 -> 6.65
C61: 家居 | D61: 家居用品 | E61: =INDEX('面板-景气指数'!F:F,MATCH(景气时钟!D61,'面板-景气指数'!A:A,0)) -> 0.2586875 | F61: =INDEX('面板-景气指数'!C:C,MATCH(景气时钟!D61,'面板-景气指数'!A:A,0)) -> -35.95625 | G61: =F61 -> -35.95625

Sheet 安全边际（一级行业）
C2: 简称 | D2: 一级/二级行业 | E2: 估值分位数 | F2: 公募配置系数分位数 | G2: 北向配置系数分位数 | H2: 10.31至今涨跌幅 | I2: 景气度变化 | J2: 当前景气度
C3: 石化 | D3: 石油石化 | E3: 22.688656 | F3: 74.1 | G3: 99 | H3: 12.879372 | I3: =INDEX('面板-景气指数'!B:B,MATCH('安全边际（一级行业）'!D3,'面板-景气指数'!A:A,0)) -> -1.735 | J3: =INDEX('面板-景气指数'!F:F,MATCH('安全边际（一级行业）'!D3,'面板-景气指数'!A:A,0))*100 -> 63.64
C4: 煤炭 | D4: 煤炭 | E4: 67.691154 | F4: 100 | G4: 83.1 | H4: 3.8752835 | I4: =INDEX('面板-景气指数'!B:B,MATCH('安全边际（一级行业）'!D4,'面板-景气指数'!A:A,0)) -> -17.333333 | J4: =INDEX('面板-景气指数'!F:F,MATCH('安全边际（一级行业）'!D4,'面板-景气指数'!A:A,0))*100 -> 64.833333
C5: 有色 | D5: 有色金属 | E5: 24.562719 | F5: 87 | G5: 90.8 | H5: -3.3165809 | I5: =INDEX('面板-景气指数'!B:B,MATCH('安全边际（一级行业）'!D5,'面板-景气指数'!A:A,0)) -> 19.402176 | J5: =INDEX('面板-景气指数'!F:F,MATCH('安全边际（一级行业）'!D5,'面板-景气指数'!A:A,0))*100 -> 48.655131
C6: 基化 | D6: 基础化工 | E6: 5.7971014 | F6: 12.9 | G6: 99 | H6: -18.584699 | I6: =INDEX('面板-景气指数'!B:B,MATCH('安全边际（一级行业）'!D6,'面板-景气指数'!A:A,0)) -> -15.124453 | J6: =INDEX('面板-景气指数'!F:F,MATCH('安全边际（一级行业）'!D6,'面板-景气指数'!A:A,0))*100 -> 29.217727
C7: 建材 | D7: 建筑材料 | E7: 0.57471264 | F7: 3.2 | G7: 20.4 | H7: -17.698488 | I7: =INDEX('面板-景气指数'!B:B,MATCH('安全边际（一级行业）'!D7,'面板-景气指数'!A:A,0)) -> 16.091814 | J7: =INDEX('面板-景气指数'!F:F,MATCH('安全边际（一级行业）'!D7,'面板-景气指数'!A:A,0))*100 -> 26.686985
C8: 钢铁 | D8: 钢铁 | E8: 9.0204898 | F8: 87 | G8: 56.2 | H8: -5.0037372 | I8: =INDEX('面板-景气指数'!B:B,MATCH('安全边际（一级行业）'!D8,'面板-景气指数'!A:A,0)) -> 17.489147 | J8: =INDEX('面板-景气指数'!F:F,MATCH('安全边际（一级行业）'!D8,'面板-景气指数'!A:A,0))*100 -> 23.806672
C9: 电新 | D9: 电力设备 | E9: 3.1234383 | F9: 58 | G9: 79.3 | H9: -32.145563 | I9: =INDEX('面板-景气指数'!B:B,MATCH('安全边际（一级行业）'!D9,'面板-景气指数'!A:A,0)) -> -15.378718 | J9: =INDEX('面板-景气指数'!F:F,MATCH('安全边际（一级行业）'!D9,'面板-景气指数'!A:A,0))*100 -> 45.549044
C10: 军工 | D10: 国防军工 | E10: 3.1984008 | F10: 70.9 | G10: 18.4 | H10: -20.632432 | I10: =INDEX('面板-景气指数'!B:B,MATCH('安全边际（一级行业）'!D10,'面板-景气指数'!A:A,0)) -> -27.304578 | J10: =INDEX('面板-景气指数'!F:F,MATCH('安全边际（一级行业）'!D10,'面板-景气指数'!A:A,0))*100 -> 30.929651
C11: 机械 | D11: 机械设备 | E11: 28.86057 | F11: 54.8 | G11: 99.2 | H11: -2.2993607 | I11: =INDEX('面板-景气指数'!B:B,MATCH('安全边际（一级行业）'!D11,'面板-景气指数'!A:A,0)) -> 13.27531 | J11: =INDEX('面板-景气指数'!F:F,MATCH('安全边际（一级行业）'!D11,'面板-景气指数'!A:A,0))*100 -> 51.85558
C12: 汽车 | D12: 汽车 | E12: 55.597201 | F12: 35.4 | G12: 79.5 | H12: 5.7138546 | I12: =INDEX('面板-景气指数'!B:B,MATCH('安全边际（一级行业）'!D12,'面板-景气指数'!A:A,0)) -> -21.31 | J12: =INDEX('面板-景气指数'!F:F,MATCH('安全边际（一级行业）'!D12,'面板-景气指数'!A:A,0))*100 -> 36.74
C13: 食饮 | D13: 食品饮料 | E13: 7.0464768 | F13: 41.9 | G13: 30.3 | H13: 7.2472471 | I13: =INDEX('面板-景气指数'!B:B,MATCH('安全边际（一级行业）'!D13,'面板-景气指数'!A:A,0)) -> -2.9707052 | J13: =INDEX('面板-景气指数'!F:F,MATCH('安全边际（一级行业）'!D13,'面板-景气指数'!A:A,0))*100 -> 36.871466
C14: 医药 | D14: 医药生物 | E14: 13.568216 | F14: 41.9 | G14: 15 | H14: -14.631422 | I14: =INDEX('面板-景气指数'!B:B,MATCH('安全边际（一级行业）'!D14,'面板-景气指数'!A:A,0)) -> -4.453948 | J14: =INDEX('面板-景气指数'!F:F,MATCH('安全边际（一级行业）'!D14,'面板-景气指数'!A:A,0))*100 -> 22.473958
... C32: 环保 | D32: 环保 | E32: 1.5242379 | F32: 29 | G32: 59.3 | H32: -12.743842 | I32: =INDEX('面板-景气指数'!B:B,MATCH('安全边际（一级行业）'!D32,'面板-景气指数'!A:A,0)) -> 14.3 | J32: =INDEX('面板-景气指数'!F:F,MATCH('安全边际（一级行业）'!D32,'面板-景气指数'!A:A,0))*100 -> 27.55

Sheet 安全边际
C2: 简称 | D2: 一级/二级行业 | E2: 估值分位数 | F2: 2022.10.31至今涨跌幅 | G2: 景气度变化 | H2: 当前景气度
C3: 石化 | D3: 石油石化 | E3: 22.688656 | F3: 12.879372 | G3: =INDEX('面板-景气指数'!B:B,MATCH(安全边际!D3,'面板-景气指数'!A:A,0)) -> -1.735 | H3: =INDEX('面板-景气指数'!F:F,MATCH(安全边际!D3,'面板-景气指数'!A:A,0))*100 -> 63.64
C4: 煤炭 | D4: 煤炭 | E4: 67.691154 | F4: 3.8752835 | G4: =INDEX('面板-景气指数'!B:B,MATCH(安全边际!D4,'面板-景气指数'!A:A,0)) -> -17.333333 | H4: =INDEX('面板-景气指数'!F:F,MATCH(安全边际!D4,'面板-景气指数'!A:A,0))*100 -> 64.833333
C5: 军工 | D5: 国防军工 | E5: 3.1984008 | F5: -20.632432 | G5: =INDEX('面板-景气指数'!B:B,MATCH(安全边际!D5,'面板-景气指数'!A:A,0)) -> -27.304578 | H5: =INDEX('面板-景气指数'!F:F,MATCH(安全边际!D5,'面板-景气指数'!A:A,0))*100 -> 30.929651
C6: 纺服 | D6: 纺织服饰 | E6: 14.442779 | F6: 6.286965 | G6: =INDEX('面板-景气指数'!B:B,MATCH(安全边际!D6,'面板-景气指数'!A:A,0)) -> 46.965647 | H6: =INDEX('面板-景气指数'!F:F,MATCH(安全边际!D6,'面板-景气指数'!A:A,0))*100 -> 76.41311
C7: 家电 | D7: 家用电器 | E7: 15.217391 | F7: 28.735236 | G7: =INDEX('面板-景气指数'!B:B,MATCH(安全边际!D7,'面板-景气指数'!A:A,0)) -> 45.561406 | H7: =INDEX('面板-景气指数'!F:F,MATCH(安全边际!D7,'面板-景气指数'!A:A,0))*100 -> 69.497448
C8: 汽车 | D8: 汽车 | E8: 55.597201 | F8: 5.7138546 | G8: =INDEX('面板-景气指数'!B:B,MATCH(安全边际!D8,'面板-景气指数'!A:A,0)) -> -21.31 | H8: =INDEX('面板-景气指数'!F:F,MATCH(安全边际!D8,'面板-景气指数'!A:A,0))*100 -> 36.74
C9: 轻工 | D9: 轻工制造 | E9: 48.875562 | F9: -3.1317277 | G9: =INDEX('面板-景气指数'!B:B,MATCH(安全边际!D9,'面板-景气指数'!A:A,0)) -> -16.084433 | H9: =INDEX('面板-景气指数'!F:F,MATCH(安全边际!D9,'面板-景气指数'!A:A,0))*100 -> 20.139872
C10: 商贸 | D10: 商贸零售 | E10: 43.678161 | F10: -25.459807 | G10: =INDEX('面板-景气指数'!B:B,MATCH(安全边际!D10,'面板-景气指数'!A:A,0)) -> 27.103443 | H10: =INDEX('面板-景气指数'!F:F,MATCH(安全边际!D10,'面板-景气指数'!A:A,0))*100 -> 44.206455
C11: 社服 | D11: 社会服务 | E11: 36.581709 | F11: -13.624085 | G11: =INDEX('面板-景气指数'!B:B,MATCH(安全边际!D11,'面板-景气指数'!A:A,0)) -> 50.118217 | H11: =INDEX('面板-景气指数'!F:F,MATCH(安全边际!D11,'面板-景气指数'!A:A,0))*100 -> 79.312489
C12: 传媒 | D12: 传媒 | E12: 65.51706 | F12: 38.149286 | G12: =INDEX('面板-景气指数'!B:B,MATCH(安全边际!D12,'面板-景气指数'!A:A,0)) -> 58.7265 | H12: =INDEX('面板-景气指数'!F:F,MATCH(安全边际!D12,'面板-景气指数'!A:A,0))*100 -> 73.0335
C13: 公用 | D13: 公用事业 | E13: 35.432284 | F13: 6.0430375 | G13: =INDEX('面板-景气指数'!B:B,MATCH(安全边际!D13,'面板-景气指数'!A:A,0)) -> 31.056184 | H13: =INDEX('面板-景气指数'!F:F,MATCH(安全边际!D13,'面板-景气指数'!A:A,0))*100 -> 58.545224
C14: 环保 | D14: 环保 | E14: 1.5242379 | F14: -12.743842 | G14: =INDEX('面板-景气指数'!B:B,MATCH(安全边际!D14,'面板-景气指数'!A:A,0)) -> 14.3 | H14: =INDEX('面板-景气指数'!F:F,MATCH(安全边际!D14,'面板-景气指数'!A:A,0))*100 -> 27.55
... C33: 电池 | D33: 电池 | E33: 3.85 | F33: -31.811506 | G33: =INDEX('面板-景气指数'!B:B,MATCH(安全边际!D33,'面板-景气指数'!A:A,0)) -> -21.870833 | H33: =INDEX('面板-景气指数'!F:F,MATCH(安全边际!D33,'面板-景气指数'!A:A,0))*100 -> 33.495833
C34: 电网 | D34: 电网设备 | F34: 0.18595964 | G34: =INDEX('面板-景气指数'!B:B,MATCH(安全边际!D34,'面板-景气指数'!A:A,0)) -> -6.15 | H34: =INDEX('面板-景气指数'!F:F,MATCH(安全边际!D34,'面板-景气指数'!A:A,0))*100 -> 60.65
C35: 半导体 | D35: 半导体 | E35: 27.034518 | F35: -18.656614 | G35: =INDEX('面板-景气指数'!B:B,MATCH(安全边际!D35,'面板-景气指数'!A:A,0)) -> 8.9857143 | H35: =INDEX('面板-景气指数'!F:F,MATCH(安全边际!D35,'面板-景气指数'!A:A,0))*100 -> 48.635714
C36: 软件 | D36: 软件开发 | E36: 66.643129 | F36: -12.43502 | G36: =INDEX('面板-景气指数'!B:B,MATCH(安全边际!D36,'面板-景气指数'!A:A,0)) -> 14.7 | H36: =INDEX('面板-景气指数'!F:F,MATCH(安全边际!D36,'面板-景气指数'!A:A,0))*100 -> 30.25
C37: 计算机设备 | D37: 计算机设备 | E37: 30.234883 | F37: 21.436851 | G37: =INDEX('面板-景气指数'!B:B,MATCH(安全边际!D37,'面板-景气指数'!A:A,0)) -> 56.24 | H37: =INDEX('面板-景气指数'!F:F,MATCH(安全边际!D37,'面板-景气指数'!A:A,0))*100 -> 80.78
C38: 光电 | D38: 光学光电子 | E38: 82.9249 | F38: 6.4614022 | G38: =INDEX('面板-景气指数'!B:B,MATCH(安全边际!D38,'面板-景气指数'!A:A,0)) -> 37.44 | H38: =INDEX('面板-景气指数'!F:F,MATCH(安全边际!D38,'面板-景气指数'!A:A,0))*100 -> 47.96
C39: 消电 | D39: 消费电子 | E39: 19.71279 | F39: 13.094964 | G39: =INDEX('面板-景气指数'!B:B,MATCH(安全边际!D39,'面板-景气指数'!A:A,0)) -> 23.7 | H39: =INDEX('面板-景气指数'!F:F,MATCH(安全边际!D39,'面板-景气指数'!A:A,0))*100 -> 60.127273
C40: 元件 | D40: 元件 | E40: 25.512244 | F40: 3.6145596 | G40: =INDEX('面板-景气指数'!B:B,MATCH(安全边际!D40,'面板-景气指数'!A:A,0)) -> -15.55 | H40: =INDEX('面板-景气指数'!F:F,MATCH(安全边际!D40,'面板-景气指数'!A:A,0))*100 -> 28.3
C41: 通信服务 | D41: 通信服务 | F41: 36.501275 | G41: =INDEX('面板-景气指数'!B:B,MATCH(安全边际!D41,'面板-景气指数'!A:A,0)) -> -7.925 | H41: =INDEX('面板-景气指数'!F:F,MATCH(安全边际!D41,'面板-景气指数'!A:A,0))*100 -> 11.7
C42: 通信设备 | D42: 通信设备 | E42: 17.991004 | F42: 25.80194 | G42: =INDEX('面板-景气指数'!B:B,MATCH(安全边际!D42,'面板-景气指数'!A:A,0)) -> -26.307143 | H42: =INDEX('面板-景气指数'!F:F,MATCH(安全边际!D42,'面板-景气指数'!A:A,0))*100 -> 34.635714
C43: 港股电商 | D43: 互联网电商 | E43: 29.45 | F43: -42.195496 | G43: =INDEX('面板-景气指数'!B:B,MATCH(安全边际!D43,'面板-景气指数'!A:A,0)) -> 39.535916 | H43: =INDEX('面板-景气指数'!F:F,MATCH(安全边际!D43,'面板-景气指数'!A:A,0))*100 -> 52.309367
C44: 港股游戏 | D44: 游戏 | E44: 66.437762 | F44: 45.864708 | G44: =INDEX('面板-景气指数'!B:B,MATCH(安全边际!D44,'面板-景气指数'!A:A,0)) -> 70.0625 | H44: =INDEX('面板-景气指数'!F:F,MATCH(安全边际!D44,'面板-景气指数'!A:A,0))*100 -> 78.85625
C45: 白酒 | D45: 白酒 | E45: 23.225 | F45: 14.490127 | G45: =INDEX('面板-景气指数'!B:B,MATCH(安全边际!D45,'面板-景气指数'!A:A,0)) -> 12.427638 | H45: =INDEX('面板-景气指数'!F:F,MATCH(安全边际!D45,'面板-景气指数'!A:A,0))*100 -> 36.108543
C46: 食品 | D46: 休闲食品 | E46: 12.1 | F46: -19.905668 | G46: =INDEX('面板-景气指数'!B:B,MATCH(安全边际!D46,'面板-景气指数'!A:A,0)) -> -68.2 | H46: =INDEX('面板-景气指数'!F:F,MATCH(安全边际!D46,'面板-景气指数'!A:A,0))*100 -> 9
C47: 化药 | D47: 化学制药 | E47: 19.790105 | F47: -3.5102825 | G47: =INDEX('面板-景气指数'!B:B,MATCH(安全边际!D47,'面板-景气指数'!A:A,0)) -> -15.933333 | H47: =INDEX('面板-景气指数'!F:F,MATCH(安全边际!D47,'面板-景气指数'!A:A,0))*100 -> 25.475
C48: 医疗服务 | D48: 医疗服务 | E48: 0.14992504 | F48: -36.054988 | G48: =INDEX('面板-景气指数'!B:B,MATCH(安全边际!D48,'面板-景气指数'!A:A,0)) -> -21.5 | H48: =INDEX('面板-景气指数'!F:F,MATCH(安全边际!D48,'面板-景气指数'!A:A,0))*100 -> 8.0125
C49: 保险 | D49: 保险 | E49: 1.9990005 | F49: 11.495783 | G49: =INDEX('面板-景气指数'!B:B,MATCH(安全边际!D49,'面板-景气指数'!A:A,0)) -> 11 | H49: =INDEX('面板-景气指数'!F:F,MATCH(安全边际!D49,'面板-景气指数'!A:A,0))*100 -> 48.7
C50: 物流 | D50: 物流 | E50: 0.7996002 | F50: -20.47724 | G50: =INDEX('面板-景气指数'!B:B,MATCH(安全边际!D50,'面板-景气指数'!A:A,0)) -> 35.4 | H50: =INDEX('面板-景气指数'!F:F,MATCH(安全边际!D50,'面板-景气指数'!A:A,0))*100 -> 45.975
C51: 铁路公路 | D51: 铁路公路 | E51: 21.214393 | F51: 17.393115 | G51: =INDEX('面板-景气指数'!B:B,MATCH(安全边际!D51,'面板-景气指数'!A:A,0)) -> 39.05 | H51: =INDEX('面板-景气指数'!F:F,MATCH(安全边际!D51,'面板-景气指数'!A:A,0))*100 -> 64
C52: 航空机场 | D52: 航空机场 | E52: 75.95 | F52: -19.158844 | G52: =INDEX('面板-景气指数'!B:B,MATCH(安全边际!D52,'面板-景气指数'!A:A,0)) -> 69.4 | H52: =INDEX('面板-景气指数'!F:F,MATCH(安全边际!D52,'面板-景气指数'!A:A,0))*100 -> 82.6
C53: 航运港口 | D53: 航运港口 | E53: 30.9 | F53: -5.9605729 | G53: =INDEX('面板-景气指数'!B:B,MATCH(安全边际!D53,'面板-景气指数'!A:A,0)) -> 5.6 | H53: =INDEX('面板-景气指数'!F:F,MATCH(安全边际!D53,'面板-景气指数'!A:A,0))*100 -> 82.6

Sheet 面板-景气指数
B3: =INDEX('面板-景气指数'!$37:$242,MATCH('面板-总览'!$A3,'面板-景气指数'!$A$37:$A$242,0),MATCH('面板-总览'!B$2,'面板-景气指数'!$36:$36,0)) -> 0.7742 | C3: =INDEX('面板-景气指数'!$37:$242,MATCH('面板-总览'!$A3,'面板-景气指数'!$A$37:$A$242,0),MATCH('面板-总览'!C$2,'面板-景气指数'!$36:$36,0)) -> 0.76705 | D3: =INDEX('面板-景气指数'!$37:$242,MATCH('面板-总览'!$A3,'面板-景气指数'!$A$37:$A$242,0),MATCH('面板-总览'!D$2,'面板-景气指数'!$36:$36,0)) -> 0.73925 | E3: =INDEX('面板-景气指数'!$37:$242,MATCH('面板-总览'!$A3,'面板-景气指数'!$A$37:$A$242,0),MATCH('面板-总览'!E$2,'面板-景气指数'!$36:$36,0)) -> 0.59605 | F3: =INDEX('面板-景气指数'!$37:$242,MATCH('面板-总览'!$A3,'面板-景气指数'!$A$37:$A$242,0),MATCH('面板-总览'!F$2,'面板-景气指数'!$36:$36,0)) -> 0.64515 | G3: =INDEX('面板-景气指数'!$37:$242,MATCH('面板-总览'!$A3,'面板-景气指数'!$A$37:$A$242,0),MATCH('面板-总览'!G$2,'面板-景气指数'!$36:$36,0)) -> 0.7512 | H3: =INDEX('面板-景气指数'!$37:$242,MATCH('面板-总览'!$A3,'面板-景气指数'!$A$37:$A$242,0),MATCH('面板-总览'!H$2,'面板-景气指数'!$36:$36,0)) -> 0.8029 | I3: =INDEX('面板-景气指数'!$37:$242,MATCH('面板-总览'!$A3,'面板-景气指数'!$A$37:$A$242,0),MATCH('面板-总览'!I$2,'面板-景气指数'!$36:$36,0)) -> 0.7284 | ... N3: =INDEX('面板-景气指数'!$37:$242,MATCH('面板-总览'!$A3,'面板-景气指数'!$A$37:$A$242,0),MATCH('面板-总览'!N$2,'面板-景气指数'!$36:$36,0)) -> 0.6364
B4: =INDEX('面板-景气指数'!$37:$242,MATCH('面板-总览'!$A4,'面板-景气指数'!$A$37:$A$242,0),MATCH('面板-总览'!B$2,'面板-景气指数'!$36:$36,0)) -> 0.8505 | C4: =INDEX('面板-景气指数'!$37:$242,MATCH('面板-总览'!$A4,'面板-景气指数'!$A$37:$A$242,0),MATCH('面板-总览'!C$2,'面板-景气指数'!$36:$36,0)) -> 0.83283333 | D4: =INDEX('面板-景气指数'!$37:$242,MATCH('面板-总览'!$A4,'面板-景气指数'!$A$37:$A$242,0),MATCH('面板-总览'!D$2,'面板-景气指数'!$36:$36,0)) -> 0.7745 | E4: =INDEX('面板-景气指数'!$37:$242,MATCH('面板-总览'!$A4,'面板-景气指数'!$A$37:$A$242,0),MATCH('面板-总览'!E$2,'面板-景气指数'!$36:$36,0)) -> 0.67583333 | F4: =INDEX('面板-景气指数'!$37:$242,MATCH('面板-总览'!$A4,'面板-景气指数'!$A$37:$A$242,0),MATCH('面板-总览'!F$2,'面板-景气指数'!$36:$36,0)) -> 0.63483333 | G4: =INDEX('面板-景气指数'!$37:$242,MATCH('面板-总览'!$A4,'面板-景气指数'!$A$37:$A$242,0),MATCH('面板-总览'!G$2,'面板-景气指数'!$36:$36,0)) -> 0.624 | H4: =INDEX('面板-景气指数'!$37:$242,MATCH('面板-总览'!$A4,'面板-景气指数'!$A$37:$A$242,0),MATCH('面板-总览'!H$2,'面板-景气指数'!$36:$36,0)) -> 0.636 | I4: =INDEX('面板-景气指数'!$37:$242,MATCH('面板-总览'!$A4,'面板-景气指数'!$A$37:$A$242,0),MATCH('面板-总览'!I$2,'面板-景气指数'!$36:$36,0)) -> 0.6625 | ... N4: =INDEX('面板-景气指数'!$37:$242,MATCH('面板-总览'!$A4,'面板-景气指数'!$A$37:$A$242,0),MATCH('面板-总览'!N$2,'面板-景气指数'!$36:$36,0)) -> 0.64833333
B5: =INDEX('面板-景气指数'!$37:$242,MATCH('面板-总览'!$A5,'面板-景气指数'!$A$37:$A$242,0),MATCH('面板-总览'!B$2,'面板-景气指数'!$36:$36,0)) -> 0.30173882 | C5: =INDEX('面板-景气指数'!$37:$242,MATCH('面板-总览'!$A5,'面板-景气指数'!$A$37:$A$242,0),MATCH('面板-总览'!C$2,'面板-景气指数'!$36:$36,0)) -> 0.27038534 | D5: =INDEX('面板-景气指数'!$37:$242,MATCH('面板-总览'!$A5,'面板-景气指数'!$A$37:$A$242,0),MATCH('面板-总览'!D$2,'面板-景气指数'!$36:$36,0)) -> 0.31641399 | E5: =INDEX('面板-景气指数'!$37:$242,MATCH('面板-总览'!$A5,'面板-景气指数'!$A$37:$A$242,0),MATCH('面板-总览'!E$2,'面板-景气指数'!$36:$36,0)) -> 0.43724984 | F5: =INDEX('面板-景气指数'!$37:$242,MATCH('面板-总览'!$A5,'面板-景气指数'!$A$37:$A$242,0),MATCH('面板-总览'!F$2,'面板-景气指数'!$36:$36,0)) -> 0.50920196 | G5: =INDEX('面板-景气指数'!$37:$242,MATCH('面板-总览'!$A5,'面板-景气指数'!$A$37:$A$242,0),MATCH('面板-总览'!G$2,'面板-景气指数'!$36:$36,0)) -> 0.59629111 | H5: =INDEX('面板-景气指数'!$37:$242,MATCH('面板-总览'!$A5,'面板-景气指数'!$A$37:$A$242,0),MATCH('面板-总览'!H$2,'面板-景气指数'!$36:$36,0)) -> 0.56774032 | I5: =INDEX('面板-景气指数'!$37:$242,MATCH('面板-总览'!$A5,'面板-景气指数'!$A$37:$A$242,0),MATCH('面板-总览'!I$2,'面板-景气指数'!$36:$36,0)) -> 0.56871034 | ... N5: =INDEX('面板-景气指数'!$37:$242,MATCH('面板-总览'!$A5,'面板-景气指数'!$A$37:$A$242,0),MATCH('面板-总览'!N$2,'面板-景气指数'!$36:$36,0)) -> 0.48655131
B6: =INDEX('面板-景气指数'!$37:$242,MATCH('面板-总览'!$A6,'面板-景气指数'!$A$37:$A$242,0),MATCH('面板-总览'!B$2,'面板-景气指数'!$36:$36,0)) -> 0.28766882 | C6: =INDEX('面板-景气指数'!$37:$242,MATCH('面板-总览'!$A6,'面板-景气指数'!$A$37:$A$242,0),MATCH('面板-总览'!C$2,'面板-景气指数'!$36:$36,0)) -> 0.20050759 | D6: =INDEX('面板-景气指数'!$37:$242,MATCH('面板-总览'!$A6,'面板-景气指数'!$A$37:$A$242,0),MATCH('面板-总览'!D$2,'面板-景气指数'!$36:$36,0)) -> 0.19729741 | E6: =INDEX('面板-景气指数'!$37:$242,MATCH('面板-总览'!$A6,'面板-景气指数'!$A$37:$A$242,0),MATCH('面板-总览'!E$2,'面板-景气指数'!$36:$36,0)) -> 0.23645825 | F6: =INDEX('面板-景气指数'!$37:$242,MATCH('面板-总览'!$A6,'面板-景气指数'!$A$37:$A$242,0),MATCH('面板-总览'!F$2,'面板-景气指数'!$36:$36,0)) -> 0.30313351 | G6: =INDEX('面板-景气指数'!$37:$242,MATCH('面板-总览'!$A6,'面板-景气指数'!$A$37:$A$242,0),MATCH('面板-总览'!G$2,'面板-景气指数'!$36:$36,0)) -> 0.36400093 | H6: =INDEX('面板-景气指数'!$37:$242,MATCH('面板-总览'!$A6,'面板-景气指数'!$A$37:$A$242,0),MATCH('面板-总览'!H$2,'面板-景气指数'!$36:$36,0)) -> 0.37019438 | I6: =INDEX('面板-景气指数'!$37:$242,MATCH('面板-总览'!$A6,'面板-景气指数'!$A$37:$A$242,0),MATCH('面板-总览'!I$2,'面板-景气指数'!$36:$36,0)) -> 0.36500388 | ... N6: =INDEX('面板-景气指数'!$37:$242,MATCH('面板-总览'!$A6,'面板-景气指数'!$A$37:$A$242,0),MATCH('面板-总览'!N$2,'面板-景气指数'!$36:$36,0)) -> 0.29217727
B7: =INDEX('面板-景气指数'!$37:$242,MATCH('面板-总览'!$A7,'面板-景气指数'!$A$37:$A$242,0),MATCH('面板-总览'!B$2,'面板-景气指数'!$36:$36,0)) -> 0.21410132 | C7: =INDEX('面板-景气指数'!$37:$242,MATCH('面板-总览'!$A7,'面板-景气指数'!$A$37:$A$242,0),MATCH('面板-总览'!C$2,'面板-景气指数'!$36:$36,0)) -> 0.15995321 | D7: =INDEX('面板-景气指数'!$37:$242,MATCH('面板-总览'!$A7,'面板-景气指数'!$A$37:$A$242,0),MATCH('面板-总览'!D$2,'面板-景气指数'!$36:$36,0)) -> 0.16319651 | E7: =INDEX('面板-景气指数'!$37:$242,MATCH('面板-总览'!$A7,'面板-景气指数'!$A$37:$A$242,0),MATCH('面板-总览'!E$2,'面板-景气指数'!$36:$36,0)) -> 0.22800262 | F7: =INDEX('面板-景气指数'!$37:$242,MATCH('面板-总览'!$A7,'面板-景气指数'!$A$37:$A$242,0),MATCH('面板-总览'!F$2,'面板-景气指数'!$36:$36,0)) -> 0.30860179 | G7: =INDEX('面板-景气指数'!$37:$242,MATCH('面板-总览'!$A7,'面板-景气指数'!$A$37:$A$242,0),MATCH('面板-总览'!G$2,'面板-景气指数'!$36:$36,0)) -> 0.35986888 | H7: =INDEX('面板-景气指数'!$37:$242,MATCH('面板-总览'!$A7,'面板-景气指数'!$A$37:$A$242,0),MATCH('面板-总览'!H$2,'面板-景气指数'!$36:$36,0)) -> 0.35121995 | I7: =INDEX('面板-景气指数'!$37:$242,MATCH('面板-总览'!$A7,'面板-景气指数'!$A$37:$A$242,0),MATCH('面板-总览'!I$2,'面板-景气指数'!$36:$36,0)) -> 0.35451646 | ... N7: =INDEX('面板-景气指数'!$37:$242,MATCH('面板-总览'!$A7,'面板-景气指数'!$A$37:$A$242,0),MATCH('面板-总览'!N$2,'面板-景气指数'!$36:$36,0)) -> 0.23806672
B8: =INDEX('面板-景气指数'!$37:$242,MATCH('面板-总览'!$A8,'面板-景气指数'!$A$37:$A$242,0),MATCH('面板-总览'!B$2,'面板-景气指数'!$36:$36,0)) -> 0.26046305 | C8: =INDEX('面板-景气指数'!$37:$242,MATCH('面板-总览'!$A8,'面板-景气指数'!$A$37:$A$242,0),MATCH('面板-总览'!C$2,'面板-景气指数'!$36:$36,0)) -> 0.273204 | D8: =INDEX('面板-景气指数'!$37:$242,MATCH('面板-总览'!$A8,'面板-景气指数'!$A$37:$A$242,0),MATCH('面板-总览'!D$2,'面板-景气指数'!$36:$36,0)) -> 0.2485819 | E8: =INDEX('面板-景气指数'!$37:$242,MATCH('面板-总览'!$A8,'面板-景气指数'!$A$37:$A$242,0),MATCH('面板-总览'!E$2,'面板-景气指数'!$36:$36,0)) -> 0.25206015 | F8: =INDEX('面板-景气指数'!$37:$242,MATCH('面板-总览'!$A8,'面板-景气指数'!$A$37:$A$242,0),MATCH('面板-总览'!F$2,'面板-景气指数'!$36:$36,0)) -> 0.2537603 | G8: =INDEX('面板-景气指数'!$37:$242,MATCH('面板-总览'!$A8,'面板-景气指数'!$A$37:$A$242,0),MATCH('面板-总览'!G$2,'面板-景气指数'!$36:$36,0)) -> 0.25760361 | H8: =INDEX('面板-景气指数'!$37:$242,MATCH('面板-总览'!$A8,'面板-景气指数'!$A$37:$A$242,0),MATCH('面板-总览'!H$2,'面板-景气指数'!$36:$36,0)) -> 0.25369446 | I8: =INDEX('面板-景气指数'!$37:$242,MATCH('面板-总览'!$A8,'面板-景气指数'!$A$37:$A$242,0),MATCH('面板-总览'!I$2,'面板-景气指数'!$36:$36,0)) -> 0.26119798 | ... N8: =INDEX('面板-景气指数'!$37:$242,MATCH('面板-总览'!$A8,'面板-景气指数'!$A$37:$A$242,0),MATCH('面板-总览'!N$2,'面板-景气指数'!$36:$36,0)) -> 0.26686985
B9: =INDEX('面板-景气指数'!$37:$242,MATCH('面板-总览'!$A9,'面板-景气指数'!$A$37:$A$242,0),MATCH('面板-总览'!B$2,'面板-景气指数'!$36:$36,0)) -> 0.36539702 | C9: =INDEX('面板-景气指数'!$37:$242,MATCH('面板-总览'!$A9,'面板-景气指数'!$A$37:$A$242,0),MATCH('面板-总览'!C$2,'面板-景气指数'!$36:$36,0)) -> 0.30310761 | D9: =INDEX('面板-景气指数'!$37:$242,MATCH('面板-总览'!$A9,'面板-景气指数'!$A$37:$A$242,0),MATCH('面板-总览'!D$2,'面板-景气指数'!$36:$36,0)) -> 0.26956095 | E9: =INDEX('面板-景气指数'!$37:$242,MATCH('面板-总览'!$A9,'面板-景气指数'!$A$37:$A$242,0),MATCH('面板-总览'!E$2,'面板-景气指数'!$36:$36,0)) -> 0.21891265 | F9: =INDEX('面板-景气指数'!$37:$242,MATCH('面板-总览'!$A9,'面板-景气指数'!$A$37:$A$242,0),MATCH('面板-总览'!F$2,'面板-景气指数'!$36:$36,0)) -> 0.26957784 | G9: =INDEX('面板-景气指数'!$37:$242,MATCH('面板-总览'!$A9,'面板-景气指数'!$A$37:$A$242,0),MATCH('面板-总览'!G$2,'面板-景气指数'!$36:$36,0)) -> 0.29601372 | H9: =INDEX('面板-景气指数'!$37:$242,MATCH('面板-总览'!$A9,'面板-景气指数'!$A$37:$A$242,0),MATCH('面板-总览'!H$2,'面板-景气指数'!$36:$36,0)) -> 0.35192771 | I9: =INDEX('面板-景气指数'!$37:$242,MATCH('面板-总览'!$A9,'面板-景气指数'!$A$37:$A$242,0),MATCH('面板-总览'!I$2,'面板-景气指数'!$36:$36,0)) -> 0.42514267 | ... N9: =INDEX('面板-景气指数'!$37:$242,MATCH('面板-总览'!$A9,'面板-景气指数'!$A$37:$A$242,0),MATCH('面板-总览'!N$2,'面板-景气指数'!$36:$36,0)) -> 0.5185558
B10: =INDEX('面板-景气指数'!$37:$242,MATCH('面板-总览'!$A10,'面板-景气指数'!$A$37:$A$242,0),MATCH('面板-总览'!B$2,'面板-景气指数'!$36:$36,0)) -> 0.47734998 | C10: =INDEX('面板-景气指数'!$37:$242,MATCH('面板-总览'!$A10,'面板-景气指数'!$A$37:$A$242,0),MATCH('面板-总览'!C$2,'面板-景气指数'!$36:$36,0)) -> 0.50168186 | D10: =INDEX('面板-景气指数'!$37:$242,MATCH('面板-总览'!$A10,'面板-景气指数'!$A$37:$A$242,0),MATCH('面板-总览'!D$2,'面板-景气指数'!$36:$36,0)) -> 0.50472554 | E10: =INDEX('面板-景气指数'!$37:$242,MATCH('面板-总览'!$A10,'面板-景气指数'!$A$37:$A$242,0),MATCH('面板-总览'!E$2,'面板-景气指数'!$36:$36,0)) -> 0.47644901 | F10: =INDEX('面板-景气指数'!$37:$242,MATCH('面板-总览'!$A10,'面板-景气指数'!$A$37:$A$242,0),MATCH('面板-总览'!F$2,'面板-景气指数'!$36:$36,0)) -> 0.44502906 | G10: =INDEX('面板-景气指数'!$37:$242,MATCH('面板-总览'!$A10,'面板-景气指数'!$A$37:$A$242,0),MATCH('面板-总览'!G$2,'面板-景气指数'!$36:$36,0)) -> 0.41705813 | H10: =INDEX('面板-景气指数'!$37:$242,MATCH('面板-总览'!$A10,'面板-景气指数'!$A$37:$A$242,0),MATCH('面板-总览'!H$2,'面板-景气指数'!$36:$36,0)) -> 0.40768674 | I10: =INDEX('面板-景气指数'!$37:$242,MATCH('面板-总览'!$A10,'面板-景气指数'!$A$37:$A$242,0),MATCH('面板-总览'!I$2,'面板-景气指数'!$36:$36,0)) -> 0.4227109 | ... N10: =INDEX('面板-景气指数'!$37:$242,MATCH('面板-总览'!$A10,'面板-景气指数'!$A$37:$A$242,0),MATCH('面板-总览'!N$2,'面板-景气指数'!$36:$36,0)) -> 0.45549044
B11: =INDEX('面板-景气指数'!$37:$242,MATCH('面板-总览'!$A11,'面板-景气指数'!$A$37:$A$242,0),MATCH('面板-总览'!B$2,'面板-景气指数'!$36:$36,0)) -> 0.35345019 | C11: =INDEX('面板-景气指数'!$37:$242,MATCH('面板-总览'!$A11,'面板-景气指数'!$A$37:$A$242,0),MATCH('面板-总览'!C$2,'面板-景气指数'!$36:$36,0)) -> 0.3205133 | D11: =INDEX('面板-景气指数'!$37:$242,MATCH('面板-总览'!$A11,'面板-景气指数'!$A$37:$A$242,0),MATCH('面板-总览'!D$2,'面板-景气指数'!$36:$36,0)) -> 0.31676427 | E11: =INDEX('面板-景气指数'!$37:$242,MATCH('面板-总览'!$A11,'面板-景气指数'!$A$37:$A$242,0),MATCH('面板-总览'!E$2,'面板-景气指数'!$36:$36,0)) -> 0.29040137 | F11: =INDEX('面板-景气指数'!$37:$242,MATCH('面板-总览'!$A11,'面板-景气指数'!$A$37:$A$242,0),MATCH('面板-总览'!F$2,'面板-景气指数'!$36:$36,0)) -> 0.28238223 | G11: =INDEX('面板-景气指数'!$37:$242,MATCH('面板-总览'!$A11,'面板-景气指数'!$A$37:$A$242,0),MATCH('面板-总览'!G$2,'面板-景气指数'!$36:$36,0)) -> 0.28142789 | H11: =INDEX('面板-景气指数'!$37:$242,MATCH('面板-总览'!$A11,'面板-景气指数'!$A$37:$A$242,0),MATCH('面板-总览'!H$2,'面板-景气指数'!$36:$36,0)) -> 0.28988789 | I11: =INDEX('面板-景气指数'!$37:$242,MATCH('面板-总览'!$A11,'面板-景气指数'!$A$37:$A$242,0),MATCH('面板-总览'!I$2,'面板-景气指数'!$36:$36,0)) -> 0.2890373 | ... N11: =INDEX('面板-景气指数'!$37:$242,MATCH('面板-总览'!$A11,'面板-景气指数'!$A$37:$A$242,0),MATCH('面板-总览'!N$2,'面板-景气指数'!$36:$36,0)) -> 0.30929651
A24: 大类板块 | B24: 22年10月至今 | C24: 3M chg | D24: 45322 | E24: 45291 | F24: 45382 | G24: 45351 | H24: 45322 | I24: 45291 | J24: 45260 | K24: 45230 | L24: 45199 | M24: 45169 | N24: 45138 | O24: 45107 | P24: 45077 | Q24: 45046 | R24: 45016 | S24: 44985 | T24: 44957 | U24: 44926 | V24: 44895 | W24: 44865 | X24: 44834 | Y24: 44804 | Z24: 44773 | AA24: 44742 | AB24: 44712 | AC24: 44681 | AD24: 44651 | AE24: 44620 | AF24: 44592 | AG24: 44561 | AH24: 44530 | AI24: 44500 | AJ24: 44469 | AK24: 44439 | AL24: 44408 | AM24: 44377 | AN24: 44347 | AO24: 44316 | AP24: 44286 | AQ24: 44255 | AR24: 44227 | AS24: 44196 | AT24: 44165 | AU24: 44135 | AV24: 44104 | AW24: 44074 | AX24: 44043 | AY24: 44012 | AZ24: 43982 | BA24: 43951 | BB24: 43921 | BC24: 43890 | BD24: 43861 | BE24: 43830 | BF24: 43799 | BG24: 43769 | BH24: 43738 | BI24: 43708 | BJ24: 43677 | BK24: 43646 | BL24: 43616 | BM24: 43585 | BN24: 43555 | BO24: 43524 | BP24: 43496 | BQ24: 43465 | BR24: 43434 | BS24: 43404 | BT24: 43373 | BU24: 43343 | BV24: 43312 | BW24: 43281 | BX24: 43251 | BY24: 43220 | BZ24: 43190 | CA24: 43159 | CB24: 43131 | CC24: 43100 | CD24: 43069 | CE24: 43039 | CF24: 43008 | CG24: 42978 | CH24: 42947 | CI24: 42916 | CJ24: 42886 | CK24: 42855 | CL24: 42825 | CM24: 42794 | CN24: 42766 | CO24: 42735 | CP24: 42704 | CQ24: 42674 | CR24: 42643 | CS24: 42613 | CT24: 42582 | CU24: 42551 | CV24: 42521 | CW24: 42490 | CX24: 42460 | CY24: 42429 | CZ24: 42400
A25: 上游资源 | B25: =(F25-W25)*100 -> 0.11128101 | C25: =(F25-I25)*100 -> 4.4587464 | F25: =AVERAGE(F37:F39) -> 0.59042821 | G25: =AVERAGE(G37:G39) -> 0.57671654 | H25: =AVERAGE(H37:H39) -> 0.53059178 | I25: =AVERAGE(I37:I39) -> 0.54584075 | J25: =AVERAGE(J37:J39) -> 0.58953083 | K25: =AVERAGE(K37:K39) -> 0.65320345 | L25: =AVERAGE(L37:L39) -> 0.66888011 | M25: =AVERAGE(M37:M39) -> 0.6571637 | ... CZ25: =AVERAGE(CZ37:CZ39) -> 0.18282555
A26: 中游材料 | B26: =(F26-W26)*100 -> 6.1521693 | C26: =(F26-I26)*100 -> -7.4035081 | F26: =AVERAGE(F40:F42) -> 0.26570461 | G26: =AVERAGE(G40:G42) -> 0.27615698 | H26: =AVERAGE(H40:H42) -> 0.31400698 | I26: =AVERAGE(I40:I42) -> 0.33973969 | J26: =AVERAGE(J40:J42) -> 0.34541225 | K26: =AVERAGE(K40:K42) -> 0.32690611 | L26: =AVERAGE(L40:L42) -> 0.32503626 | M26: =AVERAGE(M40:M42) -> 0.32715781 | ... CZ26: =AVERAGE(CZ40:CZ42) -> 0.27962263
A27: 中游制造 | B27: =(F27-W27)*100 -> -9.8026621 | C27: =(F27-I27)*100 -> -1.670675 | F27: =AVERAGE(F43:F45) -> 0.42778092 | G27: =AVERAGE(G43:G45) -> 0.43951822 | H27: =AVERAGE(H43:H45) -> 0.44274841 | I27: =AVERAGE(I43:I45) -> 0.44448767 | J27: =AVERAGE(J43:J45) -> 0.41653797 | K27: =AVERAGE(K43:K45) -> 0.37896362 | L27: =AVERAGE(L43:L45) -> 0.34983412 | M27: =AVERAGE(M43:M45) -> 0.33149991 | ... CZ27: =AVERAGE(CZ43:CZ45) -> 0.39875477
A28: 必选消费 | B28: =(F28-W28)*100 -> -23.142815 | C28: =(F28-I28)*100 -> -0.93179124 | F28: =AVERAGE(F46:F48) -> 0.23555954 | G28: =AVERAGE(G46:G48) -> 0.2366744 | H28: =AVERAGE(H46:H48) -> 0.24601817 | I28: =AVERAGE(I46:I48) -> 0.24487745 | J28: =AVERAGE(J46:J48) -> 0.24102265 | K28: =AVERAGE(K46:K48) -> 0.24104186 | L28: =AVERAGE(L46:L48) -> 0.23543497 | M28: =AVERAGE(M46:M48) -> 0.24571537 | ... CZ28: =AVERAGE(CZ46:CZ48) -> 0.43387874
A29: 可选消费 | B29: =(F29-W29)*100 -> 17.459455 | C29: =(F29-I29)*100 -> -11.053346 | F29: =AVERAGE(F49:F55) -> 0.49251981 | G29: =AVERAGE(G49:G55) -> 0.55279198 | H29: =AVERAGE(H49:H55) -> 0.59807744 | I29: =AVERAGE(I49:I55) -> 0.60305327 | J29: =AVERAGE(J49:J55) -> 0.59112456 | K29: =AVERAGE(K49:K55) -> 0.55753959 | L29: =AVERAGE(L49:L55) -> 0.53317969 | M29: =AVERAGE(M49:M55) -> 0.47238326 | ... CZ29: =AVERAGE(CZ49:CZ55) -> 0.44461661
A30: TMT | B30: =(F30-W30)*100 -> 25.126897 | C30: =(F30-I30)*100 -> 2.3257625 | F30: =AVERAGE(F56:F59) -> 0.4659497 | G30: =AVERAGE(G56:G59) -> 0.44181216 | H30: =AVERAGE(H56:H59) -> 0.45171924 | I30: =AVERAGE(I56:I59) -> 0.44269207 | J30: =AVERAGE(J56:J59) -> 0.42054905 | K30: =AVERAGE(K56:K59) -> 0.4072938 | L30: =AVERAGE(L56:L59) -> 0.3829283 | M30: =AVERAGE(M56:M59) -> 0.36466915 | ... CZ30: =AVERAGE(CZ56:CZ59) -> 0.52521514
A31: 大金融 | B31: =(F31-W31)*100 -> 5.181247 | C31: =(F31-I31)*100 -> -0.27664545 | F31: =AVERAGE(F61:F62) -> 0.47911123 | G31: =AVERAGE(G61:G62) -> 0.48513616 | H31: =AVERAGE(H61:H62) -> 0.48670646 | I31: =AVERAGE(I61:I62) -> 0.48187769 | J31: =AVERAGE(J61:J62) -> 0.48040492 | K31: =AVERAGE(K61:K62) -> 0.49578764 | L31: =AVERAGE(L61:L62) -> 0.50604596 | M31: =AVERAGE(M61:M62) -> 0.52701904 | ... CZ31: =AVERAGE(CZ61:CZ62) -> 0.56396355
A32: 公共产业 | B32: =(F32-W32)*100 -> 32.452572 | C32: =(F32-I32)*100 -> 7.6271222 | D32: =_xlfn.STDEV.P(Q32:CZ32)*100 -> 14.850511 | F32: =AVERAGE(F64:F65) -> 0.56730381 | G32: =AVERAGE(G64:G65) -> 0.57131577 | H32: =AVERAGE(H64:H65) -> 0.53696883 | I32: =AVERAGE(I64:I65) -> 0.49103259 | J32: =AVERAGE(J64:J65) -> 0.46626731 | K32: =AVERAGE(K64:K65) -> 0.46196905 | L32: =AVERAGE(L64:L65) -> 0.42379267 | M32: =AVERAGE(M64:M65) -> 0.39619925 | ... CZ32: =AVERAGE(CZ64:CZ65) -> 0.42250179
A33: 全行业 | B33: =(F33-W33)*100 -> 4.0564493 | C33: =(F33-I33)*100 -> -1.5763674 | D33: =_xlfn.STDEV.P(Q33:CZ33)*100 -> 8.4525258 | F33: =SUMPRODUCT($E$37:$E$65,F37:F65) -> 0.39006134 | G33: =SUMPRODUCT($E$37:$E$65,G37:G65) -> 0.40661379 | H33: =SUMPRODUCT($E$37:$E$65,H37:H65) -> 0.40386031 | I33: =SUMPRODUCT($E$37:$E$65,I37:I65) -> 0.40582502 | J33: =SUMPRODUCT($E$37:$E$65,J37:J65) -> 0.41156334 | K33: =SUMPRODUCT($E$37:$E$65,K37:K65) -> 0.41808652 | L33: =SUMPRODUCT($E$37:$E$65,L37:L65) -> 0.40730953 | M33: =SUMPRODUCT($E$37:$E$65,M37:M65) -> 0.3855082 | ... CZ33: =SUMPRODUCT($E$37:$E$65,CZ37:CZ65) -> 0.35901233
A34: 全部非金融行业 | B34: =(F34-W34)*100 -> 4.1788021 | C34: =(F34-I34)*100 -> -1.7764174 | D34: =_xlfn.STDEV.P(Q34:CZ34)*100 -> 9.9829305 | F34: =(SUMPRODUCT($E$37:$E$65,F37:F65)-SUMPRODUCT($E$61:$E$62,F61:F62))/(1-SUM($E$61:$E$62)) -> 0.37684758 | G34: =(SUMPRODUCT($E$37:$E$65,G37:G65)-SUMPRODUCT($E$61:$E$62,G61:G62))/(1-SUM($E$61:$E$62)) -> 0.39515702 | H34: =(SUMPRODUCT($E$37:$E$65,H37:H65)-SUMPRODUCT($E$61:$E$62,H61:H62))/(1-SUM($E$61:$E$62)) -> 0.39182795 | I34: =(SUMPRODUCT($E$37:$E$65,I37:I65)-SUMPRODUCT($E$61:$E$62,I61:I62))/(1-SUM($E$61:$E$62)) -> 0.39461176 | J34: =(SUMPRODUCT($E$37:$E$65,J37:J65)-SUMPRODUCT($E$61:$E$62,J61:J62))/(1-SUM($E$61:$E$62)) -> 0.40136636 | K34: =(SUMPRODUCT($E$37:$E$65,K37:K65)-SUMPRODUCT($E$61:$E$62,K61:K62))/(1-SUM($E$61:$E$62)) -> 0.40708809 | L34: =(SUMPRODUCT($E$37:$E$65,L37:L65)-SUMPRODUCT($E$61:$E$62,L61:L62))/(1-SUM($E$61:$E$62)) -> 0.39358355 | M34: =(SUMPRODUCT($E$37:$E$65,M37:M65)-SUMPRODUCT($E$61:$E$62,M61:M62))/(1-SUM($E$61:$E$62)) -> 0.36660765 | ... CZ34: =(SUMPRODUCT($E$37:$E$65,CZ37:CZ65)-SUMPRODUCT($E$61:$E$62,CZ61:CZ62))/(1-SUM($E$61:$E$62)) -> 0.33554256
A36: 一级行业 | B36: 10月至今 | C36: 3M chg | D36: 标准差 | E36: 权重 | F36: 45382 | G36: 45351 | H36: 45322 | I36: 45291 | J36: 45260 | K36: 45230 | L36: 45199 | M36: 45169 | N36: 45138 | O36: 45107 | P36: 45077 | Q36: 45046 | R36: 45016 | S36: 44985 | T36: 44957 | U36: 44926 | V36: 44895 | W36: 44865 | X36: 44834 | Y36: 44804 | Z36: 44773 | AA36: 44742 | AB36: 44712 | AC36: 44681 | AD36: 44651 | AE36: 44620 | AF36: 44592 | AG36: 44561 | AH36: 44530 | AI36: 44500 | AJ36: 44469 | AK36: 44439 | AL36: 44408 | AM36: 44377 | AN36: 44347 | AO36: 44316 | AP36: 44286 | AQ36: 44255 | AR36: 44227 | AS36: 44196 | AT36: 44165 | AU36: 44135 | AV36: 44104 | AW36: 44074 | AX36: 44043 | AY36: 44012 | AZ36: 43982 | BA36: 43951 | BB36: 43921 | BC36: 43890 | BD36: 43861 | BE36: 43830 | BF36: 43799 | BG36: 43769 | BH36: 43738 | BI36: 43708 | BJ36: 43677 | BK36: 43646 | BL36: 43616 | BM36: 43585 | BN36: 43555 | BO36: 43524 | BP36: 43496 | BQ36: 43465 | BR36: 43434 | BS36: 43404 | BT36: 43373 | BU36: 43343 | BV36: 43312 | BW36: 43281 | BX36: 43251 | BY36: 43220 | BZ36: 43190 | CA36: 43159 | CB36: 43131 | CC36: 43100 | CD36: 43069 | CE36: 43039 | CF36: 43008 | CG36: 42978 | CH36: 42947 | CI36: 42916 | CJ36: 42886 | CK36: 42855 | CL36: 42825 | CM36: 42794 | CN36: 42766 | CO36: 42735 | CP36: 42704 | CQ36: 42674 | CR36: 42643 | CS36: 42613 | CT36: 42582 | CU36: 42551 | CV36: 42521 | CW36: 42490 | CX36: 42460 | CY36: 42429 | CZ36: 42400
A37: 石油石化 | B37: =(F37-W37)*100 -> -1.735 | C37: =(F37-I37)*100 -> 19.375 | D37: =_xlfn.STDEV.P(Q37:CZ37)*100 -> 19.508145 | E37: 0.11098673 | F37: 0.6364 | G37: 0.5932 | H37: 0.4781 | I37: 0.44265 | J37: 0.57095 | K37: 0.7284 | L37: 0.8029 | M37: 0.7512 | N37: 0.64515 | O37: 0.59605 | P37: 0.73925 | Q37: 0.76705 | R37: 0.7742 | S37: 0.6464 | T37: 0.6131 | U37: 0.545 | V37: 0.57455 | W37: 0.65375 | X37: 0.6924 | Y37: 0.68235 | Z37: 0.6925 | AA37: 0.6597 | AB37: 0.69 | AC37: 0.66895 | AD37: 0.72405 | AE37: 0.7868 | AF37: 0.87435 | AG37: 0.8253 | AH37: 0.7786 | AI37: 0.76765 | AJ37: 0.80695 | AK37: 0.7399 | AL37: 0.66725 | AM37: 0.57675 | AN37: 0.4602 | AO37: 0.37535 | AP37: 0.38225 | AQ37: 0.3675 | AR37: 0.35345 | AS37: 0.34005 | AT37: 0.2681 | AU37: 0.23715 | AV37: 0.17875 | AW37: 0.2041 | AX37: 0.2769 | AY37: 0.3075 | AZ37: 0.332 | BA37: 0.32365 | BB37: 0.26945 | BC37: 0.2779 | BD37: 0.32585 | BE37: 0.28055 | BF37: 0.2999 | BG37: 0.3141 | BH37: 0.32845 | BI37: 0.39535 | BJ37: 0.444 | BK37: 0.46395 | BL37: 0.4383 | BM37: 0.427 | BN37: 0.3959 | BO37: 0.44315 | BP37: 0.44025 | BQ37: 0.48095 | BR37: 0.5322 | BS37: 0.61835 | BT37: 0.6736 | BU37: 0.6601 | BV37: 0.62565 | BW37: 0.61935 | BX37: 0.64935 | BY37: 0.6716 | BZ37: 0.72235 | CA37: 0.7187 | CB37: 0.71115 | CC37: 0.66685 | CD37: 0.6203 | CE37: 0.56005 | CF37: 0.54475 | CG37: 0.5494 | CH37: 0.5358 | CI37: 0.5385 | CJ37: 0.48595 | CK37: 0.39735 | CL37: 0.2965 | CM37: 0.23125 | CN37: 0.2186 | CO37: 0.22995 | CP37: 0.2357 | CQ37: 0.19435 | CR37: 0.17515 | CS37: 0.15875 | CT37: 0.16475 | CU37: 0.1838 | CV37: 0.324 | CW37: 0.34485 | CX37: 0.3696 | CY37: 0.30655 | CZ37: 0.30375
A38: 煤炭 | B38: =(F38-W38)*100 -> -17.333333 | C38: =(F38-I38)*100 -> -6.9666667 | D38: =_xlfn.STDEV.P(Q38:CZ38)*100 -> 24.742773 | E38: 0.020655279 | F38: 0.64833333 | G38: 0.662 | H38: 0.67366667 | I38: 0.718 | J38: 0.69533333 | K38: 0.6625 | L38: 0.636 | M38: 0.624 | N38: 0.63483333 | O38: 0.67583333 | P38: 0.7745 | Q38: 0.83283333 | R38: 0.8505 | S38: 0.845 | T38: 0.809 | U38: 0.84616667 | V38: 0.8235 | W38: 0.82166667 | X38: 0.81833333 | Y38: 0.83016667 | Z38: 0.83716667 | AA38: 0.858 | AB38: 0.8445 | AC38: 0.9245 | AD38: 0.911 | AE38: 0.87366667 | AF38: 0.85683333 | AG38: 0.84466667 | AH38: 0.86083333 | AI38: 0.7865 | AJ38: 0.76366667 | AK38: 0.71533333 | AL38: 0.64833333 | AM38: 0.625 | AN38: 0.61366667 | AO38: 0.56716667 | AP38: 0.42866667 | AQ38: 0.4965 | AR38: 0.56433333 | AS38: 0.58433333 | AT38: 0.40483333 | AU38: 0.2425 | AV38: 0.1865 | AW38: 0.1705 | AX38: 0.157 | AY38: 0.1215 | AZ38: 0.1205 | BA38: 0.1355 | BB38: 0.12783333 | BC38: 0.163 | BD38: 0.15383333 | BE38: 0.20333333 | BF38: 0.29816667 | BG38: 0.33333333 | BH38: 0.35066667 | BI38: 0.384 | BJ38: 0.4115 | BK38: 0.457 | BL38: 0.4905 | BM38: 0.50766667 | BN38: 0.44833333 | BO38: 0.42466667 | BP38: 0.4165 | BQ38: 0.44516667 | BR38: 0.48966667 | BS38: 0.51166667 | BT38: 0.469 | BU38: 0.47233333 | BV38: 0.50483333 | BW38: 0.50983333 | BX38: 0.44483333 | BY38: 0.42666667 | BZ38: 0.52016667 | CA38: 0.54716667 | CB38: 0.5405 | CC38: 0.52333333 | CD38: 0.5285 | CE38: 0.53216667 | CF38: 0.508 | CG38: 0.42466667 | CH38: 0.29916667 | CI38: 0.26816667 | CJ38: 0.31066667 | CK38: 0.39583333 | CL38: 0.42133333 | CM38: 0.38733333 | CN38: 0.38216667 | CO38: 0.462 | CP38: 0.44 | CQ38: 0.31916667 | CR38: 0.17633333 | CS38: 0.1425 | CT38: 0.13416667 | CU38: 0.12583333 | CV38: 0.11666667 | CW38: 0.10833333 | CX38: 0.096666667 | CY38: 0.088333333 | CZ38: 0.09
A39: 有色金属 | B39: =(F39-W39)*100 -> 19.402176 | C39: =(F39-I39)*100 -> 0.96790578 | D39: =_xlfn.STDEV.P(Q39:CZ39)*100 -> 20.571219 | E39: 0.046589329 | F39: 0.48655131 | G39: 0.47494962 | H39: 0.44000867 | I39: 0.47687225 | J39: 0.50230916 | K39: 0.56871034 | L39: 0.56774032 | M39: 0.59629111 | N39: 0.50920196 | O39: 0.43724984 | P39: 0.31641399 | Q39: 0.27038534 | R39: 0.30173882 | S39: 0.35976192 | T39: 0.4079088 | U39: 0.40009986 | V39: 0.33359593 | W39: 0.29252954 | X39: 0.29354376 | Y39: 0.29680502 | Z39: 0.34433952 | AA39: 0.42512558 | AB39: 0.56627995 | AC39: 0.63511792 | AD39: 0.69580941 | AE39: 0.68893789 | AF39: 0.66911343 | AG39: 0.66753019 | AH39: 0.70802733 | AI39: 0.70799516 | AJ39: 0.67635951 | AK39: 0.68633374 | AL39: 0.7720463 | AM39: 0.82115935 | AN39: 0.84068283 | AO39: 0.85587731 | AP39: 0.82953381 | AQ39: 0.78405225 | AR39: 0.69814291 | AS39: 0.62933675 | AT39: 0.59733987 | AU39: 0.55179329 | AV39: 0.54777475 | AW39: 0.54645631 | AX39: 0.50290362 | AY39: 0.38405199 | AZ39: 0.25945467 | BA39: 0.22035171 | BB39: 0.21733201 | BC39: 0.27641317 | BD39: 0.3519131 | BE39: 0.36296353 | BF39: 0.3572391 | BG39: 0.36592228 | BH39: 0.37681372 | BI39: 0.37471 | BJ39: 0.3159083 | BK39: 0.26123088 | BL39: 0.23827433 | BM39: 0.26619227 | BN39: 0.27141157 | BO39: 0.2296039 | BP39: 0.22241447 | BQ39: 0.21673778 | BR39: 0.22366003 | BS39: 0.21293617 | BT39: 0.22685931 | BU39: 0.33383206 | BV39: 0.50794378 | BW39: 0.60068723 | BX39: 0.63553278 | BY39: 0.62207135 | BZ39: 0.58178149 | CA39: 0.6197283 | CB39: 0.60694601 | CC39: 0.63624835 | CD39: 0.706497 | CE39: 0.74833895 | CF39: 0.76842574 | CG39: 0.71845268 | CH39: 0.69251517 | CI39: 0.66661379 | CJ39: 0.69819684 | CK39: 0.71157531 | CL39: 0.74286552 | CM39: 0.76307561 | CN39: 0.78614376 | CO39: 0.79427724 | CP39: 0.7486662 | CQ39: 0.69029388 | CR39: 0.61939879 | CS39: 0.54462619 | CT39: 0.42995344 | CU39: 0.33143391 | CV39: 0.26721543 | CW39: 0.27535899 | CX39: 0.27344627 | CY39: 0.20331818 | CZ39: 0.15472664
A40: 基础化工 | B40: =(F40-W40)*100 -> -15.124453 | C40: =(F40-I40)*100 -> -4.6615933 | D40: =_xlfn.STDEV.P(Q40:CZ40)*100 -> 15.835828 | E40: 0.028938874 | F40: 0.29217727 | G40: 0.28263184 | H40: 0.31644587 | I40: 0.33879321 | J40: 0.36605606 | K40: 0.36500388 | L40: 0.37019438 | M40: 0.36400093 | N40: 0.30313351 | O40: 0.23645825 | P40: 0.19729741 | Q40: 0.20050759 | R40: 0.28766882 | S40: 0.35653821 | T40: 0.42531387 | U40: 0.44895918 | V40: 0.43047181 | W40: 0.4434218 | X40: 0.46371313 | Y40: 0.49426488 | Z40: 0.5286639 | AA40: 0.58038656 | AB40: 0.65068384 | AC40: 0.67841651 | AD40: 0.6726052 | AE40: 0.67595542 | AF40: 0.67662899 | AG40: 0.71870244 | AH40: 0.74873874 | AI40: 0.77557304 | AJ40: 0.77090142 | AK40: 0.77772401 | AL40: 0.76117998 | AM40: 0.74977045 | AN40: 0.73755918 | AO40: 0.73103937 | AP40: 0.72616629 | AQ40: 0.64998716 | AR40: 0.58527544 | AS40: 0.53399604 | AT40: 0.53485437 | AU40: 0.47870386 | AV40: 0.41330956 | AW40: 0.33278923 | AX40: 0.30043663 | AY40: 0.28715161 | AZ40: 0.26545657 | BA40: 0.2341257 | BB40: 0.22769054 | BC40: 0.25292313 | BD40: 0.31122109 | BE40: 0.34918041 | BF40: 0.35351143 | BG40: 0.36280377 | BH40: 0.35394416 | BI40: 0.37606949 | BJ40: 0.38897677 | BK40: 0.40684162 | BL40: 0.42653931 | BM40: 0.44468304 | BN40: 0.44806226 | BO40: 0.43797126 | BP40: 0.42714092 | BQ40: 0.45553854 | BR40: 0.46814663 | BS40: 0.5111947 | BT40: 0.56948778 | BU40: 0.6168954 | BV40: 0.6487477 | BW40: 0.6560417 | BX40: 0.67247175 | BY40: 0.65678683 | BZ40: 0.65493474 | CA40: 0.63056793 | CB40: 0.63273041 | CC40: 0.62226248 | CD40: 0.62888049 | CE40: 0.66261209 | CF40: 0.71015784 | CG40: 0.73200148 | CH40: 0.7048964 | CI40: 0.66613941 | CJ40: 0.62450608 | CK40: 0.63283049 | CL40: 0.6449955 | CM40: 0.66335344 | CN40: 0.67065112 | CO40: 0.63934299 | CP40: 0.59983285 | CQ40: 0.54402675 | CR40: 0.49361878 | CS40: 0.41780727 | CT40: 0.37918047 | CU40: 0.34155405 | CV40: 0.3378851 | CW40: 0.3523758 | CX40: 0.36278628 | CY40: 0.3589496 | CZ40: 0.33949324
A41: 钢铁 | B41: =(F41-W41)*100 -> 17.489147 | C41: =(F41-I41)*100 -> -11.230179 | D41: =_xlfn.STDEV.P(Q41:CZ41)*100 -> 20.898965 | E41: 0.031889485 | F41: 0.23806672 | G41: 0.24664028 | H41: 0.30124616 | I41: 0.35036851 | J41: 0.36832561 | K41: 0.35451646 | L41: 0.35121995 | M41: 0.35986888 | N41: 0.30860179 | O41: 0.22800262 | P41: 0.16319651 | Q41: 0.15995321 | R41: 0.21410132 | S41: 0.21499591 | T41: 0.1564197 | U41: 0.099985716 | V41: 0.074890343 | W41: 0.063175249 | X41: 0.072804195 | Y41: 0.061472328 | Z41: 0.09400625 | AA41: 0.12874398 | AB41: 0.25672278 | AC41: 0.3969205 | AD41: 0.50014947 | AE41: 0.57553941 | AF41: 0.59008567 | AG41: 0.58025777 | AH41: 0.59951236 | AI41: 0.62990323 | AJ41: 0.66906325 | AK41: 0.58408918 | AL41: 0.51259086 | AM41: 0.61982579 | AN41: 0.67683523 | AO41: 0.67366313 | AP41: 0.5305379 | AQ41: 0.49722205 | AR41: 0.53273416 | AS41: 0.55751457 | AT41: 0.51481685 | AU41: 0.46748118 | AV41: 0.46069931 | AW41: 0.46618701 | AX41: 0.47325743 | AY41: 0.45785802 | AZ41: 0.43383944 | BA41: 0.41279988 | BB41: 0.42101619 | BC41: 0.48356446 | BD41: 0.56048099 | BE41: 0.53756933 | BF41: 0.46606347 | BG41: 0.37238642 | BH41: 0.3293189 | BI41: 0.3432202 | BJ41: 0.40895564 | BK41: 0.51570558 | BL41: 0.58159849 | BM41: 0.59837912 | BN41: 0.56076288 | BO41: 0.51318346 | BP41: 0.48630143 | BQ41: 0.49665494 | BR41: 0.58363391 | BS41: 0.65520761 | BT41: 0.69867718 | BU41: 0.71156703 | BV41: 0.73772032 | BW41: 0.7693739 | BX41: 0.79442862 | BY41: 0.72752258 | BZ41: 0.67409902 | CA41: 0.65191106 | CB41: 0.73987424 | CC41: 0.77845878 | CD41: 0.81475116 | CE41: 0.8459851 | CF41: 0.88051553 | CG41: 0.90355159 | CH41: 0.89336477 | CI41: 0.8351349 | CJ41: 0.76096286 | CK41: 0.74362186 | CL41: 0.75559871 | CM41: 0.75324331 | CN41: 0.69743126 | CO41: 0.67598042 | CP41: 0.64757264 | CQ41: 0.60259655 | CR41: 0.57685033 | CS41: 0.57900512 | CT41: 0.55742235 | CU41: 0.52895344 | CV41: 0.5602703 | CW41: 0.52687739 | CX41: 0.39870718 | CY41: 0.24992584 | CZ41: 0.16848193
A42: 建筑材料 | B42: =(F42-W42)*100 -> 16.091814 | C42: =(F42-I42)*100 -> -6.3187514 | D42: =_xlfn.STDEV.P(Q42:CZ42)*100 -> 18.842605 | E42: 0.011535392 | F42: 0.26686985 | G42: 0.29919881 | H42: 0.32432892 | I42: 0.33005736 | J42: 0.30185509 | K42: 0.26119798 | L42: 0.25369446 | M42: 0.25760361 | N42: 0.2537603 | O42: 0.25206015 | P42: 0.2485819 | Q42: 0.273204 | R42: 0.26046305 | S42: 0.22929303 | T42: 0.1590025 | U42: 0.092188591 | V42: 0.083769606 | W42: 0.10595171 | X42: 0.13474734 | Y42: 0.23176089 | Z42: 0.27194489 | AA42: 0.3173958 | AB42: 0.38863604 | AC42: 0.45284924 | AD42: 0.54665886 | AE42: 0.62946677 | AF42: 0.64202718 | AG42: 0.66422878 | AH42: 0.77694277 | AI42: 0.886818 | AJ42: 0.87035927 | AK42: 0.7585351 | AL42: 0.69042978 | AM42: 0.75767658 | AN42: 0.83433689 | AO42: 0.7773411 | AP42: 0.71195663 | AQ42: 0.58840558 | AR42: 0.5452248 | AS42: 0.53956043 | AT42: 0.52840265 | AU42: 0.53203156 | AV42: 0.46422748 | AW42: 0.37144012 | AX42: 0.35341985 | AY42: 0.36152899 | AZ42: 0.32909985 | BA42: 0.28319187 | BB42: 0.26148358 | BC42: 0.34022071 | BD42: 0.44576354 | BE42: 0.57363979 | BF42: 0.54955363 | BG42: 0.54084789 | BH42: 0.49293577 | BI42: 0.40013662 | BJ42: 0.33849987 | BK42: 0.35426682 | BL42: 0.43056066 | BM42: 0.44827656 | BN42: 0.46273949 | BO42: 0.43716455 | BP42: 0.5688661 | BQ42: 0.63060555 | BR42: 0.65708069 | BS42: 0.67167634 | BT42: 0.64885743 | BU42: 0.61962861 | BV42: 0.62862242 | BW42: 0.67574691 | BX42: 0.67274032 | BY42: 0.66484115 | BZ42: 0.63315119 | CA42: 0.66948665 | CB42: 0.74556332 | CC42: 0.72755171 | CD42: 0.63703216 | CE42: 0.5815124 | CF42: 0.61873636 | CG42: 0.62324356 | CH42: 0.63579658 | CI42: 0.66298442 | CJ42: 0.69621657 | CK42: 0.74751942 | CL42: 0.75532488 | CM42: 0.74620082 | CN42: 0.72632023 | CO42: 0.70971156 | CP42: 0.69840184 | CQ42: 0.66612467 | CR42: 0.62552001 | CS42: 0.56347902 | CT42: 0.54044197 | CU42: 0.48199274 | CV42: 0.4323558 | CW42: 0.40075648 | CX42: 0.40888501 | CY42: 0.39613905 | CZ42: 0.33089273
A43: 机械设备 | B43: =(F43-W43)*100 -> 13.27531 | C43: =(F43-I43)*100 -> -2.1487394 | D43: =_xlfn.STDEV.P(Q43:CZ43)*100 -> 18.007698 | E43: 0.026998238 | F43: 0.5185558 | G43: 0.5185558 | H43: 0.54828112 | I43: 0.5400432 | J43: 0.49422051 | K43: 0.42514267 | L43: 0.35192771 | M43: 0.29601372 | N43: 0.26957784 | O43: 0.21891265 | P43: 0.26956095 | Q43: 0.30310761 | R43: 0.36539702 | S43: 0.35855475 | T43: 0.2987566 | U43: 0.23923797 | V43: 0.33277704 | W43: 0.3858027 | X43: 0.4454624 | Y43: 0.41735948 | Z43: 0.38661436 | AA43: 0.41828796 | AB43: 0.39478871 | AC43: 0.43630176 | AD43: 0.46605298 | AE43: 0.4948352 | AF43: 0.53431513 | AG43: 0.44212379 | AH43: 0.4420356 | AI43: 0.4921165 | AJ43: 0.58201673 | AK43: 0.64554792 | AL43: 0.69123414 | AM43: 0.71483934 | AN43: 0.75062958 | AO43: 0.82638032 | AP43: 0.93192053 | AQ43: 0.9684809 | AR43: 0.91366745 | AS43: 0.84672071 | AT43: 0.79656696 | AU43: 0.76246236 | AV43: 0.66260393 | AW43: 0.63170192 | AX43: 0.60261336 | AY43: 0.58036395 | AZ43: 0.57420293 | BA43: 0.4077421 | BB43: 0.31077721 | BC43: 0.18465378 | BD43: 0.35441736 | BE43: 0.39003148 | BF43: 0.43045763 | BG43: 0.38470009 | BH43: 0.3291867 | BI43: 0.33300823 | BJ43: 0.35734679 | BK43: 0.33075297 | BL43: 0.2626229 | BM43: 0.26286899 | BN43: 0.31380209 | BO43: 0.39589888 | BP43: 0.25373695 | BQ43: 0.23798181 | BR43: 0.29371379 | BS43: 0.31735243 | BT43: 0.34124212 | BU43: 0.34220646 | BV43: 0.36016997 | BW43: 0.42636725 | BX43: 0.48284199 | BY43: 0.50524919 | BZ43: 0.45859351 | CA43: 0.50805111 | CB43: 0.55766395 | CC43: 0.63590914 | CD43: 0.60415404 | CE43: 0.63714117 | CF43: 0.65009696 | CG43: 0.68780602 | CH43: 0.69860071 | CI43: 0.72205832 | CJ43: 0.7145572 | CK43: 0.70188833 | CL43: 0.70605187 | CM43: 0.6837738 | CN43: 0.73096985 | CO43: 0.69956027 | CP43: 0.68653782 | CQ43: 0.69790505 | CR43: 0.66610647 | CS43: 0.61305626 | CT43: 0.52760362 | CU43: 0.43968428 | CV43: 0.40477185 | CW43: 0.41806365 | CX43: 0.45035219 | CY43: 0.45707776 | CZ43: 0.28659129
A44: 电力设备 | B44: =(F44-W44)*100 -> -15.378718 | C44: =(F44-I44)*100 -> -1.7629702 | D44: =_xlfn.STDEV.P(Q44:CZ44)*100 -> 17.995291 | E44: 0.050000753 | F44: 0.45549044 | G44: 0.45183099 | H44: 0.46000405 | I44: 0.47312014 | J44: 0.45681005 | K44: 0.4227109 | L44: 0.40768674 | M44: 0.41705813 | N44: 0.44502906 | O44: 0.47644901 | P44: 0.50472554 | Q44: 0.50168186 | R44: 0.47734998 | S44: 0.40833458 | T44: 0.38037146 | U44: 0.47556698 | V44: 0.54193697 | W44: 0.60927763 | X44: 0.63860829 | Y44: 0.67781868 | Z44: 0.68552191 | AA44: 0.67566287 | AB44: 0.65187986 | AC44: 0.68145496 | AD44: 0.79805432 | AE44: 0.83380722 | AF44: 0.77453644 | AG44: 0.59644089 | AH44: 0.58564083 | AI44: 0.60647843 | AJ44: 0.64245279 | AK44: 0.64989477 | AL44: 0.666484 | AM44: 0.69380972 | AN44: 0.74089617 | AO44: 0.76365431 | AP44: 0.80754157 | AQ44: 0.79950573 | AR44: 0.72222056 | AS44: 0.54222169 | AT44: 0.471834 | AU44: 0.43228182 | AV44: 0.36637674 | AW44: 0.29148288 | AX44: 0.23340862 | AY44: 0.20077687 | AZ44: 0.15653866 | BA44: 0.12315817 | BB44: 0.098718584 | BC44: 0.090630156 | BD44: 0.12119279 | BE44: 0.27403781 | BF44: 0.26536183 | BG44: 0.24100844 | BH44: 0.22758132 | BI44: 0.21883889 | BJ44: 0.22342748 | BK44: 0.24900841 | BL44: 0.29317634 | BM44: 0.30473347 | BN44: 0.3357568 | BO44: 0.36076705 | BP44: 0.3789123 | BQ44: 0.40053758 | BR44: 0.37619368 | BS44: 0.36346777 | BT44: 0.34947319 | BU44: 0.35098883 | BV44: 0.36959197 | BW44: 0.4142395 | BX44: 0.42789399 | BY44: 0.46573195 | BZ44: 0.50089087 | CA44: 0.59020847 | CB44: 0.57578717 | CC44: 0.52662227 | CD44: 0.5133875 | CE44: 0.55994269 | CF44: 0.59448132 | CG44: 0.60025133 | CH44: 0.56594693 | CI44: 0.55018334 | CJ44: 0.5428579 | CK44: 0.53854819 | CL44: 0.53584362 | CM44: 0.48158242 | CN44: 0.55956562 | CO44: 0.56687503 | CP44: 0.59096541 | CQ44: 0.59413865 | CR44: 0.60408775 | CS44: 0.61722609 | CT44: 0.60561533 | CU44: 0.61603305 | CV44: 0.61926437 | CW44: 0.6402344 | CX44: 0.60035521 | CY44: 0.58405575 | CZ44: 0.57978731
A45: 国防军工 | B45: =(F45-W45)*100 -> -27.304578 | C45: =(F45-I45)*100 -> -1.1003154 | D45: =_xlfn.STDEV.P(Q45:CZ45)*100 -> 14.223193 | E45: 0.0087554527 | F45: 0.30929651 | G45: 0.34816786 | H45: 0.31996005 | I45: 0.32029966 | J45: 0.29858333 | K45: 0.2890373 | L45: 0.28988789 | M45: 0.28142789 | N45: 0.28238223 | O45: 0.29040137 | P45: 0.31676427 | Q45: 0.3205133 | R45: 0.35345019 | S45: 0.37033996 | T45: 0.47041019 | U45: 0.53465505 | V45: 0.54494584 | W45: 0.58234229 | X45: 0.61381895 | Y45: 0.63254326 | Z45: 0.65660622 | AA45: 0.6719543 | AB45: 0.68781292 | AC45: 0.71871999 | AD45: 0.78528705 | AE45: 0.81873653 | AF45: 0.82976267 | AG45: 0.80878676 | AH45: 0.80925813 | AI45: 0.82899943 | AJ45: 0.84514155 | AK45: 0.80414316 | AL45: 0.81061517 | AM45: 0.72579182 | AN45: 0.69091912 | AO45: 0.60459452 | AP45: 0.57508045 | AQ45: 0.57899908 | AR45: 0.54596085 | AS45: 0.51249613 | AT45: 0.4467096 | AU45: 0.43571049 | AV45: 0.40433929 | AW45: 0.40012949 | AX45: 0.3752949 | AY45: 0.38890808 | AZ45: 0.37811875 | BA45: 0.41571316 | BB45: 0.40450699 | BC45: 0.37348352 | BD45: 0.38385061 | BE45: 0.36436792 | BF45: 0.35711321 | BG45: 0.36448854 | BH45: 0.3825761 | BI45: 0.40239687 | BJ45: 0.44300017 | BK45: 0.46839436 | BL45: 0.45994651 | BM45: 0.45848546 | BN45: 0.49393228 | BO45: 0.56730502 | BP45: 0.65964917 | BQ45: 0.65763577 | BR45: 0.65265683 | BS45: 0.58960586 | BT45: 0.55365064 | BU45: 0.56330587 | BV45: 0.51110941 | BW45: 0.50279277 | BX45: 0.49079969 | BY45: 0.53772914 | BZ45: 0.50577781 | CA45: 0.51614327 | CB45: 0.50845645 | CC45: 0.52971802 | CD45: 0.54125978 | CE45: 0.6063552 | CF45: 0.61141014 | CG45: 0.6156359 | CH45: 0.60319304 | CI45: 0.56560512 | CJ45: 0.52135976 | CK45: 0.4572913 | CL45: 0.46448679 | CM45: 0.43608628 | CN45: 0.50340637 | CO45: 0.43939348 | CP45: 0.43921409 | CQ45: 0.35254622 | CR45: 0.34043458 | CS45: 0.31920336 | CT45: 0.37004143 | CU45: 0.37317744 | CV45: 0.38107509 | CW45: 0.3712203 | CX45: 0.39473606 | CY45: 0.36630424 | CZ45: 0.32988571
A46: 农林牧渔 | B46: =(F46-W46)*100 -> -62.003793 | C46: =(F46-I46)*100 -> -2.2662999 | D46: =_xlfn.STDEV.P(Q46:CZ46)*100 -> 13.777998 | E46: 0.016969776 | F46: 0.11322438 | G46: 0.1132718 | H46: 0.11216941 | I46: 0.13588738 | J46: 0.14109128 | K46: 0.15384665 | L46: 0.20650992 | M46: 0.24071517 | N46: 0.22442499 | O46: 0.18107007 | P46: 0.18332428 | Q46: 0.22292741 | R46: 0.30418053 | S46: 0.3622658 | T46: 0.44080338 | U46: 0.54121542 | V46: 0.65884734 | W46: 0.73326231 | X46: 0.7341939 | Y46: 0.69123456 | Z46: 0.64791065 | AA46: 0.61593079 | AB46: 0.54348622 | AC46: 0.51272849 | AD46: 0.49525431 | AE46: 0.49603232 | AF46: 0.54120752 | AG46: 0.6186138 | AH46: 0.63389612 | AI46: 0.5922051 | AJ46: 0.5814268 | AK46: 0.58519595 | AL46: 0.64217613 | AM46: 0.69732557 | AN46: 0.73992444 | AO46: 0.78817974 | AP46: 0.81496232 | AQ46: 0.88078195 | AR46: 0.83565382 | AS46: 0.79731808 | AT46: 0.76607195 | AU46: 0.75997292 | AV46: 0.75029625 | AW46: 0.74936277 | AX46: 0.71033649 | AY46: 0.68456458 | AZ46: 0.68320708 | BA46: 0.67063116 | BB46: 0.68038244 | BC46: 0.61000573 | BD46: 0.58214262 | BE46: 0.53517079 | BF46: 0.52112513 | BG46: 0.55958401 | BH46: 0.57850101 | BI46: 0.57888951 | BJ46: 0.54901234 | BK46: 0.51639925 | BL46: 0.48365695 | BM46: 0.42463468 | BN46: 0.38031983 | BO46: 0.37178446 | BP46: 0.39612162 | BQ46: 0.42089507 | BR46: 0.43359285 | BS46: 0.46144888 | BT46: 0.46243197 | BU46: 0.42747737 | BV46: 0.41845415 | BW46: 0.40065896 | BX46: 0.39390154 | BY46: 0.39834826 | BZ46: 0.44675474 | CA46: 0.4815567 | CB46: 0.50599882 | CC46: 0.46771008 | CD46: 0.44220388 | CE46: 0.40351015 | CF46: 0.37625151 | CG46: 0.35089686 | CH46: 0.35434547 | CI46: 0.37642677 | CJ46: 0.43629529 | CK46: 0.52334407 | CL46: 0.56009656 | CM46: 0.55595307 | CN46: 0.54344634 | CO46: 0.57782038 | CP46: 0.55427839 | CQ46: 0.54504503 | CR46: 0.51159381 | CS46: 0.4896394 | CT46: 0.4981193 | CU46: 0.50536063 | CV46: 0.50416388 | CW46: 0.45324259 | CX46: 0.40708445 | CY46: 0.34159631 | CZ46: 0.30213129
A47: 食品饮料 | B47: =(F47-W47)*100 -> -2.9707052 | C47: =(F47-I47)*100 -> 1.2084676 | D47: =_xlfn.STDEV.P(Q47:CZ47)*100 -> 11.935914 | E47: 0.013217009 | F47: 0.36871466 | G47: 0.36630916 | H47: 0.36367116 | I47: 0.35662999 | J47: 0.3467967 | K47: 0.31715787 | L47: 0.27113135 | M47: 0.25973161 | N47: 0.25662555 | O47: 0.30963971 | P47: 0.32309401 | Q47: 0.33289853 | R47: 0.34366576 | S47: 0.33435333 | T47: 0.29487268 | U47: 0.31191923 | V47: 0.34441118 | W47: 0.39842171 | X47: 0.43896093 | Y47: 0.46763989 | Z47: 0.48317939 | AA47: 0.51785419 | AB47: 0.54399303 | AC47: 0.54477372 | AD47: 0.57361278 | AE47: 0.58594287 | AF47: 0.62838272 | AG47: 0.63893546 | AH47: 0.67020512 | AI47: 0.71510533 | AJ47: 0.74073253 | AK47: 0.7475763 | AL47: 0.74890059 | AM47: 0.74095926 | AN47: 0.71940214 | AO47: 0.72326636 | AP47: 0.73270521 | AQ47: 0.72006428 | AR47: 0.66406536 | AS47: 0.39609157 | AT47: 0.37793481 | AU47: 0.34007664 | AV47: 0.32051102 | AW47: 0.30824059 | AX47: 0.32450732 | AY47: 0.33662365 | AZ47: 0.35019993 | BA47: 0.3544167 | BB47: 0.36036726 | BC47: 0.39304918 | BD47: 0.49454447 | BE47: 0.55963228 | BF47: 0.5512371 | BG47: 0.55091432 | BH47: 0.53887496 | BI47: 0.53026591 | BJ47: 0.52697365 | BK47: 0.52653089 | BL47: 0.52162337 | BM47: 0.50049213 | BN47: 0.47337829 | BO47: 0.44745668 | BP47: 0.43726643 | BQ47: 0.43057133 | BR47: 0.45208911 | BS47: 0.46876345 | BT47: 0.48473563 | BU47: 0.51011207 | BV47: 0.51879617 | BW47: 0.53421913 | BX47: 0.55591916 | BY47: 0.55022181 | BZ47: 0.56739732 | CA47: 0.58033006 | CB47: 0.57310859 | CC47: 0.58865626 | CD47: 0.61791811 | CE47: 0.63404222 | CF47: 0.63768343 | CG47: 0.63325247 | CH47: 0.64124104 | CI47: 0.63638499 | CJ47: 0.63115189 | CK47: 0.62732752 | CL47: 0.615548 | CM47: 0.60448751 | CN47: 0.59133252 | CO47: 0.57072886 | CP47: 0.53891545 | CQ47: 0.51386891 | CR47: 0.49807583 | CS47: 0.47942509 | CT47: 0.47224752 | CU47: 0.47197026 | CV47: 0.46801272 | CW47: 0.47014738 | CX47: 0.46317468 | CY47: 0.47422568 | CZ47: 0.47327727
A48: 医药生物 | B48: =(F48-W48)*100 -> -4.453948 | C48: =(F48-I48)*100 -> -1.7375413 | D48: =_xlfn.STDEV.P(Q48:CZ48)*100 -> 16.934334 | E48: 0.034629266 | F48: 0.22473958 | G48: 0.23044224 | H48: 0.26221393 | I48: 0.24211499 | J48: 0.23517998 | K48: 0.25212105 | L48: 0.22866365 | M48: 0.23669935 | N48: 0.25585745 | O48: 0.25172913 | P48: 0.24136964 | Q48: 0.25237578 | R48: 0.36205903 | S48: 0.40715784 | T48: 0.41064066 | U48: 0.38619654 | V48: 0.40291391 | W48: 0.26927906 | X48: 0.24786286 | Y48: 0.21690446 | Z48: 0.26110595 | AA48: 0.28336855 | AB48: 0.30217351 | AC48: 0.38467687 | AD48: 0.37705386 | AE48: 0.50007579 | AF48: 0.62753858 | AG48: 0.74998871 | AH48: 0.72079362 | AI48: 0.71619525 | AJ48: 0.70862813 | AK48: 0.72316036 | AL48: 0.70867533 | AM48: 0.67627872 | AN48: 0.66857896 | AO48: 0.70504834 | AP48: 0.8033865 | AQ48: 0.83291447 | AR48: 0.79075862 | AS48: 0.67456433 | AT48: 0.64838794 | AU48: 0.54274318 | AV48: 0.42055449 | AW48: 0.35422081 | AX48: 0.34159926 | AY48: 0.32701027 | AZ48: 0.34327056 | BA48: 0.32087551 | BB48: 0.29480538 | BC48: 0.31691438 | BD48: 0.25497358 | BE48: 0.30419108 | BF48: 0.29923507 | BG48: 0.31353184 | BH48: 0.33982753 | BI48: 0.3752643 | BJ48: 0.40176253 | BK48: 0.44107677 | BL48: 0.44190803 | BM48: 0.43572255 | BN48: 0.43771447 | BO48: 0.4048008 | BP48: 0.43744792 | BQ48: 0.42791551 | BR48: 0.44855803 | BS48: 0.46774011 | BT48: 0.46318146 | BU48: 0.44910189 | BV48: 0.45389036 | BW48: 0.47644525 | BX48: 0.5233176 | BY48: 0.58258128 | BZ48: 0.62444814 | CA48: 0.65694026 | CB48: 0.75413336 | CC48: 0.75181082 | CD48: 0.75233 | CE48: 0.76710731 | CF48: 0.75964405 | CG48: 0.76197963 | CH48: 0.7478746 | CI48: 0.74060147 | CJ48: 0.73543095 | CK48: 0.69194337 | CL48: 0.65774475 | CM48: 0.63661638 | CN48: 0.56848892 | CO48: 0.60876163 | CP48: 0.62302514 | CQ48: 0.63817508 | CR48: 0.61677284 | CS48: 0.55891427 | CT48: 0.54594366 | CU48: 0.56745377 | CV48: 0.62269037 | CW48: 0.67605972 | CX48: 0.60976678 | CY48: 0.61307054 | CZ48: 0.52622765
... A67: 建筑 | B67: =(F67-W67)*100 -> -11.0775 | C67: =(F67-I67)*100 -> -2.3025 | D67: =_xlfn.STDEV.P(Q67:CZ67)*100 -> 16.870796 | E67: 0.12685618 | F67: 0.271025 | G67: 0.2839 | H67: 0.267225 | I67: 0.29405 | J67: 0.2731 | K67: 0.3247 | L67: 0.332975 | M67: 0.301525 | N67: 0.238675 | O67: 0.231575 | P67: 0.354275 | Q67: 0.5671 | R67: 0.634375 | S67: 0.489425 | T67: 0.2869 | U67: 0.226825 | V67: 0.319875 | W67: 0.3818 | X67: 0.37445 | Y67: 0.352625 | Z67: 0.327175 | AA67: 0.3001 | AB67: 0.31635 | AC67: 0.329525 | AD67: 0.378875 | AE67: 0.422075 | AF67: 0.409025 | AG67: 0.396225 | AH67: 0.347575 | AI67: 0.343725 | AJ67: 0.399825 | AK67: 0.4511 | AL67: 0.535425 | AM67: 0.548125 | AN67: 0.600175 | AO67: 0.7379 | AP67: 0.696025 | AQ67: 0.698175 | AR67: 0.6256 | AS67: 0.65915 | AT67: 0.6054 | AU67: 0.58965 | AV67: 0.561575 | AW67: 0.562475 | AX67: 0.522975 | AY67: 0.4751 | AZ67: 0.42545 | BA67: 0.320975 | BB67: 0.15395 | BC67: 0.1521 | BD67: 0.16615 | BE67: 0.34545 | BF67: 0.41805 | BG67: 0.424075 | BH67: 0.4605 | BI67: 0.38005 | BJ67: 0.390425 | BK67: 0.3274 | BL67: 0.365875 | BM67: 0.4507 | BN67: 0.52535 | BO67: 0.62645 | BP67: 0.626275 | BQ67: 0.5725 | BR67: 0.54565 | BS67: 0.550275 | BT67: 0.53395 | BU67: 0.46465 | BV67: 0.369825 | BW67: 0.417475 | BX67: 0.58625 | BY67: 0.643725 | BZ67: 0.6204 | CA67: 0.68985 | CB67: 0.77315 | CC67: 0.815275 | CD67: 0.718975 | CE67: 0.65875 | CF67: 0.597775 | CG67: 0.713825 | CH67: 0.74095 | CI67: 0.772325 | CJ67: 0.7383 | CK67: 0.689025 | CL67: 0.700875 | CM67: 0.669825 | CN67: 0.707825 | CO67: 0.711875 | CP67: 0.77545 | CQ67: 0.7808 | CR67: 0.720475 | CS67: 0.706075 | CT67: 0.7261 | CU67: 0.7957 | CV67: 0.7454 | CW67: 0.6784 | CX67: 0.556425 | CY67: 0.339625 | CZ67: 0.2995
A69: 二级行业 | B69: 10月至今 | C69: Pct-chg | D69: 标准差 | F69: 45382 | G69: 45351 | H69: 45322 | I69: 45291 | J69: 45260 | K69: 45230 | L69: 45199 | M69: 45169 | N69: 45138 | O69: 45107 | P69: 45077 | Q69: 45046 | R69: 45016 | S69: 44985 | T69: 44957 | U69: 44926 | V69: 44895 | W69: 44865 | X69: 44834 | Y69: 44804 | Z69: 44773 | AA69: 44742 | AB69: 44712 | AC69: 44681 | AD69: 44651 | AE69: 44620 | AF69: 44592 | AG69: 44561 | AH69: 44530 | AI69: 44500 | AJ69: 44469 | AK69: 44439 | AL69: 44408 | AM69: 44377 | AN69: 44347 | AO69: 44316 | AP69: 44286 | AQ69: 44255 | AR69: 44227 | AS69: 44196 | AT69: 44165 | AU69: 44135 | AV69: 44104 | AW69: 44074 | AX69: 44043 | AY69: 44012 | AZ69: 43982 | BA69: 43951 | BB69: 43921 | BC69: 43890 | BD69: 43861 | BE69: 43830 | BF69: 43799 | BG69: 43769 | BH69: 43738 | BI69: 43708 | BJ69: 43677 | BK69: 43646 | BL69: 43616 | BM69: 43585 | BN69: 43555 | BO69: 43524 | BP69: 43496 | BQ69: 43465 | BR69: 43434 | BS69: 43404 | BT69: 43373 | BU69: 43343 | BV69: 43312 | BW69: 43281 | BX69: 43251 | BY69: 43220 | BZ69: 43190 | CA69: 43159 | CB69: 43131 | CC69: 43100 | CD69: 43069 | CE69: 43039 | CF69: 43008 | CG69: 42978 | CH69: 42947 | CI69: 42916 | CJ69: 42886 | CK69: 42855 | CL69: 42825 | CM69: 42794 | CN69: 42766 | CO69: 42735 | CP69: 42704 | CQ69: 42674 | CR69: 42643 | CS69: 42613 | CT69: 42582 | CU69: 42551 | CV69: 42521 | CW69: 42490 | CX69: 42460 | CY69: 42429 | CZ69: 42400
A70: 油气开采/油服工程 | B70: =(F70-W70)*100 -> -4.3384615 | C70: =(F70-I70)*100 -> 5.3615385 | D70: =_xlfn.STDEV.P(Q70:CZ70)*100 -> 22.162771 | F70: 0.70715385 | G70: 0.67407692 | H70: 0.658 | I70: 0.65353846 | J70: 0.67861538 | K70: 0.71569231 | L70: 0.75815385 | M70: 0.75615385 | N70: 0.69853846 | O70: 0.64776923 | P70: 0.60476923 | Q70: 0.64161538 | R70: 0.66392308 | S70: 0.68376923 | T70: 0.71061538 | U70: 0.71676923 | V70: 0.73423077 | W70: 0.75053846 | X70: 0.77661538 | Y70: 0.78915385 | Z70: 0.81607692 | AA70: 0.84853846 | AB70: 0.851 | AC70: 0.852 | AD70: 0.83661538 | AE70: 0.85561538 | AF70: 0.846 | AG70: 0.74792308 | AH70: 0.68738462 | AI70: 0.71523077 | AJ70: 0.74769231 | AK70: 0.68869231 | AL70: 0.67707692 | AM70: 0.66007692 | AN70: 0.62507692 | AO70: 0.54461538 | AP70: 0.51592308 | AQ70: 0.44907692 | AR70: 0.40538462 | AS70: 0.34007692 | AT70: 0.24069231 | AU70: 0.20438462 | AV70: 0.18669231 | AW70: 0.209 | AX70: 0.20953846 | AY70: 0.157 | AZ70: 0.089153846 | BA70: 0.059615385 | BB70: 0.070461538 | BC70: 0.16153846 | BD70: 0.34623077 | BE70: 0.38746154 | BF70: 0.40053846 | BG70: 0.37230769 | BH70: 0.361 | BI70: 0.41438462 | BJ70: 0.47792308 | BK70: 0.49192308 | BL70: 0.54669231 | BM70: 0.55730769 | BN70: 0.55953846 | BO70: 0.49330769 | BP70: 0.39461538 | BQ70: 0.36838462 | BR70: 0.43053846 | BS70: 0.56846154 | BT70: 0.67015385 | BU70: 0.67738462 | BV70: 0.63515385 | BW70: 0.64753846 | BX70: 0.66623077 | BY70: 0.63961538 | BZ70: 0.62292308 | CA70: 0.60061538 | CB70: 0.57823077 | CC70: 0.55423077 | CD70: 0.49930769 | CE70: 0.44538462 | CF70: 0.41107692 | CG70: 0.40153846 | CH70: 0.36392308 | CI70: 0.346 | CJ70: 0.31469231 | CK70: 0.31192308 | CL70: 0.32315385 | CM70: 0.33369231 | CN70: 0.32015385 | CO70: 0.28753846 | CP70: 0.26838462 | CQ70: 0.24353846 | CR70: 0.25869231 | CS70: 0.24423077 | CT70: 0.24807692 | CU70: 0.244 | CV70: 0.25453846 | CW70: 0.20907692 | CX70: 0.15830769 | CY70: 0.11084615 | CZ70: 0.089846154
A71: 炼化及贸易 | B71: =(F71-W71)*100 -> 3.1 | C71: =(F71-I71)*100 -> 45.4 | D71: =_xlfn.STDEV.P(Q71:CZ71)*100 -> 29.139097 | F71: 0.505 | G71: 0.443 | H71: 0.144 | I71: 0.051 | J71: 0.371 | K71: 0.752 | L71: 0.886 | M71: 0.742 | N71: 0.546 | O71: 0.5 | P71: 0.989 | Q71: 1 | R71: 0.979 | S71: 0.577 | T71: 0.432 | U71: 0.226 | V71: 0.278 | W71: 0.474 | X71: 0.536 | Y71: 0.484 | Z71: 0.463 | AA71: 0.309 | AB71: 0.391 | AC71: 0.329 | AD71: 0.515 | AE71: 0.659 | AF71: 0.927 | AG71: 0.969 | AH71: 0.948 | AI71: 0.865 | AJ71: 0.917 | AK71: 0.835 | AL71: 0.649 | AM71: 0.422 | AN71: 0.154 | AO71: 0.061 | AP71: 0.134 | AQ71: 0.216 | AR71: 0.257 | AS71: 0.34 | AT71: 0.319 | AU71: 0.298 | AV71: 0.164 | AW71: 0.195 | AX71: 0.402 | AY71: 0.587 | AZ71: 0.783 | BA71: 0.814 | BB71: 0.639 | BC71: 0.494 | BD71: 0.288 | BE71: 0.082 | BF71: 0.113 | BG71: 0.206 | BH71: 0.268 | BI71: 0.36 | BJ71: 0.381 | BK71: 0.412 | BL71: 0.237 | BM71: 0.185 | BN71: 0.092 | BO71: 0.35 | BP71: 0.525 | BQ71: 0.69 | BR71: 0.721 | BS71: 0.711 | BT71: 0.68 | BU71: 0.628 | BV71: 0.608 | BW71: 0.567 | BX71: 0.618 | BY71: 0.731 | BZ71: 0.907 | CA71: 0.938 | CB71: 0.958 | CC71: 0.876 | CD71: 0.845 | CE71: 0.773 | CF71: 0.793 | CG71: 0.824 | CH71: 0.855 | CI71: 0.896 | CJ71: 0.804 | CK71: 0.556 | CL71: 0.247 | CM71: 0.041 | CN71: 0.03 | CO71: 0.123 | CP71: 0.175 | CQ71: 0.103 | CR71: 0.02 | CS71: 0 | CT71: 0.01 | CU71: 0.072 | CV71: 0.453 | CW71: 0.597 | CX71: 0.762 | CY71: 0.67 | CZ71: 0.701
