Workbook

Sheet 基本资料
N1: 可比指数-基本资料 | AB1: 最近更新： | AC1: =TODAY() -> 46104
C4: 基础信息 | M4: 基本资料
C6: 时间 | D6: 日期 | E6: 月份 | F6: 季度 | G6: 年份 | H6: 年初 | I6: 年底 | M6: Wind代码 | N6: 证券简称 | O6: 基日 | P6: 发布日期 | Q6: 成分个数 | R6: 发布机构 | S6: 行情速览 | V6: 总市值 | W6: EPS | X6: P/E(TTM) | Z6: P/B(MRQ) | AB6: 股息率(近12个月）
C7: 今日 | D7: =TODAY() -> 46104 | E7: =MONTH(D7) -> 3 | F7: =LEN(2^E7) -> 1 | G7: =YEAR(D7) -> 2026 | H7: =DATE(YEAR(D7),1,1) -> 46023 | I7: =DATE(YEAR(D7),12,31) -> 46387 | S7: 最近交易日 | T7: 最新收盘价 | U7: 最新涨跌幅(%) | X7: 最新PE(TTM) | Y7: 分位数 | Z7: 最新PB(MRQ) | AA7: 分位数 | AB7: 股息率(近12个月） | AC7: 分位数
C8: 1年前 | D8: =DATE(YEAR(D7)-1,MONTH(D7),DAY(D7)) -> 45739 | E8: =MONTH(D8) -> 3 | F8: =LEN(2^E8) -> 1 | G8: =YEAR(D8) -> 2025 | H8: =DATE(YEAR(D8),1,1) -> 45658 | I8: =DATE(YEAR(D8),12,31) -> 46022 | M8: 000015.SH | N8: =[1]!hks_info_name(M8) -> 红利指数 | O8: =[1]!i_info_basedate(M8) -> 2004-12-31 | P8: =[1]!i_info_launchdate(M8) -> 2005-01-04 | Q8: =[1]!i_info_numberofconstituents(M8) -> 50 | R8: =[1]!b_crm_issuer(M8) -> 中证指数有限公司 | S8: =[1]!lastradeday_s(M8,$D$7) -> 2026-03-20 | T8: =[1]!s_dq_close(M8,S8,3) -> 3294.3298 | U8: =[1]!s_dq_pctchange(M8,S8) -> -0.15893264 | V8: =[1]!s_val_mv_ard(M8,S8,100000000) -> 196321.38 | W8: =[1]!s_fa_eps_ttm2(M8,S8) -> 0.8720259 | X8: =[1]!s_val_pe_ttm(M8,S8) -> 8.9703999 | Y8: =[1]!i_val_pe_percentile(M8,S8,$D$9,S8) -> 99.791667 | Z8: =[1]!i_val_pb_mrqwgt(M8,S8) -> 1.393 | AA8: =[1]!i_val_pb_percentile(M8,S8,$D$9,S8) -> 99.6875 | AB8: =[1]!s_val_dividendyield2(M8,S8) -> 4.4171 | AC8: =[1]!i_val_dividend_percentile(M8,S8,$D$9,S8) -> 16.25
C9: 2年前 | D9: =DATE(YEAR(D8)-1,MONTH(D8),DAY(D8)) -> 45374 | E9: =MONTH(D9) -> 3 | F9: =LEN(2^E9) -> 1 | G9: =YEAR(D9) -> 2024 | H9: =DATE(YEAR(D9),1,1) -> 45292 | I9: =DATE(YEAR(D9),12,31) -> 45657 | M9: 000032.SH | N9: =[1]!hks_info_name(M9) -> 上证能源 | O9: =[1]!i_info_basedate(M9) -> 2003-12-31 | P9: =[1]!i_info_launchdate(M9) -> 2009-01-09 | Q9: =[1]!i_info_numberofconstituents(M9) -> 30 | R9: =[1]!b_crm_issuer(M9) -> 中证指数有限公司 | S9: =[1]!lastradeday_s(M9,$D$7) -> 2026-03-20 | T9: =[1]!s_dq_close(M9,S9,3) -> 2460.0505 | U9: =[1]!s_dq_pctchange(M9,S9) -> -0.82264716 | V9: =[1]!s_val_mv_ard(M9,S9,100000000) -> 74190.678 | W9: =[1]!s_fa_eps_ttm2(M9,S9) -> 0.87546196 | X9: =[1]!s_val_pe_ttm(M9,S9) -> 16.938101 | Y9: =[1]!i_val_pe_percentile(M9,S9,$D$9,S9) -> 98.958333 | Z9: =[1]!i_val_pb_mrqwgt(M9,S9) -> 2.0959 | AA9: =[1]!i_val_pb_percentile(M9,S9,$D$9,S9) -> 98.541667 | AB9: =[1]!s_val_dividendyield2(M9,S9) -> 4.0548 | AC9: =[1]!i_val_dividend_percentile(M9,S9,$D$9,S9) -> 1.25
C10: 10年前 | D10: =DATE(YEAR(D9)-8,MONTH(D9),DAY(D9)) -> 42452 | E10: =MONTH(D10) -> 3 | F10: =LEN(2^E10) -> 1 | G10: =YEAR(D10) -> 2016 | H10: =DATE(YEAR(D10),1,1) -> 42370 | I10: =DATE(YEAR(D10),12,31) -> 42735 | M10: 000016.SH | N10: =[1]!hks_info_name(M10) -> 上证50 | O10: =[1]!i_info_basedate(M10) -> 2003-12-31 | P10: =[1]!i_info_launchdate(M10) -> 2004-01-02 | Q10: =[1]!i_info_numberofconstituents(M10) -> 50 | R10: =[1]!b_crm_issuer(M10) -> 中证指数有限公司 | S10: =[1]!lastradeday_s(M10,$D$7) -> 2026-03-20 | T10: =[1]!s_dq_close(M10,S10,3) -> 2883.8644 | U10: =[1]!s_dq_pctchange(M10,S10) -> -1.1100066 | V10: =[1]!s_val_mv_ard(M10,S10,100000000) -> 281314.79 | W10: =[1]!s_fa_eps_ttm2(M10,S10) -> 1.2034893 | X10: =[1]!s_val_pe_ttm(M10,S10) -> 11.4403 | Y10: =[1]!i_val_pe_percentile(M10,S10,$D$9,S10) -> 68.125 | Z10: =[1]!i_val_pb_mrqwgt(M10,S10) -> 4.5918 | AA10: =[1]!i_val_pb_percentile(M10,S10,$D$9,S10) -> 65.208333 | AB10: =[1]!s_val_dividendyield2(M10,S10) -> 3.3846 | AC10: =[1]!i_val_dividend_percentile(M10,S10,$D$9,S10) -> 24.583333
C11: 1年后 | D11: =DATE(YEAR(D7)+1,MONTH(D7),DAY(D7)) -> 46469 | E11: =MONTH(D11) -> 3 | F11: =LEN(2^E11) -> 1 | G11: =YEAR(D11) -> 2027 | H11: =DATE(YEAR(D11),1,1) -> 46388 | I11: =DATE(YEAR(D11),12,31) -> 46752 | M11: 000300.SH | N11: =[1]!hks_info_name(M11) -> 沪深300 | O11: =[1]!i_info_basedate(M11) -> 2004-12-31 | P11: =[1]!i_info_launchdate(M11) -> 2005-04-08 | Q11: =[1]!i_info_numberofconstituents(M11) -> 300 | R11: =[1]!b_crm_issuer(M11) -> 中证指数有限公司 | S11: =[1]!lastradeday_s(M11,$D$7) -> 2026-03-20 | T11: =[1]!s_dq_close(M11,S11,3) -> 4567.0179 | U11: =[1]!s_dq_pctchange(M11,S11) -> -0.35418526 | V11: =[1]!s_val_mv_ard(M11,S11,100000000) -> 671087.89 | W11: =[1]!s_fa_eps_ttm2(M11,S11) -> 1.081999 | X11: =[1]!s_val_pe_ttm(M11,S11) -> 14.024 | Y11: =[1]!i_val_pe_percentile(M11,S11,$D$9,S11) -> 78.541667 | Z11: =[1]!i_val_pb_mrqwgt(M11,S11) -> 5.4287 | AA11: =[1]!i_val_pb_percentile(M11,S11,$D$9,S11) -> 83.333333 | AB11: =[1]!s_val_dividendyield2(M11,S11) -> 2.6725 | AC11: =[1]!i_val_dividend_percentile(M11,S11,$D$9,S11) -> 24.375
C12: 2年后 | D12: =DATE(YEAR(D11)+1,MONTH(D8),DAY(D8)) -> 46835 | E12: =MONTH(D12) -> 3 | F12: =LEN(2^E12) -> 1 | G12: =YEAR(D12) -> 2028 | H12: =DATE(YEAR(D12),1,1) -> 46753 | I12: =DATE(YEAR(D12),12,31) -> 47118 | M12: 000001.SH | N12: =[1]!hks_info_name(M12) -> 上证指数 | O12: =[1]!i_info_basedate(M12) -> 1990-12-19 | P12: =[1]!i_info_launchdate(M12) -> 1991-07-15 | Q12: =[1]!i_info_numberofconstituents(M12) -> 2247 | R12: =[1]!b_crm_issuer(M12) -> 中证指数有限公司 | S12: =[1]!lastradeday_s(M12,$D$7) -> 2026-03-20 | T12: =[1]!s_dq_close(M12,S12,3) -> 3957.0527 | U12: =[1]!s_dq_pctchange(M12,S12) -> -1.2354662 | V12: =[1]!s_val_mv_ard(M12,S12,100000000) -> 762775.85 | W12: =[1]!s_fa_eps_ttm2(M12,S12) -> 0.78182046 | X12: =[1]!s_val_pe_ttm(M12,S12) -> 16.5903 | Y12: =[1]!i_val_pe_percentile(M12,S12,$D$9,S12) -> 84.375 | Z12: =[1]!i_val_pb_mrqwgt(M12,S12) -> 4.1108 | AA12: =[1]!i_val_pb_percentile(M12,S12,$D$9,S12) -> 86.25 | AB12: =[1]!s_val_dividendyield2(M12,S12) -> 2.3097 | AC12: =[1]!i_val_dividend_percentile(M12,S12,$D$9,S12) -> 24.583333
M13: 881001.WI | N13: =[1]!hks_info_name(M13) -> 万得全A | O13: =[1]!i_info_basedate(M13) -> 1999-12-30 | P13: =[1]!i_info_launchdate(M13) -> 2004-12-13 | Q13: =[1]!i_info_numberofconstituents(M13) -> 5489 | R13: =[1]!b_crm_issuer(M13) -> 万得信息技术股份有限公司 | S13: =[1]!lastradeday_s(M13,$D$7) -> 2026-03-20 | T13: =[1]!s_dq_close(M13,S13,3) -> 6471.9206 | U13: =[1]!s_dq_pctchange(M13,S13) -> -1.2306082 | V13: =[1]!s_val_mv_ard(M13,S13,100000000) -> 1249341.4 | W13: =[1]!s_fa_eps_ttm2(M13,S13) -> 0.62645333 | X13: =[1]!s_val_pe_ttm(M13,S13) -> 22.594999 | Y13: =[1]!i_val_pe_percentile(M13,S13,$D$9,S13) -> 89.166667 | Z13: =[1]!i_val_pb_mrqwgt(M13,S13) -> 5.847 | AA13: =[1]!i_val_pb_percentile(M13,S13,$D$9,S13) -> 89.583333 | AB13: =[1]!s_val_dividendyield2(M13,S13) -> 1.8135 | AC13: =[1]!i_val_dividend_percentile(M13,S13,$D$9,S13) -> 14.375
C14: *注：此excel中所有财务相关数据均采用了GSD标准 | M14: 000905.SH | N14: =[1]!hks_info_name(M14) -> 中证500 | O14: =[1]!i_info_basedate(M14) -> 2004-12-31 | P14: =[1]!i_info_launchdate(M14) -> 2007-01-15 | Q14: =[1]!i_info_numberofconstituents(M14) -> 500 | R14: =[1]!b_crm_issuer(M14) -> 中证指数有限公司 | S14: =[1]!lastradeday_s(M14,$D$7) -> 2026-03-20 | T14: =[1]!s_dq_close(M14,S14,3) -> 7760.0365 | U14: =[1]!s_dq_pctchange(M14,S14) -> -1.4859993 | V14: =[1]!s_val_mv_ard(M14,S14,100000000) -> 182749.02 | W14: =[1]!s_fa_eps_ttm2(M14,S14) -> 0.41069504 | X14: =[1]!s_val_pe_ttm(M14,S14) -> 35.075699 | Y14: =[1]!i_val_pe_percentile(M14,S14,$D$9,S14) -> 89.583333 | Z14: =[1]!i_val_pb_mrqwgt(M14,S14) -> 5.0836 | AA14: =[1]!i_val_pb_percentile(M14,S14,$D$9,S14) -> 90.208333 | AB14: =[1]!s_val_dividendyield2(M14,S14) -> 1.3789 | AC14: =[1]!i_val_dividend_percentile(M14,S14,$D$9,S14) -> 16.458333
M15: 399001.SZ | N15: =[1]!hks_info_name(M15) -> 深证成指 | O15: =[1]!i_info_basedate(M15) -> 1994-07-20 | P15: =[1]!i_info_launchdate(M15) -> 1995-01-23 | Q15: =[1]!i_info_numberofconstituents(M15) -> 500 | R15: =[1]!b_crm_issuer(M15) -> 深圳证券交易所 | S15: =[1]!lastradeday_s(M15,$D$7) -> 2026-03-20 | T15: =[1]!s_dq_close(M15,S15,3) -> 13866.202 | U15: =[1]!s_dq_pctchange(M15,S15) -> -0.25440008 | V15: =[1]!s_val_mv_ard(M15,S15,100000000) -> 290460.9 | W15: =[1]!s_fa_eps_ttm2(M15,S15) -> 0.67569251 | X15: =[1]!s_val_pe_ttm(M15,S15) -> 31.802 | Y15: =[1]!i_val_pe_percentile(M15,S15,$D$9,S15) -> 89.791667 | Z15: =[1]!i_val_pb_mrqwgt(M15,S15) -> 6.6551 | AA15: =[1]!i_val_pb_percentile(M15,S15,$D$9,S15) -> 89.791667 | AB15: =[1]!s_val_dividendyield2(M15,S15) -> 1.5076 | AC15: =[1]!i_val_dividend_percentile(M15,S15,$D$9,S15) -> 8.75
M16: 000852.SH | N16: =[1]!hks_info_name(M16) -> 中证1000 | O16: =[1]!i_info_basedate(M16) -> 2004-12-31 | P16: =[1]!i_info_launchdate(M16) -> 2014-10-17 | Q16: =[1]!i_info_numberofconstituents(M16) -> 1000 | R16: =[1]!b_crm_issuer(M16) -> 中证指数有限公司 | S16: =[1]!lastradeday_s(M16,$D$7) -> 2026-03-20 | T16: =[1]!s_dq_close(M16,S16,3) -> 7783.4345 | U16: =[1]!s_dq_pctchange(M16,S16) -> -1.5905433 | V16: =[1]!s_val_mv_ard(M16,S16,100000000) -> 153934.98 | W16: =[1]!s_fa_eps_ttm2(M16,S16) -> 0.28335051 | X16: =[1]!s_val_pe_ttm(M16,S16) -> 47.181702 | Y16: =[1]!i_val_pe_percentile(M16,S16,$D$9,S16) -> 84.583333 | Z16: =[1]!i_val_pb_mrqwgt(M16,S16) -> 5.5419 | AA16: =[1]!i_val_pb_percentile(M16,S16,$D$9,S16) -> 89.791667 | AB16: =[1]!s_val_dividendyield2(M16,S16) -> 1.0443 | AC16: =[1]!i_val_dividend_percentile(M16,S16,$D$9,S16) -> 9.375
M17: 899050.BJ | N17: =[1]!hks_info_name(M17) -> 北证50 | O17: =[1]!i_info_basedate(M17) -> 2022-04-29 | P17: =[1]!i_info_launchdate(M17) -> 2022-11-21 | Q17: =[1]!i_info_numberofconstituents(M17) -> 50 | R17: =[1]!b_crm_issuer(M17) -> 北京证券交易所 | S17: =[1]!lastradeday_s(M17,$D$7) -> 2026-03-20 | T17: =[1]!s_dq_close(M17,S17,3) -> 1316.1369 | U17: =[1]!s_dq_pctchange(M17,S17) -> -1.0096641 | V17: =[1]!s_val_mv_ard(M17,S17,100000000) -> 3344.6523 | W17: =[1]!s_fa_eps_ttm2(M17,S17) -> 0.3722139 | X17: =[1]!s_val_pe_ttm(M17,S17) -> 53.313599 | Y17: =[1]!i_val_pe_percentile(M17,S17,$D$9,S17) -> 38.541667 | Z17: =[1]!i_val_pb_mrqwgt(M17,S17) -> 8.1158 | AA17: =[1]!i_val_pb_percentile(M17,S17,$D$9,S17) -> 52.708333 | AB17: =[1]!s_val_dividendyield2(M17,S17) -> 0.8198 | AC17: =[1]!i_val_dividend_percentile(M17,S17,$D$9,S17) -> 44.166667
M18: 000688.SH | N18: =[1]!hks_info_name(M18) -> 科创50 | O18: =[1]!i_info_basedate(M18) -> 2019-12-31 | P18: =[1]!i_info_launchdate(M18) -> 2020-07-23 | Q18: =[1]!i_info_numberofconstituents(M18) -> 50 | R18: =[1]!b_crm_issuer(M18) -> 中证指数有限公司 | S18: =[1]!lastradeday_s(M18,$D$7) -> 2026-03-20 | T18: =[1]!s_dq_close(M18,S18,3) -> 1318.3074 | U18: =[1]!s_dq_pctchange(M18,S18) -> -1.5478697 | V18: =[1]!s_val_mv_ard(M18,S18,100000000) -> 46484.215 | W18: =[1]!s_fa_eps_ttm2(M18,S18) -> 0.29104729 | X18: =[1]!s_val_pe_ttm(M18,S18) -> 164.3007 | Y18: =[1]!i_val_pe_percentile(M18,S18,$D$9,S18) -> 82.916667 | Z18: =[1]!i_val_pb_mrqwgt(M18,S18) -> 12.9848 | AA18: =[1]!i_val_pb_percentile(M18,S18,$D$9,S18) -> 77.083333 | AB18: =[1]!s_val_dividendyield2(M18,S18) -> 0.3593 | AC18: =[1]!i_val_dividend_percentile(M18,S18,$D$9,S18) -> 8.5416667
M19: 399006.SZ | N19: =[1]!hks_info_name(M19) -> 创业板指 | O19: =[1]!i_info_basedate(M19) -> 2010-05-31 | P19: =[1]!i_info_launchdate(M19) -> 2010-06-01 | Q19: =[1]!i_info_numberofconstituents(M19) -> 100 | R19: =[1]!b_crm_issuer(M19) -> 深圳证券交易所 | S19: =[1]!lastradeday_s(M19,$D$7) -> 2026-03-20 | T19: =[1]!s_dq_close(M19,S19,3) -> 3352.1026 | U19: =[1]!s_dq_pctchange(M19,S19) -> 1.2994245 | V19: =[1]!s_val_mv_ard(M19,S19,100000000) -> 91880.457 | W19: =[1]!s_fa_eps_ttm2(M19,S19) -> 1.4323203 | X19: =[1]!s_val_pe_ttm(M19,S19) -> 41.181099 | Y19: =[1]!i_val_pe_percentile(M19,S19,$D$9,S19) -> 82.916667 | Z19: =[1]!i_val_pb_mrqwgt(M19,S19) -> 11.1325 | AA19: =[1]!i_val_pb_percentile(M19,S19,$D$9,S19) -> 91.041667 | AB19: =[1]!s_val_dividendyield2(M19,S19) -> 0.865 | AC19: =[1]!i_val_dividend_percentile(M19,S19,$D$9,S19) -> 2.5
M20: 000888.SH | N20: =[1]!hks_info_name(M20) -> 上证收益 | O20: =[1]!i_info_basedate(M20) -> 2020-07-21 | P20: =[1]!i_info_launchdate(M20) -> 2020-10-09 | Q20: =[1]!i_info_numberofconstituents(M20) -> 2247 | R20: =[1]!b_crm_issuer(M20) -> 中证指数有限公司 | S20: =[1]!lastradeday_s(M20,$D$7) -> 2026-03-20 | T20: =[1]!s_dq_close(M20,S20,3) -> 4538.4695 | U20: =[1]!s_dq_pctchange(M20,S20) -> -1.235467 | V20: =[1]!s_val_mv_ard(M20,S20,100000000) -> 762775.85 | W20: =[1]!s_fa_eps_ttm2(M20,S20) -> 0.78182046 | X20: =[1]!s_val_pe_ttm(M20,S20) -> 16.5903 | Y20: =[1]!i_val_pe_percentile(M20,S20,$D$9,S20) -> 84.375 | Z20: =[1]!i_val_pb_mrqwgt(M20,S20) -> 4.1108 | AA20: =[1]!i_val_pb_percentile(M20,S20,$D$9,S20) -> 86.25 | AB20: =[1]!s_val_dividendyield2(M20,S20) -> 2.3097 | AC20: =[1]!i_val_dividend_percentile(M20,S20,$D$9,S20) -> 24.583333

Sheet 估值分析
D1: 可比指数-估值分析
C4: 估值分析
C6: Wind代码 | D6: 证券简称 | E6: 最新收盘日 | F6: 总市值(亿元) | J6: 市盈率PE | P6: 市净率PB | V6: 股息率(近12个月）
F7: =基本资料!$G$9&"年总市值" -> 2024年总市值 | G7: =基本资料!$G$8&"年总市值" -> 2025年总市值 | H7: 最新收盘日总市值 | I7: 趋势图 | J7: =基本资料!$G$9&"年PE" -> 2024年PE | K7: =基本资料!$G$8&"年PE" -> 2025年PE | L7: 最新收盘日PE(TTM) | M7: PE(FY1) | N7: PE(FY2) | O7: 分位数 | P7: =基本资料!$G$9&"年PB" -> 2024年PB | Q7: =基本资料!$G$8&"年PB" -> 2025年PB | R7: 最新收盘日PB(MRQ) | S7: PB(FY1) | T7: PB(FY2) | U7: 分位数 | V7: 股息率(近12个月） | W7: 分位数
C8: 000015.SH | D8: =[1]!hks_info_name(C8) -> 红利指数 | E8: =[1]!lastradeday_s(C8,TODAY()) -> 2026-03-20 | F8: =[1]!s_val_mv_ard(C8,基本资料!$I$9,100000000) -> 138125.88 | G8: =[1]!s_val_mv_ard(C8,基本资料!$I$8,100000000) -> 188801.3 | H8: =[1]!s_val_mv_ard(C8,E8,100000000) -> 196321.38 | J8: =[1]!s_val_pe_ttm(C8,基本资料!$I$9) -> 7.2975001 | K8: =[1]!s_val_pe_ttm(C8,基本资料!$I$8) -> 8.5931997 | L8: =[1]!s_val_pe_ttm(C8,E8) -> 8.9703999 | M8: =[1]!s_val_estpe(C8,E8,基本资料!$G$7) -> 8.7014 | N8: =[1]!s_val_estpe(C8,E8,基本资料!$G$11) -> 8.3486 | O8: =[1]!i_val_pe_percentile(C8,E8,基本资料!$D$9,E8) -> 99.791667 | P8: =[1]!s_val_pb_lf(C8,基本资料!$I$9) -> 0.75120002 | Q8: =[1]!s_val_pb_lf(C8,基本资料!$I$8) -> 0.8545 | R8: =[1]!i_val_pb_mrqwgt(C8,E8) -> 1.393 | S8: =[1]!s_val_estpb(C8,E8,基本资料!$G$7) -> 0.8097 | T8: =[1]!s_val_estpb(C8,E8,基本资料!$G$11) -> 0.7577 | U8: =[1]!i_val_pb_percentile(C8,E8,基本资料!$D$9,E8) -> 99.6875 | V8: =[1]!s_val_dividendyield2(C8,E8) -> 4.4171 | W8: =[1]!i_val_dividend_percentile(C8,E8,基本资料!$D$9,E8) -> 16.25
C9: 000032.SH | D9: =[1]!hks_info_name(C9) -> 上证能源 | E9: =[1]!lastradeday_s(C9,TODAY()) -> 2026-03-20 | F9: =[1]!s_val_mv_ard(C9,基本资料!$I$9,100000000) -> 58766.289 | G9: =[1]!s_val_mv_ard(C9,基本资料!$I$8,100000000) -> 59184.09 | H9: =[1]!s_val_mv_ard(C9,E9,100000000) -> 74190.678 | J9: =[1]!s_val_pe_ttm(C9,基本资料!$I$9) -> 11.4729 | K9: =[1]!s_val_pe_ttm(C9,基本资料!$I$8) -> 13.3955 | L9: =[1]!s_val_pe_ttm(C9,E9) -> 16.938101 | M9: =[1]!s_val_estpe(C9,E9,基本资料!$G$7) -> 15.2622 | N9: =[1]!s_val_estpe(C9,E9,基本资料!$G$11) -> 14.3275 | O9: =[1]!i_val_pe_percentile(C9,E9,基本资料!$D$9,E9) -> 98.958333 | P9: =[1]!s_val_pb_lf(C9,基本资料!$I$9) -> 1.3917 | Q9: =[1]!s_val_pb_lf(C9,基本资料!$I$8) -> 1.3742 | R9: =[1]!i_val_pb_mrqwgt(C9,E9) -> 2.0959 | S9: =[1]!s_val_estpb(C9,E9,基本资料!$G$7) -> 1.5751 | T9: =[1]!s_val_estpb(C9,E9,基本资料!$G$11) -> 1.4977 | U9: =[1]!i_val_pb_percentile(C9,E9,基本资料!$D$9,E9) -> 98.541667 | V9: =[1]!s_val_dividendyield2(C9,E9) -> 4.0548 | W9: =[1]!i_val_dividend_percentile(C9,E9,基本资料!$D$9,E9) -> 1.25
C10: 000016.SH | D10: =[1]!hks_info_name(C10) -> 上证50 | E10: =[1]!lastradeday_s(C10,TODAY()) -> 2026-03-20 | F10: =[1]!s_val_mv_ard(C10,基本资料!$I$9,100000000) -> 276381.38 | G10: =[1]!s_val_mv_ard(C10,基本资料!$I$8,100000000) -> 291652.16 | H10: =[1]!s_val_mv_ard(C10,E10,100000000) -> 281314.79 | J10: =[1]!s_val_pe_ttm(C10,基本资料!$I$9) -> 11.2023 | K10: =[1]!s_val_pe_ttm(C10,基本资料!$I$8) -> 11.8473 | L10: =[1]!s_val_pe_ttm(C10,E10) -> 11.4403 | M10: =[1]!s_val_estpe(C10,E10,基本资料!$G$7) -> 10.7037 | N10: =[1]!s_val_estpe(C10,E10,基本资料!$G$11) -> 10.002 | O10: =[1]!i_val_pe_percentile(C10,E10,基本资料!$D$9,E10) -> 68.125 | P10: =[1]!s_val_pb_lf(C10,基本资料!$I$9) -> 1.2543 | Q10: =[1]!s_val_pb_lf(C10,基本资料!$I$8) -> 1.2998 | R10: =[1]!i_val_pb_mrqwgt(C10,E10) -> 4.5918 | S10: =[1]!s_val_estpb(C10,E10,基本资料!$G$7) -> 1.1363 | T10: =[1]!s_val_estpb(C10,E10,基本资料!$G$11) -> 1.0557 | U10: =[1]!i_val_pb_percentile(C10,E10,基本资料!$D$9,E10) -> 65.208333 | V10: =[1]!s_val_dividendyield2(C10,E10) -> 3.3846 | W10: =[1]!i_val_dividend_percentile(C10,E10,基本资料!$D$9,E10) -> 24.583333
C11: 000300.SH | D11: =[1]!hks_info_name(C11) -> 沪深300 | E11: =[1]!lastradeday_s(C11,TODAY()) -> 2026-03-20 | F11: =[1]!s_val_mv_ard(C11,基本资料!$I$9,100000000) -> 578297.45 | G11: =[1]!s_val_mv_ard(C11,基本资料!$I$8,100000000) -> 676462.82 | H11: =[1]!s_val_mv_ard(C11,E11,100000000) -> 671087.89 | J11: =[1]!s_val_pe_ttm(C11,基本资料!$I$9) -> 12.9294 | K11: =[1]!s_val_pe_ttm(C11,基本资料!$I$8) -> 14.1724 | L11: =[1]!s_val_pe_ttm(C11,E11) -> 14.024 | M11: =[1]!s_val_estpe(C11,E11,基本资料!$G$7) -> 12.3908 | N11: =[1]!s_val_estpe(C11,E11,基本资料!$G$11) -> 11.2784 | O11: =[1]!i_val_pe_percentile(C11,E11,基本资料!$D$9,E11) -> 78.541667 | P11: =[1]!s_val_pb_lf(C11,基本资料!$I$9) -> 1.3803999 | Q11: =[1]!s_val_pb_lf(C11,基本资料!$I$8) -> 1.4911 | R11: =[1]!i_val_pb_mrqwgt(C11,E11) -> 5.4287 | S11: =[1]!s_val_estpb(C11,E11,基本资料!$G$7) -> 1.3507 | T11: =[1]!s_val_estpb(C11,E11,基本资料!$G$11) -> 1.2506 | U11: =[1]!i_val_pb_percentile(C11,E11,基本资料!$D$9,E11) -> 83.333333 | V11: =[1]!s_val_dividendyield2(C11,E11) -> 2.6725 | W11: =[1]!i_val_dividend_percentile(C11,E11,基本资料!$D$9,E11) -> 24.375
C12: 000001.SH | D12: =[1]!hks_info_name(C12) -> 上证指数 | E12: =[1]!lastradeday_s(C12,TODAY()) -> 2026-03-20 | F12: =[1]!s_val_mv_ard(C12,基本资料!$I$9,100000000) -> 640535.15 | G12: =[1]!s_val_mv_ard(C12,基本资料!$I$8,100000000) -> 760911.96 | H12: =[1]!s_val_mv_ard(C12,E12,100000000) -> 762775.85 | J12: =[1]!s_val_pe_ttm(C12,基本资料!$I$9) -> 14.5543 | K12: =[1]!s_val_pe_ttm(C12,基本资料!$I$8) -> 16.590401 | L12: =[1]!s_val_pe_ttm(C12,E12) -> 16.5903 | M12: =[1]!s_val_estpe(C12,E12,基本资料!$G$7) -> 14.3452 | N12: =[1]!s_val_estpe(C12,E12,基本资料!$G$11) -> 13.0442 | O12: =[1]!i_val_pe_percentile(C12,E12,基本资料!$D$9,E12) -> 84.375 | P12: =[1]!s_val_pb_lf(C12,基本资料!$I$9) -> 1.3521 | Q12: =[1]!s_val_pb_lf(C12,基本资料!$I$8) -> 1.5041 | R12: =[1]!i_val_pb_mrqwgt(C12,E12) -> 4.1108 | S12: =[1]!s_val_estpb(C12,E12,基本资料!$G$7) -> 1.4928 | T12: =[1]!s_val_estpb(C12,E12,基本资料!$G$11) -> 1.3885 | U12: =[1]!i_val_pb_percentile(C12,E12,基本资料!$D$9,E12) -> 86.25 | V12: =[1]!s_val_dividendyield2(C12,E12) -> 2.3097 | W12: =[1]!i_val_dividend_percentile(C12,E12,基本资料!$D$9,E12) -> 24.583333
C13: 881001.WI | D13: =[1]!hks_info_name(C13) -> 万得全A | E13: =[1]!lastradeday_s(C13,TODAY()) -> 2026-03-20 | F13: =[1]!s_val_mv_ard(C13,基本资料!$I$9,100000000) -> 986952.2 | G13: =[1]!s_val_mv_ard(C13,基本资料!$I$8,100000000) -> 1228550.4 | H13: =[1]!s_val_mv_ard(C13,E13,100000000) -> 1249341.4 | J13: =[1]!s_val_pe_ttm(C13,基本资料!$I$9) -> 18.5329 | K13: =[1]!s_val_pe_ttm(C13,基本资料!$I$8) -> 22.3218 | L13: =[1]!s_val_pe_ttm(C13,E13) -> 22.594999 | M13: =[1]!s_val_estpe(C13,E13,基本资料!$G$7) -> 17.9329 | N13: =[1]!s_val_estpe(C13,E13,基本资料!$G$11) -> 15.8855 | O13: =[1]!i_val_pe_percentile(C13,E13,基本资料!$D$9,E13) -> 89.166667 | P13: =[1]!s_val_pb_lf(C13,基本资料!$I$9) -> 1.575 | Q13: =[1]!s_val_pb_lf(C13,基本资料!$I$8) -> 1.839 | R13: =[1]!i_val_pb_mrqwgt(C13,E13) -> 5.847 | S13: =[1]!s_val_estpb(C13,E13,基本资料!$G$7) -> 1.9446 | T13: =[1]!s_val_estpb(C13,E13,基本资料!$G$11) -> 1.802 | U13: =[1]!i_val_pb_percentile(C13,E13,基本资料!$D$9,E13) -> 89.583333 | V13: =[1]!s_val_dividendyield2(C13,E13) -> 1.8135 | W13: =[1]!i_val_dividend_percentile(C13,E13,基本资料!$D$9,E13) -> 14.375
C14: 000905.SH | D14: =[1]!hks_info_name(C14) -> 中证500 | E14: =[1]!lastradeday_s(C14,TODAY()) -> 2026-03-20 | F14: =[1]!s_val_mv_ard(C14,基本资料!$I$9,100000000) -> 130482.2 | G14: =[1]!s_val_mv_ard(C14,基本资料!$I$8,100000000) -> 174624.14 | H14: =[1]!s_val_mv_ard(C14,E14,100000000) -> 182749.02 | J14: =[1]!s_val_pe_ttm(C14,基本资料!$I$9) -> 27.564199 | K14: =[1]!s_val_pe_ttm(C14,基本资料!$I$8) -> 33.801998 | L14: =[1]!s_val_pe_ttm(C14,E14) -> 35.075699 | M14: =[1]!s_val_estpe(C14,E14,基本资料!$G$7) -> 25.8828 | N14: =[1]!s_val_estpe(C14,E14,基本资料!$G$11) -> 21.7608 | O14: =[1]!i_val_pe_percentile(C14,E14,基本资料!$D$9,E14) -> 89.583333 | P14: =[1]!s_val_pb_lf(C14,基本资料!$I$9) -> 1.8096 | Q14: =[1]!s_val_pb_lf(C14,基本资料!$I$8) -> 2.3243001 | R14: =[1]!i_val_pb_mrqwgt(C14,E14) -> 5.0836 | S14: =[1]!s_val_estpb(C14,E14,基本资料!$G$7) -> 2.7785 | T14: =[1]!s_val_estpb(C14,E14,基本资料!$G$11) -> 2.5925 | U14: =[1]!i_val_pb_percentile(C14,E14,基本资料!$D$9,E14) -> 90.208333 | V14: =[1]!s_val_dividendyield2(C14,E14) -> 1.3789 | W14: =[1]!i_val_dividend_percentile(C14,E14,基本资料!$D$9,E14) -> 16.458333
C15: 399001.SZ | D15: =[1]!hks_info_name(C15) -> 深证成指 | E15: =[1]!lastradeday_s(C15,TODAY()) -> 2026-03-20 | F15: =[1]!s_val_mv_ard(C15,基本资料!$I$9,100000000) -> 217485.05 | G15: =[1]!s_val_mv_ard(C15,基本资料!$I$8,100000000) -> 281881.51 | H15: =[1]!s_val_mv_ard(C15,E15,100000000) -> 290460.9 | J15: =[1]!s_val_pe_ttm(C15,基本资料!$I$9) -> 24.870899 | K15: =[1]!s_val_pe_ttm(C15,基本资料!$I$8) -> 31.240999 | L15: =[1]!s_val_pe_ttm(C15,E15) -> 31.802 | M15: =[1]!s_val_estpe(C15,E15,基本资料!$G$7) -> 22.3809 | N15: =[1]!s_val_estpe(C15,E15,基本资料!$G$11) -> 18.5139 | O15: =[1]!i_val_pe_percentile(C15,E15,基本资料!$D$9,E15) -> 89.791667 | P15: =[1]!s_val_pb_lf(C15,基本资料!$I$9) -> 2.2258999 | Q15: =[1]!s_val_pb_lf(C15,基本资料!$I$8) -> 2.7483001 | R15: =[1]!i_val_pb_mrqwgt(C15,E15) -> 6.6551 | S15: =[1]!s_val_estpb(C15,E15,基本资料!$G$7) -> 2.8478 | T15: =[1]!s_val_estpb(C15,E15,基本资料!$G$11) -> 2.5984 | U15: =[1]!i_val_pb_percentile(C15,E15,基本资料!$D$9,E15) -> 89.791667 | V15: =[1]!s_val_dividendyield2(C15,E15) -> 1.5076 | W15: =[1]!i_val_dividend_percentile(C15,E15,基本资料!$D$9,E15) -> 8.75
C16: 000852.SH | D16: =[1]!hks_info_name(C16) -> 中证1000 | E16: =[1]!lastradeday_s(C16,TODAY()) -> 2026-03-20 | F16: =[1]!s_val_mv_ard(C16,基本资料!$I$9,100000000) -> 119706.47 | G16: =[1]!s_val_mv_ard(C16,基本资料!$I$8,100000000) -> 149040.92 | H16: =[1]!s_val_mv_ard(C16,E16,100000000) -> 153934.98 | J16: =[1]!s_val_pe_ttm(C16,基本资料!$I$9) -> 36.508598 | K16: =[1]!s_val_pe_ttm(C16,基本资料!$I$8) -> 46.304298 | L16: =[1]!s_val_pe_ttm(C16,E16) -> 47.181702 | M16: =[1]!s_val_estpe(C16,E16,基本资料!$G$7) -> 32.8926 | N16: =[1]!s_val_estpe(C16,E16,基本资料!$G$11) -> 27.0675 | O16: =[1]!i_val_pe_percentile(C16,E16,基本资料!$D$9,E16) -> 84.583333 | P16: =[1]!s_val_pb_lf(C16,基本资料!$I$9) -> 2.0264001 | Q16: =[1]!s_val_pb_lf(C16,基本资料!$I$8) -> 2.4705 | R16: =[1]!i_val_pb_mrqwgt(C16,E16) -> 5.5419 | S16: =[1]!s_val_estpb(C16,E16,基本资料!$G$7) -> 3.5185 | T16: =[1]!s_val_estpb(C16,E16,基本资料!$G$11) -> 3.2818 | U16: =[1]!i_val_pb_percentile(C16,E16,基本资料!$D$9,E16) -> 89.791667 | V16: =[1]!s_val_dividendyield2(C16,E16) -> 1.0443 | W16: =[1]!i_val_dividend_percentile(C16,E16,基本资料!$D$9,E16) -> 9.375
C17: 899050.BJ | D17: =[1]!hks_info_name(C17) -> 北证50 | E17: =[1]!lastradeday_s(C17,TODAY()) -> 2026-03-20 | F17: =[1]!s_val_mv_ard(C17,基本资料!$I$9,100000000) -> 2130.6632 | G17: =[1]!s_val_mv_ard(C17,基本资料!$I$8,100000000) -> 3407.7688 | H17: =[1]!s_val_mv_ard(C17,E17,100000000) -> 3344.6523 | J17: =[1]!s_val_pe_ttm(C17,基本资料!$I$9) -> 47.508999 | K17: =[1]!s_val_pe_ttm(C17,基本资料!$I$8) -> 60.287399 | L17: =[1]!s_val_pe_ttm(C17,E17) -> 53.313599 | M17: =[1]!s_val_estpe(C17,E17,基本资料!$G$7) -> 32.2502 | N17: =[1]!s_val_estpe(C17,E17,基本资料!$G$11) -> 25.2388 | O17: =[1]!i_val_pe_percentile(C17,E17,基本资料!$D$9,E17) -> 38.541667 | P17: =[1]!s_val_pb_lf(C17,基本资料!$I$9) -> 3.4637001 | Q17: =[1]!s_val_pb_lf(C17,基本资料!$I$8) -> 5.0648999 | R17: =[1]!i_val_pb_mrqwgt(C17,E17) -> 8.1158 | S17: =[1]!s_val_estpb(C17,E17,基本资料!$G$7) -> 4.4498 | T17: =[1]!s_val_estpb(C17,E17,基本资料!$G$11) -> 3.9133 | U17: =[1]!i_val_pb_percentile(C17,E17,基本资料!$D$9,E17) -> 52.708333 | V17: =[1]!s_val_dividendyield2(C17,E17) -> 0.8198 | W17: =[1]!i_val_dividend_percentile(C17,E17,基本资料!$D$9,E17) -> 44.166667
C18: 000688.SH | D18: =[1]!hks_info_name(C18) -> 科创50 | E18: =[1]!lastradeday_s(C18,TODAY()) -> 2026-03-20 | F18: =[1]!s_val_mv_ard(C18,基本资料!$I$9,100000000) -> 34715.129 | G18: =[1]!s_val_mv_ard(C18,基本资料!$I$8,100000000) -> 48416.771 | H18: =[1]!s_val_mv_ard(C18,E18,100000000) -> 46484.215 | J18: =[1]!s_val_pe_ttm(C18,基本资料!$I$9) -> 85.197197 | K18: =[1]!s_val_pe_ttm(C18,基本资料!$I$8) -> 161.142 | L18: =[1]!s_val_pe_ttm(C18,E18) -> 164.3007 | M18: =[1]!s_val_estpe(C18,E18,基本资料!$G$7) -> 56.5656 | N18: =[1]!s_val_estpe(C18,E18,基本资料!$G$11) -> 41.5193 | O18: =[1]!i_val_pe_percentile(C18,E18,基本资料!$D$9,E18) -> 82.916667 | P18: =[1]!s_val_pb_lf(C18,基本资料!$I$9) -> 4.6540999 | Q18: =[1]!s_val_pb_lf(C18,基本资料!$I$8) -> 6.1420999 | R18: =[1]!i_val_pb_mrqwgt(C18,E18) -> 12.9848 | S18: =[1]!s_val_estpb(C18,E18,基本资料!$G$7) -> 5.5765 | T18: =[1]!s_val_estpb(C18,E18,基本资料!$G$11) -> 5.0111 | U18: =[1]!i_val_pb_percentile(C18,E18,基本资料!$D$9,E18) -> 77.083333 | V18: =[1]!s_val_dividendyield2(C18,E18) -> 0.3593 | W18: =[1]!i_val_dividend_percentile(C18,E18,基本资料!$D$9,E18) -> 8.5416667
C19: 399006.SZ | D19: =[1]!hks_info_name(C19) -> 创业板指 | E19: =[1]!lastradeday_s(C19,TODAY()) -> 2026-03-20 | F19: =[1]!s_val_mv_ard(C19,基本资料!$I$9,100000000) -> 58438.801 | G19: =[1]!s_val_mv_ard(C19,基本资料!$I$8,100000000) -> 87756.732 | H19: =[1]!s_val_mv_ard(C19,E19,100000000) -> 91880.457 | J19: =[1]!s_val_pe_ttm(C19,基本资料!$I$9) -> 33.2579 | K19: =[1]!s_val_pe_ttm(C19,基本资料!$I$8) -> 40.7742 | L19: =[1]!s_val_pe_ttm(C19,E19) -> 41.181099 | M19: =[1]!s_val_estpe(C19,E19,基本资料!$G$7) -> 27.7807 | N19: =[1]!s_val_estpe(C19,E19,基本资料!$G$11) -> 22.1537 | O19: =[1]!i_val_pe_percentile(C19,E19,基本资料!$D$9,E19) -> 82.916667 | P19: =[1]!s_val_pb_lf(C19,基本资料!$I$9) -> 4.0524998 | Q19: =[1]!s_val_pb_lf(C19,基本资料!$I$8) -> 5.4889998 | R19: =[1]!i_val_pb_mrqwgt(C19,E19) -> 11.1325 | S19: =[1]!s_val_estpb(C19,E19,基本资料!$G$7) -> 4.8788 | T19: =[1]!s_val_estpb(C19,E19,基本资料!$G$11) -> 4.1712 | U19: =[1]!i_val_pb_percentile(C19,E19,基本资料!$D$9,E19) -> 91.041667 | V19: =[1]!s_val_dividendyield2(C19,E19) -> 0.865 | W19: =[1]!i_val_dividend_percentile(C19,E19,基本资料!$D$9,E19) -> 2.5
C20: 000888.SH | D20: =[1]!hks_info_name(C20) -> 上证收益 | E20: =[1]!lastradeday_s(C20,TODAY()) -> 2026-03-20 | F20: =[1]!s_val_mv_ard(C20,基本资料!$I$9,100000000) -> 640535.15 | G20: =[1]!s_val_mv_ard(C20,基本资料!$I$8,100000000) -> 760911.96 | H20: =[1]!s_val_mv_ard(C20,E20,100000000) -> 762775.85 | J20: =[1]!s_val_pe_ttm(C20,基本资料!$I$9) -> 14.5543 | K20: =[1]!s_val_pe_ttm(C20,基本资料!$I$8) -> 16.590401 | L20: =[1]!s_val_pe_ttm(C20,E20) -> 16.5903 | M20: =[1]!s_val_estpe(C20,E20,基本资料!$G$7) -> 14.3452 | N20: =[1]!s_val_estpe(C20,E20,基本资料!$G$11) -> 13.0442 | O20: =[1]!i_val_pe_percentile(C20,E20,基本资料!$D$9,E20) -> 84.375 | P20: =[1]!s_val_pb_lf(C20,基本资料!$I$9) -> 1.3521 | Q20: =[1]!s_val_pb_lf(C20,基本资料!$I$8) -> 1.5041 | R20: =[1]!i_val_pb_mrqwgt(C20,E20) -> 4.1108 | S20: =[1]!s_val_estpb(C20,E20,基本资料!$G$7) -> 1.4928 | T20: =[1]!s_val_estpb(C20,E20,基本资料!$G$11) -> 1.3885 | U20: =[1]!i_val_pb_percentile(C20,E20,基本资料!$D$9,E20) -> 86.25 | V20: =[1]!s_val_dividendyield2(C20,E20) -> 2.3097 | W20: =[1]!i_val_dividend_percentile(C20,E20,基本资料!$D$9,E20) -> 24.583333

Sheet Wind模板
A1: 可比指数
