Workbook

Sheet 商品市场行情总览
D1: 商品市场行情总览 | N1: 最新更新： | O1: =TODAY()-1 -> 46103
C4: 指数分类： | D4: 农产品(CN) | E4: （请下拉选择） | N4: 注：0为无成交或无数据
H6: =O1-7 -> 46096 | I6: =DATE(YEAR($O$1),MONTH($O$1)-1,DAY($O$1)) -> 46075 | J6: =DATE(YEAR($O$1),MONTH($O$1)-3,DAY($O$1)) -> 46013 | K6: =DATE(YEAR($O$1),MONTH($O$1)-6,DAY($O$1)) -> 45922 | L6: =DATE(YEAR($O$1),MONTH($O$1)-12,DAY($O$1)) -> 45738
C8: 指数代码 | D8: 指数名称 | E8: 最新价 | F8: 成交量 | G8: 持仓量 | H8: 近1周 | I8: 近1月 | J8: 近3月 | K8: 近6月 | L8: 近1年 | M8: 本周至今 | N8: 本月至今 | O8: 本年至今 | S8: 百分比(%) | T8: 颜色区间定义
C9: =IF(指数列表!B6="","",指数列表!B6) -> A.DCE | D9: =IF(C9="","",[1]!s_info_name(C9)) -> DCE豆一 | E9: =IF(C9="","",[1]!s_dq_close(C9,$O$1)) -> 4810 | F9: =IF(C9="","",[1]!s_dq_volume($C9,$O$1)) -> 0 | G9: =IF(C9="","",[1]!s_dq_oi($C9,$O$1)) -> 206817 | H9: =IF($C9=""," ",[1]!i_pq_pctchange($C9,H$6,$O$1)) -> -2.4736415 | I9: =IF($C9=""," ",[1]!i_pq_pctchange($C9,I$6,$O$1)) -> 3.2853769 | J9: =IF($C9=""," ",[1]!i_pq_pctchange($C9,J$6,$O$1)) -> 17.89307 | K9: =IF($C9=""," ",[1]!i_pq_pctchange($C9,K$6,$O$1)) -> 21.747809 | L9: =IF($C9=""," ",[1]!i_pq_pctchange($C9,L$6,$O$1)) -> 23.129673 | M9: =IF(C9=""," ",[1]!s_wq_pctchange($C9,$O$1)) -> -2.4736415 | N9: =IF(C9=""," ",[1]!s_mq_pctchange($C9,$O$1)) -> 2.0581371 | O9: =IF(C9=""," ",[1]!s_yq_pctchange($C9,$O$1)) -> 13.630995 | S9: =QUARTILE(H9:O200,0) -> -33.693919 | T9: =ROUND(S9,2)&" 至 "&ROUND(S10,2)&"" -> -33.69 至 -0.59
C10: =IF(指数列表!B7="","",指数列表!B7) -> AP.CZC | D10: =IF(C10="","",[1]!s_info_name(C10)) -> CZCE苹果 | E10: =IF(C10="","",[1]!s_dq_close(C10,$O$1)) -> 10721 | F10: =IF(C10="","",[1]!s_dq_volume($C10,$O$1)) -> 0 | G10: =IF(C10="","",[1]!s_dq_oi($C10,$O$1)) -> 94132 | H10: =IF($C10=""," ",[1]!i_pq_pctchange($C10,H$6,$O$1)) -> 6.7616013 | I10: =IF($C10=""," ",[1]!i_pq_pctchange($C10,I$6,$O$1)) -> 9.2753032 | J10: =IF($C10=""," ",[1]!i_pq_pctchange($C10,J$6,$O$1)) -> 17.490411 | K10: =IF($C10=""," ",[1]!i_pq_pctchange($C10,K$6,$O$1)) -> 26.107989 | L10: =IF($C10=""," ",[1]!i_pq_pctchange($C10,L$6,$O$1)) -> 46.670165 | M10: =IF(C10=""," ",[1]!s_wq_pctchange($C10,$O$1)) -> 6.7616013 | N10: =IF(C10=""," ",[1]!s_mq_pctchange($C10,$O$1)) -> 9.5320801 | O10: =IF(C10=""," ",[1]!s_yq_pctchange($C10,$O$1)) -> 17.028709 | S10: =PERCENTILE(H9:O200,0.2) -> -0.59328969 | T10: =ROUND(S10,2)&" 至 "&ROUND(S11,2)&"" -> -0.59 至 0
C11: =IF(指数列表!B8="","",指数列表!B8) -> B.DCE | D11: =IF(C11="","",[1]!s_info_name(C11)) -> DCE豆二 | E11: =IF(C11="","",[1]!s_dq_close(C11,$O$1)) -> 3813 | F11: =IF(C11="","",[1]!s_dq_volume($C11,$O$1)) -> 0 | G11: =IF(C11="","",[1]!s_dq_oi($C11,$O$1)) -> 228877 | H11: =IF($C11=""," ",[1]!i_pq_pctchange($C11,H$6,$O$1)) -> -2.8287462 | I11: =IF($C11=""," ",[1]!i_pq_pctchange($C11,I$6,$O$1)) -> 7.9558324 | J11: =IF($C11=""," ",[1]!i_pq_pctchange($C11,J$6,$O$1)) -> 12.593891 | K11: =IF($C11=""," ",[1]!i_pq_pctchange($C11,K$6,$O$1)) -> 11.277431 | L11: =IF($C11=""," ",[1]!i_pq_pctchange($C11,L$6,$O$1)) -> 9.3237407 | M11: =IF(C11=""," ",[1]!s_wq_pctchange($C11,$O$1)) -> -2.8287462 | N11: =IF(C11=""," ",[1]!s_mq_pctchange($C11,$O$1)) -> 6.5083799 | O11: =IF(C11=""," ",[1]!s_yq_pctchange($C11,$O$1)) -> 9.7266187 | S11: =PERCENTILE(H9:O200,0.4) -> 0 | T11: =ROUND(S11,2)&" 至 "&ROUND(S12,2)&"" -> 0 至 3.33
C12: =IF(指数列表!B9="","",指数列表!B9) -> BB.DCE | D12: =IF(C12="","",[1]!s_info_name(C12)) -> DCE胶合板 | E12: =IF(C12="","",[1]!s_dq_close(C12,$O$1)) -> 151.8 | F12: =IF(C12="","",[1]!s_dq_volume($C12,$O$1)) -> 0 | G12: =IF(C12="","",[1]!s_dq_oi($C12,$O$1)) -> 40 | H12: =IF($C12=""," ",[1]!i_pq_pctchange($C12,H$6,$O$1)) -> 0.59563073 | I12: =IF($C12=""," ",[1]!i_pq_pctchange($C12,I$6,$O$1)) -> 1.4203425 | J12: =IF($C12=""," ",[1]!i_pq_pctchange($C12,J$6,$O$1)) -> 2.769224 | K12: =IF($C12=""," ",[1]!i_pq_pctchange($C12,K$6,$O$1)) -> 3.9329111 | L12: =IF($C12=""," ",[1]!i_pq_pctchange($C12,L$6,$O$1)) -> -9.5609859 | M12: =IF(C12=""," ",[1]!s_wq_pctchange($C12,$O$1)) -> 0.59563073 | N12: =IF(C12=""," ",[1]!s_mq_pctchange($C12,$O$1)) -> 1.1100832 | O12: =IF(C12=""," ",[1]!s_yq_pctchange($C12,$O$1)) -> 1.8333828 | S12: =PERCENTILE(H9:O200,0.6) -> 3.327674 | T12: =ROUND(S12,2)&" 至 "&ROUND(S13,2)&"" -> 3.33 至 7.02
C13: =IF(指数列表!B10="","",指数列表!B10) -> C.DCE | D13: =IF(C13="","",[1]!s_info_name(C13)) -> DCE玉米 | E13: =IF(C13="","",[1]!s_dq_close(C13,$O$1)) -> 2387 | F13: =IF(C13="","",[1]!s_dq_volume($C13,$O$1)) -> 0 | G13: =IF(C13="","",[1]!s_dq_oi($C13,$O$1)) -> 1316707 | H13: =IF($C13=""," ",[1]!i_pq_pctchange($C13,H$6,$O$1)) -> -0.083717036 | I13: =IF($C13=""," ",[1]!i_pq_pctchange($C13,I$6,$O$1)) -> 2.7993109 | J13: =IF($C13=""," ",[1]!i_pq_pctchange($C13,J$6,$O$1)) -> 8.5640534 | K13: =IF($C13=""," ",[1]!i_pq_pctchange($C13,K$6,$O$1)) -> 9.117143 | L13: =IF($C13=""," ",[1]!i_pq_pctchange($C13,L$6,$O$1)) -> 3.9441157 | M13: =IF(C13=""," ",[1]!s_wq_pctchange($C13,$O$1)) -> -0.083717036 | N13: =IF(C13=""," ",[1]!s_mq_pctchange($C13,$O$1)) -> 1.7043034 | O13: =IF(C13=""," ",[1]!s_yq_pctchange($C13,$O$1)) -> 6.6645478 | S13: =PERCENTILE(H9:O200,0.8) -> 7.0205904 | T13: =ROUND(S13,2)&" 以上" -> 7.02 以上
C14: =IF(指数列表!B11="","",指数列表!B11) -> CF.CZC | D14: =IF(C14="","",[1]!s_info_name(C14)) -> CZCE棉花 | E14: =IF(C14="","",[1]!s_dq_close(C14,$O$1)) -> 15215 | F14: =IF(C14="","",[1]!s_dq_volume($C14,$O$1)) -> 0 | G14: =IF(C14="","",[1]!s_dq_oi($C14,$O$1)) -> 592451 | H14: =IF($C14=""," ",[1]!i_pq_pctchange($C14,H$6,$O$1)) -> -2.2800257 | I14: =IF($C14=""," ",[1]!i_pq_pctchange($C14,I$6,$O$1)) -> 3.327674 | J14: =IF($C14=""," ",[1]!i_pq_pctchange($C14,J$6,$O$1)) -> 8.7951376 | K14: =IF($C14=""," ",[1]!i_pq_pctchange($C14,K$6,$O$1)) -> 10.773922 | L14: =IF($C14=""," ",[1]!i_pq_pctchange($C14,L$6,$O$1)) -> 8.3348505 | M14: =IF(C14=""," ",[1]!s_wq_pctchange($C14,$O$1)) -> -2.2800257 | N14: =IF(C14=""," ",[1]!s_mq_pctchange($C14,$O$1)) -> -0.75016308 | O14: =IF(C14=""," ",[1]!s_yq_pctchange($C14,$O$1)) -> 4.5704467
C15: =IF(指数列表!B12="","",指数列表!B12) -> CJ.CZC | D15: =IF(C15="","",[1]!s_info_name(C15)) -> CZCE红枣 | E15: =IF(C15="","",[1]!s_dq_close(C15,$O$1)) -> 8840 | F15: =IF(C15="","",[1]!s_dq_volume($C15,$O$1)) -> 0 | G15: =IF(C15="","",[1]!s_dq_oi($C15,$O$1)) -> 110023 | H15: =IF($C15=""," ",[1]!i_pq_pctchange($C15,H$6,$O$1)) -> -3.3351558 | I15: =IF($C15=""," ",[1]!i_pq_pctchange($C15,I$6,$O$1)) -> 0.16997167 | J15: =IF($C15=""," ",[1]!i_pq_pctchange($C15,J$6,$O$1)) -> -0.45045045 | K15: =IF($C15=""," ",[1]!i_pq_pctchange($C15,K$6,$O$1)) -> -18.027332 | L15: =IF($C15=""," ",[1]!i_pq_pctchange($C15,L$6,$O$1)) -> -17.72515 | M15: =IF(C15=""," ",[1]!s_wq_pctchange($C15,$O$1)) -> -3.3351558 | N15: =IF(C15=""," ",[1]!s_mq_pctchange($C15,$O$1)) -> 0.056593096 | O15: =IF(C15=""," ",[1]!s_yq_pctchange($C15,$O$1)) -> -1.8323154
C16: =IF(指数列表!B13="","",指数列表!B13) -> CS.DCE | D16: =IF(C16="","",[1]!s_info_name(C16)) -> DCE玉米淀粉 | E16: =IF(C16="","",[1]!s_dq_close(C16,$O$1)) -> 2798 | F16: =IF(C16="","",[1]!s_dq_volume($C16,$O$1)) -> 0 | G16: =IF(C16="","",[1]!s_dq_oi($C16,$O$1)) -> 284736 | H16: =IF($C16=""," ",[1]!i_pq_pctchange($C16,H$6,$O$1)) -> 2.7543151 | I16: =IF($C16=""," ",[1]!i_pq_pctchange($C16,I$6,$O$1)) -> 5.6247641 | J16: =IF($C16=""," ",[1]!i_pq_pctchange($C16,J$6,$O$1)) -> 9.7443731 | K16: =IF($C16=""," ",[1]!i_pq_pctchange($C16,K$6,$O$1)) -> 9.5639223 | L16: =IF($C16=""," ",[1]!i_pq_pctchange($C16,L$6,$O$1)) -> 1.0049525 | M16: =IF(C16=""," ",[1]!s_wq_pctchange($C16,$O$1)) -> 2.7543151 | N16: =IF(C16=""," ",[1]!s_mq_pctchange($C16,$O$1)) -> 5.2275291 | O16: =IF(C16=""," ",[1]!s_yq_pctchange($C16,$O$1)) -> 8.0899511
C17: =IF(指数列表!B14="","",指数列表!B14) -> CY.CZC | D17: =IF(C17="","",[1]!s_info_name(C17)) -> CZCE棉纱 | E17: =IF(C17="","",[1]!s_dq_close(C17,$O$1)) -> 21475 | F17: =IF(C17="","",[1]!s_dq_volume($C17,$O$1)) -> 0 | G17: =IF(C17="","",[1]!s_dq_oi($C17,$O$1)) -> 14799 | H17: =IF($C17=""," ",[1]!i_pq_pctchange($C17,H$6,$O$1)) -> -0.64769836 | I17: =IF($C17=""," ",[1]!i_pq_pctchange($C17,I$6,$O$1)) -> 4.2475728 | J17: =IF($C17=""," ",[1]!i_pq_pctchange($C17,J$6,$O$1)) -> 6.9024222 | K17: =IF($C17=""," ",[1]!i_pq_pctchange($C17,K$6,$O$1)) -> 8.7671231 | L17: =IF($C17=""," ",[1]!i_pq_pctchange($C17,L$6,$O$1)) -> 9.2759556 | M17: =IF(C17=""," ",[1]!s_wq_pctchange($C17,$O$1)) -> -0.64769836 | N17: =IF(C17=""," ",[1]!s_mq_pctchange($C17,$O$1)) -> 1.1778563 | O17: =IF(C17=""," ",[1]!s_yq_pctchange($C17,$O$1)) -> 4.0173823
C18: =IF(指数列表!B15="","",指数列表!B15) -> FB.DCE | D18: =IF(C18="","",[1]!s_info_name(C18)) -> DCE纤维板 | E18: =IF(C18="","",[1]!s_dq_close(C18,$O$1)) -> 1317.5 | F18: =IF(C18="","",[1]!s_dq_volume($C18,$O$1)) -> 0 | G18: =IF(C18="","",[1]!s_dq_oi($C18,$O$1)) -> 1686 | H18: =IF($C18=""," ",[1]!i_pq_pctchange($C18,H$6,$O$1)) -> 3.2816962 | I18: =IF($C18=""," ",[1]!i_pq_pctchange($C18,I$6,$O$1)) -> 5.9465093 | J18: =IF($C18=""," ",[1]!i_pq_pctchange($C18,J$6,$O$1)) -> 6.5709006 | K18: =IF($C18=""," ",[1]!i_pq_pctchange($C18,K$6,$O$1)) -> 6.9423273 | L18: =IF($C18=""," ",[1]!i_pq_pctchange($C18,L$6,$O$1)) -> 5.8550549 | M18: =IF(C18=""," ",[1]!s_wq_pctchange($C18,$O$1)) -> 3.2816962 | N18: =IF(C18=""," ",[1]!s_mq_pctchange($C18,$O$1)) -> 5.533945 | O18: =IF(C18=""," ",[1]!s_yq_pctchange($C18,$O$1)) -> 6.2800639
C19: =IF(指数列表!B16="","",指数列表!B16) -> JD.DCE | D19: =IF(C19="","",[1]!s_info_name(C19)) -> DCE鸡蛋 | E19: =IF(C19="","",[1]!s_dq_close(C19,$O$1)) -> 3409 | F19: =IF(C19="","",[1]!s_dq_volume($C19,$O$1)) -> 0 | G19: =IF(C19="","",[1]!s_dq_oi($C19,$O$1)) -> 165133 | H19: =IF($C19=""," ",[1]!i_pq_pctchange($C19,H$6,$O$1)) -> -1.3599537 | I19: =IF($C19=""," ",[1]!i_pq_pctchange($C19,I$6,$O$1)) -> 0.52443346 | J19: =IF($C19=""," ",[1]!i_pq_pctchange($C19,J$6,$O$1)) -> 3.1214274 | K19: =IF($C19=""," ",[1]!i_pq_pctchange($C19,K$6,$O$1)) -> -9.9413918 | L19: =IF($C19=""," ",[1]!i_pq_pctchange($C19,L$6,$O$1)) -> -24.883343 | M19: =IF(C19=""," ",[1]!s_wq_pctchange($C19,$O$1)) -> -1.3599537 | N19: =IF(C19=""," ",[1]!s_mq_pctchange($C19,$O$1)) -> -0.21607802 | O19: =IF(C19=""," ",[1]!s_yq_pctchange($C19,$O$1)) -> 2.1011199
C20: =IF(指数列表!B17="","",指数列表!B17) -> JR.CZC | D20: =IF(C20="","",[1]!s_info_name(C20)) -> CZCE粳稻 | E20: =IF(C20="","",[1]!s_dq_close(C20,$O$1)) -> 2662 | F20: =IF(C20="","",[1]!s_dq_volume($C20,$O$1)) -> 0 | G20: =IF(C20="","",[1]!s_dq_oi($C20,$O$1)) -> 0 | H20: =IF($C20=""," ",[1]!i_pq_pctchange($C20,H$6,$O$1)) -> 0 | I20: =IF($C20=""," ",[1]!i_pq_pctchange($C20,I$6,$O$1)) -> 0 | J20: =IF($C20=""," ",[1]!i_pq_pctchange($C20,J$6,$O$1)) -> 0 | K20: =IF($C20=""," ",[1]!i_pq_pctchange($C20,K$6,$O$1)) -> 0 | L20: =IF($C20=""," ",[1]!i_pq_pctchange($C20,L$6,$O$1)) -> 0 | M20: =IF(C20=""," ",[1]!s_wq_pctchange($C20,$O$1)) -> 0 | N20: =IF(C20=""," ",[1]!s_mq_pctchange($C20,$O$1)) -> 0 | O20: =IF(C20=""," ",[1]!s_yq_pctchange($C20,$O$1)) -> 0
C21: =IF(指数列表!B18="","",指数列表!B18) -> LG.DCE | D21: =IF(C21="","",[1]!s_info_name(C21)) -> DCE 原木 | E21: =IF(C21="","",[1]!s_dq_close(C21,$O$1)) -> 823.5 | F21: =IF(C21="","",[1]!s_dq_volume($C21,$O$1)) -> 0 | G21: =IF(C21="","",[1]!s_dq_oi($C21,$O$1)) -> 12485 | H21: =IF($C21=""," ",[1]!i_pq_pctchange($C21,H$6,$O$1)) -> 3.7153652 | I21: =IF($C21=""," ",[1]!i_pq_pctchange($C21,I$6,$O$1)) -> 5.1057646 | J21: =IF($C21=""," ",[1]!i_pq_pctchange($C21,J$6,$O$1)) -> 5.3724748 | K21: =IF($C21=""," ",[1]!i_pq_pctchange($C21,K$6,$O$1)) -> -1.9427401 | L21: =IF($C21=""," ",[1]!i_pq_pctchange($C21,L$6,$O$1)) -> -5.285691 | M21: =IF(C21=""," ",[1]!s_wq_pctchange($C21,$O$1)) -> 3.7153652 | N21: =IF(C21=""," ",[1]!s_mq_pctchange($C21,$O$1)) -> 3.5849057 | O21: =IF(C21=""," ",[1]!s_yq_pctchange($C21,$O$1)) -> 6.465477
C22: =IF(指数列表!B19="","",指数列表!B19) -> LH.DCE | D22: =IF(C22="","",[1]!s_info_name(C22)) -> DCE 生猪 | E22: =IF(C22="","",[1]!s_dq_close(C22,$O$1)) -> 10220 | F22: =IF(C22="","",[1]!s_dq_volume($C22,$O$1)) -> 0 | G22: =IF(C22="","",[1]!s_dq_oi($C22,$O$1)) -> 203669 | H22: =IF($C22=""," ",[1]!i_pq_pctchange($C22,H$6,$O$1)) -> -8.4229391 | I22: =IF($C22=""," ",[1]!i_pq_pctchange($C22,I$6,$O$1)) -> -11.284722 | J22: =IF($C22=""," ",[1]!i_pq_pctchange($C22,J$6,$O$1)) -> -12.911029 | K22: =IF($C22=""," ",[1]!i_pq_pctchange($C22,K$6,$O$1)) -> -26.45018 | L22: =IF($C22=""," ",[1]!i_pq_pctchange($C22,L$6,$O$1)) -> -33.693919 | M22: =IF(C22=""," ",[1]!s_wq_pctchange($C22,$O$1)) -> -8.4229391 | N22: =IF(C22=""," ",[1]!s_mq_pctchange($C22,$O$1)) -> -10.664336 | O22: =IF(C22=""," ",[1]!s_yq_pctchange($C22,$O$1)) -> -16.498133
C23: =IF(指数列表!B20="","",指数列表!B20) -> LR.CZC | D23: =IF(C23="","",[1]!s_info_name(C23)) -> CZCE晚籼稻 | E23: =IF(C23="","",[1]!s_dq_close(C23,$O$1)) -> 2360 | F23: =IF(C23="","",[1]!s_dq_volume($C23,$O$1)) -> 0 | G23: =IF(C23="","",[1]!s_dq_oi($C23,$O$1)) -> 0 | H23: =IF($C23=""," ",[1]!i_pq_pctchange($C23,H$6,$O$1)) -> 0 | I23: =IF($C23=""," ",[1]!i_pq_pctchange($C23,I$6,$O$1)) -> 0 | J23: =IF($C23=""," ",[1]!i_pq_pctchange($C23,J$6,$O$1)) -> 0 | K23: =IF($C23=""," ",[1]!i_pq_pctchange($C23,K$6,$O$1)) -> 0 | L23: =IF($C23=""," ",[1]!i_pq_pctchange($C23,L$6,$O$1)) -> 0 | M23: =IF(C23=""," ",[1]!s_wq_pctchange($C23,$O$1)) -> 0 | N23: =IF(C23=""," ",[1]!s_mq_pctchange($C23,$O$1)) -> 0 | O23: =IF(C23=""," ",[1]!s_yq_pctchange($C23,$O$1)) -> 0
C24: =IF(指数列表!B21="","",指数列表!B21) -> M.DCE | D24: =IF(C24="","",[1]!s_info_name(C24)) -> DCE豆粕 | E24: =IF(C24="","",[1]!s_dq_close(C24,$O$1)) -> 3029 | F24: =IF(C24="","",[1]!s_dq_volume($C24,$O$1)) -> 0 | G24: =IF(C24="","",[1]!s_dq_oi($C24,$O$1)) -> 1849898 | H24: =IF($C24=""," ",[1]!i_pq_pctchange($C24,H$6,$O$1)) -> -3.2886335 | I24: =IF($C24=""," ",[1]!i_pq_pctchange($C24,I$6,$O$1)) -> 8.1785714 | J24: =IF($C24=""," ",[1]!i_pq_pctchange($C24,J$6,$O$1)) -> 10.709064 | K24: =IF($C24=""," ",[1]!i_pq_pctchange($C24,K$6,$O$1)) -> 7.8802084 | L24: =IF($C24=""," ",[1]!i_pq_pctchange($C24,L$6,$O$1)) -> 4.9855688 | M24: =IF(C24=""," ",[1]!s_wq_pctchange($C24,$O$1)) -> -3.2886335 | N24: =IF(C24=""," ",[1]!s_mq_pctchange($C24,$O$1)) -> 7.1074965 | O24: =IF(C24=""," ",[1]!s_yq_pctchange($C24,$O$1)) -> 9.7861544
C25: =IF(指数列表!B22="","",指数列表!B22) -> OI.CZC | D25: =IF(C25="","",[1]!s_info_name(C25)) -> CZCE菜油 | E25: =IF(C25="","",[1]!s_dq_close(C25,$O$1)) -> 9876 | F25: =IF(C25="","",[1]!s_dq_volume($C25,$O$1)) -> 0 | G25: =IF(C25="","",[1]!s_dq_oi($C25,$O$1)) -> 237433 | H25: =IF($C25=""," ",[1]!i_pq_pctchange($C25,H$6,$O$1)) -> 0.11150532 | I25: =IF($C25=""," ",[1]!i_pq_pctchange($C25,I$6,$O$1)) -> 9.1270718 | J25: =IF($C25=""," ",[1]!i_pq_pctchange($C25,J$6,$O$1)) -> 11.934716 | K25: =IF($C25=""," ",[1]!i_pq_pctchange($C25,K$6,$O$1)) -> 1.403011 | L25: =IF($C25=""," ",[1]!i_pq_pctchange($C25,L$6,$O$1)) -> 11.04049 | M25: =IF(C25=""," ",[1]!s_wq_pctchange($C25,$O$1)) -> 0.11150532 | N25: =IF(C25=""," ",[1]!s_mq_pctchange($C25,$O$1)) -> 7.2545613 | O25: =IF(C25=""," ",[1]!s_yq_pctchange($C25,$O$1)) -> 8.6349137
... C200: =IF(指数列表!B197="","",指数列表!B197) | D200: =IF(C200="","",[1]!s_info_name(C200)) | E200: =IF(C200="","",[1]!s_dq_close(C200,$O$1)) | F200: =IF(C200="","",[1]!s_dq_volume($C200,$O$1)) | G200: =IF(C200="","",[1]!s_dq_oi($C200,$O$1)) | H200: =IF($C200=""," ",[1]!i_pq_pctchange($C200,H$6,$O$1)) | I200: =IF($C200=""," ",[1]!i_pq_pctchange($C200,I$6,$O$1)) | J200: =IF($C200=""," ",[1]!i_pq_pctchange($C200,J$6,$O$1)) | K200: =IF($C200=""," ",[1]!i_pq_pctchange($C200,K$6,$O$1)) | L200: =IF($C200=""," ",[1]!i_pq_pctchange($C200,L$6,$O$1)) | M200: =IF(C200=""," ",[1]!s_wq_pctchange($C200,$O$1)) | N200: =IF(C200=""," ",[1]!s_mq_pctchange($C200,$O$1)) | O200: =IF(C200=""," ",[1]!s_yq_pctchange($C200,$O$1))

Sheet Wind模板
A1: 商品市场行情总览

Sheet 指数列表
A1: 数据集名称 | B1: 板块成分 | F1: Wind商品大类指数 | G1: 1.0000157e+15
A2: 日期 | B2: 20240911 | F2: Wind商品品种指数 | G2: 1.0000163e+15
A3: 板块ID | B3: =VLOOKUP(商品市场行情总览!D4,指数列表!F:G,2,FALSE) -> 1.0000093e+15 | F3: 南华期货商品指数 | G3: a399010403000000
A4: date | B4: wind_code | C4: sec_name | F4: 路透CRB商品指数 | G4: 1.0000024e+15
A5: 最新调整日期 | B5: Wind代码 | C5: 证券名称 | F5: 全球主要商品(GJ) | G5: a599020100000000
A6: =[1]!wset("sectorconstituent","date="&B2,"sectorId="&B3,"field=date,wind_code,sec_name","cols=3;rows=27") -> 45546 | B6: A.DCE | C6: DCE豆一 | F6: 全部中国商品(CN) | G6: 1.0000101e+15
A7: 45546 | B7: AP.CZC | C7: CZCE苹果 | F7: 贵金属(CN) | G7: 1.0000093e+15
A8: 45546 | B8: B.DCE | C8: DCE豆二 | F8: 基本金属(CN) | G8: 1.0000093e+15
A9: 45546 | B9: BB.DCE | C9: DCE胶合板 | F9: 能源化工(CN) | G9: 1.0000093e+15
A10: 45546 | B10: C.DCE | C10: DCE玉米 | F10: 农产品(CN) | G10: 1.0000093e+15
A11: 45546 | B11: CF.CZC | C11: CZCE棉花
A12: 45546 | B12: CJ.CZC | C12: CZCE红枣
A13: 45546 | B13: CS.DCE | C13: DCE玉米淀粉
A14: 45546 | B14: CY.CZC | C14: CZCE棉纱
A15: 45546 | B15: FB.DCE | C15: DCE纤维板
A16: 45546 | B16: JD.DCE | C16: DCE鸡蛋
A17: 45546 | B17: JR.CZC | C17: CZCE粳稻
A18: 45546 | B18: LG.DCE | C18: DCE 原木
A19: 45546 | B19: LH.DCE | C19: DCE 生猪
A20: 45546 | B20: LR.CZC | C20: CZCE晚籼稻
A21: 45546 | B21: M.DCE | C21: DCE豆粕
A22: 45546 | B22: OI.CZC | C22: CZCE菜油
... A32: 45546 | B32: Y.DCE | C32: DCE豆油
